doi,task,taskLabel,score,rank
10.1002/9781394155408,http://h-da.de/ml-ontology/feature_extraction,feature extraction,0.428928405046463,1
10.1002/9781394155408,http://h-da.de/ml-ontology/classification,classification,0.41861408948898315,2
10.1002/9781394155408,http://h-da.de/ml-ontology/association_rule_learning,association rule learning,0.4101335406303406,3
10.1002/9781394155408,http://h-da.de/ml-ontology/recommendation,recommendation,0.3583333492279053,4
10.1002/9781394155408,http://h-da.de/ml-ontology/action_recognition,action recognition,0.3523218035697937,5
10.1002/9781394214259,http://h-da.de/ml-ontology/feature_extraction,feature extraction,0.3854484558105469,1
10.1002/9781394214259,http://h-da.de/ml-ontology/action_recognition,action recognition,0.35231876373291016,2
10.1002/9781394287109.ch2,http://h-da.de/ml-ontology/feature_extraction,feature extraction,0.36792027950286865,1
10.1002/9781394316977.ch7,http://h-da.de/ml-ontology/time_series_forecasting,time series forecasting,0.4195602536201477,1
10.1002/9781394316977.ch7,http://h-da.de/ml-ontology/regression,regression,0.36433058977127075,2
10.1002/adts.202500086,http://h-da.de/ml-ontology/image_regression,image regression,0.3654981255531311,1
10.1002/aic.17210,http://h-da.de/ml-ontology/feature_extraction,feature extraction,0.39329132437705994,1
10.1002/aic.17715,http://h-da.de/ml-ontology/feature_extraction,feature extraction,0.4172936677932739,1
10.1002/amp2.10130,http://h-da.de/ml-ontology/action_recognition,action recognition,0.3984491229057312,1
10.1002/biot.201400790,http://h-da.de/ml-ontology/feature_extraction,feature extraction,0.35847872495651245,1
10.1002/bit.28486,http://h-da.de/ml-ontology/regression,regression,0.36301010847091675,1
10.1002/bit.28499,http://h-da.de/ml-ontology/feature_extraction,feature extraction,0.37603968381881714,1
10.1002/bit.28903,http://h-da.de/ml-ontology/feature_extraction,feature extraction,0.38424789905548096,1
10.1002/bit.28903,http://h-da.de/ml-ontology/image_regression,image regression,0.3642721176147461,2
10.1002/bit.28903,http://h-da.de/ml-ontology/regression,regression,0.363592267036438,3
10.1002/btpr.2945,http://h-da.de/ml-ontology/feature_extraction,feature extraction,0.3759157657623291,1
10.1002/btpr.3252,http://h-da.de/ml-ontology/feature_extraction,feature extraction,0.39784789085388184,1
10.1002/btpr.3493,http://h-da.de/ml-ontology/feature_extraction,feature extraction,0.38353365659713745,1
10.1002/btpr.3520,http://h-da.de/ml-ontology/regression,regression,0.39961397647857666,1
10.1002/btpr.3520,http://h-da.de/ml-ontology/feature_extraction,feature extraction,0.3557419180870056,2
10.1002/ceat.202300191,http://h-da.de/ml-ontology/feature_extraction,feature extraction,0.3540344834327698,1
10.1002/ceat.202300197,http://h-da.de/ml-ontology/feature_extraction,feature extraction,0.3626844584941864,1
10.1002/cjce.24831,http://h-da.de/ml-ontology/audio_classification,audio classification,0.39182060956954956,1
10.1002/cjce.25433,http://h-da.de/ml-ontology/feature_extraction,feature extraction,0.3504403829574585,1
10.1002/cpe.6460,http://h-da.de/ml-ontology/image_regression,image regression,0.41344788670539856,1
10.1002/cpe.6460,http://h-da.de/ml-ontology/regression,regression,0.38756701350212097,2
10.1002/cpe.6460,http://h-da.de/ml-ontology/feature_extraction,feature extraction,0.3591563105583191,3
10.1002/cpe.7277,http://h-da.de/ml-ontology/classification,classification,0.3730875551700592,1
10.1002/dac.4780,http://h-da.de/ml-ontology/sentiment_analysis,sentiment analysis,0.4191799759864807,1
10.1002/dac.4780,http://h-da.de/ml-ontology/recommendation,recommendation,0.41141584515571594,2
10.1002/eng2.12291,http://h-da.de/ml-ontology/feature_extraction,feature extraction,0.3772972524166107,1
10.1002/eng2.12291,http://h-da.de/ml-ontology/audio_classification,audio classification,0.3754684329032898,2
10.1002/eng2.12291,http://h-da.de/ml-ontology/time_series_classification,time series classification,0.37492242455482483,3
10.1002/er.6217,http://h-da.de/ml-ontology/feature_extraction,feature extraction,0.38301515579223633,1
10.1002/er.6631,http://h-da.de/ml-ontology/time_series_forecasting,time series forecasting,0.41085532307624817,1
10.1002/ese3.70253,http://h-da.de/ml-ontology/feature_extraction,feature extraction,0.3557150959968567,1
10.1002/hcs2.90,http://h-da.de/ml-ontology/tabular_clustering,tabular clustering,0.43675506114959717,1
10.1002/hcs2.90,http://h-da.de/ml-ontology/clustering,clustering,0.43157386779785156,2
10.1002/jsfa.8506,http://h-da.de/ml-ontology/feature_extraction,feature extraction,0.3785807192325592,1
10.1002/mma.9835,http://h-da.de/ml-ontology/feature_extraction,feature extraction,0.3862592875957489,1
10.1002/mma.9835,http://h-da.de/ml-ontology/feature_reduction,feature reduction,0.3534682095050812,2
10.1002/nem.2154,http://h-da.de/ml-ontology/anomaly_detection,anomaly detection,0.39632487297058105,1
10.1002/nvsm.1724,http://h-da.de/ml-ontology/classification,classification,0.4587157666683197,1
10.1002/nvsm.1724,http://h-da.de/ml-ontology/recommendation,recommendation,0.413634717464447,2
10.1002/nvsm.1724,http://h-da.de/ml-ontology/text_classification,text classification,0.39142605662345886,3
10.1002/pc.28238,http://h-da.de/ml-ontology/feature_extraction,feature extraction,0.35227715969085693,1
10.1002/pen.27007,http://h-da.de/ml-ontology/feature_extraction,feature extraction,0.36079156398773193,1
10.1002/polb.24837,http://h-da.de/ml-ontology/feature_extraction,feature extraction,0.3760935664176941,1
10.1002/prot.25899,http://h-da.de/ml-ontology/association_rule_learning,association rule learning,0.3520367741584778,1
10.1002/qre.2538,http://h-da.de/ml-ontology/feature_extraction,feature extraction,0.3573700785636902,1
10.1002/qre.2980,http://h-da.de/ml-ontology/feature_extraction,feature extraction,0.4042988419532776,1
10.1002/qre.3256,http://h-da.de/ml-ontology/time_series_classification,time series classification,0.3806486129760742,1
10.1002/qre.3398,http://h-da.de/ml-ontology/feature_extraction,feature extraction,0.4064489006996155,1
10.1002/qre.3398,http://h-da.de/ml-ontology/feature_selection,feature selection,0.4009793996810913,2
10.1002/qre.3398,http://h-da.de/ml-ontology/association_rule_learning,association rule learning,0.37035590410232544,3
10.1002/qre.3760,http://h-da.de/ml-ontology/feature_extraction,feature extraction,0.40772905945777893,1
10.1002/qre.3797,http://h-da.de/ml-ontology/feature_extraction,feature extraction,0.44752389192581177,1
10.1002/rob.22089,http://h-da.de/ml-ontology/image_classification,image classification,0.35233592987060547,1
10.1002/smr.2163,http://h-da.de/ml-ontology/association_rule_learning,association rule learning,0.4244465231895447,1
10.1002/srin.202100813,http://h-da.de/ml-ontology/feature_extraction,feature extraction,0.3758687376976013,1
10.1002/srin.202100820,http://h-da.de/ml-ontology/classification,classification,0.3667789399623871,1
10.1002/srin.202400551,http://h-da.de/ml-ontology/feature_extraction,feature extraction,0.35931307077407837,1
10.1002/sta4.252,http://h-da.de/ml-ontology/anomaly_detection,anomaly detection,0.45561152696609497,1
10.1002/stc.2911,http://h-da.de/ml-ontology/feature_extraction,feature extraction,0.3521927297115326,1
10.1002/wer.11136,http://h-da.de/ml-ontology/feature_extraction,feature extraction,0.3687434196472168,1
10.1007/0-387-34403-9_36,http://h-da.de/ml-ontology/classification,classification,0.35905009508132935,1
10.1007/3-540-48035-8_63,http://h-da.de/ml-ontology/feature_extraction,feature extraction,0.4063680171966553,1
10.1007/978-1-4842-5887-3,http://h-da.de/ml-ontology/action_recognition,action recognition,0.4248526394367218,1
10.1007/978-1-4842-5887-3,http://h-da.de/ml-ontology/image_classification,image classification,0.420619934797287,2
10.1007/978-1-4842-5887-3,http://h-da.de/ml-ontology/object_detection,object detection,0.40953996777534485,3
10.1007/978-1-4842-5887-3,http://h-da.de/ml-ontology/image_regression,image regression,0.3677874207496643,4
10.1007/978-1-4842-5887-3,http://h-da.de/ml-ontology/video_classification,video classification,0.36534398794174194,5
10.1007/978-1-4842-5992-4,http://h-da.de/ml-ontology/time_series_analysis,time series analysis,0.3768085837364197,1
10.1007/978-1-4842-5992-4,http://h-da.de/ml-ontology/time_series_forecasting,time series forecasting,0.3724207878112793,2
10.1007/978-1-4842-5992-4,http://h-da.de/ml-ontology/feature_extraction,feature extraction,0.36911123991012573,3
10.1007/978-3-030-03003-2_3,http://h-da.de/ml-ontology/time_series_forecasting,time series forecasting,0.3754808008670807,1
10.1007/978-3-030-03405-4_4,http://h-da.de/ml-ontology/anomaly_detection,anomaly detection,0.3863169550895691,1
10.1007/978-3-030-04164-9_77,http://h-da.de/ml-ontology/image_classification,image classification,0.42193642258644104,1
10.1007/978-3-030-10997-4_30,http://h-da.de/ml-ontology/feature_extraction,feature extraction,0.3604459762573242,1
10.1007/978-3-030-11292-9_10,http://h-da.de/ml-ontology/feature_extraction,feature extraction,0.3562108874320984,1
10.1007/978-3-030-14680-1_40,http://h-da.de/ml-ontology/association_rule_learning,association rule learning,0.39460253715515137,1
10.1007/978-3-030-15628-2_16,http://h-da.de/ml-ontology/feature_extraction,feature extraction,0.4028153419494629,1
10.1007/978-3-030-15628-2_16,http://h-da.de/ml-ontology/association_rule_learning,association rule learning,0.3642999231815338,2
10.1007/978-3-030-19651-6_38,http://h-da.de/ml-ontology/feature_extraction,feature extraction,0.37498700618743896,1
10.1007/978-3-030-26474-1_24,http://h-da.de/ml-ontology/recommendation,recommendation,0.4839993715286255,1
10.1007/978-3-030-26474-1_24,http://h-da.de/ml-ontology/text_classification,text classification,0.45673829317092896,2
10.1007/978-3-030-26474-1_24,http://h-da.de/ml-ontology/named_entity_recognition,named entity recognition,0.37761354446411133,3
10.1007/978-3-030-26474-1_24,http://h-da.de/ml-ontology/classification,classification,0.36759883165359497,4
10.1007/978-3-030-29513-4_88,http://h-da.de/ml-ontology/anomaly_detection,anomaly detection,0.458740234375,1
10.1007/978-3-030-29852-4_26,http://h-da.de/ml-ontology/action_recognition,action recognition,0.38290441036224365,1
10.1007/978-3-030-29852-4_26,http://h-da.de/ml-ontology/recommendation,recommendation,0.35691091418266296,2
10.1007/978-3-030-30244-3_10,http://h-da.de/ml-ontology/feature_extraction,feature extraction,0.4039660394191742,1
10.1007/978-3-030-30490-4_54,http://h-da.de/ml-ontology/anomaly_detection,anomaly detection,0.43531352281570435,1
10.1007/978-3-030-30490-4_54,http://h-da.de/ml-ontology/audio_classification,audio classification,0.38560229539871216,2
10.1007/978-3-030-31343-2_31,http://h-da.de/ml-ontology/classification,classification,0.37420201301574707,1
10.1007/978-3-030-31343-2_31,http://h-da.de/ml-ontology/feature_extraction,feature extraction,0.3653508722782135,2
10.1007/978-3-030-31343-2_31,http://h-da.de/ml-ontology/time_series_forecasting,time series forecasting,0.35150277614593506,3
10.1007/978-3-030-34032-2_25,http://h-da.de/ml-ontology/time_series_classification,time series classification,0.36858028173446655,1
10.1007/978-3-030-35653-8_54,http://h-da.de/ml-ontology/image_classification,image classification,0.3694154620170593,1
10.1007/978-3-030-36375-8,http://h-da.de/ml-ontology/feature_extraction,feature extraction,0.40095099806785583,1
10.1007/978-3-030-36375-8,http://h-da.de/ml-ontology/association_rule_learning,association rule learning,0.3744298219680786,2
10.1007/978-3-030-36671-1_67,http://h-da.de/ml-ontology/audio_regression,audio regression,0.3593218922615051,1
10.1007/978-3-030-36671-1_67,http://h-da.de/ml-ontology/feature_extraction,feature extraction,0.35715705156326294,2
10.1007/978-3-030-36671-1_67,http://h-da.de/ml-ontology/image_regression,image regression,0.3521021604537964,3
10.1007/978-3-030-49165-9_1,http://h-da.de/ml-ontology/time_series_forecasting,time series forecasting,0.35423630475997925,1
10.1007/978-3-030-49186-4_11,http://h-da.de/ml-ontology/audio_classification,audio classification,0.4713926315307617,1
10.1007/978-3-030-49186-4_11,http://h-da.de/ml-ontology/audio_regression,audio regression,0.3867342472076416,2
10.1007/978-3-030-54595-6_3,http://h-da.de/ml-ontology/time_series_classification,time series classification,0.36831894516944885,1
10.1007/978-3-030-57115-3_5,http://h-da.de/ml-ontology/object_detection,object detection,0.37749767303466797,1
10.1007/978-3-030-59851-8_18,http://h-da.de/ml-ontology/anomaly_detection,anomaly detection,0.3997129499912262,1
10.1007/978-3-030-62472-9_10,http://h-da.de/ml-ontology/feature_extraction,feature extraction,0.4230683743953705,1
10.1007/978-3-030-62472-9_10,http://h-da.de/ml-ontology/audio_classification,audio classification,0.37441688776016235,2
10.1007/978-3-030-62472-9_10,http://h-da.de/ml-ontology/time_series_classification,time series classification,0.3671577572822571,3
10.1007/978-3-030-62472-9_10,http://h-da.de/ml-ontology/image_classification,image classification,0.35712510347366333,4
10.1007/978-3-030-62472-9_10,http://h-da.de/ml-ontology/video_classification,video classification,0.3525724411010742,5
10.1007/978-3-030-64580-9_11,http://h-da.de/ml-ontology/time_series_forecasting,time series forecasting,0.45859092473983765,1
10.1007/978-3-030-64580-9_21,http://h-da.de/ml-ontology/time_series_forecasting,time series forecasting,0.4239394962787628,1
10.1007/978-3-030-64580-9_21,http://h-da.de/ml-ontology/regression,regression,0.3558717370033264,2
10.1007/978-3-030-66770-2_4,http://h-da.de/ml-ontology/time_series_classification,time series classification,0.46192991733551025,1
10.1007/978-3-030-66770-2_4,http://h-da.de/ml-ontology/feature_extraction,feature extraction,0.42535820603370667,2
10.1007/978-3-030-66770-2_4,http://h-da.de/ml-ontology/time_series_forecasting,time series forecasting,0.3820253014564514,3
10.1007/978-3-030-66770-2_4,http://h-da.de/ml-ontology/audio_classification,audio classification,0.3790208697319031,4
10.1007/978-3-030-66770-2_4,http://h-da.de/ml-ontology/time_series_analysis,time series analysis,0.36579030752182007,5
10.1007/978-3-030-66770-2_6,http://h-da.de/ml-ontology/time_series_forecasting,time series forecasting,0.3866320252418518,1
10.1007/978-3-030-66770-2_6,http://h-da.de/ml-ontology/time_series_classification,time series classification,0.3775709271430969,2
10.1007/978-3-030-67667-4_28,http://h-da.de/ml-ontology/time_series_forecasting,time series forecasting,0.35824012756347656,1
10.1007/978-3-030-68799-1_41,http://h-da.de/ml-ontology/feature_selection,feature selection,0.3775246739387512,1
10.1007/978-3-030-68799-1_41,http://h-da.de/ml-ontology/association_rule_learning,association rule learning,0.3734484612941742,2
10.1007/978-3-030-68799-1_41,http://h-da.de/ml-ontology/feature_extraction,feature extraction,0.35393041372299194,3
10.1007/978-3-030-68799-1_52,http://h-da.de/ml-ontology/audio_classification,audio classification,0.35529977083206177,1
10.1007/978-3-030-68799-1_52,http://h-da.de/ml-ontology/image_classification,image classification,0.35022449493408203,2
10.1007/978-3-030-71593-9_22,http://h-da.de/ml-ontology/time_series_forecasting,time series forecasting,0.3603595495223999,1
10.1007/978-3-030-72693-5_14,http://h-da.de/ml-ontology/time_series_forecasting,time series forecasting,0.364163875579834,1
10.1007/978-3-030-73280-6_15,http://h-da.de/ml-ontology/time_series_forecasting,time series forecasting,0.4433816373348236,1
10.1007/978-3-030-76653-5_20,http://h-da.de/ml-ontology/recommendation,recommendation,0.3747706711292267,1
10.1007/978-3-030-77074-7_34,http://h-da.de/ml-ontology/video_classification,video classification,0.39219674468040466,1
10.1007/978-3-030-77074-7_34,http://h-da.de/ml-ontology/audio_classification,audio classification,0.3843400478363037,2
10.1007/978-3-030-77074-7_34,http://h-da.de/ml-ontology/video_regression,video regression,0.3655714690685272,3
10.1007/978-3-030-77074-7_34,http://h-da.de/ml-ontology/sentiment_analysis,sentiment analysis,0.3589256703853607,4
10.1007/978-3-030-77074-7_34,http://h-da.de/ml-ontology/text_classification,text classification,0.3586200475692749,5
10.1007/978-3-030-77696-1_12,http://h-da.de/ml-ontology/time_series_forecasting,time series forecasting,0.35018855333328247,1
10.1007/978-3-030-78361-7_28,http://h-da.de/ml-ontology/association_rule_learning,association rule learning,0.4039645493030548,1
10.1007/978-3-030-78361-7_28,http://h-da.de/ml-ontology/recommendation,recommendation,0.35551032423973083,2
10.1007/978-3-030-79022-6_13,http://h-da.de/ml-ontology/time_series_forecasting,time series forecasting,0.4049287438392639,1
10.1007/978-3-030-79022-6_13,http://h-da.de/ml-ontology/time_series_classification,time series classification,0.35707706212997437,2
10.1007/978-3-030-79150-6_18,http://h-da.de/ml-ontology/image_classification,image classification,0.37592101097106934,1
10.1007/978-3-030-82196-8_20,http://h-da.de/ml-ontology/anomaly_detection,anomaly detection,0.4751938581466675,1
10.1007/978-3-030-82926-1_6,http://h-da.de/ml-ontology/time_series_forecasting,time series forecasting,0.37770795822143555,1
10.1007/978-3-030-84148-5_11,http://h-da.de/ml-ontology/feature_extraction,feature extraction,0.36869269609451294,1
10.1007/978-3-030-84148-5_11,http://h-da.de/ml-ontology/tabular_clustering,tabular clustering,0.3599655330181122,2
10.1007/978-3-030-84148-5_11,http://h-da.de/ml-ontology/clustering,clustering,0.3554326891899109,3
10.1007/978-3-030-84337-3_2,http://h-da.de/ml-ontology/anomaly_detection,anomaly detection,0.4158434271812439,1
10.1007/978-3-030-84337-3_2,http://h-da.de/ml-ontology/time_series_analysis,time series analysis,0.3511487543582916,2
10.1007/978-3-030-85082-1_2,http://h-da.de/ml-ontology/time_series_forecasting,time series forecasting,0.39273601770401,1
10.1007/978-3-030-85540-6_103,http://h-da.de/ml-ontology/action_recognition,action recognition,0.35666757822036743,1
10.1007/978-3-030-85577-2_31,http://h-da.de/ml-ontology/classification,classification,0.38928544521331787,1
10.1007/978-3-030-85914-5_60,http://h-da.de/ml-ontology/regression,regression,0.37049543857574463,1
10.1007/978-3-030-85914-5_60,http://h-da.de/ml-ontology/feature_extraction,feature extraction,0.36991578340530396,2
10.1007/978-3-030-85914-5_60,http://h-da.de/ml-ontology/image_regression,image regression,0.35355615615844727,3
10.1007/978-3-030-86261-9_18,http://h-da.de/ml-ontology/anomaly_detection,anomaly detection,0.4142931401729584,1
10.1007/978-3-030-86261-9_18,http://h-da.de/ml-ontology/feature_extraction,feature extraction,0.36481785774230957,2
10.1007/978-3-030-86261-9_7,http://h-da.de/ml-ontology/feature_extraction,feature extraction,0.3782338798046112,1
10.1007/978-3-030-86960-1_34,http://h-da.de/ml-ontology/anomaly_detection,anomaly detection,0.4056161642074585,1
10.1007/978-3-030-88081-1_28,http://h-da.de/ml-ontology/classification,classification,0.36592066287994385,1
10.1007/978-3-030-88259-4_4,http://h-da.de/ml-ontology/anomaly_detection,anomaly detection,0.44589394330978394,1
10.1007/978-3-030-88259-4_4,http://h-da.de/ml-ontology/action_recognition,action recognition,0.36242061853408813,2
10.1007/978-3-030-91100-3_19,http://h-da.de/ml-ontology/time_series_forecasting,time series forecasting,0.3960038423538208,1
10.1007/978-3-030-91100-3_19,http://h-da.de/ml-ontology/regression,regression,0.359792023897171,2
10.1007/978-3-030-91608-4_1,http://h-da.de/ml-ontology/feature_extraction,feature extraction,0.36764025688171387,1
10.1007/978-3-030-92426-3_17,http://h-da.de/ml-ontology/object_detection,object detection,0.482876718044281,1
10.1007/978-3-030-92544-4_11,http://h-da.de/ml-ontology/feature_extraction,feature extraction,0.3813652992248535,1
10.1007/978-3-030-92544-4_11,http://h-da.de/ml-ontology/time_series_forecasting,time series forecasting,0.3564378023147583,2
10.1007/978-3-030-92544-4_11,http://h-da.de/ml-ontology/tabular_regression,tabular regression,0.3501638174057007,3
10.1007/978-3-030-94343-1_3,http://h-da.de/ml-ontology/time_series_forecasting,time series forecasting,0.38845914602279663,1
10.1007/978-3-030-94343-1_3,http://h-da.de/ml-ontology/link_prediction,link prediction,0.3777961730957031,2
10.1007/978-3-030-99619-2_9,http://h-da.de/ml-ontology/action_recognition,action recognition,0.3568253219127655,1
10.1007/978-3-031-00218-2_9,http://h-da.de/ml-ontology/feature_extraction,feature extraction,0.37432339787483215,1
10.1007/978-3-031-02447-4_18,http://h-da.de/ml-ontology/time_series_forecasting,time series forecasting,0.37456998229026794,1
10.1007/978-3-031-03758-0_6,http://h-da.de/ml-ontology/action_recognition,action recognition,0.3980446457862854,1
10.1007/978-3-031-04424-3_6,http://h-da.de/ml-ontology/time_series_forecasting,time series forecasting,0.35522106289863586,1
10.1007/978-3-031-05491-4_23,http://h-da.de/ml-ontology/feature_selection,feature selection,0.4002677798271179,1
10.1007/978-3-031-05491-4_23,http://h-da.de/ml-ontology/feature_reduction,feature reduction,0.3713877201080322,2
10.1007/978-3-031-05491-4_23,http://h-da.de/ml-ontology/association_rule_learning,association rule learning,0.3550071120262146,3
10.1007/978-3-031-07155-3_4,http://h-da.de/ml-ontology/link_prediction,link prediction,0.3942635655403137,1
10.1007/978-3-031-07155-3_4,http://h-da.de/ml-ontology/anomaly_detection,anomaly detection,0.3600676357746124,2
10.1007/978-3-031-07322-9_36,http://h-da.de/ml-ontology/anomaly_detection,anomaly detection,0.38044965267181396,1
10.1007/978-3-031-08136-1_37,http://h-da.de/ml-ontology/feature_extraction,feature extraction,0.3769919276237488,1
10.1007/978-3-031-08333-4_8,http://h-da.de/ml-ontology/action_recognition,action recognition,0.3679516911506653,1
10.1007/978-3-031-09176-6_13,http://h-da.de/ml-ontology/image_regression,image regression,0.39720749855041504,1
10.1007/978-3-031-09176-6_13,http://h-da.de/ml-ontology/regression,regression,0.3874301314353943,2
10.1007/978-3-031-09176-6_13,http://h-da.de/ml-ontology/audio_regression,audio regression,0.3687152862548828,3
10.1007/978-3-031-09176-6_13,http://h-da.de/ml-ontology/time_series_forecasting,time series forecasting,0.3638409376144409,4
10.1007/978-3-031-09176-6_13,http://h-da.de/ml-ontology/classification,classification,0.35346585512161255,5
10.1007/978-3-031-09385-2_2,http://h-da.de/ml-ontology/anomaly_detection,anomaly detection,0.4052722454071045,1
10.1007/978-3-031-09385-2_2,http://h-da.de/ml-ontology/feature_extraction,feature extraction,0.40042704343795776,2
10.1007/978-3-031-10539-5_16,http://h-da.de/ml-ontology/feature_extraction,feature extraction,0.3861740827560425,1
10.1007/978-3-031-12402-0,http://h-da.de/ml-ontology/feature_extraction,feature extraction,0.42580628395080566,1
10.1007/978-3-031-15602-1_36,http://h-da.de/ml-ontology/feature_extraction,feature extraction,0.35095351934432983,1
10.1007/978-3-031-15602-1_46,http://h-da.de/ml-ontology/feature_extraction,feature extraction,0.3690374195575714,1
10.1007/978-3-031-15602-1_46,http://h-da.de/ml-ontology/time_series_classification,time series classification,0.36608147621154785,2
10.1007/978-3-031-15602-1_46,http://h-da.de/ml-ontology/time_series_forecasting,time series forecasting,0.3573927879333496,3
10.1007/978-3-031-15934-3_46,http://h-da.de/ml-ontology/time_series_forecasting,time series forecasting,0.43689408898353577,1
10.1007/978-3-031-16620-4_6,http://h-da.de/ml-ontology/time_series_classification,time series classification,0.35650575160980225,1
10.1007/978-3-031-17629-6_38,http://h-da.de/ml-ontology/audio_regression,audio regression,0.3747444450855255,1
10.1007/978-3-031-18318-8_55,http://h-da.de/ml-ontology/feature_extraction,feature extraction,0.37059247493743896,1
10.1007/978-3-031-18326-3_29,http://h-da.de/ml-ontology/feature_extraction,feature extraction,0.3579609990119934,1
10.1007/978-3-031-19502-0,http://h-da.de/ml-ontology/feature_extraction,feature extraction,0.4782223105430603,1
10.1007/978-3-031-19502-0,http://h-da.de/ml-ontology/image_regression,image regression,0.3660144805908203,2
10.1007/978-3-031-19502-0,http://h-da.de/ml-ontology/feature_reduction,feature reduction,0.36116427183151245,3
10.1007/978-3-031-22061-6_1,http://h-da.de/ml-ontology/object_detection,object detection,0.37164387106895447,1
10.1007/978-3-031-22419-5_33,http://h-da.de/ml-ontology/time_series_forecasting,time series forecasting,0.41813406348228455,1
10.1007/978-3-031-22695-3_36,http://h-da.de/ml-ontology/classification,classification,0.4088106155395508,1
10.1007/978-3-031-22695-3_36,http://h-da.de/ml-ontology/tabular_classification,tabular classification,0.40310806035995483,2
10.1007/978-3-031-22695-3_36,http://h-da.de/ml-ontology/feature_extraction,feature extraction,0.39729976654052734,3
10.1007/978-3-031-22695-3_36,http://h-da.de/ml-ontology/image_classification,image classification,0.38285157084465027,4
10.1007/978-3-031-22695-3_36,http://h-da.de/ml-ontology/video_classification,video classification,0.3644542098045349,5
10.1007/978-3-031-22938-1_30,http://h-da.de/ml-ontology/anomaly_detection,anomaly detection,0.3613666892051697,1
10.1007/978-3-031-25271-6_5,http://h-da.de/ml-ontology/regression,regression,0.3727129101753235,1
10.1007/978-3-031-25271-6_5,http://h-da.de/ml-ontology/image_regression,image regression,0.35945332050323486,2
10.1007/978-3-031-25312-6_70,http://h-da.de/ml-ontology/association_rule_learning,association rule learning,0.39910298585891724,1
10.1007/978-3-031-25312-6_70,http://h-da.de/ml-ontology/feature_extraction,feature extraction,0.3574349284172058,2
10.1007/978-3-031-26384-2_19,http://h-da.de/ml-ontology/association_rule_learning,association rule learning,0.404272198677063,1
10.1007/978-3-031-26390-3_7,http://h-da.de/ml-ontology/time_series_forecasting,time series forecasting,0.38254350423812866,1
10.1007/978-3-031-27961-4_2,http://h-da.de/ml-ontology/time_series_forecasting,time series forecasting,0.3971850872039795,1
10.1007/978-3-031-27961-4_2,http://h-da.de/ml-ontology/feature_extraction,feature extraction,0.3538500666618347,2
10.1007/978-3-031-30047-9_33,http://h-da.de/ml-ontology/anomaly_detection,anomaly detection,0.5210264325141907,1
10.1007/978-3-031-30047-9_33,http://h-da.de/ml-ontology/time_series_classification,time series classification,0.3882145881652832,2
10.1007/978-3-031-30047-9_33,http://h-da.de/ml-ontology/time_series_forecasting,time series forecasting,0.3692159056663513,3
10.1007/978-3-031-30047-9_33,http://h-da.de/ml-ontology/time_series_analysis,time series analysis,0.35006189346313477,4
10.1007/978-3-031-30694-5_6,http://h-da.de/ml-ontology/time_series_forecasting,time series forecasting,0.5168648958206177,1
10.1007/978-3-031-32511-3_64,http://h-da.de/ml-ontology/feature_extraction,feature extraction,0.36478132009506226,1
10.1007/978-3-031-34107-6_27,http://h-da.de/ml-ontology/anomaly_detection,anomaly detection,0.3797304034233093,1
10.1007/978-3-031-34190-8_34,http://h-da.de/ml-ontology/anomaly_detection,anomaly detection,0.47583359479904175,1
10.1007/978-3-031-34190-8_34,http://h-da.de/ml-ontology/feature_extraction,feature extraction,0.38117194175720215,2
10.1007/978-3-031-34190-8_34,http://h-da.de/ml-ontology/time_series_analysis,time series analysis,0.35158514976501465,3
10.1007/978-3-031-34204-2_40,http://h-da.de/ml-ontology/time_series_forecasting,time series forecasting,0.37672656774520874,1
10.1007/978-3-031-34204-2_40,http://h-da.de/ml-ontology/feature_extraction,feature extraction,0.35814496874809265,2
10.1007/978-3-031-35245-4_19,http://h-da.de/ml-ontology/anomaly_detection,anomaly detection,0.367027223110199,1
10.1007/978-3-031-35245-4_19,http://h-da.de/ml-ontology/association_rule_learning,association rule learning,0.3545025885105133,2
10.1007/978-3-031-35314-7_29,http://h-da.de/ml-ontology/time_series_forecasting,time series forecasting,0.3944196105003357,1
10.1007/978-3-031-35883-8_5,http://h-da.de/ml-ontology/time_series_forecasting,time series forecasting,0.3695027828216553,1
10.1007/978-3-031-35883-8_6,http://h-da.de/ml-ontology/topic_modeling,topic modeling,0.5655573010444641,1
10.1007/978-3-031-35883-8_6,http://h-da.de/ml-ontology/text_classification,text classification,0.4308123290538788,2
10.1007/978-3-031-35883-8_6,http://h-da.de/ml-ontology/named_entity_recognition,named entity recognition,0.36962294578552246,3
10.1007/978-3-031-35883-8_6,http://h-da.de/ml-ontology/text_analytics,text analytics,0.36635154485702515,4
10.1007/978-3-031-36021-3_53,http://h-da.de/ml-ontology/anomaly_detection,anomaly detection,0.3536815047264099,1
10.1007/978-3-031-36021-3_53,http://h-da.de/ml-ontology/time_series_forecasting,time series forecasting,0.3534993827342987,2
10.1007/978-3-031-36030-5_33,http://h-da.de/ml-ontology/feature_reduction,feature reduction,0.365058034658432,1
10.1007/978-3-031-36030-5_33,http://h-da.de/ml-ontology/feature_extraction,feature extraction,0.3589049279689789,2
10.1007/978-3-031-36121-0_34,http://h-da.de/ml-ontology/time_series_forecasting,time series forecasting,0.46731796860694885,1
10.1007/978-3-031-36246-0_30,http://h-da.de/ml-ontology/time_series_forecasting,time series forecasting,0.39089328050613403,1
10.1007/978-3-031-36246-0_30,http://h-da.de/ml-ontology/regression,regression,0.3581169843673706,2
10.1007/978-3-031-36246-0_30,http://h-da.de/ml-ontology/text_regression,text regression,0.3523717224597931,3
10.1007/978-3-031-36246-0_31,http://h-da.de/ml-ontology/feature_extraction,feature extraction,0.3652140498161316,1
10.1007/978-3-031-36805-9_38,http://h-da.de/ml-ontology/text_classification,text classification,0.41933220624923706,1
10.1007/978-3-031-36805-9_38,http://h-da.de/ml-ontology/named_entity_recognition,named entity recognition,0.3805394470691681,2
10.1007/978-3-031-37007-6_16,http://h-da.de/ml-ontology/feature_extraction,feature extraction,0.3717307448387146,1
10.1007/978-3-031-38274-1_46,http://h-da.de/ml-ontology/clustering,clustering,0.3728322386741638,1
10.1007/978-3-031-38274-1_46,http://h-da.de/ml-ontology/feature_extraction,feature extraction,0.36817556619644165,2
10.1007/978-3-031-38616-9_3,http://h-da.de/ml-ontology/time_series_classification,time series classification,0.3812982439994812,1
10.1007/978-3-031-38616-9_3,http://h-da.de/ml-ontology/time_series_forecasting,time series forecasting,0.3749518394470215,2
10.1007/978-3-031-39619-9_17,http://h-da.de/ml-ontology/feature_extraction,feature extraction,0.37031030654907227,1
10.1007/978-3-031-40920-2_28,http://h-da.de/ml-ontology/anomaly_detection,anomaly detection,0.379043310880661,1
10.1007/978-3-031-42983-5_21,http://h-da.de/ml-ontology/named_entity_recognition,named entity recognition,0.5114214420318604,1
10.1007/978-3-031-42983-5_21,http://h-da.de/ml-ontology/text_analytics,text analytics,0.42627471685409546,2
10.1007/978-3-031-42983-5_21,http://h-da.de/ml-ontology/text_classification,text classification,0.3904709815979004,3
10.1007/978-3-031-43430-3_15,http://h-da.de/ml-ontology/time_series_forecasting,time series forecasting,0.4205928444862366,1
10.1007/978-3-031-43430-3_15,http://h-da.de/ml-ontology/anomaly_detection,anomaly detection,0.3725460171699524,2
10.1007/978-3-031-43430-3_15,http://h-da.de/ml-ontology/time_series_classification,time series classification,0.3668344020843506,3
10.1007/978-3-031-43524-9_3,http://h-da.de/ml-ontology/time_series_forecasting,time series forecasting,0.3784394860267639,1
10.1007/978-3-031-43666-6_46,http://h-da.de/ml-ontology/feature_extraction,feature extraction,0.36760473251342773,1
10.1007/978-3-031-43789-2_32,http://h-da.de/ml-ontology/feature_extraction,feature extraction,0.36225658655166626,1
10.1007/978-3-031-44070-0_26,http://h-da.de/ml-ontology/feature_extraction,feature extraction,0.41688302159309387,1
10.1007/978-3-031-46452-2_20,http://h-da.de/ml-ontology/anomaly_detection,anomaly detection,0.5221344828605652,1
10.1007/978-3-031-46849-0_5,http://h-da.de/ml-ontology/clustering,clustering,0.39186811447143555,1
10.1007/978-3-031-46849-0_5,http://h-da.de/ml-ontology/tabular_clustering,tabular clustering,0.38120847940444946,2
10.1007/978-3-031-47451-4_39,http://h-da.de/ml-ontology/classification,classification,0.3811279535293579,1
10.1007/978-3-031-47715-7_32,http://h-da.de/ml-ontology/time_series_forecasting,time series forecasting,0.4585103392601013,1
10.1007/978-3-031-47715-7_32,http://h-da.de/ml-ontology/time_series_classification,time series classification,0.36778658628463745,2
10.1007/978-3-031-47718-8_11,http://h-da.de/ml-ontology/action_recognition,action recognition,0.35912787914276123,1
10.1007/978-3-031-48888-7_18,http://h-da.de/ml-ontology/time_series_forecasting,time series forecasting,0.3696165382862091,1
10.1007/978-3-031-48888-7_18,http://h-da.de/ml-ontology/image_regression,image regression,0.3661988079547882,2
10.1007/978-3-031-50151-7_11,http://h-da.de/ml-ontology/regression,regression,0.3874160647392273,1
10.1007/978-3-031-50151-7_11,http://h-da.de/ml-ontology/feature_extraction,feature extraction,0.3560812473297119,2
10.1007/978-3-031-50151-7_11,http://h-da.de/ml-ontology/image_regression,image regression,0.3531108498573303,3
10.1007/978-3-031-52255-0_15,http://h-da.de/ml-ontology/image_regression,image regression,0.3599258065223694,1
10.1007/978-3-031-52255-0_20,http://h-da.de/ml-ontology/image_regression,image regression,0.3779059052467346,1
10.1007/978-3-031-53036-4_22,http://h-da.de/ml-ontology/clustering,clustering,0.37265723943710327,1
10.1007/978-3-031-53036-4_22,http://h-da.de/ml-ontology/tabular_clustering,tabular clustering,0.36883074045181274,2
10.1007/978-3-031-53401-0_27,http://h-da.de/ml-ontology/time_series_forecasting,time series forecasting,0.41198331117630005,1
10.1007/978-3-031-54521-4_1,http://h-da.de/ml-ontology/audio_classification,audio classification,0.4806879758834839,1
10.1007/978-3-031-54521-4_1,http://h-da.de/ml-ontology/audio_regression,audio regression,0.4083651602268219,2
10.1007/978-3-031-55221-2_13,http://h-da.de/ml-ontology/action_recognition,action recognition,0.470196008682251,1
10.1007/978-3-031-55221-2_13,http://h-da.de/ml-ontology/recommendation,recommendation,0.380096435546875,2
10.1007/978-3-031-55221-2_13,http://h-da.de/ml-ontology/feature_reduction,feature reduction,0.3689776062965393,3
10.1007/978-3-031-56998-2_2,http://h-da.de/ml-ontology/image_regression,image regression,0.36368465423583984,1
10.1007/978-3-031-56998-2_2,http://h-da.de/ml-ontology/audio_regression,audio regression,0.3603889048099518,2
10.1007/978-3-031-57496-2_8,http://h-da.de/ml-ontology/feature_extraction,feature extraction,0.397148996591568,1
10.1007/978-3-031-57496-2_8,http://h-da.de/ml-ontology/time_series_classification,time series classification,0.3741382658481598,2
10.1007/978-3-031-58113-7_10,http://h-da.de/ml-ontology/regression,regression,0.3613927662372589,1
10.1007/978-3-031-58561-6_3,http://h-da.de/ml-ontology/image_regression,image regression,0.3511993885040283,1
10.1007/978-3-031-60027-2_7,http://h-da.de/ml-ontology/action_recognition,action recognition,0.497118204832077,1
10.1007/978-3-031-60591-8_3,http://h-da.de/ml-ontology/feature_extraction,feature extraction,0.3679622709751129,1
10.1007/978-3-031-60840-7_8,http://h-da.de/ml-ontology/anomaly_detection,anomaly detection,0.5142998099327087,1
10.1007/978-3-031-61221-3_9,http://h-da.de/ml-ontology/time_series_forecasting,time series forecasting,0.36828479170799255,1
10.1007/978-3-031-61221-3_9,http://h-da.de/ml-ontology/classification,classification,0.36401432752609253,2
10.1007/978-3-031-61575-7_24,http://h-da.de/ml-ontology/feature_extraction,feature extraction,0.3584136366844177,1
10.1007/978-3-031-61582-5_16,http://h-da.de/ml-ontology/classification,classification,0.3772444725036621,1
10.1007/978-3-031-61582-5_16,http://h-da.de/ml-ontology/feature_extraction,feature extraction,0.3504670560359955,2
10.1007/978-3-031-61797-3_32,http://h-da.de/ml-ontology/feature_extraction,feature extraction,0.37812215089797974,1
10.1007/978-3-031-62217-5_6,http://h-da.de/ml-ontology/image_regression,image regression,0.3918814957141876,1
10.1007/978-3-031-62217-5_6,http://h-da.de/ml-ontology/regression,regression,0.36606889963150024,2
10.1007/978-3-031-62217-5_6,http://h-da.de/ml-ontology/classification,classification,0.3635144829750061,3
10.1007/978-3-031-62217-5_6,http://h-da.de/ml-ontology/video_regression,video regression,0.3518763482570648,4
10.1007/978-3-031-62700-2_1,http://h-da.de/ml-ontology/image_regression,image regression,0.38147249817848206,1
10.1007/978-3-031-62700-2_1,http://h-da.de/ml-ontology/feature_extraction,feature extraction,0.36631497740745544,2
10.1007/978-3-031-62700-2_1,http://h-da.de/ml-ontology/image_classification,image classification,0.35237962007522583,3
10.1007/978-3-031-63772-8_27,http://h-da.de/ml-ontology/feature_extraction,feature extraction,0.4283362030982971,1
10.1007/978-3-031-63775-9_24,http://h-da.de/ml-ontology/anomaly_detection,anomaly detection,0.39391398429870605,1
10.1007/978-3-031-63783-4_15,http://h-da.de/ml-ontology/time_series_forecasting,time series forecasting,0.3701966404914856,1
10.1007/978-3-031-63803-9_19,http://h-da.de/ml-ontology/feature_extraction,feature extraction,0.3756507337093353,1
10.1007/978-3-031-64070-4_7,http://h-da.de/ml-ontology/time_series_forecasting,time series forecasting,0.39258474111557007,1
10.1007/978-3-031-65007-9_43,http://h-da.de/ml-ontology/feature_extraction,feature extraction,0.3669038414955139,1
10.1007/978-3-031-65392-6_4,http://h-da.de/ml-ontology/image_regression,image regression,0.35508817434310913,1
10.1007/978-3-031-65392-6_4,http://h-da.de/ml-ontology/regression,regression,0.3514898717403412,2
10.1007/978-3-031-67195-1_76,http://h-da.de/ml-ontology/audio_classification,audio classification,0.3807103633880615,1
10.1007/978-3-031-68323-7_3,http://h-da.de/ml-ontology/feature_extraction,feature extraction,0.3874036371707916,1
10.1007/978-3-031-68617-7_4,http://h-da.de/ml-ontology/audio_classification,audio classification,0.46662217378616333,1
10.1007/978-3-031-68617-7_4,http://h-da.de/ml-ontology/audio_regression,audio regression,0.4123668670654297,2
10.1007/978-3-031-68775-4_60,http://h-da.de/ml-ontology/feature_extraction,feature extraction,0.361937016248703,1
10.1007/978-3-031-69228-4_6,http://h-da.de/ml-ontology/feature_extraction,feature extraction,0.3500586748123169,1
10.1007/978-3-031-69626-8_120,http://h-da.de/ml-ontology/feature_extraction,feature extraction,0.36024191975593567,1
10.1007/978-3-031-69626-8_78,http://h-da.de/ml-ontology/feature_extraction,feature extraction,0.38379573822021484,1
10.1007/978-3-031-70341-6_6,http://h-da.de/ml-ontology/sentence_similarity,sentence similarity,0.44756031036376953,1
10.1007/978-3-031-70381-2_8,http://h-da.de/ml-ontology/anomaly_detection,anomaly detection,0.3543040454387665,1
10.1007/978-3-031-70684-4_11,http://h-da.de/ml-ontology/feature_extraction,feature extraction,0.424573689699173,1
10.1007/978-3-031-70906-7_27,http://h-da.de/ml-ontology/audio_classification,audio classification,0.37894541025161743,1
10.1007/978-3-031-70981-4_40,http://h-da.de/ml-ontology/object_detection,object detection,0.41049617528915405,1
10.1007/978-3-031-71360-6_16,http://h-da.de/ml-ontology/image_classification,image classification,0.3685975968837738,1
10.1007/978-3-031-71360-6_16,http://h-da.de/ml-ontology/object_detection,object detection,0.35787343978881836,2
10.1007/978-3-031-71629-4_3,http://h-da.de/ml-ontology/feature_extraction,feature extraction,0.3667691946029663,1
10.1007/978-3-031-72636-1_4,http://h-da.de/ml-ontology/time_series_forecasting,time series forecasting,0.3509264886379242,1
10.1007/978-3-031-73510-3_17,http://h-da.de/ml-ontology/anomaly_detection,anomaly detection,0.4957540035247803,1
10.1007/978-3-031-74482-2_10,http://h-da.de/ml-ontology/feature_extraction,feature extraction,0.37690165638923645,1
10.1007/978-3-031-74485-3_47,http://h-da.de/ml-ontology/feature_extraction,feature extraction,0.3891911506652832,1
10.1007/978-3-031-74633-8_5,http://h-da.de/ml-ontology/feature_extraction,feature extraction,0.4062948226928711,1
10.1007/978-3-031-74633-8_5,http://h-da.de/ml-ontology/feature_selection,feature selection,0.3983837962150574,2
10.1007/978-3-031-74633-8_5,http://h-da.de/ml-ontology/association_rule_learning,association rule learning,0.3796815276145935,3
10.1007/978-3-031-74633-8_5,http://h-da.de/ml-ontology/feature_reduction,feature reduction,0.3743985593318939,4
10.1007/978-3-031-75010-6_6,http://h-da.de/ml-ontology/feature_selection,feature selection,0.39011669158935547,1
10.1007/978-3-031-75010-6_6,http://h-da.de/ml-ontology/feature_extraction,feature extraction,0.3847673535346985,2
10.1007/978-3-031-75010-6_6,http://h-da.de/ml-ontology/anomaly_detection,anomaly detection,0.38401877880096436,3
10.1007/978-3-031-75010-6_6,http://h-da.de/ml-ontology/feature_reduction,feature reduction,0.3793873190879822,4
10.1007/978-3-031-75010-6_6,http://h-da.de/ml-ontology/association_rule_learning,association rule learning,0.37067675590515137,5
10.1007/978-3-031-75329-9_31,http://h-da.de/ml-ontology/feature_extraction,feature extraction,0.3673762381076813,1
10.1007/978-3-031-75329-9_31,http://h-da.de/ml-ontology/classification,classification,0.3546733856201172,2
10.1007/978-3-031-75923-9_7,http://h-da.de/ml-ontology/feature_extraction,feature extraction,0.3796709179878235,1
10.1007/978-3-031-77426-3_11,http://h-da.de/ml-ontology/image_classification,image classification,0.4158021807670593,1
10.1007/978-3-031-77426-3_11,http://h-da.de/ml-ontology/video_classification,video classification,0.3652324676513672,2
10.1007/978-3-031-77571-0_78,http://h-da.de/ml-ontology/anomaly_detection,anomaly detection,0.35665732622146606,1
10.1007/978-3-031-77738-7_19,http://h-da.de/ml-ontology/anomaly_detection,anomaly detection,0.44601863622665405,1
10.1007/978-3-031-80084-9_14,http://h-da.de/ml-ontology/image_regression,image regression,0.40133965015411377,1
10.1007/978-3-031-80084-9_14,http://h-da.de/ml-ontology/feature_extraction,feature extraction,0.3885878324508667,2
10.1007/978-3-031-80301-7_61,http://h-da.de/ml-ontology/anomaly_detection,anomaly detection,0.3631908893585205,1
10.1007/978-3-031-80512-7_73,http://h-da.de/ml-ontology/feature_extraction,feature extraction,0.37427830696105957,1
10.1007/978-3-031-81339-9_9,http://h-da.de/ml-ontology/image_classification,image classification,0.35657310485839844,1
10.1007/978-3-031-81455-6_6,http://h-da.de/ml-ontology/classification,classification,0.36877018213272095,1
10.1007/978-3-031-82383-1_21,http://h-da.de/ml-ontology/time_series_forecasting,time series forecasting,0.3627479076385498,1
10.1007/978-3-031-82494-4_22,http://h-da.de/ml-ontology/time_series_forecasting,time series forecasting,0.4672297537326813,1
10.1007/978-3-031-82494-4_22,http://h-da.de/ml-ontology/time_series_classification,time series classification,0.43503350019454956,2
10.1007/978-3-031-82494-4_22,http://h-da.de/ml-ontology/time_series_analysis,time series analysis,0.36445629596710205,3
10.1007/978-3-031-82907-9_38,http://h-da.de/ml-ontology/feature_extraction,feature extraction,0.35210922360420227,1
10.1007/978-3-031-83472-1_18,http://h-da.de/ml-ontology/feature_extraction,feature extraction,0.35975009202957153,1
10.1007/978-3-031-83796-8_8,http://h-da.de/ml-ontology/association_rule_learning,association rule learning,0.384504497051239,1
10.1007/978-3-031-83796-8_8,http://h-da.de/ml-ontology/feature_reduction,feature reduction,0.3795959949493408,2
10.1007/978-3-031-83796-8_8,http://h-da.de/ml-ontology/feature_extraction,feature extraction,0.3734995126724243,3
10.1007/978-3-031-83796-8_8,http://h-da.de/ml-ontology/feature_selection,feature selection,0.36966490745544434,4
10.1007/978-3-031-83911-5_57,http://h-da.de/ml-ontology/classification,classification,0.39886313676834106,1
10.1007/978-3-031-85252-7_9,http://h-da.de/ml-ontology/time_series_forecasting,time series forecasting,0.5014500021934509,1
10.1007/978-3-031-85252-7_9,http://h-da.de/ml-ontology/time_series_classification,time series classification,0.36531656980514526,2
10.1007/978-3-031-85902-1_13,http://h-da.de/ml-ontology/classification,classification,0.4160686731338501,1
10.1007/978-3-031-85902-1_13,http://h-da.de/ml-ontology/image_classification,image classification,0.39090782403945923,2
10.1007/978-3-031-85902-1_13,http://h-da.de/ml-ontology/audio_classification,audio classification,0.3648098409175873,3
10.1007/978-3-031-85902-1_13,http://h-da.de/ml-ontology/tabular_classification,tabular classification,0.3640463650226593,4
10.1007/978-3-031-86489-6_15,http://h-da.de/ml-ontology/object_detection,object detection,0.41420722007751465,1
10.1007/978-3-031-86489-6_22,http://h-da.de/ml-ontology/anomaly_detection,anomaly detection,0.4048091173171997,1
10.1007/978-3-031-86493-3_27,http://h-da.de/ml-ontology/audio_regression,audio regression,0.35384654998779297,1
10.1007/978-3-031-86705-7_11,http://h-da.de/ml-ontology/audio_classification,audio classification,0.3690411448478699,1
10.1007/978-3-031-86705-7_11,http://h-da.de/ml-ontology/feature_extraction,feature extraction,0.3651105761528015,2
10.1007/978-3-031-86893-1_25,http://h-da.de/ml-ontology/time_series_classification,time series classification,0.3949078321456909,1
10.1007/978-3-031-87620-2_28,http://h-da.de/ml-ontology/time_series_classification,time series classification,0.3546680808067322,1
10.1007/978-3-031-88653-9_54,http://h-da.de/ml-ontology/time_series_forecasting,time series forecasting,0.3793156147003174,1
10.1007/978-3-031-88653-9_54,http://h-da.de/ml-ontology/image_regression,image regression,0.354991614818573,2
10.1007/978-3-031-89175-5_16,http://h-da.de/ml-ontology/video_regression,video regression,0.4834122061729431,1
10.1007/978-3-031-89175-5_16,http://h-da.de/ml-ontology/recommendation,recommendation,0.4311557710170746,2
10.1007/978-3-031-89175-5_16,http://h-da.de/ml-ontology/audio_regression,audio regression,0.4199657440185547,3
10.1007/978-3-031-89175-5_16,http://h-da.de/ml-ontology/video_classification,video classification,0.4078425467014313,4
10.1007/978-3-031-89175-5_16,http://h-da.de/ml-ontology/audio_classification,audio classification,0.3787693679332733,5
10.1007/978-3-031-90203-1_1,http://h-da.de/ml-ontology/anomaly_detection,anomaly detection,0.3570982813835144,1
10.1007/978-3-031-90735-7_9,http://h-da.de/ml-ontology/classification,classification,0.39095979928970337,1
10.1007/978-3-031-90735-7_9,http://h-da.de/ml-ontology/feature_extraction,feature extraction,0.3787209987640381,2
10.1007/978-3-031-90735-7_9,http://h-da.de/ml-ontology/regression,regression,0.37505364418029785,3
10.1007/978-3-031-91334-1_30,http://h-da.de/ml-ontology/action_recognition,action recognition,0.35455286502838135,1
10.1007/978-3-031-91337-2_55,http://h-da.de/ml-ontology/time_series_forecasting,time series forecasting,0.46325355768203735,1
10.1007/978-3-031-91337-2_66,http://h-da.de/ml-ontology/time_series_forecasting,time series forecasting,0.3895166516304016,1
10.1007/978-3-031-92041-7_17,http://h-da.de/ml-ontology/time_series_forecasting,time series forecasting,0.3713052272796631,1
10.1007/978-3-031-92082-0_17,http://h-da.de/ml-ontology/feature_extraction,feature extraction,0.4635832905769348,1
10.1007/978-3-031-92082-0_17,http://h-da.de/ml-ontology/action_recognition,action recognition,0.39186787605285645,2
10.1007/978-3-031-93598-5_4,http://h-da.de/ml-ontology/feature_extraction,feature extraction,0.3880303204059601,1
10.1007/978-3-031-93601-2_21,http://h-da.de/ml-ontology/sentiment_analysis,sentiment analysis,0.521442174911499,1
10.1007/978-3-031-93601-2_21,http://h-da.de/ml-ontology/text_classification,text classification,0.4040195345878601,2
10.1007/978-3-031-93601-2_21,http://h-da.de/ml-ontology/named_entity_recognition,named entity recognition,0.39572620391845703,3
10.1007/978-3-031-93631-9_15,http://h-da.de/ml-ontology/anomaly_detection,anomaly detection,0.3619864583015442,1
10.1007/978-3-031-93887-0_15,http://h-da.de/ml-ontology/image_classification,image classification,0.43201038241386414,1
10.1007/978-3-031-93887-0_15,http://h-da.de/ml-ontology/video_classification,video classification,0.37180396914482117,2
10.1007/978-3-031-93995-2_3,http://h-da.de/ml-ontology/feature_reduction,feature reduction,0.381722629070282,1
10.1007/978-3-031-93995-2_3,http://h-da.de/ml-ontology/feature_extraction,feature extraction,0.368404746055603,2
10.1007/978-3-031-93995-2_3,http://h-da.de/ml-ontology/feature_selection,feature selection,0.35347384214401245,3
10.1007/978-3-031-95111-4_8,http://h-da.de/ml-ontology/image_regression,image regression,0.3509382903575897,1
10.1007/978-3-031-96962-1_3,http://h-da.de/ml-ontology/time_series_forecasting,time series forecasting,0.350330114364624,1
10.1007/978-3-031-97567-7_3,http://h-da.de/ml-ontology/time_series_forecasting,time series forecasting,0.3743552565574646,1
10.1007/978-3-031-98161-6_11,http://h-da.de/ml-ontology/time_series_forecasting,time series forecasting,0.40155524015426636,1
10.1007/978-3-031-98364-1_13,http://h-da.de/ml-ontology/anomaly_detection,anomaly detection,0.3636111617088318,1
10.1007/978-3-031-99159-2_28,http://h-da.de/ml-ontology/time_series_forecasting,time series forecasting,0.36761850118637085,1
10.1007/978-3-032-00284-6_2,http://h-da.de/ml-ontology/clustering,clustering,0.35762572288513184,1
10.1007/978-3-032-02106-9_56,http://h-da.de/ml-ontology/action_recognition,action recognition,0.39922648668289185,1
10.1007/978-3-032-03538-7_7,http://h-da.de/ml-ontology/anomaly_detection,anomaly detection,0.40274181962013245,1
10.1007/978-3-032-03550-9_22,http://h-da.de/ml-ontology/time_series_forecasting,time series forecasting,0.39222824573516846,1
10.1007/978-3-032-04225-5_5,http://h-da.de/ml-ontology/feature_extraction,feature extraction,0.36428678035736084,1
10.1007/978-3-032-04774-8_8,http://h-da.de/ml-ontology/regression,regression,0.3955373167991638,1
10.1007/978-3-032-04774-8_8,http://h-da.de/ml-ontology/image_regression,image regression,0.3653399348258972,2
10.1007/978-3-032-04774-8_8,http://h-da.de/ml-ontology/feature_extraction,feature extraction,0.3590615391731262,3
10.1007/978-3-032-05610-8_5,http://h-da.de/ml-ontology/time_series_forecasting,time series forecasting,0.36104363203048706,1
10.1007/978-3-032-05610-8_7,http://h-da.de/ml-ontology/time_series_forecasting,time series forecasting,0.44248682260513306,1
10.1007/978-3-319-07617-1_8,http://h-da.de/ml-ontology/multiclass_classification,multiclass classification,0.4162446856498718,1
10.1007/978-3-319-07617-1_8,http://h-da.de/ml-ontology/audio_classification,audio classification,0.39405369758605957,2
10.1007/978-3-319-07617-1_8,http://h-da.de/ml-ontology/classification,classification,0.38596367835998535,3
10.1007/978-3-319-07617-1_8,http://h-da.de/ml-ontology/image_classification,image classification,0.3634313642978668,4
10.1007/978-3-319-10380-8_63,http://h-da.de/ml-ontology/object_detection,object detection,0.3682500123977661,1
10.1007/978-3-319-27926-8_11,http://h-da.de/ml-ontology/feature_extraction,feature extraction,0.3783579468727112,1
10.1007/978-3-319-41697-7_20,http://h-da.de/ml-ontology/action_recognition,action recognition,0.49726375937461853,1
10.1007/978-3-319-41962-6_43,http://h-da.de/ml-ontology/image_classification,image classification,0.39821094274520874,1
10.1007/978-3-319-48743-4_31,http://h-da.de/ml-ontology/feature_extraction,feature extraction,0.36549803614616394,1
10.1007/978-3-319-48743-4_31,http://h-da.de/ml-ontology/feature_reduction,feature reduction,0.3542523980140686,2
10.1007/978-3-319-49109-7_69,http://h-da.de/ml-ontology/classification,classification,0.36267632246017456,1
10.1007/978-3-319-49109-7_69,http://h-da.de/ml-ontology/recommendation,recommendation,0.3583507537841797,2
10.1007/978-3-319-56994-9_59,http://h-da.de/ml-ontology/recommendation,recommendation,0.46180260181427,1
10.1007/978-3-319-56994-9_59,http://h-da.de/ml-ontology/ranking,ranking,0.37077081203460693,2
10.1007/978-3-319-59153-7_57,http://h-da.de/ml-ontology/time_series_forecasting,time series forecasting,0.38664406538009644,1
10.1007/978-3-319-62701-4_23,http://h-da.de/ml-ontology/feature_extraction,feature extraction,0.3836979269981384,1
10.1007/978-3-319-62701-4_23,http://h-da.de/ml-ontology/association_rule_learning,association rule learning,0.3814913034439087,2
10.1007/978-3-319-62701-4_23,http://h-da.de/ml-ontology/classification,classification,0.3738211989402771,3
10.1007/978-3-319-66790-4_4,http://h-da.de/ml-ontology/time_series_forecasting,time series forecasting,0.369986355304718,1
10.1007/978-3-319-91479-4_21,http://h-da.de/ml-ontology/feature_extraction,feature extraction,0.38130515813827515,1
10.1007/978-3-319-91479-4_21,http://h-da.de/ml-ontology/time_series_classification,time series classification,0.35956019163131714,2
10.1007/978-3-319-91635-4_2,http://h-da.de/ml-ontology/feature_extraction,feature extraction,0.3875408172607422,1
10.1007/978-3-319-99268-6_6,http://h-da.de/ml-ontology/audio_classification,audio classification,0.3644156754016876,1
10.1007/978-3-319-99268-6_6,http://h-da.de/ml-ontology/time_series_classification,time series classification,0.3563215732574463,2
10.1007/978-3-319-99411-6_4,http://h-da.de/ml-ontology/classification,classification,0.40257346630096436,1
10.1007/978-3-319-99626-4_13,http://h-da.de/ml-ontology/anomaly_detection,anomaly detection,0.36793386936187744,1
10.1007/978-3-319-99626-4_13,http://h-da.de/ml-ontology/feature_extraction,feature extraction,0.3624922037124634,2
10.1007/978-3-540-48765-4_67,http://h-da.de/ml-ontology/feature_extraction,feature extraction,0.39733096957206726,1
10.1007/978-3-540-75271-4_11,http://h-da.de/ml-ontology/recommendation,recommendation,0.5085963606834412,1
10.1007/978-3-540-75271-4_11,http://h-da.de/ml-ontology/ranking,ranking,0.4847486615180969,2
10.1007/978-3-540-75271-4_11,http://h-da.de/ml-ontology/association_rule_learning,association rule learning,0.4431060254573822,3
10.1007/978-3-540-75271-4_11,http://h-da.de/ml-ontology/classification,classification,0.38356712460517883,4
10.1007/978-3-540-75271-4_11,http://h-da.de/ml-ontology/feature_extraction,feature extraction,0.377687931060791,5
10.1007/978-3-540-78246-9_23,http://h-da.de/ml-ontology/feature_extraction,feature extraction,0.36727577447891235,1
10.1007/978-3-540-78246-9_24,http://h-da.de/ml-ontology/feature_extraction,feature extraction,0.38990461826324463,1
10.1007/978-3-540-88192-6_45,http://h-da.de/ml-ontology/association_rule_learning,association rule learning,0.41701990365982056,1
10.1007/978-3-540-88192-6_45,http://h-da.de/ml-ontology/feature_extraction,feature extraction,0.3836986720561981,2
10.1007/978-3-540-88192-6_45,http://h-da.de/ml-ontology/classification,classification,0.3521833121776581,3
10.1007/978-3-642-04798-5_11,http://h-da.de/ml-ontology/anomaly_detection,anomaly detection,0.46060365438461304,1
10.1007/978-3-642-12214-9_61,http://h-da.de/ml-ontology/classification,classification,0.4217134118080139,1
10.1007/978-3-642-30359-3_22,http://h-da.de/ml-ontology/classification,classification,0.3846731185913086,1
10.1007/978-81-322-2208-8_48,http://h-da.de/ml-ontology/audio_classification,audio classification,0.3937896490097046,1
10.1007/978-981-10-8240-5_18,http://h-da.de/ml-ontology/classification,classification,0.41671913862228394,1
10.1007/978-981-10-8240-5_18,http://h-da.de/ml-ontology/recommendation,recommendation,0.38276875019073486,2
10.1007/978-981-10-8240-5_18,http://h-da.de/ml-ontology/association_rule_learning,association rule learning,0.368799090385437,3
10.1007/978-981-15-1307-7_39,http://h-da.de/ml-ontology/audio_classification,audio classification,0.38785773515701294,1
10.1007/978-981-15-1307-7_39,http://h-da.de/ml-ontology/audio_regression,audio regression,0.3505191206932068,2
10.1007/978-981-15-3125-5_50,http://h-da.de/ml-ontology/classification,classification,0.4486040472984314,1
10.1007/978-981-15-3125-5_50,http://h-da.de/ml-ontology/text_classification,text classification,0.36877328157424927,2
10.1007/978-981-15-3125-5_50,http://h-da.de/ml-ontology/feature_extraction,feature extraction,0.35763949155807495,3
10.1007/978-981-15-3125-5_50,http://h-da.de/ml-ontology/association_rule_learning,association rule learning,0.3562312722206116,4
10.1007/978-981-15-3514-7_43,http://h-da.de/ml-ontology/association_rule_learning,association rule learning,0.41662728786468506,1
10.1007/978-981-15-3514-7_43,http://h-da.de/ml-ontology/classification,classification,0.3873470425605774,2
10.1007/978-981-15-3514-7_43,http://h-da.de/ml-ontology/feature_extraction,feature extraction,0.3544405698776245,3
10.1007/978-981-15-5329-5_48,http://h-da.de/ml-ontology/sentiment_analysis,sentiment analysis,0.6205645203590393,1
10.1007/978-981-15-5329-5_48,http://h-da.de/ml-ontology/text_classification,text classification,0.48232948780059814,2
10.1007/978-981-15-5329-5_48,http://h-da.de/ml-ontology/recommendation,recommendation,0.41014939546585083,3
10.1007/978-981-15-5329-5_48,http://h-da.de/ml-ontology/text_regression,text regression,0.3650120496749878,4
10.1007/978-981-15-5329-5_48,http://h-da.de/ml-ontology/named_entity_recognition,named entity recognition,0.3645883798599243,5
10.1007/978-981-15-5519-0_31,http://h-da.de/ml-ontology/time_series_forecasting,time series forecasting,0.4164944291114807,1
10.1007/978-981-16-0761-5_11,http://h-da.de/ml-ontology/feature_extraction,feature extraction,0.3774189352989197,1
10.1007/978-981-16-0761-5_11,http://h-da.de/ml-ontology/time_series_forecasting,time series forecasting,0.3540913164615631,2
10.1007/978-981-16-2183-3_65,http://h-da.de/ml-ontology/association_rule_learning,association rule learning,0.38075244426727295,1
10.1007/978-981-16-2183-3_65,http://h-da.de/ml-ontology/classification,classification,0.3736441135406494,2
10.1007/978-981-16-2422-3_32,http://h-da.de/ml-ontology/image_regression,image regression,0.37502607703208923,1
10.1007/978-981-16-2422-3_32,http://h-da.de/ml-ontology/regression,regression,0.3535475730895996,2
10.1007/978-981-16-2540-4_19,http://h-da.de/ml-ontology/feature_extraction,feature extraction,0.3644968867301941,1
10.1007/978-981-16-2857-3_32,http://h-da.de/ml-ontology/feature_extraction,feature extraction,0.353609561920166,1
10.1007/978-981-16-3690-5_87,http://h-da.de/ml-ontology/image_regression,image regression,0.3850576877593994,1
10.1007/978-981-16-3690-5_87,http://h-da.de/ml-ontology/image_classification,image classification,0.3568379282951355,2
10.1007/978-981-16-4222-7_52,http://h-da.de/ml-ontology/image_classification,image classification,0.36635905504226685,1
10.1007/978-981-16-4244-9_30,http://h-da.de/ml-ontology/classification,classification,0.3603096902370453,1
10.1007/978-981-16-6289-8_24,http://h-da.de/ml-ontology/action_recognition,action recognition,0.4857415556907654,1
10.1007/978-981-16-7059-6_20,http://h-da.de/ml-ontology/feature_extraction,feature extraction,0.35894113779067993,1
10.1007/978-981-16-7952-0_55,http://h-da.de/ml-ontology/recommendation,recommendation,0.40432173013687134,1
10.1007/978-981-16-7952-0_55,http://h-da.de/ml-ontology/classification,classification,0.4019395709037781,2
10.1007/978-981-16-7952-0_55,http://h-da.de/ml-ontology/text_classification,text classification,0.3774033486843109,3
10.1007/978-981-16-7952-0_55,http://h-da.de/ml-ontology/action_recognition,action recognition,0.37264153361320496,4
10.1007/978-981-16-7996-4_21,http://h-da.de/ml-ontology/classification,classification,0.39089882373809814,1
10.1007/978-981-16-8763-1_35,http://h-da.de/ml-ontology/time_series_forecasting,time series forecasting,0.4258076548576355,1
10.1007/978-981-16-8763-1_35,http://h-da.de/ml-ontology/regression,regression,0.3542756140232086,2
10.1007/978-981-19-0240-6_7,http://h-da.de/ml-ontology/time_series_forecasting,time series forecasting,0.4882035553455353,1
10.1007/978-981-19-0928-3_16,http://h-da.de/ml-ontology/action_recognition,action recognition,0.3539196252822876,1
10.1007/978-981-19-1111-8_12,http://h-da.de/ml-ontology/sentiment_analysis,sentiment analysis,0.4966239333152771,1
10.1007/978-981-19-1111-8_12,http://h-da.de/ml-ontology/text_classification,text classification,0.36811548471450806,2
10.1007/978-981-19-1111-8_12,http://h-da.de/ml-ontology/audio_classification,audio classification,0.35724934935569763,3
10.1007/978-981-19-1111-8_13,http://h-da.de/ml-ontology/time_series_forecasting,time series forecasting,0.39906156063079834,1
10.1007/978-981-19-1610-6_31,http://h-da.de/ml-ontology/anomaly_detection,anomaly detection,0.43133682012557983,1
10.1007/978-981-19-1610-6_31,http://h-da.de/ml-ontology/feature_extraction,feature extraction,0.35897910594940186,2
10.1007/978-981-19-1610-6_31,http://h-da.de/ml-ontology/time_series_classification,time series classification,0.3532257676124573,3
10.1007/978-981-19-2130-8_81,http://h-da.de/ml-ontology/time_series_forecasting,time series forecasting,0.36546051502227783,1
10.1007/978-981-19-2445-3_13,http://h-da.de/ml-ontology/time_series_forecasting,time series forecasting,0.3924660086631775,1
10.1007/978-981-19-2445-3_13,http://h-da.de/ml-ontology/classification,classification,0.3880344033241272,2
10.1007/978-981-19-2445-3_13,http://h-da.de/ml-ontology/recommendation,recommendation,0.36785537004470825,3
10.1007/978-981-19-2445-3_13,http://h-da.de/ml-ontology/association_rule_learning,association rule learning,0.35721972584724426,4
10.1007/978-981-19-4453-6_13,http://h-da.de/ml-ontology/recommendation,recommendation,0.42749089002609253,1
10.1007/978-981-19-4453-6_13,http://h-da.de/ml-ontology/text_regression,text regression,0.41757261753082275,2
10.1007/978-981-19-4453-6_13,http://h-da.de/ml-ontology/video_regression,video regression,0.3880956470966339,3
10.1007/978-981-19-4453-6_13,http://h-da.de/ml-ontology/text_classification,text classification,0.38042891025543213,4
10.1007/978-981-19-4453-6_13,http://h-da.de/ml-ontology/audio_classification,audio classification,0.37851202487945557,5
10.1007/978-981-19-5936-3_5,http://h-da.de/ml-ontology/action_recognition,action recognition,0.3657395839691162,1
10.1007/978-981-19-7126-6_6,http://h-da.de/ml-ontology/anomaly_detection,anomaly detection,0.3781161904335022,1
10.1007/978-981-19-7126-6_6,http://h-da.de/ml-ontology/feature_extraction,feature extraction,0.3701843023300171,2
10.1007/978-981-19-7126-6_6,http://h-da.de/ml-ontology/feature_reduction,feature reduction,0.3584728240966797,3
10.1007/978-981-19-9338-1_32,http://h-da.de/ml-ontology/time_series_forecasting,time series forecasting,0.3761165142059326,1
10.1007/978-981-33-4866-0_5,http://h-da.de/ml-ontology/object_detection,object detection,0.35515493154525757,1
10.1007/978-981-33-4909-4_26,http://h-da.de/ml-ontology/object_detection,object detection,0.3724268674850464,1
10.1007/978-981-33-6029-7_51,http://h-da.de/ml-ontology/image_regression,image regression,0.3538452982902527,1
10.1007/978-981-33-6081-5_17,http://h-da.de/ml-ontology/feature_extraction,feature extraction,0.3761366605758667,1
10.1007/978-981-33-6311-3_3,http://h-da.de/ml-ontology/time_series_forecasting,time series forecasting,0.37349599599838257,1
10.1007/978-981-96-2694-6_7,http://h-da.de/ml-ontology/feature_extraction,feature extraction,0.3524150252342224,1
10.1007/978-981-96-2700-4_13,http://h-da.de/ml-ontology/time_series_forecasting,time series forecasting,0.4131356477737427,1
10.1007/978-981-96-3077-6_29,http://h-da.de/ml-ontology/recommendation,recommendation,0.39336124062538147,1
10.1007/978-981-96-3105-6_24,http://h-da.de/ml-ontology/sentiment_analysis,sentiment analysis,0.613853394985199,1
10.1007/978-981-96-3105-6_24,http://h-da.de/ml-ontology/text_classification,text classification,0.4831916093826294,2
10.1007/978-981-96-3105-6_24,http://h-da.de/ml-ontology/text_regression,text regression,0.4149835407733917,3
10.1007/978-981-96-3105-6_24,http://h-da.de/ml-ontology/recommendation,recommendation,0.3922967314720154,4
10.1007/978-981-96-3105-6_24,http://h-da.de/ml-ontology/sentence_similarity,sentence similarity,0.35307013988494873,5
10.1007/978-981-96-3105-6_3,http://h-da.de/ml-ontology/classification,classification,0.3921712040901184,1
10.1007/978-981-96-3105-6_3,http://h-da.de/ml-ontology/image_regression,image regression,0.3620029091835022,2
10.1007/978-981-96-3355-5_13,http://h-da.de/ml-ontology/association_rule_learning,association rule learning,0.3541484773159027,1
10.1007/978-981-96-3355-5_13,http://h-da.de/ml-ontology/classification,classification,0.3538789749145508,2
10.1007/978-981-96-3942-7_37,http://h-da.de/ml-ontology/recommendation,recommendation,0.46390408277511597,1
10.1007/978-981-96-3949-6_64,http://h-da.de/ml-ontology/action_recognition,action recognition,0.5202642679214478,1
10.1007/978-981-96-4467-4_14,http://h-da.de/ml-ontology/object_detection,object detection,0.46023181080818176,1
10.1007/978-981-96-4898-6_10,http://h-da.de/ml-ontology/regression,regression,0.3643913269042969,1
10.1007/978-981-96-4898-6_10,http://h-da.de/ml-ontology/feature_extraction,feature extraction,0.3613247573375702,2
10.1007/978-981-96-4898-6_10,http://h-da.de/ml-ontology/image_regression,image regression,0.35659781098365784,3
10.1007/978-981-96-4933-4_7,http://h-da.de/ml-ontology/time_series_forecasting,time series forecasting,0.38261720538139343,1
10.1007/978-981-96-5370-6_27,http://h-da.de/ml-ontology/feature_extraction,feature extraction,0.3524978458881378,1
10.1007/978-981-96-5690-5_11,http://h-da.de/ml-ontology/time_series_forecasting,time series forecasting,0.40874260663986206,1
10.1007/978-981-96-5791-9_26,http://h-da.de/ml-ontology/feature_extraction,feature extraction,0.37690216302871704,1
10.1007/978-981-96-5856-5_31,http://h-da.de/ml-ontology/feature_extraction,feature extraction,0.3795027434825897,1
10.1007/978-981-96-5856-5_31,http://h-da.de/ml-ontology/regression,regression,0.36198970675468445,2
10.1007/978-981-96-6066-7_40,http://h-da.de/ml-ontology/time_series_forecasting,time series forecasting,0.4265408217906952,1
10.1007/978-981-96-6066-7_40,http://h-da.de/ml-ontology/regression,regression,0.40444523096084595,2
10.1007/978-981-96-6066-7_40,http://h-da.de/ml-ontology/image_regression,image regression,0.36018896102905273,3
10.1007/978-981-96-6348-4_21,http://h-da.de/ml-ontology/time_series_forecasting,time series forecasting,0.3824501037597656,1
10.1007/978-981-96-6534-1_9,http://h-da.de/ml-ontology/association_rule_learning,association rule learning,0.3585841655731201,1
10.1007/978-981-96-6732-1_27,http://h-da.de/ml-ontology/audio_classification,audio classification,0.3890243172645569,1
10.1007/978-981-96-6732-1_27,http://h-da.de/ml-ontology/time_series_classification,time series classification,0.3767039179801941,2
10.1007/978-981-96-6732-1_27,http://h-da.de/ml-ontology/feature_extraction,feature extraction,0.35343486070632935,3
10.1007/978-981-96-6932-5_39,http://h-da.de/ml-ontology/feature_extraction,feature extraction,0.358323335647583,1
10.1007/978-981-96-7134-2_40,http://h-da.de/ml-ontology/feature_reduction,feature reduction,0.35324180126190186,1
10.1007/978-981-96-8908-8_69,http://h-da.de/ml-ontology/action_recognition,action recognition,0.36728644371032715,1
10.1007/978-981-97-0072-1_6,http://h-da.de/ml-ontology/audio_regression,audio regression,0.35389694571495056,1
10.1007/978-981-97-0169-8_4,http://h-da.de/ml-ontology/text_classification,text classification,0.4607986509799957,1
10.1007/978-981-97-0169-8_4,http://h-da.de/ml-ontology/named_entity_recognition,named entity recognition,0.43902337551116943,2
10.1007/978-981-97-0169-8_4,http://h-da.de/ml-ontology/text_regression,text regression,0.4071754217147827,3
10.1007/978-981-97-0169-8_4,http://h-da.de/ml-ontology/text_analytics,text analytics,0.40045493841171265,4
10.1007/978-981-97-0268-8_25,http://h-da.de/ml-ontology/feature_extraction,feature extraction,0.3976404070854187,1
10.1007/978-981-97-0268-8_25,http://h-da.de/ml-ontology/action_recognition,action recognition,0.35869812965393066,2
10.1007/978-981-97-0272-5_14,http://h-da.de/ml-ontology/feature_extraction,feature extraction,0.3525390028953552,1
10.1007/978-981-97-0272-5_2,http://h-da.de/ml-ontology/feature_extraction,feature extraction,0.38613349199295044,1
10.1007/978-981-97-0483-5_5,http://h-da.de/ml-ontology/feature_extraction,feature extraction,0.3663257956504822,1
10.1007/978-981-97-0573-3_17,http://h-da.de/ml-ontology/classification,classification,0.3713510036468506,1
10.1007/978-981-97-0573-3_17,http://h-da.de/ml-ontology/image_regression,image regression,0.3503665328025818,2
10.1007/978-981-97-1323-3_16,http://h-da.de/ml-ontology/recommendation,recommendation,0.3795551657676697,1
10.1007/978-981-97-1323-3_16,http://h-da.de/ml-ontology/text_regression,text regression,0.3700685203075409,2
10.1007/978-981-97-1682-1_18,http://h-da.de/ml-ontology/classification,classification,0.389639675617218,1
10.1007/978-981-97-2211-2_11,http://h-da.de/ml-ontology/topic_modeling,topic modeling,0.4058178663253784,1
10.1007/978-981-97-2211-2_11,http://h-da.de/ml-ontology/action_recognition,action recognition,0.36267417669296265,2
10.1007/978-981-97-2508-3_36,http://h-da.de/ml-ontology/classification,classification,0.4016278088092804,1
10.1007/978-981-97-2508-3_36,http://h-da.de/ml-ontology/association_rule_learning,association rule learning,0.39102184772491455,2
10.1007/978-981-97-2508-3_36,http://h-da.de/ml-ontology/feature_extraction,feature extraction,0.3722291588783264,3
10.1007/978-981-97-3180-0_33,http://h-da.de/ml-ontology/feature_extraction,feature extraction,0.37101030349731445,1
10.1007/978-981-97-3289-0_49,http://h-da.de/ml-ontology/feature_extraction,feature extraction,0.40920424461364746,1
10.1007/978-981-97-3442-9_46,http://h-da.de/ml-ontology/feature_extraction,feature extraction,0.4512482285499573,1
10.1007/978-981-97-3442-9_46,http://h-da.de/ml-ontology/association_rule_learning,association rule learning,0.44622179865837097,2
10.1007/978-981-97-3442-9_46,http://h-da.de/ml-ontology/feature_reduction,feature reduction,0.4019383192062378,3
10.1007/978-981-97-3442-9_46,http://h-da.de/ml-ontology/feature_selection,feature selection,0.39344239234924316,4
10.1007/978-981-97-3523-5_21,http://h-da.de/ml-ontology/classification,classification,0.3742119073867798,1
10.1007/978-981-97-3523-5_21,http://h-da.de/ml-ontology/image_regression,image regression,0.37303853034973145,2
10.1007/978-981-97-3745-1_15,http://h-da.de/ml-ontology/time_series_forecasting,time series forecasting,0.38551825284957886,1
10.1007/978-981-97-3745-1_15,http://h-da.de/ml-ontology/audio_regression,audio regression,0.36368733644485474,2
10.1007/978-981-97-3745-1_15,http://h-da.de/ml-ontology/regression,regression,0.3566654920578003,3
10.1007/978-981-97-4677-4_16,http://h-da.de/ml-ontology/anomaly_detection,anomaly detection,0.42350518703460693,1
10.1007/978-981-97-4799-3_29,http://h-da.de/ml-ontology/time_series_forecasting,time series forecasting,0.36969059705734253,1
10.1007/978-981-97-5672-8_3,http://h-da.de/ml-ontology/feature_extraction,feature extraction,0.357327401638031,1
10.1007/978-981-97-5799-2_17,http://h-da.de/ml-ontology/feature_extraction,feature extraction,0.35378408432006836,1
10.1007/978-981-97-6802-8_21,http://h-da.de/ml-ontology/time_series_forecasting,time series forecasting,0.44520944356918335,1
10.1007/978-981-97-6802-8_21,http://h-da.de/ml-ontology/recommendation,recommendation,0.35334718227386475,2
10.1007/978-981-97-6934-6_55,http://h-da.de/ml-ontology/image_classification,image classification,0.36232608556747437,1
10.1007/978-981-97-6934-6_55,http://h-da.de/ml-ontology/audio_classification,audio classification,0.3593994975090027,2
10.1007/978-981-97-7001-4_12,http://h-da.de/ml-ontology/time_series_forecasting,time series forecasting,0.3909938335418701,1
10.1007/978-981-97-7178-3_18,http://h-da.de/ml-ontology/association_rule_learning,association rule learning,0.3585659861564636,1
10.1007/978-981-97-7360-2_23,http://h-da.de/ml-ontology/time_series_forecasting,time series forecasting,0.3781970143318176,1
10.1007/978-981-97-7371-8_11,http://h-da.de/ml-ontology/feature_selection,feature selection,0.40620583295822144,1
10.1007/978-981-97-7371-8_11,http://h-da.de/ml-ontology/classification,classification,0.3975553512573242,2
10.1007/978-981-97-7371-8_11,http://h-da.de/ml-ontology/feature_reduction,feature reduction,0.36360469460487366,3
10.1007/978-981-97-7467-8_26,http://h-da.de/ml-ontology/image_regression,image regression,0.3552740812301636,1
10.1007/978-981-97-7846-1_5,http://h-da.de/ml-ontology/time_series_forecasting,time series forecasting,0.37538641691207886,1
10.1007/978-981-97-8031-0_109,http://h-da.de/ml-ontology/audio_classification,audio classification,0.3869023025035858,1
10.1007/978-981-97-8031-0_109,http://h-da.de/ml-ontology/classification,classification,0.38564881682395935,2
10.1007/978-981-97-8031-0_109,http://h-da.de/ml-ontology/text_classification,text classification,0.36844903230667114,3
10.1007/978-981-97-8031-0_109,http://h-da.de/ml-ontology/recommendation,recommendation,0.3546063303947449,4
10.1007/978-981-97-8090-7_9,http://h-da.de/ml-ontology/image_segmentation,image segmentation,0.3563167154788971,1
10.1007/978-981-97-8865-1_10,http://h-da.de/ml-ontology/action_recognition,action recognition,0.38658684492111206,1
10.1007/978-981-99-0252-1_2,http://h-da.de/ml-ontology/anomaly_detection,anomaly detection,0.4163863956928253,1
10.1007/978-981-99-0301-6_32,http://h-da.de/ml-ontology/feature_extraction,feature extraction,0.4688990116119385,1
10.1007/978-981-99-0301-6_32,http://h-da.de/ml-ontology/feature_selection,feature selection,0.3857598900794983,2
10.1007/978-981-99-0301-6_32,http://h-da.de/ml-ontology/feature_reduction,feature reduction,0.36405277252197266,3
10.1007/978-981-99-0301-6_32,http://h-da.de/ml-ontology/image_regression,image regression,0.36379241943359375,4
10.1007/978-981-99-1256-8_29,http://h-da.de/ml-ontology/text_regression,text regression,0.40316855907440186,1
10.1007/978-981-99-1288-9_47,http://h-da.de/ml-ontology/audio_classification,audio classification,0.3654686510562897,1
10.1007/978-981-99-1428-9_52,http://h-da.de/ml-ontology/recommendation,recommendation,0.5057106018066406,1
10.1007/978-981-99-1428-9_52,http://h-da.de/ml-ontology/sentiment_analysis,sentiment analysis,0.48785847425460815,2
10.1007/978-981-99-1428-9_52,http://h-da.de/ml-ontology/text_classification,text classification,0.4146336317062378,3
10.1007/978-981-99-1428-9_52,http://h-da.de/ml-ontology/text_regression,text regression,0.35702818632125854,4
10.1007/978-981-99-2150-8_17,http://h-da.de/ml-ontology/time_series_forecasting,time series forecasting,0.36168336868286133,1
10.1007/978-981-99-2602-2_40,http://h-da.de/ml-ontology/time_series_classification,time series classification,0.4703531861305237,1
10.1007/978-981-99-2602-2_40,http://h-da.de/ml-ontology/time_series_forecasting,time series forecasting,0.409980446100235,2
10.1007/978-981-99-3250-4_23,http://h-da.de/ml-ontology/time_series_classification,time series classification,0.3522089719772339,1
10.1007/978-981-99-5974-7_1,http://h-da.de/ml-ontology/feature_reduction,feature reduction,0.46206754446029663,1
10.1007/978-981-99-5974-7_1,http://h-da.de/ml-ontology/feature_selection,feature selection,0.44244682788848877,2
10.1007/978-981-99-5974-7_1,http://h-da.de/ml-ontology/association_rule_learning,association rule learning,0.40268009901046753,3
10.1007/978-981-99-5974-7_1,http://h-da.de/ml-ontology/feature_extraction,feature extraction,0.3572869598865509,4
10.1007/978-981-99-6062-0_21,http://h-da.de/ml-ontology/time_series_classification,time series classification,0.503950834274292,1
10.1007/978-981-99-6062-0_21,http://h-da.de/ml-ontology/feature_extraction,feature extraction,0.4541406035423279,2
10.1007/978-981-99-6062-0_21,http://h-da.de/ml-ontology/time_series_analysis,time series analysis,0.3968617916107178,3
10.1007/978-981-99-6062-0_21,http://h-da.de/ml-ontology/time_series_forecasting,time series forecasting,0.3883868455886841,4
10.1007/978-981-99-6062-0_21,http://h-da.de/ml-ontology/association_rule_learning,association rule learning,0.3617141842842102,5
10.1007/978-981-99-6062-0_54,http://h-da.de/ml-ontology/feature_extraction,feature extraction,0.3593462109565735,1
10.1007/978-981-99-7383-5_29,http://h-da.de/ml-ontology/time_series_forecasting,time series forecasting,0.40956220030784607,1
10.1007/978-981-99-7383-5_29,http://h-da.de/ml-ontology/image_regression,image regression,0.3708416223526001,2
10.1007/978-981-99-7383-5_29,http://h-da.de/ml-ontology/regression,regression,0.3528028130531311,3
10.1007/978-981-99-8031-4_46,http://h-da.de/ml-ontology/image_regression,image regression,0.4207955598831177,1
10.1007/978-981-99-8031-4_46,http://h-da.de/ml-ontology/regression,regression,0.40034013986587524,2
10.1007/978-981-99-8031-4_46,http://h-da.de/ml-ontology/audio_regression,audio regression,0.39361822605133057,3
10.1007/978-981-99-8031-4_46,http://h-da.de/ml-ontology/text_regression,text regression,0.39032936096191406,4
10.1007/978-981-99-8031-4_46,http://h-da.de/ml-ontology/time_series_forecasting,time series forecasting,0.3798139691352844,5
10.1007/978-981-99-8135-9_18,http://h-da.de/ml-ontology/classification,classification,0.3743440508842468,1
10.1007/978-981-99-8135-9_18,http://h-da.de/ml-ontology/image_regression,image regression,0.357257604598999,2
10.1007/978-981-99-8498-5_7,http://h-da.de/ml-ontology/time_series_classification,time series classification,0.4625898599624634,1
10.1007/978-981-99-8498-5_7,http://h-da.de/ml-ontology/feature_extraction,feature extraction,0.426342248916626,2
10.1007/978-981-99-8498-5_7,http://h-da.de/ml-ontology/time_series_analysis,time series analysis,0.371982216835022,3
10.1007/978-981-99-8498-5_7,http://h-da.de/ml-ontology/classification,classification,0.35560673475265503,4
10.1007/978-981-99-9562-2_6,http://h-da.de/ml-ontology/regression,regression,0.44906002283096313,1
10.1007/978-981-99-9562-2_6,http://h-da.de/ml-ontology/image_regression,image regression,0.44235068559646606,2
10.1007/978-981-99-9562-2_6,http://h-da.de/ml-ontology/video_regression,video regression,0.41163042187690735,3
10.1007/978-981-99-9562-2_6,http://h-da.de/ml-ontology/text_regression,text regression,0.39930081367492676,4
10.1007/978-981-99-9562-2_6,http://h-da.de/ml-ontology/audio_regression,audio regression,0.3874596953392029,5
10.1007/978-981-99-9592-9_20,http://h-da.de/ml-ontology/image_regression,image regression,0.40988045930862427,1
10.1007/978-981-99-9592-9_20,http://h-da.de/ml-ontology/regression,regression,0.3680281639099121,2
10.1007/978-981-99-9592-9_20,http://h-da.de/ml-ontology/tabular_regression,tabular regression,0.3505457639694214,3
10.1007/978-981-99-9833-3_12,http://h-da.de/ml-ontology/time_series_forecasting,time series forecasting,0.4336371421813965,1
10.1007/BF00872093,http://h-da.de/ml-ontology/association_rule_learning,association rule learning,0.4840549826622009,1
10.1007/BF00872093,http://h-da.de/ml-ontology/classification,classification,0.39361971616744995,2
10.1007/BF00872093,http://h-da.de/ml-ontology/audio_classification,audio classification,0.392848402261734,3
10.1007/BF00872093,http://h-da.de/ml-ontology/time_series_classification,time series classification,0.3797507882118225,4
10.1007/BF00872093,http://h-da.de/ml-ontology/tabular_classification,tabular classification,0.3634451627731323,5
10.1007/JHEP04(2022)156,http://h-da.de/ml-ontology/anomaly_detection,anomaly detection,0.36510664224624634,1
10.1007/s00034-025-03081-1,http://h-da.de/ml-ontology/audio_classification,audio classification,0.3524249494075775,1
10.1007/s00107-020-01621-x,http://h-da.de/ml-ontology/image_regression,image regression,0.36687156558036804,1
10.1007/s00107-022-01826-2,http://h-da.de/ml-ontology/image_regression,image regression,0.4300939738750458,1
10.1007/s00107-024-02177-w,http://h-da.de/ml-ontology/image_regression,image regression,0.35574448108673096,1
10.1007/s00138-006-0022-6,http://h-da.de/ml-ontology/object_detection,object detection,0.4626176059246063,1
10.1007/s00138-006-0022-6,http://h-da.de/ml-ontology/image_classification,image classification,0.41395413875579834,2
10.1007/s00138-006-0022-6,http://h-da.de/ml-ontology/video_classification,video classification,0.3740849792957306,3
10.1007/s00170-015-7213-0,http://h-da.de/ml-ontology/object_detection,object detection,0.46644526720046997,1
10.1007/s00170-015-7213-0,http://h-da.de/ml-ontology/feature_extraction,feature extraction,0.35020309686660767,2
10.1007/s00170-016-8418-6,http://h-da.de/ml-ontology/classification,classification,0.4246056377887726,1
10.1007/s00170-016-9693-y,http://h-da.de/ml-ontology/time_series_classification,time series classification,0.3932570815086365,1
10.1007/s00170-016-9693-y,http://h-da.de/ml-ontology/feature_extraction,feature extraction,0.3872241973876953,2
10.1007/s00170-017-1460-1,http://h-da.de/ml-ontology/audio_classification,audio classification,0.3828887939453125,1
10.1007/s00170-018-3022-6,http://h-da.de/ml-ontology/image_classification,image classification,0.3758130371570587,1
10.1007/s00170-019-03794-z,http://h-da.de/ml-ontology/feature_extraction,feature extraction,0.3978826403617859,1
10.1007/s00170-019-03794-z,http://h-da.de/ml-ontology/anomaly_detection,anomaly detection,0.3764324486255646,2
10.1007/s00170-019-04170-7,http://h-da.de/ml-ontology/audio_regression,audio regression,0.3704719841480255,1
10.1007/s00170-019-04170-7,http://h-da.de/ml-ontology/audio_classification,audio classification,0.3700951039791107,2
10.1007/s00170-020-05505-5,http://h-da.de/ml-ontology/feature_extraction,feature extraction,0.3558843731880188,1
10.1007/s00170-020-05695-y,http://h-da.de/ml-ontology/object_detection,object detection,0.3683565855026245,1
10.1007/s00170-020-05995-3,http://h-da.de/ml-ontology/image_classification,image classification,0.37196508049964905,1
10.1007/s00170-020-05995-3,http://h-da.de/ml-ontology/video_classification,video classification,0.3564422130584717,2
10.1007/s00170-020-06165-1,http://h-da.de/ml-ontology/feature_extraction,feature extraction,0.37655943632125854,1
10.1007/s00170-020-06389-1,http://h-da.de/ml-ontology/recommendation,recommendation,0.42333000898361206,1
10.1007/s00170-020-06502-4,http://h-da.de/ml-ontology/classification,classification,0.3642336428165436,1
10.1007/s00170-021-06833-w,http://h-da.de/ml-ontology/feature_extraction,feature extraction,0.3972231149673462,1
10.1007/s00170-021-06833-w,http://h-da.de/ml-ontology/image_regression,image regression,0.3766525685787201,2
10.1007/s00170-021-06833-w,http://h-da.de/ml-ontology/regression,regression,0.3600505590438843,3
10.1007/s00170-021-07305-x,http://h-da.de/ml-ontology/audio_classification,audio classification,0.422627329826355,1
10.1007/s00170-021-07305-x,http://h-da.de/ml-ontology/time_series_classification,time series classification,0.3629169166088104,2
10.1007/s00170-021-08551-9,http://h-da.de/ml-ontology/feature_extraction,feature extraction,0.37149107456207275,1
10.1007/s00170-021-08551-9,http://h-da.de/ml-ontology/audio_classification,audio classification,0.3615831732749939,2
10.1007/s00170-021-08551-9,http://h-da.de/ml-ontology/time_series_classification,time series classification,0.355743408203125,3
10.1007/s00170-022-09591-5,http://h-da.de/ml-ontology/feature_extraction,feature extraction,0.3788846731185913,1
10.1007/s00170-022-09930-6,http://h-da.de/ml-ontology/time_series_classification,time series classification,0.36270830035209656,1
10.1007/s00170-022-10249-5,http://h-da.de/ml-ontology/feature_extraction,feature extraction,0.3504093289375305,1
10.1007/s00170-022-10260-w,http://h-da.de/ml-ontology/feature_extraction,feature extraction,0.35492998361587524,1
10.1007/s00170-023-10918-z,http://h-da.de/ml-ontology/audio_classification,audio classification,0.3885608911514282,1
10.1007/s00170-023-10928-x,http://h-da.de/ml-ontology/clustering,clustering,0.39953815937042236,1
10.1007/s00170-023-10928-x,http://h-da.de/ml-ontology/tabular_clustering,tabular clustering,0.3968443274497986,2
10.1007/s00170-023-11768-5,http://h-da.de/ml-ontology/audio_classification,audio classification,0.35512205958366394,1
10.1007/s00170-023-11906-z,http://h-da.de/ml-ontology/feature_extraction,feature extraction,0.38701385259628296,1
10.1007/s00170-023-11939-4,http://h-da.de/ml-ontology/feature_extraction,feature extraction,0.3626788854598999,1
10.1007/s00170-023-12071-z,http://h-da.de/ml-ontology/feature_extraction,feature extraction,0.38152456283569336,1
10.1007/s00170-023-12071-z,http://h-da.de/ml-ontology/classification,classification,0.35313597321510315,2
10.1007/s00170-023-12329-6,http://h-da.de/ml-ontology/feature_extraction,feature extraction,0.3869067132472992,1
10.1007/s00170-023-12798-9,http://h-da.de/ml-ontology/anomaly_detection,anomaly detection,0.47736215591430664,1
10.1007/s00170-024-13124-7,http://h-da.de/ml-ontology/anomaly_detection,anomaly detection,0.3969792127609253,1
10.1007/s00170-024-13165-y,http://h-da.de/ml-ontology/image_regression,image regression,0.3918296694755554,1
10.1007/s00170-024-13543-6,http://h-da.de/ml-ontology/image_regression,image regression,0.38206183910369873,1
10.1007/s00170-024-13590-z,http://h-da.de/ml-ontology/feature_extraction,feature extraction,0.386517196893692,1
10.1007/s00170-024-13590-z,http://h-da.de/ml-ontology/audio_classification,audio classification,0.3588881492614746,2
10.1007/s00170-024-14000-0,http://h-da.de/ml-ontology/feature_extraction,feature extraction,0.3600892424583435,1
10.1007/s00170-024-14044-2,http://h-da.de/ml-ontology/image_regression,image regression,0.35777711868286133,1
10.1007/s00170-024-14322-z,http://h-da.de/ml-ontology/time_series_forecasting,time series forecasting,0.356362909078598,1
10.1007/s00170-024-14470-2,http://h-da.de/ml-ontology/feature_extraction,feature extraction,0.3788982629776001,1
10.1007/s00170-024-14477-9,http://h-da.de/ml-ontology/feature_extraction,feature extraction,0.35215210914611816,1
10.1007/s00170-024-14500-z,http://h-da.de/ml-ontology/feature_extraction,feature extraction,0.37403103709220886,1
10.1007/s00170-024-14505-8,http://h-da.de/ml-ontology/time_series_forecasting,time series forecasting,0.4847775399684906,1
10.1007/s00170-024-14868-y,http://h-da.de/ml-ontology/feature_extraction,feature extraction,0.37805622816085815,1
10.1007/s00170-025-15416-y,http://h-da.de/ml-ontology/feature_extraction,feature extraction,0.3564431071281433,1
10.1007/s00170-025-15472-4,http://h-da.de/ml-ontology/feature_extraction,feature extraction,0.3531934916973114,1
10.1007/s00170-025-15473-3,http://h-da.de/ml-ontology/anomaly_detection,anomaly detection,0.4192752242088318,1
10.1007/s00170-025-15534-7,http://h-da.de/ml-ontology/feature_extraction,feature extraction,0.3821359872817993,1
10.1007/s00170-025-15611-x,http://h-da.de/ml-ontology/feature_extraction,feature extraction,0.3855319023132324,1
10.1007/s00170-025-15616-6,http://h-da.de/ml-ontology/image_classification,image classification,0.3732982277870178,1
10.1007/s00170-025-15746-x,http://h-da.de/ml-ontology/feature_extraction,feature extraction,0.4011768698692322,1
10.1007/s00170-025-15786-3,http://h-da.de/ml-ontology/feature_extraction,feature extraction,0.3873986601829529,1
10.1007/s00170-025-15788-1,http://h-da.de/ml-ontology/feature_extraction,feature extraction,0.40022769570350647,1
10.1007/s00170-025-16491-x,http://h-da.de/ml-ontology/audio_classification,audio classification,0.36237600445747375,1
10.1007/s00170-025-16491-x,http://h-da.de/ml-ontology/feature_extraction,feature extraction,0.3551439046859741,2
10.1007/s00170-025-16572-x,http://h-da.de/ml-ontology/feature_extraction,feature extraction,0.3501622676849365,1
10.1007/s00202-025-03277-3,http://h-da.de/ml-ontology/time_series_forecasting,time series forecasting,0.40740156173706055,1
10.1007/s00216-020-02687-5,http://h-da.de/ml-ontology/feature_extraction,feature extraction,0.36861652135849,1
10.1007/s00217-023-04436-1,http://h-da.de/ml-ontology/image_classification,image classification,0.4525274336338043,1
10.1007/s00217-023-04436-1,http://h-da.de/ml-ontology/video_classification,video classification,0.395354300737381,2
10.1007/s00371-023-02811-3,http://h-da.de/ml-ontology/object_detection,object detection,0.39343246817588806,1
10.1007/s00371-023-02811-3,http://h-da.de/ml-ontology/image_classification,image classification,0.3569047749042511,2
10.1007/s00432-023-05238-4,http://h-da.de/ml-ontology/association_rule_learning,association rule learning,0.3713662028312683,1
10.1007/s00432-023-05238-4,http://h-da.de/ml-ontology/feature_selection,feature selection,0.35808825492858887,2
10.1007/s00449-021-02529-3,http://h-da.de/ml-ontology/feature_extraction,feature extraction,0.35493218898773193,1
10.1007/s00477-021-02075-0,http://h-da.de/ml-ontology/time_series_forecasting,time series forecasting,0.37569355964660645,1
10.1007/s00500-020-05348-y,http://h-da.de/ml-ontology/regression,regression,0.35731041431427,1
10.1007/s00500-022-06955-7,http://h-da.de/ml-ontology/time_series_classification,time series classification,0.3856470584869385,1
10.1007/s00500-022-06955-7,http://h-da.de/ml-ontology/time_series_analysis,time series analysis,0.35063406825065613,2
10.1007/s00500-023-08993-1,http://h-da.de/ml-ontology/time_series_classification,time series classification,0.37862294912338257,1
10.1007/s00500-023-08993-1,http://h-da.de/ml-ontology/feature_extraction,feature extraction,0.36562931537628174,2
10.1007/s00500-023-09047-2,http://h-da.de/ml-ontology/feature_extraction,feature extraction,0.37093448638916016,1
10.1007/s00521-022-06956-5,http://h-da.de/ml-ontology/tabular_clustering,tabular clustering,0.3520932197570801,1
10.1007/s00521-022-06962-7,http://h-da.de/ml-ontology/feature_extraction,feature extraction,0.4239083528518677,1
10.1007/s00521-022-06962-7,http://h-da.de/ml-ontology/time_series_analysis,time series analysis,0.36369264125823975,2
10.1007/s00521-022-07465-1,http://h-da.de/ml-ontology/classification,classification,0.36244627833366394,1
10.1007/s00521-022-07465-1,http://h-da.de/ml-ontology/feature_extraction,feature extraction,0.3602482080459595,2
10.1007/s00521-022-07901-2,http://h-da.de/ml-ontology/anomaly_detection,anomaly detection,0.4110912084579468,1
10.1007/s00521-022-07901-2,http://h-da.de/ml-ontology/time_series_analysis,time series analysis,0.3632833957672119,2
10.1007/s00521-023-08257-x,http://h-da.de/ml-ontology/feature_extraction,feature extraction,0.35295552015304565,1
10.1007/s00521-024-10605-4,http://h-da.de/ml-ontology/feature_extraction,feature extraction,0.35109859704971313,1
10.1007/s00521-024-10618-z,http://h-da.de/ml-ontology/time_series_forecasting,time series forecasting,0.391305536031723,1
10.1007/s00521-024-10750-w,http://h-da.de/ml-ontology/image_classification,image classification,0.3611776828765869,1
10.1007/s00521-025-11194-6,http://h-da.de/ml-ontology/sentiment_analysis,sentiment analysis,0.5051720142364502,1
10.1007/s00521-025-11194-6,http://h-da.de/ml-ontology/text_classification,text classification,0.4173315167427063,2
10.1007/s00521-025-11194-6,http://h-da.de/ml-ontology/text_regression,text regression,0.35612115263938904,3
10.1007/s00521-025-11318-y,http://h-da.de/ml-ontology/time_series_forecasting,time series forecasting,0.4190165400505066,1
10.1007/s00521-025-11318-y,http://h-da.de/ml-ontology/time_series_classification,time series classification,0.3613851070404053,2
10.1007/s00521-025-11318-y,http://h-da.de/ml-ontology/anomaly_detection,anomaly detection,0.36048680543899536,3
10.1007/s00521-025-11453-6,http://h-da.de/ml-ontology/image_regression,image regression,0.4134547710418701,1
10.1007/s00521-025-11453-6,http://h-da.de/ml-ontology/video_regression,video regression,0.37108588218688965,2
10.1007/s00521-025-11453-6,http://h-da.de/ml-ontology/feature_extraction,feature extraction,0.3572208881378174,3
10.1007/s00607-021-00941-x,http://h-da.de/ml-ontology/anomaly_detection,anomaly detection,0.44236207008361816,1
10.1007/s10009-025-00806-0,http://h-da.de/ml-ontology/audio_regression,audio regression,0.3542180061340332,1
10.1007/s10044-018-0748-6,http://h-da.de/ml-ontology/feature_extraction,feature extraction,0.37997645139694214,1
10.1007/s10044-018-0748-6,http://h-da.de/ml-ontology/time_series_classification,time series classification,0.3644846975803375,2
10.1007/s10064-024-03896-3,http://h-da.de/ml-ontology/audio_regression,audio regression,0.3615607023239136,1
10.1007/s10098-022-02321-1,http://h-da.de/ml-ontology/image_regression,image regression,0.35267993807792664,1
10.1007/s10098-023-02584-2,http://h-da.de/ml-ontology/regression,regression,0.36743253469467163,1
10.1007/s10257-019-00438-3,http://h-da.de/ml-ontology/sentiment_analysis,sentiment analysis,0.4183397889137268,1
10.1007/s10257-019-00438-3,http://h-da.de/ml-ontology/text_regression,text regression,0.37415844202041626,2
10.1007/s10257-019-00438-3,http://h-da.de/ml-ontology/text_classification,text classification,0.3675360679626465,3
10.1007/s10257-019-00438-3,http://h-da.de/ml-ontology/recommendation,recommendation,0.35701167583465576,4
10.1007/s10287-023-00448-0,http://h-da.de/ml-ontology/time_series_forecasting,time series forecasting,0.4526795744895935,1
10.1007/s10287-023-00448-0,http://h-da.de/ml-ontology/time_series_classification,time series classification,0.3774152398109436,2
10.1007/s10287-023-00448-0,http://h-da.de/ml-ontology/regression,regression,0.3699176013469696,3
10.1007/s10287-023-00448-0,http://h-da.de/ml-ontology/feature_extraction,feature extraction,0.3530631363391876,4
10.1007/s10341-025-01639-6,http://h-da.de/ml-ontology/time_series_forecasting,time series forecasting,0.4166250228881836,1
10.1007/s10341-025-01639-6,http://h-da.de/ml-ontology/regression,regression,0.35833388566970825,2
10.1007/s10462-022-10246-w,http://h-da.de/ml-ontology/action_recognition,action recognition,0.3605978488922119,1
10.1007/s10462-022-10246-w,http://h-da.de/ml-ontology/feature_extraction,feature extraction,0.3571954369544983,2
10.1007/s10462-022-10323-0,http://h-da.de/ml-ontology/time_series_forecasting,time series forecasting,0.3992044925689697,1
10.1007/s10479-023-05336-z,http://h-da.de/ml-ontology/sentiment_analysis,sentiment analysis,0.5185015797615051,1
10.1007/s10479-023-05336-z,http://h-da.de/ml-ontology/text_classification,text classification,0.4874558448791504,2
10.1007/s10479-023-05336-z,http://h-da.de/ml-ontology/recommendation,recommendation,0.4748070240020752,3
10.1007/s10479-023-05336-z,http://h-da.de/ml-ontology/text_regression,text regression,0.45487460494041443,4
10.1007/s10479-023-05336-z,http://h-da.de/ml-ontology/topic_modeling,topic modeling,0.4311324954032898,5
10.1007/s10489-009-0203-x,http://h-da.de/ml-ontology/regression,regression,0.36047255992889404,1
10.1007/s10489-016-0829-4,http://h-da.de/ml-ontology/feature_extraction,feature extraction,0.3763888478279114,1
10.1007/s10489-016-0829-4,http://h-da.de/ml-ontology/regression,regression,0.35256457328796387,2
10.1007/s10489-016-0829-4,http://h-da.de/ml-ontology/time_series_classification,time series classification,0.35214394330978394,3
10.1007/s10489-023-05092-4,http://h-da.de/ml-ontology/time_series_forecasting,time series forecasting,0.3518182039260864,1
10.1007/s10489-023-05121-2,http://h-da.de/ml-ontology/feature_extraction,feature extraction,0.37374502420425415,1
10.1007/s10489-023-05121-2,http://h-da.de/ml-ontology/image_regression,image regression,0.3501725196838379,2
10.1007/s10489-024-05273-9,http://h-da.de/ml-ontology/time_series_forecasting,time series forecasting,0.41093435883522034,1
10.1007/s10489-025-06431-3,http://h-da.de/ml-ontology/link_prediction,link prediction,0.532562255859375,1
10.1007/s10489-025-06431-3,http://h-da.de/ml-ontology/recommendation,recommendation,0.3997061252593994,2
10.1007/s10489-025-06431-3,http://h-da.de/ml-ontology/association_rule_learning,association rule learning,0.35689958930015564,3
10.1007/s10489-025-06603-1,http://h-da.de/ml-ontology/anomaly_detection,anomaly detection,0.53212571144104,1
10.1007/s10579-025-09870-z,http://h-da.de/ml-ontology/sentiment_analysis,sentiment analysis,0.42079153656959534,1
10.1007/s10579-025-09870-z,http://h-da.de/ml-ontology/text_classification,text classification,0.35655534267425537,2
10.1007/s10586-025-05349-2,http://h-da.de/ml-ontology/recommendation,recommendation,0.36798739433288574,1
10.1007/s10618-024-01041-y,http://h-da.de/ml-ontology/feature_extraction,feature extraction,0.4043986201286316,1
10.1007/s10658-023-02791-z,http://h-da.de/ml-ontology/image_classification,image classification,0.48821741342544556,1
10.1007/s10658-023-02791-z,http://h-da.de/ml-ontology/video_classification,video classification,0.4069187045097351,2
10.1007/s10658-023-02791-z,http://h-da.de/ml-ontology/classification,classification,0.3512045741081238,3
10.1007/s10661-023-11463-8,http://h-da.de/ml-ontology/feature_extraction,feature extraction,0.35899192094802856,1
10.1007/s10661-024-12388-6,http://h-da.de/ml-ontology/time_series_forecasting,time series forecasting,0.4236682951450348,1
10.1007/s10668-025-06762-8,http://h-da.de/ml-ontology/time_series_forecasting,time series forecasting,0.37039661407470703,1
10.1007/s10723-024-09764-4,http://h-da.de/ml-ontology/anomaly_detection,anomaly detection,0.3573155999183655,1
10.1007/s10772-010-9077-x,http://h-da.de/ml-ontology/audio_regression,audio regression,0.44966304302215576,1
10.1007/s10772-010-9077-x,http://h-da.de/ml-ontology/audio_classification,audio classification,0.4294734597206116,2
10.1007/s10845-011-0577-6,http://h-da.de/ml-ontology/image_regression,image regression,0.37957727909088135,1
10.1007/s10845-011-0577-6,http://h-da.de/ml-ontology/regression,regression,0.37036287784576416,2
10.1007/s10845-011-0577-6,http://h-da.de/ml-ontology/time_series_forecasting,time series forecasting,0.3652869760990143,3
10.1007/s10845-013-0847-6,http://h-da.de/ml-ontology/time_series_classification,time series classification,0.3795487880706787,1
10.1007/s10845-013-0847-6,http://h-da.de/ml-ontology/time_series_analysis,time series analysis,0.3581019341945648,2
10.1007/s10845-013-0847-6,http://h-da.de/ml-ontology/feature_extraction,feature extraction,0.35517051815986633,3
10.1007/s10845-014-0920-9,http://h-da.de/ml-ontology/feature_extraction,feature extraction,0.3630874752998352,1
10.1007/s10845-016-1244-8,http://h-da.de/ml-ontology/time_series_classification,time series classification,0.3553401827812195,1
10.1007/s10845-018-01462-9,http://h-da.de/ml-ontology/feature_extraction,feature extraction,0.35927990078926086,1
10.1007/s10845-019-01508-6,http://h-da.de/ml-ontology/image_classification,image classification,0.41976654529571533,1
10.1007/s10845-020-01567-0,http://h-da.de/ml-ontology/feature_extraction,feature extraction,0.37121444940567017,1
10.1007/s10845-020-01567-0,http://h-da.de/ml-ontology/image_regression,image regression,0.3688582181930542,2
10.1007/s10845-021-01749-4,http://h-da.de/ml-ontology/sentence_similarity,sentence similarity,0.4769708514213562,1
10.1007/s10845-021-01807-x,http://h-da.de/ml-ontology/named_entity_recognition,named entity recognition,0.5991491079330444,1
10.1007/s10845-021-01807-x,http://h-da.de/ml-ontology/text_analytics,text analytics,0.4145919680595398,2
10.1007/s10845-021-01807-x,http://h-da.de/ml-ontology/topic_modeling,topic modeling,0.4038967490196228,3
10.1007/s10845-021-01807-x,http://h-da.de/ml-ontology/text_classification,text classification,0.36491692066192627,4
10.1007/s10845-021-01892-y,http://h-da.de/ml-ontology/feature_extraction,feature extraction,0.4289584159851074,1
10.1007/s10845-022-01973-6,http://h-da.de/ml-ontology/feature_extraction,feature extraction,0.3970317840576172,1
10.1007/s10845-023-02118-z,http://h-da.de/ml-ontology/anomaly_detection,anomaly detection,0.3940536379814148,1
10.1007/s10845-023-02175-4,http://h-da.de/ml-ontology/feature_extraction,feature extraction,0.37082576751708984,1
10.1007/s10845-023-02245-7,http://h-da.de/ml-ontology/association_rule_learning,association rule learning,0.4359712600708008,1
10.1007/s10845-023-02245-7,http://h-da.de/ml-ontology/text_classification,text classification,0.3999786376953125,2
10.1007/s10845-023-02245-7,http://h-da.de/ml-ontology/named_entity_recognition,named entity recognition,0.39741700887680054,3
10.1007/s10845-023-02245-7,http://h-da.de/ml-ontology/topic_modeling,topic modeling,0.39512714743614197,4
10.1007/s10845-023-02245-7,http://h-da.de/ml-ontology/text_regression,text regression,0.3681427836418152,5
10.1007/s10845-023-02266-2,http://h-da.de/ml-ontology/feature_extraction,feature extraction,0.3719010353088379,1
10.1007/s10845-023-02281-3,http://h-da.de/ml-ontology/feature_extraction,feature extraction,0.39240342378616333,1
10.1007/s10845-024-02357-8,http://h-da.de/ml-ontology/feature_extraction,feature extraction,0.3630032539367676,1
10.1007/s10845-024-02442-y,http://h-da.de/ml-ontology/time_series_forecasting,time series forecasting,0.4129350781440735,1
10.1007/s10845-024-02507-y,http://h-da.de/ml-ontology/anomaly_detection,anomaly detection,0.37643852829933167,1
10.1007/s10845-024-02534-9,http://h-da.de/ml-ontology/time_series_forecasting,time series forecasting,0.45205652713775635,1
10.1007/s10845-024-02534-9,http://h-da.de/ml-ontology/time_series_classification,time series classification,0.36884939670562744,2
10.1007/s10845-024-02534-9,http://h-da.de/ml-ontology/association_rule_learning,association rule learning,0.36477282643318176,3
10.1007/s10845-024-02534-9,http://h-da.de/ml-ontology/time_series_analysis,time series analysis,0.3613104224205017,4
10.1007/s10845-025-02594-5,http://h-da.de/ml-ontology/feature_extraction,feature extraction,0.39839598536491394,1
10.1007/s10845-025-02617-1,http://h-da.de/ml-ontology/time_series_classification,time series classification,0.35171955823898315,1
10.1007/s10845-025-02618-0,http://h-da.de/ml-ontology/feature_extraction,feature extraction,0.3626090884208679,1
10.1007/s10845-025-02647-9,http://h-da.de/ml-ontology/feature_extraction,feature extraction,0.36281728744506836,1
10.1007/s10846-024-02132-0,http://h-da.de/ml-ontology/object_detection,object detection,0.40612512826919556,1
10.1007/s10994-022-06129-4,http://h-da.de/ml-ontology/anomaly_detection,anomaly detection,0.5065616965293884,1
10.1007/s10994-022-06129-4,http://h-da.de/ml-ontology/time_series_analysis,time series analysis,0.4110274016857147,2
10.1007/s10994-022-06129-4,http://h-da.de/ml-ontology/time_series_classification,time series classification,0.38148438930511475,3
10.1007/s11012-024-01754-w,http://h-da.de/ml-ontology/audio_classification,audio classification,0.40266236662864685,1
10.1007/s11012-024-01754-w,http://h-da.de/ml-ontology/feature_extraction,feature extraction,0.37901070713996887,2
10.1007/s11036-020-01530-6,http://h-da.de/ml-ontology/feature_extraction,feature extraction,0.48235100507736206,1
10.1007/s11036-020-01530-6,http://h-da.de/ml-ontology/feature_reduction,feature reduction,0.3901500999927521,2
10.1007/s11042-023-14530-x,http://h-da.de/ml-ontology/classification,classification,0.3939601182937622,1
10.1007/s11042-023-14530-x,http://h-da.de/ml-ontology/recommendation,recommendation,0.3607529103755951,2
10.1007/s11042-023-14530-x,http://h-da.de/ml-ontology/image_classification,image classification,0.35635989904403687,3
10.1007/s11042-023-16247-3,http://h-da.de/ml-ontology/image_classification,image classification,0.37719032168388367,1
10.1007/s11042-023-16475-7,http://h-da.de/ml-ontology/image_classification,image classification,0.36028599739074707,1
10.1007/s11042-024-18214-y,http://h-da.de/ml-ontology/image_classification,image classification,0.3671863377094269,1
10.1007/s11053-020-09675-7,http://h-da.de/ml-ontology/feature_extraction,feature extraction,0.37256550788879395,1
10.1007/s11053-022-10028-9,http://h-da.de/ml-ontology/regression,regression,0.3673071265220642,1
10.1007/s11053-022-10028-9,http://h-da.de/ml-ontology/image_regression,image regression,0.35584932565689087,2
10.1007/s11081-021-09608-0,http://h-da.de/ml-ontology/feature_extraction,feature extraction,0.36018574237823486,1
10.1007/s11119-022-09947-7,http://h-da.de/ml-ontology/feature_extraction,feature extraction,0.37255859375,1
10.1007/s11135-025-02309-1,http://h-da.de/ml-ontology/regression,regression,0.4039190411567688,1
10.1007/s11135-025-02309-1,http://h-da.de/ml-ontology/classification,classification,0.3750983774662018,2
10.1007/s11135-025-02309-1,http://h-da.de/ml-ontology/tabular_regression,tabular regression,0.35681477189064026,3
10.1007/s11159-023-10061-7,http://h-da.de/ml-ontology/text_classification,text classification,0.4664900600910187,1
10.1007/s11159-023-10061-7,http://h-da.de/ml-ontology/text_regression,text regression,0.4204692840576172,2
10.1007/s11187-019-00218-w,http://h-da.de/ml-ontology/text_regression,text regression,0.3503647446632385,1
10.1007/s11227-022-04498-0,http://h-da.de/ml-ontology/feature_extraction,feature extraction,0.35892602801322937,1
10.1007/s11270-006-9113-2,http://h-da.de/ml-ontology/feature_extraction,feature extraction,0.3607802987098694,1
10.1007/s11277-024-11043-0,http://h-da.de/ml-ontology/action_recognition,action recognition,0.3656430244445801,1
10.1007/s11340-022-00850-w,http://h-da.de/ml-ontology/image_classification,image classification,0.3642505407333374,1
10.1007/s11517-022-02558-4,http://h-da.de/ml-ontology/link_prediction,link prediction,0.37124791741371155,1
10.1007/s11540-023-09683-z,http://h-da.de/ml-ontology/time_series_forecasting,time series forecasting,0.4029327630996704,1
10.1007/s11540-024-09728-x,http://h-da.de/ml-ontology/time_series_forecasting,time series forecasting,0.4039355218410492,1
10.1007/s11548-024-03226-8,http://h-da.de/ml-ontology/feature_extraction,feature extraction,0.3603285253047943,1
10.1007/s11661-021-06279-5,http://h-da.de/ml-ontology/feature_extraction,feature extraction,0.39642131328582764,1
10.1007/s11661-021-06279-5,http://h-da.de/ml-ontology/association_rule_learning,association rule learning,0.3927474915981293,2
10.1007/s11661-021-06279-5,http://h-da.de/ml-ontology/feature_reduction,feature reduction,0.36394795775413513,3
10.1007/s11663-024-03031-3,http://h-da.de/ml-ontology/regression,regression,0.36425089836120605,1
10.1007/s11663-024-03031-3,http://h-da.de/ml-ontology/image_regression,image regression,0.35039961338043213,2
10.1007/s11663-025-03674-w,http://h-da.de/ml-ontology/feature_extraction,feature extraction,0.3706589639186859,1
10.1007/s11664-024-11115-8,http://h-da.de/ml-ontology/audio_classification,audio classification,0.37271231412887573,1
10.1007/s11664-024-11115-8,http://h-da.de/ml-ontology/classification,classification,0.3670077621936798,2
10.1007/s11664-024-11115-8,http://h-da.de/ml-ontology/image_classification,image classification,0.35146188735961914,3
10.1007/s11665-020-05345-0,http://h-da.de/ml-ontology/feature_extraction,feature extraction,0.3587784171104431,1
10.1007/s11665-023-08555-4,http://h-da.de/ml-ontology/regression,regression,0.35036149621009827,1
10.1007/s11668-023-01765-x,http://h-da.de/ml-ontology/feature_extraction,feature extraction,0.4077005684375763,1
10.1007/s11668-023-01765-x,http://h-da.de/ml-ontology/audio_classification,audio classification,0.35425063967704773,2
10.1007/s11668-025-02232-5,http://h-da.de/ml-ontology/audio_classification,audio classification,0.3676828145980835,1
10.1007/s11676-023-01655-w,http://h-da.de/ml-ontology/audio_regression,audio regression,0.4377214312553406,1
10.1007/s11676-023-01655-w,http://h-da.de/ml-ontology/audio_classification,audio classification,0.36689335107803345,2
10.1007/s11740-021-01086-8,http://h-da.de/ml-ontology/feature_extraction,feature extraction,0.35316869616508484,1
10.1007/s11740-022-01120-3,http://h-da.de/ml-ontology/time_series_classification,time series classification,0.4459626078605652,1
10.1007/s11740-022-01120-3,http://h-da.de/ml-ontology/anomaly_detection,anomaly detection,0.4397818446159363,2
10.1007/s11740-022-01120-3,http://h-da.de/ml-ontology/time_series_analysis,time series analysis,0.3963466286659241,3
10.1007/s11740-022-01179-y,http://h-da.de/ml-ontology/feature_extraction,feature extraction,0.3874925971031189,1
10.1007/s11760-022-02472-0,http://h-da.de/ml-ontology/object_detection,object detection,0.3708144426345825,1
10.1007/s12008-023-01448-9,http://h-da.de/ml-ontology/feature_extraction,feature extraction,0.3657596707344055,1
10.1007/s12008-024-01963-3,http://h-da.de/ml-ontology/feature_extraction,feature extraction,0.3851223886013031,1
10.1007/s12008-024-01963-3,http://h-da.de/ml-ontology/audio_regression,audio regression,0.3646388053894043,2
10.1007/s12008-024-01999-5,http://h-da.de/ml-ontology/association_rule_learning,association rule learning,0.36154699325561523,1
10.1007/s12008-024-01999-5,http://h-da.de/ml-ontology/tabular_classification,tabular classification,0.36132487654685974,2
10.1007/s12008-024-01999-5,http://h-da.de/ml-ontology/classification,classification,0.35140591859817505,3
10.1007/s12008-025-02310-w,http://h-da.de/ml-ontology/feature_extraction,feature extraction,0.369985967874527,1
10.1007/s12008-025-02387-3,http://h-da.de/ml-ontology/feature_extraction,feature extraction,0.35081014037132263,1
10.1007/s12046-023-02283-0,http://h-da.de/ml-ontology/feature_extraction,feature extraction,0.36842530965805054,1
10.1007/s12046-025-02833-8,http://h-da.de/ml-ontology/time_series_forecasting,time series forecasting,0.39142176508903503,1
10.1007/s12065-022-00736-9,http://h-da.de/ml-ontology/feature_extraction,feature extraction,0.40166938304901123,1
10.1007/s12065-022-00736-9,http://h-da.de/ml-ontology/image_regression,image regression,0.3731483221054077,2
10.1007/s12083-025-01975-0,http://h-da.de/ml-ontology/recommendation,recommendation,0.3518790304660797,1
10.1007/s12145-024-01563-5,http://h-da.de/ml-ontology/feature_extraction,feature extraction,0.36821770668029785,1
10.1007/s12205-018-1301-2,http://h-da.de/ml-ontology/feature_extraction,feature extraction,0.3615928888320923,1
10.1007/s12205-024-2062-8,http://h-da.de/ml-ontology/image_classification,image classification,0.3848192095756531,1
10.1007/s12206-021-0140-0,http://h-da.de/ml-ontology/time_series_forecasting,time series forecasting,0.37396442890167236,1
10.1007/s12206-021-1105-z,http://h-da.de/ml-ontology/anomaly_detection,anomaly detection,0.3669930100440979,1
10.1007/s12247-025-10028-1,http://h-da.de/ml-ontology/feature_extraction,feature extraction,0.35366344451904297,1
10.1007/s12355-025-01639-6,http://h-da.de/ml-ontology/time_series_forecasting,time series forecasting,0.3911818265914917,1
10.1007/s12561-016-9185-5,http://h-da.de/ml-ontology/image_classification,image classification,0.43264520168304443,1
10.1007/s12561-016-9185-5,http://h-da.de/ml-ontology/image_regression,image regression,0.3625916838645935,2
10.1007/s12561-016-9185-5,http://h-da.de/ml-ontology/time_series_classification,time series classification,0.35373973846435547,3
10.1007/s12561-016-9185-5,http://h-da.de/ml-ontology/video_classification,video classification,0.35358771681785583,4
10.1007/s12599-019-00596-1,http://h-da.de/ml-ontology/feature_extraction,feature extraction,0.37779998779296875,1
10.1007/s12647-023-00663-9,http://h-da.de/ml-ontology/feature_extraction,feature extraction,0.36940062046051025,1
10.1007/s12652-019-01640-4,http://h-da.de/ml-ontology/image_classification,image classification,0.40463709831237793,1
10.1007/s12666-022-02671-w,http://h-da.de/ml-ontology/feature_extraction,feature extraction,0.35060471296310425,1
10.1007/s12666-025-03560-8,http://h-da.de/ml-ontology/image_regression,image regression,0.35042309761047363,1
10.1007/s13197-024-06128-4,http://h-da.de/ml-ontology/feature_extraction,feature extraction,0.35095643997192383,1
10.1007/s13197-025-06384-y,http://h-da.de/ml-ontology/image_classification,image classification,0.38695499300956726,1
10.1007/s13198-021-01205-9,http://h-da.de/ml-ontology/action_recognition,action recognition,0.3853970766067505,1
10.1007/s13198-021-01205-9,http://h-da.de/ml-ontology/feature_extraction,feature extraction,0.35181963443756104,2
10.1007/s13198-022-01835-7,http://h-da.de/ml-ontology/classification,classification,0.41092947125434875,1
10.1007/s13198-022-01835-7,http://h-da.de/ml-ontology/time_series_classification,time series classification,0.3552584648132324,2
10.1007/s13198-024-02538-x,http://h-da.de/ml-ontology/audio_classification,audio classification,0.40952932834625244,1
10.1007/s13202-023-01710-6,http://h-da.de/ml-ontology/anomaly_detection,anomaly detection,0.37689995765686035,1
10.1007/s13202-023-01710-6,http://h-da.de/ml-ontology/feature_extraction,feature extraction,0.3565540909767151,2
10.1007/s13202-024-01908-2,http://h-da.de/ml-ontology/feature_extraction,feature extraction,0.42807134985923767,1
10.1007/s13278-023-01059-y,http://h-da.de/ml-ontology/text_regression,text regression,0.3662928342819214,1
10.1007/s13278-023-01059-y,http://h-da.de/ml-ontology/text_classification,text classification,0.36238527297973633,2
10.1007/s13278-023-01059-y,http://h-da.de/ml-ontology/sentiment_analysis,sentiment analysis,0.3522251546382904,3
10.1007/s13278-025-01508-w,http://h-da.de/ml-ontology/sentiment_analysis,sentiment analysis,0.43637949228286743,1
10.1007/s13278-025-01508-w,http://h-da.de/ml-ontology/text_classification,text classification,0.3544428050518036,2
10.1007/s13369-024-08924-8,http://h-da.de/ml-ontology/audio_classification,audio classification,0.3541718125343323,1
10.1007/s13369-024-08924-8,http://h-da.de/ml-ontology/feature_extraction,feature extraction,0.352448433637619,2
10.1007/s13563-025-00544-4,http://h-da.de/ml-ontology/time_series_forecasting,time series forecasting,0.3671308159828186,1
10.1007/s13748-020-00221-3,http://h-da.de/ml-ontology/sentiment_analysis,sentiment analysis,0.574130117893219,1
10.1007/s13748-020-00221-3,http://h-da.de/ml-ontology/text_classification,text classification,0.4638955593109131,2
10.1007/s13748-020-00221-3,http://h-da.de/ml-ontology/recommendation,recommendation,0.3777013421058655,3
10.1007/s13748-020-00221-3,http://h-da.de/ml-ontology/classification,classification,0.35237032175064087,4
10.1007/s13748-025-00393-w,http://h-da.de/ml-ontology/time_series_forecasting,time series forecasting,0.3514314889907837,1
10.1007/s13762-023-05209-9,http://h-da.de/ml-ontology/image_classification,image classification,0.3683813810348511,1
10.1007/s40003-024-00730-w,http://h-da.de/ml-ontology/feature_extraction,feature extraction,0.357332319021225,1
10.1007/s40005-023-00625-y,http://h-da.de/ml-ontology/feature_extraction,feature extraction,0.36566421389579773,1
10.1007/s40194-023-01519-1,http://h-da.de/ml-ontology/feature_extraction,feature extraction,0.3737034201622009,1
10.1007/s40313-020-00604-w,http://h-da.de/ml-ontology/feature_extraction,feature extraction,0.37056630849838257,1
10.1007/s40430-023-04674-0,http://h-da.de/ml-ontology/feature_extraction,feature extraction,0.3681424856185913,1
10.1007/s40436-021-00345-2,http://h-da.de/ml-ontology/feature_extraction,feature extraction,0.36998969316482544,1
10.1007/s40436-025-00560-1,http://h-da.de/ml-ontology/feature_extraction,feature extraction,0.41606584191322327,1
10.1007/s40436-025-00560-1,http://h-da.de/ml-ontology/regression,regression,0.3532184064388275,2
10.1007/s40684-016-0039-x,http://h-da.de/ml-ontology/object_detection,object detection,0.36785608530044556,1
10.1007/s40745-025-00638-4,http://h-da.de/ml-ontology/image_regression,image regression,0.356242835521698,1
10.1007/s40747-022-00787-6,http://h-da.de/ml-ontology/feature_extraction,feature extraction,0.3645012080669403,1
10.1007/s40789-021-00423-7,http://h-da.de/ml-ontology/feature_extraction,feature extraction,0.3662703037261963,1
10.1007/s40808-023-01837-9,http://h-da.de/ml-ontology/image_regression,image regression,0.35282814502716064,1
10.1007/s40808-023-01850-y,http://h-da.de/ml-ontology/classification,classification,0.35040390491485596,1
10.1007/s40831-025-01094-3,http://h-da.de/ml-ontology/feature_extraction,feature extraction,0.3615073561668396,1
10.1007/s40964-025-00965-1,http://h-da.de/ml-ontology/feature_extraction,feature extraction,0.3601519465446472,1
10.1007/s40964-025-01181-7,http://h-da.de/ml-ontology/image_regression,image regression,0.37857288122177124,1
10.1007/s40964-025-01199-x,http://h-da.de/ml-ontology/feature_extraction,feature extraction,0.35549455881118774,1
10.1007/s40996-024-01563-x,http://h-da.de/ml-ontology/feature_extraction,feature extraction,0.3710249662399292,1
10.1007/s41109-021-00438-8,http://h-da.de/ml-ontology/link_prediction,link prediction,0.3871585726737976,1
10.1007/s41109-021-00438-8,http://h-da.de/ml-ontology/community_detection,community detection,0.3538159132003784,2
10.1007/s41870-024-02157-6,http://h-da.de/ml-ontology/time_series_forecasting,time series forecasting,0.4343647062778473,1
10.1007/s41939-024-00569-2,http://h-da.de/ml-ontology/regression,regression,0.3592607080936432,1
10.1007/s41939-024-00569-2,http://h-da.de/ml-ontology/image_regression,image regression,0.3561258018016815,2
10.1007/s41939-024-00692-0,http://h-da.de/ml-ontology/feature_selection,feature selection,0.37167051434516907,1
10.1007/s41939-024-00692-0,http://h-da.de/ml-ontology/feature_extraction,feature extraction,0.36550116539001465,2
10.1007/s41939-025-00886-0,http://h-da.de/ml-ontology/image_regression,image regression,0.36080437898635864,1
10.1007/s41939-025-00886-0,http://h-da.de/ml-ontology/regression,regression,0.35084670782089233,2
10.1007/s41939-025-01046-0,http://h-da.de/ml-ontology/feature_extraction,feature extraction,0.35683608055114746,1
10.1007/s42044-025-00316-x,http://h-da.de/ml-ontology/audio_classification,audio classification,0.3821185231208801,1
10.1007/s42107-025-01453-1,http://h-da.de/ml-ontology/feature_extraction,feature extraction,0.3567712903022766,1
10.1007/s42107-025-01498-2,http://h-da.de/ml-ontology/feature_extraction,feature extraction,0.3857770264148712,1
10.1007/s42107-025-01511-8,http://h-da.de/ml-ontology/feature_extraction,feature extraction,0.3814179301261902,1
10.1007/s42243-023-01142-w,http://h-da.de/ml-ontology/time_series_forecasting,time series forecasting,0.38921335339546204,1
10.1007/s42401-022-00178-2,http://h-da.de/ml-ontology/time_series_forecasting,time series forecasting,0.4124932289123535,1
10.1007/s42401-022-00178-2,http://h-da.de/ml-ontology/regression,regression,0.3510506749153137,2
10.1007/s42405-025-00957-z,http://h-da.de/ml-ontology/feature_extraction,feature extraction,0.3888721466064453,1
10.1007/s42417-023-00959-9,http://h-da.de/ml-ontology/feature_extraction,feature extraction,0.3610050082206726,1
10.1007/s42452-020-03225-9,http://h-da.de/ml-ontology/time_series_forecasting,time series forecasting,0.5046943426132202,1
10.1007/s42452-020-03225-9,http://h-da.de/ml-ontology/time_series_classification,time series classification,0.3691895604133606,2
10.1007/s42452-025-06641-x,http://h-da.de/ml-ontology/object_detection,object detection,0.39017820358276367,1
10.1007/s42484-022-00075-z,http://h-da.de/ml-ontology/anomaly_detection,anomaly detection,0.4400823712348938,1
10.1007/s42823-025-00944-0,http://h-da.de/ml-ontology/image_regression,image regression,0.37665003538131714,1
10.1007/s42835-021-00931-1,http://h-da.de/ml-ontology/association_rule_learning,association rule learning,0.35601305961608887,1
10.1007/s42835-025-02430-z,http://h-da.de/ml-ontology/time_series_forecasting,time series forecasting,0.38207751512527466,1
10.1007/s42853-023-00209-6,http://h-da.de/ml-ontology/image_regression,image regression,0.3616410195827484,1
10.1007/s42979-023-01852-8,http://h-da.de/ml-ontology/feature_extraction,feature extraction,0.38676103949546814,1
10.1007/s42979-024-02635-5,http://h-da.de/ml-ontology/feature_extraction,feature extraction,0.36663830280303955,1
10.1007/s42979-024-02844-y,http://h-da.de/ml-ontology/audio_classification,audio classification,0.4274333119392395,1
10.1007/s42979-024-03483-z,http://h-da.de/ml-ontology/time_series_forecasting,time series forecasting,0.41323238611221313,1
10.1007/s42979-024-03483-z,http://h-da.de/ml-ontology/feature_selection,feature selection,0.373906672000885,2
10.1007/s42979-024-03483-z,http://h-da.de/ml-ontology/classification,classification,0.37313035130500793,3
10.1007/s42979-024-03483-z,http://h-da.de/ml-ontology/association_rule_learning,association rule learning,0.3692442774772644,4
10.1007/s42979-024-03483-z,http://h-da.de/ml-ontology/time_series_classification,time series classification,0.3677276372909546,5
10.1007/s42979-025-03798-5,http://h-da.de/ml-ontology/feature_extraction,feature extraction,0.3986901640892029,1
10.1007/s42979-025-03798-5,http://h-da.de/ml-ontology/feature_selection,feature selection,0.38510268926620483,2
10.1007/s42979-025-03798-5,http://h-da.de/ml-ontology/time_series_forecasting,time series forecasting,0.3568808436393738,3
10.1007/s42979-025-03839-z,http://h-da.de/ml-ontology/feature_extraction,feature extraction,0.40017372369766235,1
10.1007/s42979-025-04028-8,http://h-da.de/ml-ontology/anomaly_detection,anomaly detection,0.3589416444301605,1
10.1007/s42979-025-04060-8,http://h-da.de/ml-ontology/recommendation,recommendation,0.38052937388420105,1
10.1007/s42979-025-04060-8,http://h-da.de/ml-ontology/image_regression,image regression,0.36027762293815613,2
10.1007/s42979-025-04428-w,http://h-da.de/ml-ontology/time_series_forecasting,time series forecasting,0.42555439472198486,1
10.1007/s43069-022-00166-4,http://h-da.de/ml-ontology/time_series_forecasting,time series forecasting,0.3980708718299866,1
10.1007/s43069-025-00426-z,http://h-da.de/ml-ontology/time_series_classification,time series classification,0.3777151107788086,1
10.1007/s43069-025-00426-z,http://h-da.de/ml-ontology/feature_extraction,feature extraction,0.35820215940475464,2
10.1007/s43069-025-00426-z,http://h-da.de/ml-ontology/classification,classification,0.3571990728378296,3
10.1007/s43621-024-00292-5,http://h-da.de/ml-ontology/recommendation,recommendation,0.38496649265289307,1
10.1007/s43684-022-00041-3,http://h-da.de/ml-ontology/time_series_forecasting,time series forecasting,0.40520668029785156,1
10.1007/s43684-022-00041-3,http://h-da.de/ml-ontology/classification,classification,0.3664819598197937,2
10.1007/s43684-022-00041-3,http://h-da.de/ml-ontology/regression,regression,0.36157509684562683,3
10.1007/s44163-024-00177-6,http://h-da.de/ml-ontology/feature_extraction,feature extraction,0.36339110136032104,1
10.1007/s44163-025-00409-3,http://h-da.de/ml-ontology/anomaly_detection,anomaly detection,0.3941352963447571,1
10.1007/s44163-025-00409-3,http://h-da.de/ml-ontology/feature_extraction,feature extraction,0.3606879711151123,2
10.1007/s44199-024-00094-8,http://h-da.de/ml-ontology/feature_extraction,feature extraction,0.441860556602478,1
10.1007/s44230-023-00046-y,http://h-da.de/ml-ontology/time_series_forecasting,time series forecasting,0.3854641914367676,1
10.1007/s44230-025-00105-6,http://h-da.de/ml-ontology/classification,classification,0.3729342520236969,1
10.1016/0098-1354(92)80057-G,http://h-da.de/ml-ontology/feature_extraction,feature extraction,0.49278151988983154,1
10.1016/0098-1354(92)80057-G,http://h-da.de/ml-ontology/regression,regression,0.35685282945632935,2
10.1016/0166-3615(91)90027-7,http://h-da.de/ml-ontology/feature_extraction,feature extraction,0.3750658631324768,1
10.1016/0924-0136(94)01439-8,http://h-da.de/ml-ontology/feature_extraction,feature extraction,0.3553563952445984,1
10.1016/B978-0-12-821092-5.00017-6,http://h-da.de/ml-ontology/time_series_forecasting,time series forecasting,0.36747708916664124,1
10.1016/B978-0-12-821229-5.00004-5,http://h-da.de/ml-ontology/feature_extraction,feature extraction,0.42284220457077026,1
10.1016/B978-0-12-821229-5.00004-5,http://h-da.de/ml-ontology/classification,classification,0.38650092482566833,2
10.1016/B978-0-12-821229-5.00004-5,http://h-da.de/ml-ontology/action_recognition,action recognition,0.35776394605636597,3
10.1016/B978-0-12-824054-0.00023-X,http://h-da.de/ml-ontology/anomaly_detection,anomaly detection,0.37589526176452637,1
10.1016/B978-0-323-88506-5.50036-X,http://h-da.de/ml-ontology/regression,regression,0.35503706336021423,1
10.1016/B978-0-323-88506-5.50036-X,http://h-da.de/ml-ontology/feature_extraction,feature extraction,0.35402557253837585,2
10.1016/B978-0-323-89925-3.00023-X,http://h-da.de/ml-ontology/feature_extraction,feature extraction,0.3983154296875,1
10.1016/B978-0-323-95879-0.50017-5,http://h-da.de/ml-ontology/feature_extraction,feature extraction,0.4103833734989166,1
10.1016/B978-0-323-95879-0.50234-4,http://h-da.de/ml-ontology/time_series_classification,time series classification,0.3819357752799988,1
10.1016/B978-0-323-99134-6.00005-0,http://h-da.de/ml-ontology/feature_extraction,feature extraction,0.5061653852462769,1
10.1016/B978-0-323-99134-6.00005-0,http://h-da.de/ml-ontology/association_rule_learning,association rule learning,0.4341011643409729,2
10.1016/B978-0-323-99134-6.00005-0,http://h-da.de/ml-ontology/time_series_forecasting,time series forecasting,0.35810649394989014,3
10.1016/B978-0-443-14170-6.00026-3,http://h-da.de/ml-ontology/feature_extraction,feature extraction,0.3560313582420349,1
10.1016/B978-0-443-15274-0.50243-2,http://h-da.de/ml-ontology/feature_extraction,feature extraction,0.4439108967781067,1
10.1016/B978-0-443-15274-0.50243-2,http://h-da.de/ml-ontology/regression,regression,0.3861684799194336,2
10.1016/B978-0-443-15274-0.50243-2,http://h-da.de/ml-ontology/image_regression,image regression,0.37087810039520264,3
10.1016/B978-0-443-15274-0.50243-2,http://h-da.de/ml-ontology/audio_regression,audio regression,0.35308361053466797,4
10.1016/B978-0-443-18644-8.00021-6,http://h-da.de/ml-ontology/feature_extraction,feature extraction,0.37701383233070374,1
10.1016/B978-0-443-23597-9.00011-1,http://h-da.de/ml-ontology/classification,classification,0.37230393290519714,1
10.1016/B978-0-443-28824-1.50495-6,http://h-da.de/ml-ontology/feature_extraction,feature extraction,0.4648085832595825,1
10.1016/B978-0-443-28824-1.50511-1,http://h-da.de/ml-ontology/feature_extraction,feature extraction,0.3642600476741791,1
10.1016/B978-0-443-28824-1.50521-4,http://h-da.de/ml-ontology/anomaly_detection,anomaly detection,0.3981618285179138,1
10.1016/B978-0-443-28824-1.50521-4,http://h-da.de/ml-ontology/time_series_forecasting,time series forecasting,0.39058917760849,2
10.1016/B978-0-443-29871-4.00016-6,http://h-da.de/ml-ontology/time_series_forecasting,time series forecasting,0.4154970645904541,1
10.1016/B978-0-444-64241-7.50372-4,http://h-da.de/ml-ontology/feature_extraction,feature extraction,0.4323057234287262,1
10.1016/B978-0-444-64241-7.50372-4,http://h-da.de/ml-ontology/association_rule_learning,association rule learning,0.3662147521972656,2
10.1016/B978-0-934613-64-4.50016-5,http://h-da.de/ml-ontology/classification,classification,0.44305187463760376,1
10.1016/B978-0-934613-64-4.50016-5,http://h-da.de/ml-ontology/image_classification,image classification,0.37778156995773315,2
10.1016/B978-0-934613-64-4.50016-5,http://h-da.de/ml-ontology/tabular_classification,tabular classification,0.37572580575942993,3
10.1016/B978-0-934613-64-4.50016-5,http://h-da.de/ml-ontology/association_rule_learning,association rule learning,0.3564845323562622,4
10.1016/B978-0-934613-64-4.50016-5,http://h-da.de/ml-ontology/text_classification,text classification,0.3519187867641449,5
10.1016/S0098-1354(00)00497-X,http://h-da.de/ml-ontology/feature_extraction,feature extraction,0.49589088559150696,1
10.1016/S0098-1354(00)00497-X,http://h-da.de/ml-ontology/association_rule_learning,association rule learning,0.4569794535636902,2
10.1016/S0098-1354(00)00497-X,http://h-da.de/ml-ontology/classification,classification,0.42899513244628906,3
10.1016/S0165-0114(00)00094-4,http://h-da.de/ml-ontology/association_rule_learning,association rule learning,0.40728944540023804,1
10.1016/S0165-0114(00)00094-4,http://h-da.de/ml-ontology/feature_extraction,feature extraction,0.38735347986221313,2
10.1016/S0167-9236(00)00063-4,http://h-da.de/ml-ontology/feature_extraction,feature extraction,0.4071570038795471,1
10.1016/S0167-9236(00)00063-4,http://h-da.de/ml-ontology/association_rule_learning,association rule learning,0.3597358167171478,2
10.1016/S0926-5805(96)00183-5,http://h-da.de/ml-ontology/feature_extraction,feature extraction,0.35929399728775024,1
10.1016/S0957-4174(98)00017-7,http://h-da.de/ml-ontology/feature_extraction,feature extraction,0.3581237196922302,1
10.1016/S0957-4174(98)00067-0,http://h-da.de/ml-ontology/association_rule_learning,association rule learning,0.38157933950424194,1
10.1016/S0957-4174(98)00067-0,http://h-da.de/ml-ontology/time_series_forecasting,time series forecasting,0.3808884918689728,2
10.1016/S0957-4174(98)00067-0,http://h-da.de/ml-ontology/feature_extraction,feature extraction,0.374175488948822,3
10.1016/S1876-3804(25)60620-3,http://h-da.de/ml-ontology/anomaly_detection,anomaly detection,0.39740651845932007,1
10.1016/j.aca.2008.02.025,http://h-da.de/ml-ontology/feature_extraction,feature extraction,0.46529680490493774,1
10.1016/j.aca.2008.02.025,http://h-da.de/ml-ontology/association_rule_learning,association rule learning,0.42077401280403137,2
10.1016/j.aca.2017.05.034,http://h-da.de/ml-ontology/time_series_classification,time series classification,0.3965582847595215,1
10.1016/j.aca.2017.05.034,http://h-da.de/ml-ontology/feature_extraction,feature extraction,0.3677082359790802,2
10.1016/j.aca.2017.05.034,http://h-da.de/ml-ontology/classification,classification,0.3571133613586426,3
10.1016/j.aca.2024.342890,http://h-da.de/ml-ontology/feature_extraction,feature extraction,0.3823513090610504,1
10.1016/j.aci.2020.02.001,http://h-da.de/ml-ontology/regression,regression,0.36320894956588745,1
10.1016/j.addma.2018.04.005,http://h-da.de/ml-ontology/object_detection,object detection,0.3550352454185486,1
10.1016/j.addma.2020.101324,http://h-da.de/ml-ontology/audio_classification,audio classification,0.3518652319908142,1
10.1016/j.addma.2021.101877,http://h-da.de/ml-ontology/feature_extraction,feature extraction,0.3600236773490906,1
10.1016/j.addma.2021.102364,http://h-da.de/ml-ontology/feature_extraction,feature extraction,0.36043286323547363,1
10.1016/j.addma.2022.102848,http://h-da.de/ml-ontology/feature_extraction,feature extraction,0.3600917458534241,1
10.1016/j.addma.2024.104237,http://h-da.de/ml-ontology/feature_extraction,feature extraction,0.40788066387176514,1
10.1016/j.advengsoft.2020.102927,http://h-da.de/ml-ontology/audio_regression,audio regression,0.3610401153564453,1
10.1016/j.advengsoft.2020.102927,http://h-da.de/ml-ontology/feature_extraction,feature extraction,0.35510268807411194,2
10.1016/j.advengsoft.2023.103501,http://h-da.de/ml-ontology/tabular_regression,tabular regression,0.35221588611602783,1
10.1016/j.aei.2017.11.002,http://h-da.de/ml-ontology/time_series_forecasting,time series forecasting,0.40521231293678284,1
10.1016/j.aei.2020.101197,http://h-da.de/ml-ontology/time_series_forecasting,time series forecasting,0.3996581435203552,1
10.1016/j.aei.2020.101197,http://h-da.de/ml-ontology/time_series_analysis,time series analysis,0.3989739716053009,2
10.1016/j.aei.2020.101197,http://h-da.de/ml-ontology/time_series_classification,time series classification,0.39886441826820374,3
10.1016/j.aei.2020.101197,http://h-da.de/ml-ontology/feature_extraction,feature extraction,0.3526274263858795,4
10.1016/j.aei.2021.101428,http://h-da.de/ml-ontology/topic_modeling,topic modeling,0.3638313412666321,1
10.1016/j.aei.2021.101519,http://h-da.de/ml-ontology/anomaly_detection,anomaly detection,0.4316737651824951,1
10.1016/j.aei.2022.101631,http://h-da.de/ml-ontology/feature_extraction,feature extraction,0.3666667342185974,1
10.1016/j.aei.2022.101715,http://h-da.de/ml-ontology/topic_modeling,topic modeling,0.4157819151878357,1
10.1016/j.aei.2022.101715,http://h-da.de/ml-ontology/link_prediction,link prediction,0.38713887333869934,2
10.1016/j.aei.2022.101715,http://h-da.de/ml-ontology/association_rule_learning,association rule learning,0.37012165784835815,3
10.1016/j.aei.2023.102259,http://h-da.de/ml-ontology/feature_extraction,feature extraction,0.3898698687553406,1
10.1016/j.aei.2023.102324,http://h-da.de/ml-ontology/feature_extraction,feature extraction,0.40275874733924866,1
10.1016/j.aei.2023.102347,http://h-da.de/ml-ontology/feature_extraction,feature extraction,0.3509332835674286,1
10.1016/j.aei.2025.103167,http://h-da.de/ml-ontology/feature_extraction,feature extraction,0.39881426095962524,1
10.1016/j.aei.2025.103267,http://h-da.de/ml-ontology/time_series_forecasting,time series forecasting,0.3649477958679199,1
10.1016/j.aej.2024.12.094,http://h-da.de/ml-ontology/feature_extraction,feature extraction,0.39811941981315613,1
10.1016/j.aej.2024.12.094,http://h-da.de/ml-ontology/feature_selection,feature selection,0.3712950050830841,2
10.1016/j.aej.2024.12.094,http://h-da.de/ml-ontology/feature_reduction,feature reduction,0.35899680852890015,3
10.1016/j.aej.2024.12.094,http://h-da.de/ml-ontology/association_rule_learning,association rule learning,0.356587290763855,4
10.1016/j.aej.2025.01.093,http://h-da.de/ml-ontology/feature_extraction,feature extraction,0.35820287466049194,1
10.1016/j.aiig.2025.100126,http://h-da.de/ml-ontology/feature_extraction,feature extraction,0.3521435260772705,1
10.1016/j.amc.2012.07.001,http://h-da.de/ml-ontology/regression,regression,0.3943806290626526,1
10.1016/j.anifeedsci.2022.115443,http://h-da.de/ml-ontology/feature_extraction,feature extraction,0.35059770941734314,1
10.1016/j.apacoust.2022.108863,http://h-da.de/ml-ontology/audio_classification,audio classification,0.36186861991882324,1
10.1016/j.apacoust.2025.110687,http://h-da.de/ml-ontology/audio_classification,audio classification,0.3953549861907959,1
10.1016/j.apenergy.2017.07.124,http://h-da.de/ml-ontology/time_series_forecasting,time series forecasting,0.40685608983039856,1
10.1016/j.apenergy.2018.06.007,http://h-da.de/ml-ontology/feature_extraction,feature extraction,0.362615704536438,1
10.1016/j.apenergy.2020.115023,http://h-da.de/ml-ontology/time_series_forecasting,time series forecasting,0.3626202940940857,1
10.1016/j.apenergy.2021.118209,http://h-da.de/ml-ontology/feature_extraction,feature extraction,0.3685610294342041,1
10.1016/j.apenergy.2024.124067,http://h-da.de/ml-ontology/time_series_forecasting,time series forecasting,0.3758172392845154,1
10.1016/j.apm.2012.02.016,http://h-da.de/ml-ontology/regression,regression,0.35406893491744995,1
10.1016/j.applthermaleng.2024.123910,http://h-da.de/ml-ontology/time_series_classification,time series classification,0.35606294870376587,1
10.1016/j.apradiso.2025.112025,http://h-da.de/ml-ontology/image_regression,image regression,0.36552733182907104,1
10.1016/j.apsoil.2024.105687,http://h-da.de/ml-ontology/image_regression,image regression,0.36352860927581787,1
10.1016/j.apsoil.2024.105687,http://h-da.de/ml-ontology/feature_extraction,feature extraction,0.35638701915740967,2
10.1016/j.arcontrol.2020.09.004,http://h-da.de/ml-ontology/feature_extraction,feature extraction,0.42704054713249207,1
10.1016/j.asej.2023.102467,http://h-da.de/ml-ontology/anomaly_detection,anomaly detection,0.4071778357028961,1
10.1016/j.asej.2023.102467,http://h-da.de/ml-ontology/clustering,clustering,0.35680073499679565,2
10.1016/j.asoc.2011.07.005,http://h-da.de/ml-ontology/time_series_forecasting,time series forecasting,0.3993189334869385,1
10.1016/j.asoc.2011.07.005,http://h-da.de/ml-ontology/time_series_classification,time series classification,0.38961848616600037,2
10.1016/j.asoc.2011.07.005,http://h-da.de/ml-ontology/time_series_analysis,time series analysis,0.35922887921333313,3
10.1016/j.asoc.2012.02.008,http://h-da.de/ml-ontology/feature_extraction,feature extraction,0.39015352725982666,1
10.1016/j.asoc.2012.04.024,http://h-da.de/ml-ontology/feature_extraction,feature extraction,0.37895667552948,1
10.1016/j.asoc.2020.106787,http://h-da.de/ml-ontology/feature_extraction,feature extraction,0.38528692722320557,1
10.1016/j.asoc.2020.107072,http://h-da.de/ml-ontology/feature_extraction,feature extraction,0.39700353145599365,1
10.1016/j.asoc.2021.107115,http://h-da.de/ml-ontology/object_detection,object detection,0.37855976819992065,1
10.1016/j.asoc.2021.107465,http://h-da.de/ml-ontology/audio_classification,audio classification,0.356128990650177,1
10.1016/j.asoc.2021.107561,http://h-da.de/ml-ontology/time_series_forecasting,time series forecasting,0.375046968460083,1
10.1016/j.asoc.2022.108924,http://h-da.de/ml-ontology/audio_classification,audio classification,0.35079148411750793,1
10.1016/j.asoc.2022.109789,http://h-da.de/ml-ontology/sentiment_analysis,sentiment analysis,0.45125943422317505,1
10.1016/j.asoc.2022.109789,http://h-da.de/ml-ontology/recommendation,recommendation,0.39396029710769653,2
10.1016/j.asoc.2023.110191,http://h-da.de/ml-ontology/image_classification,image classification,0.3748127222061157,1
10.1016/j.asoc.2023.110191,http://h-da.de/ml-ontology/image_regression,image regression,0.3689173460006714,2
10.1016/j.asoc.2023.110735,http://h-da.de/ml-ontology/classification,classification,0.35662397742271423,1
10.1016/j.asoc.2024.111936,http://h-da.de/ml-ontology/feature_reduction,feature reduction,0.36710840463638306,1
10.1016/j.atech.2022.100154,http://h-da.de/ml-ontology/image_regression,image regression,0.38318514823913574,1
10.1016/j.atech.2022.100154,http://h-da.de/ml-ontology/feature_extraction,feature extraction,0.36191755533218384,2
10.1016/j.atech.2023.100240,http://h-da.de/ml-ontology/image_classification,image classification,0.4056490659713745,1
10.1016/j.atech.2023.100240,http://h-da.de/ml-ontology/classification,classification,0.38593220710754395,2
10.1016/j.atech.2023.100240,http://h-da.de/ml-ontology/video_classification,video classification,0.3812364339828491,3
10.1016/j.atech.2024.100528,http://h-da.de/ml-ontology/image_classification,image classification,0.3649502992630005,1
10.1016/j.autcon.2017.12.029,http://h-da.de/ml-ontology/image_classification,image classification,0.3925737142562866,1
10.1016/j.autcon.2017.12.029,http://h-da.de/ml-ontology/video_classification,video classification,0.3592653274536133,2
10.1016/j.autcon.2021.103929,http://h-da.de/ml-ontology/named_entity_recognition,named entity recognition,0.35490912199020386,1
10.1016/j.bej.2020.107896,http://h-da.de/ml-ontology/tabular_regression,tabular regression,0.3863674998283386,1
10.1016/j.biortech.2022.127511,http://h-da.de/ml-ontology/text_regression,text regression,0.35379692912101746,1
10.1016/j.biortech.2023.129937,http://h-da.de/ml-ontology/time_series_forecasting,time series forecasting,0.37668776512145996,1
10.1016/j.biortech.2023.129937,http://h-da.de/ml-ontology/feature_extraction,feature extraction,0.3539772033691406,2
10.1016/j.biortech.2024.131976,http://h-da.de/ml-ontology/image_classification,image classification,0.3731839060783386,1
10.1016/j.biosystemseng.2014.05.005,http://h-da.de/ml-ontology/image_classification,image classification,0.370810329914093,1
10.1016/j.biosystemseng.2016.01.014,http://h-da.de/ml-ontology/image_classification,image classification,0.3701041340827942,1
10.1016/j.biosystemseng.2016.01.014,http://h-da.de/ml-ontology/feature_extraction,feature extraction,0.3690318465232849,2
10.1016/j.biosystemseng.2019.11.005,http://h-da.de/ml-ontology/feature_extraction,feature extraction,0.3615788519382477,1
10.1016/j.biosystemseng.2022.05.016,http://h-da.de/ml-ontology/time_series_forecasting,time series forecasting,0.36357566714286804,1
10.1016/j.biosystemseng.2024.06.001,http://h-da.de/ml-ontology/feature_extraction,feature extraction,0.35294684767723083,1
10.1016/j.buildenv.2020.107212,http://h-da.de/ml-ontology/anomaly_detection,anomaly detection,0.3510773777961731,1
10.1016/j.buildenv.2021.107972,http://h-da.de/ml-ontology/time_series_forecasting,time series forecasting,0.414531409740448,1
10.1016/j.buildenv.2021.107972,http://h-da.de/ml-ontology/time_series_classification,time series classification,0.35667988657951355,2
10.1016/j.buildenv.2022.108833,http://h-da.de/ml-ontology/classification,classification,0.37539318203926086,1
10.1016/j.buildenv.2022.108833,http://h-da.de/ml-ontology/time_series_forecasting,time series forecasting,0.372478723526001,2
10.1016/j.buildenv.2022.108833,http://h-da.de/ml-ontology/time_series_classification,time series classification,0.3716191053390503,3
10.1016/j.buildenv.2022.108833,http://h-da.de/ml-ontology/feature_extraction,feature extraction,0.36868181824684143,4
10.1016/j.buildenv.2024.111268,http://h-da.de/ml-ontology/feature_extraction,feature extraction,0.36650916934013367,1
10.1016/j.cag.2006.08.013,http://h-da.de/ml-ontology/feature_extraction,feature extraction,0.36498159170150757,1
10.1016/j.cam.2018.07.008,http://h-da.de/ml-ontology/time_series_forecasting,time series forecasting,0.44653773307800293,1
10.1016/j.cam.2018.07.008,http://h-da.de/ml-ontology/regression,regression,0.4110566973686218,2
10.1016/j.cam.2018.07.008,http://h-da.de/ml-ontology/time_series_classification,time series classification,0.3703113794326782,3
10.1016/j.cct.2022.106963,http://h-da.de/ml-ontology/anomaly_detection,anomaly detection,0.42781102657318115,1
10.1016/j.cct.2022.106963,http://h-da.de/ml-ontology/feature_extraction,feature extraction,0.4097476601600647,2
10.1016/j.cej.2024.155582,http://h-da.de/ml-ontology/time_series_forecasting,time series forecasting,0.37864890694618225,1
10.1016/j.cej.2024.155582,http://h-da.de/ml-ontology/time_series_classification,time series classification,0.36549532413482666,2
10.1016/j.cej.2025.167895,http://h-da.de/ml-ontology/time_series_forecasting,time series forecasting,0.3689104914665222,1
10.1016/j.ceja.2025.100751,http://h-da.de/ml-ontology/feature_extraction,feature extraction,0.41497331857681274,1
10.1016/j.ces.2022.118214,http://h-da.de/ml-ontology/feature_extraction,feature extraction,0.4255366325378418,1
10.1016/j.ces.2022.118214,http://h-da.de/ml-ontology/association_rule_learning,association rule learning,0.368891179561615,2
10.1016/j.chemolab.2016.10.003,http://h-da.de/ml-ontology/feature_extraction,feature extraction,0.38160282373428345,1
10.1016/j.chemolab.2024.105083,http://h-da.de/ml-ontology/feature_extraction,feature extraction,0.36668503284454346,1
10.1016/j.chemolab.2024.105106,http://h-da.de/ml-ontology/feature_extraction,feature extraction,0.3569181263446808,1
10.1016/j.chemolab.2025.105462,http://h-da.de/ml-ontology/image_regression,image regression,0.37587490677833557,1
10.1016/j.chemolab.2025.105462,http://h-da.de/ml-ontology/feature_extraction,feature extraction,0.35859495401382446,2
10.1016/j.cherd.2022.08.016,http://h-da.de/ml-ontology/feature_extraction,feature extraction,0.41959574818611145,1
10.1016/j.cherd.2022.09.005,http://h-da.de/ml-ontology/feature_extraction,feature extraction,0.45810019969940186,1
10.1016/j.cherd.2024.08.020,http://h-da.de/ml-ontology/feature_extraction,feature extraction,0.38369250297546387,1
10.1016/j.chroma.2022.463486,http://h-da.de/ml-ontology/feature_extraction,feature extraction,0.3605332374572754,1
10.1016/j.cie.2008.01.013,http://h-da.de/ml-ontology/feature_extraction,feature extraction,0.40287888050079346,1
10.1016/j.cie.2010.07.019,http://h-da.de/ml-ontology/recommendation,recommendation,0.386987566947937,1
10.1016/j.cie.2010.07.019,http://h-da.de/ml-ontology/classification,classification,0.37472522258758545,2
10.1016/j.cie.2011.06.025,http://h-da.de/ml-ontology/time_series_classification,time series classification,0.40954291820526123,1
10.1016/j.cie.2011.06.025,http://h-da.de/ml-ontology/feature_extraction,feature extraction,0.3806510865688324,2
10.1016/j.cie.2011.06.025,http://h-da.de/ml-ontology/time_series_analysis,time series analysis,0.3512181341648102,3
10.1016/j.cie.2017.12.003,http://h-da.de/ml-ontology/time_series_forecasting,time series forecasting,0.41824138164520264,1
10.1016/j.cie.2020.106325,http://h-da.de/ml-ontology/feature_extraction,feature extraction,0.4209858775138855,1
10.1016/j.cie.2020.106536,http://h-da.de/ml-ontology/feature_reduction,feature reduction,0.425708532333374,1
10.1016/j.cie.2020.106536,http://h-da.de/ml-ontology/feature_extraction,feature extraction,0.4192184805870056,2
10.1016/j.cie.2020.106536,http://h-da.de/ml-ontology/feature_selection,feature selection,0.39664900302886963,3
10.1016/j.cie.2020.106536,http://h-da.de/ml-ontology/association_rule_learning,association rule learning,0.3833104372024536,4
10.1016/j.cie.2020.106948,http://h-da.de/ml-ontology/classification,classification,0.3566567301750183,1
10.1016/j.cie.2020.106948,http://h-da.de/ml-ontology/audio_classification,audio classification,0.3547695279121399,2
10.1016/j.cie.2022.108213,http://h-da.de/ml-ontology/time_series_classification,time series classification,0.3599125146865845,1
10.1016/j.cie.2022.108230,http://h-da.de/ml-ontology/feature_extraction,feature extraction,0.381730318069458,1
10.1016/j.cie.2022.108230,http://h-da.de/ml-ontology/time_series_classification,time series classification,0.3810310363769531,2
10.1016/j.cie.2022.108230,http://h-da.de/ml-ontology/time_series_forecasting,time series forecasting,0.3524571657180786,3
10.1016/j.cie.2022.108230,http://h-da.de/ml-ontology/classification,classification,0.35117146372795105,4
10.1016/j.cie.2022.108230,http://h-da.de/ml-ontology/association_rule_learning,association rule learning,0.3507155478000641,5
10.1016/j.cie.2023.108999,http://h-da.de/ml-ontology/feature_extraction,feature extraction,0.3909127116203308,1
10.1016/j.cie.2023.109230,http://h-da.de/ml-ontology/feature_extraction,feature extraction,0.4499174952507019,1
10.1016/j.cie.2023.109286,http://h-da.de/ml-ontology/classification,classification,0.38056236505508423,1
10.1016/j.cie.2023.109286,http://h-da.de/ml-ontology/feature_extraction,feature extraction,0.36197271943092346,2
10.1016/j.cie.2024.110214,http://h-da.de/ml-ontology/feature_extraction,feature extraction,0.3551505208015442,1
10.1016/j.cie.2024.110597,http://h-da.de/ml-ontology/text_analytics,text analytics,0.3723633587360382,1
10.1016/j.cie.2024.110597,http://h-da.de/ml-ontology/named_entity_recognition,named entity recognition,0.36019933223724365,2
10.1016/j.cie.2024.110725,http://h-da.de/ml-ontology/feature_extraction,feature extraction,0.35778164863586426,1
10.1016/j.cie.2024.110726,http://h-da.de/ml-ontology/action_recognition,action recognition,0.3921852707862854,1
10.1016/j.cie.2025.111023,http://h-da.de/ml-ontology/anomaly_detection,anomaly detection,0.45877063274383545,1
10.1016/j.cie.2025.111071,http://h-da.de/ml-ontology/time_series_forecasting,time series forecasting,0.4728112816810608,1
10.1016/j.cie.2025.111071,http://h-da.de/ml-ontology/time_series_classification,time series classification,0.4601858854293823,2
10.1016/j.cie.2025.111371,http://h-da.de/ml-ontology/recommendation,recommendation,0.3508281111717224,1
10.1016/j.cirp.2018.04.119,http://h-da.de/ml-ontology/feature_extraction,feature extraction,0.37740325927734375,1
10.1016/j.cjche.2023.03.020,http://h-da.de/ml-ontology/feature_extraction,feature extraction,0.404203861951828,1
10.1016/j.cjche.2023.03.020,http://h-da.de/ml-ontology/tabular_regression,tabular regression,0.38400256633758545,2
10.1016/j.cjche.2023.03.020,http://h-da.de/ml-ontology/audio_regression,audio regression,0.3537799119949341,3
10.1016/j.cjche.2025.03.008,http://h-da.de/ml-ontology/feature_extraction,feature extraction,0.37979528307914734,1
10.1016/j.cjche.2025.03.008,http://h-da.de/ml-ontology/audio_regression,audio regression,0.3613714575767517,2
10.1016/j.cjche.2025.03.008,http://h-da.de/ml-ontology/time_series_forecasting,time series forecasting,0.36090415716171265,3
10.1016/j.cjche.2025.03.008,http://h-da.de/ml-ontology/image_regression,image regression,0.3522413372993469,4
10.1016/j.clwas.2025.100296,http://h-da.de/ml-ontology/image_regression,image regression,0.35322386026382446,1
10.1016/j.cma.2023.116186,http://h-da.de/ml-ontology/feature_extraction,feature extraction,0.3756076991558075,1
10.1016/j.cmpb.2021.106248,http://h-da.de/ml-ontology/audio_classification,audio classification,0.38063693046569824,1
10.1016/j.cmpb.2022.106927,http://h-da.de/ml-ontology/feature_extraction,feature extraction,0.3519359230995178,1
10.1016/j.coal.2023.104419,http://h-da.de/ml-ontology/feature_extraction,feature extraction,0.3535010814666748,1
10.1016/j.cobme.2021.100351,http://h-da.de/ml-ontology/feature_extraction,feature extraction,0.3862418234348297,1
10.1016/j.cola.2019.100908,http://h-da.de/ml-ontology/image_classification,image classification,0.35654157400131226,1
10.1016/j.comcom.2023.09.024,http://h-da.de/ml-ontology/action_recognition,action recognition,0.44987228512763977,1
10.1016/j.commatsci.2024.112896,http://h-da.de/ml-ontology/text_regression,text regression,0.3643069565296173,1
10.1016/j.commatsci.2024.112896,http://h-da.de/ml-ontology/feature_extraction,feature extraction,0.3504531681537628,2
10.1016/j.commatsci.2024.113426,http://h-da.de/ml-ontology/image_regression,image regression,0.36218273639678955,1
10.1016/j.commatsci.2024.113426,http://h-da.de/ml-ontology/feature_extraction,feature extraction,0.3511804938316345,2
10.1016/j.compag.2017.02.026,http://h-da.de/ml-ontology/classification,classification,0.35912349820137024,1
10.1016/j.compag.2019.03.028,http://h-da.de/ml-ontology/object_detection,object detection,0.36157938838005066,1
10.1016/j.compag.2022.107262,http://h-da.de/ml-ontology/image_regression,image regression,0.36456555128097534,1
10.1016/j.compag.2022.107262,http://h-da.de/ml-ontology/feature_extraction,feature extraction,0.35480234026908875,2
10.1016/j.compag.2022.107367,http://h-da.de/ml-ontology/feature_extraction,feature extraction,0.39712095260620117,1
10.1016/j.compag.2022.107367,http://h-da.de/ml-ontology/image_regression,image regression,0.385093629360199,2
10.1016/j.compag.2023.107898,http://h-da.de/ml-ontology/anomaly_detection,anomaly detection,0.38843706250190735,1
10.1016/j.compag.2024.109019,http://h-da.de/ml-ontology/image_regression,image regression,0.3842850923538208,1
10.1016/j.compag.2024.109019,http://h-da.de/ml-ontology/feature_extraction,feature extraction,0.3639404773712158,2
10.1016/j.compag.2024.109860,http://h-da.de/ml-ontology/classification,classification,0.4152625501155853,1
10.1016/j.compag.2024.109860,http://h-da.de/ml-ontology/time_series_classification,time series classification,0.36167168617248535,2
10.1016/j.compag.2024.109860,http://h-da.de/ml-ontology/feature_extraction,feature extraction,0.354561448097229,3
10.1016/j.compag.2025.110212,http://h-da.de/ml-ontology/image_regression,image regression,0.41332876682281494,1
10.1016/j.compag.2025.110212,http://h-da.de/ml-ontology/time_series_forecasting,time series forecasting,0.39190974831581116,2
10.1016/j.compag.2025.110212,http://h-da.de/ml-ontology/video_regression,video regression,0.3888568878173828,3
10.1016/j.compag.2025.110880,http://h-da.de/ml-ontology/image_regression,image regression,0.38081589341163635,1
10.1016/j.compchemeng.2019.03.040,http://h-da.de/ml-ontology/feature_extraction,feature extraction,0.3625818192958832,1
10.1016/j.compchemeng.2020.107123,http://h-da.de/ml-ontology/time_series_forecasting,time series forecasting,0.40157008171081543,1
10.1016/j.compchemeng.2021.107304,http://h-da.de/ml-ontology/feature_extraction,feature extraction,0.369494765996933,1
10.1016/j.compchemeng.2021.107508,http://h-da.de/ml-ontology/feature_extraction,feature extraction,0.4273545742034912,1
10.1016/j.compchemeng.2022.107896,http://h-da.de/ml-ontology/feature_extraction,feature extraction,0.4150601625442505,1
10.1016/j.compchemeng.2023.108446,http://h-da.de/ml-ontology/named_entity_recognition,named entity recognition,0.5156902074813843,1
10.1016/j.compchemeng.2023.108446,http://h-da.de/ml-ontology/text_analytics,text analytics,0.38424816727638245,2
10.1016/j.compchemeng.2023.108513,http://h-da.de/ml-ontology/time_series_forecasting,time series forecasting,0.3860805034637451,1
10.1016/j.compchemeng.2023.108513,http://h-da.de/ml-ontology/feature_extraction,feature extraction,0.36100324988365173,2
10.1016/j.compchemeng.2023.108513,http://h-da.de/ml-ontology/regression,regression,0.3567608892917633,3
10.1016/j.compchemeng.2024.108740,http://h-da.de/ml-ontology/time_series_forecasting,time series forecasting,0.3588469624519348,1
10.1016/j.compchemeng.2024.108787,http://h-da.de/ml-ontology/time_series_forecasting,time series forecasting,0.3876650035381317,1
10.1016/j.compchemeng.2024.108891,http://h-da.de/ml-ontology/tabular_clustering,tabular clustering,0.38675251603126526,1
10.1016/j.compchemeng.2024.108891,http://h-da.de/ml-ontology/feature_extraction,feature extraction,0.3642483353614807,2
10.1016/j.compchemeng.2024.108891,http://h-da.de/ml-ontology/clustering,clustering,0.35237011313438416,3
10.1016/j.compchemeng.2024.108982,http://h-da.de/ml-ontology/link_prediction,link prediction,0.36814191937446594,1
10.1016/j.compchemeng.2025.109036,http://h-da.de/ml-ontology/feature_extraction,feature extraction,0.4276506304740906,1
10.1016/j.compchemeng.2025.109106,http://h-da.de/ml-ontology/anomaly_detection,anomaly detection,0.4082487225532532,1
10.1016/j.compchemeng.2025.109106,http://h-da.de/ml-ontology/feature_extraction,feature extraction,0.3620617985725403,2
10.1016/j.compeleceng.2018.07.049,http://h-da.de/ml-ontology/image_classification,image classification,0.3869349956512451,1
10.1016/j.compeleceng.2021.107048,http://h-da.de/ml-ontology/anomaly_detection,anomaly detection,0.4045714735984802,1
10.1016/j.compeleceng.2023.108760,http://h-da.de/ml-ontology/action_recognition,action recognition,0.36226344108581543,1
10.1016/j.compeleceng.2024.109853,http://h-da.de/ml-ontology/feature_extraction,feature extraction,0.3595733940601349,1
10.1016/j.compeleceng.2025.110604,http://h-da.de/ml-ontology/audio_classification,audio classification,0.3534020185470581,1
10.1016/j.compeleceng.2025.110604,http://h-da.de/ml-ontology/time_series_classification,time series classification,0.3501230776309967,2
10.1016/j.compind.2017.06.001,http://h-da.de/ml-ontology/feature_extraction,feature extraction,0.385254442691803,1
10.1016/j.compind.2017.12.005,http://h-da.de/ml-ontology/feature_extraction,feature extraction,0.4100167751312256,1
10.1016/j.compind.2018.10.008,http://h-da.de/ml-ontology/feature_extraction,feature extraction,0.36574792861938477,1
10.1016/j.compind.2021.103450,http://h-da.de/ml-ontology/image_classification,image classification,0.35366344451904297,1
10.1016/j.compind.2021.103528,http://h-da.de/ml-ontology/feature_extraction,feature extraction,0.3606100380420685,1
10.1016/j.compind.2023.103958,http://h-da.de/ml-ontology/feature_extraction,feature extraction,0.3507196307182312,1
10.1016/j.compind.2023.103964,http://h-da.de/ml-ontology/image_regression,image regression,0.37965404987335205,1
10.1016/j.compind.2023.103987,http://h-da.de/ml-ontology/feature_extraction,feature extraction,0.37824195623397827,1
10.1016/j.compind.2024.104198,http://h-da.de/ml-ontology/anomaly_detection,anomaly detection,0.38250625133514404,1
10.1016/j.compositesb.2025.112701,http://h-da.de/ml-ontology/feature_extraction,feature extraction,0.36775800585746765,1
10.1016/j.compstruc.2023.107035,http://h-da.de/ml-ontology/regression,regression,0.37735509872436523,1
10.1016/j.compstruc.2023.107035,http://h-da.de/ml-ontology/feature_extraction,feature extraction,0.35882872343063354,2
10.1016/j.compstruct.2021.114233,http://h-da.de/ml-ontology/audio_regression,audio regression,0.35426539182662964,1
10.1016/j.conbuildmat.2024.137725,http://h-da.de/ml-ontology/feature_extraction,feature extraction,0.38597172498703003,1
10.1016/j.conengprac.2019.104189,http://h-da.de/ml-ontology/feature_extraction,feature extraction,0.4598023295402527,1
10.1016/j.conengprac.2019.104189,http://h-da.de/ml-ontology/feature_reduction,feature reduction,0.3535659909248352,2
10.1016/j.conengprac.2022.105304,http://h-da.de/ml-ontology/feature_extraction,feature extraction,0.36028850078582764,1
10.1016/j.conengprac.2025.106361,http://h-da.de/ml-ontology/feature_extraction,feature extraction,0.37594282627105713,1
10.1016/j.crfs.2024.100737,http://h-da.de/ml-ontology/image_classification,image classification,0.4081770181655884,1
10.1016/j.crfs.2024.100737,http://h-da.de/ml-ontology/video_classification,video classification,0.3521433472633362,2
10.1016/j.csa.2025.100105,http://h-da.de/ml-ontology/anomaly_detection,anomaly detection,0.35253334045410156,1
10.1016/j.csbj.2025.10.052,http://h-da.de/ml-ontology/feature_selection,feature selection,0.35557979345321655,1
10.1016/j.dajour.2024.100516,http://h-da.de/ml-ontology/recommendation,recommendation,0.41889524459838867,1
10.1016/j.dajour.2024.100516,http://h-da.de/ml-ontology/classification,classification,0.3951803743839264,2
10.1016/j.dajour.2025.100561,http://h-da.de/ml-ontology/recommendation,recommendation,0.3574794828891754,1
10.1016/j.dajour.2025.100561,http://h-da.de/ml-ontology/association_rule_learning,association rule learning,0.35029059648513794,2
10.1016/j.dajour.2025.100637,http://h-da.de/ml-ontology/anomaly_detection,anomaly detection,0.3707340657711029,1
10.1016/j.datak.2024.102402,http://h-da.de/ml-ontology/feature_extraction,feature extraction,0.3769468069076538,1
10.1016/j.dcan.2021.03.003,http://h-da.de/ml-ontology/image_classification,image classification,0.3999456465244293,1
10.1016/j.dcan.2021.03.003,http://h-da.de/ml-ontology/video_classification,video classification,0.36393529176712036,2
10.1016/j.dche.2021.100003,http://h-da.de/ml-ontology/feature_extraction,feature extraction,0.42871713638305664,1
10.1016/j.dche.2022.100076,http://h-da.de/ml-ontology/feature_extraction,feature extraction,0.3723629117012024,1
10.1016/j.dche.2024.100195,http://h-da.de/ml-ontology/feature_extraction,feature extraction,0.39150285720825195,1
10.1016/j.dche.2025.100242,http://h-da.de/ml-ontology/feature_extraction,feature extraction,0.36717689037323,1
10.1016/j.desal.2025.119193,http://h-da.de/ml-ontology/time_series_forecasting,time series forecasting,0.38186144828796387,1
10.1016/j.dib.2025.111873,http://h-da.de/ml-ontology/feature_extraction,feature extraction,0.42601290345191956,1
10.1016/j.dib.2025.112020,http://h-da.de/ml-ontology/feature_extraction,feature extraction,0.404276967048645,1
10.1016/j.dibe.2025.100718,http://h-da.de/ml-ontology/regression,regression,0.3514198660850525,1
10.1016/j.dsm.2023.10.003,http://h-da.de/ml-ontology/feature_selection,feature selection,0.43938973546028137,1
10.1016/j.dsm.2023.10.003,http://h-da.de/ml-ontology/association_rule_learning,association rule learning,0.3821920156478882,2
10.1016/j.dsm.2023.10.003,http://h-da.de/ml-ontology/feature_reduction,feature reduction,0.36291271448135376,3
10.1016/j.dsm.2023.10.003,http://h-da.de/ml-ontology/feature_extraction,feature extraction,0.35041266679763794,4
10.1016/j.dss.2021.113494,http://h-da.de/ml-ontology/time_series_forecasting,time series forecasting,0.36961326003074646,1
10.1016/j.dt.2025.06.008,http://h-da.de/ml-ontology/feature_extraction,feature extraction,0.3565472960472107,1
10.1016/j.ece.2025.06.006,http://h-da.de/ml-ontology/feature_extraction,feature extraction,0.4344790279865265,1
10.1016/j.ecoenv.2025.117823,http://h-da.de/ml-ontology/feature_extraction,feature extraction,0.36655116081237793,1
10.1016/j.egyai.2022.100214,http://h-da.de/ml-ontology/time_series_forecasting,time series forecasting,0.37219518423080444,1
10.1016/j.egyr.2021.09.031,http://h-da.de/ml-ontology/time_series_forecasting,time series forecasting,0.35588306188583374,1
10.1016/j.eij.2010.10.005,http://h-da.de/ml-ontology/classification,classification,0.3656776547431946,1
10.1016/j.eja.2024.127483,http://h-da.de/ml-ontology/image_regression,image regression,0.3514717221260071,1
10.1016/j.eja.2025.127750,http://h-da.de/ml-ontology/image_regression,image regression,0.38386690616607666,1
10.1016/j.eja.2025.127750,http://h-da.de/ml-ontology/video_regression,video regression,0.3577519953250885,2
10.1016/j.ejps.2025.107173,http://h-da.de/ml-ontology/feature_extraction,feature extraction,0.3561289310455322,1
10.1016/j.enbuild.2017.10.041,http://h-da.de/ml-ontology/feature_extraction,feature extraction,0.3978912830352783,1
10.1016/j.enbuild.2018.02.023,http://h-da.de/ml-ontology/feature_extraction,feature extraction,0.3608607053756714,1
10.1016/j.enbuild.2020.109966,http://h-da.de/ml-ontology/time_series_forecasting,time series forecasting,0.3858947157859802,1
10.1016/j.enbuild.2024.114899,http://h-da.de/ml-ontology/image_regression,image regression,0.36084669828414917,1
10.1016/j.enbuild.2025.115530,http://h-da.de/ml-ontology/feature_extraction,feature extraction,0.3761329650878906,1
10.1016/j.energy.2021.120069,http://h-da.de/ml-ontology/time_series_forecasting,time series forecasting,0.39159324765205383,1
10.1016/j.energy.2023.127935,http://h-da.de/ml-ontology/time_series_forecasting,time series forecasting,0.3957490921020508,1
10.1016/j.energy.2023.129499,http://h-da.de/ml-ontology/time_series_forecasting,time series forecasting,0.36282074451446533,1
10.1016/j.energy.2024.130880,http://h-da.de/ml-ontology/time_series_forecasting,time series forecasting,0.35846686363220215,1
10.1016/j.energy.2024.131185,http://h-da.de/ml-ontology/regression,regression,0.36531734466552734,1
10.1016/j.energy.2024.131185,http://h-da.de/ml-ontology/time_series_forecasting,time series forecasting,0.360879123210907,2
10.1016/j.energy.2024.131185,http://h-da.de/ml-ontology/image_regression,image regression,0.36074501276016235,3
10.1016/j.energy.2024.131185,http://h-da.de/ml-ontology/video_regression,video regression,0.35971394181251526,4
10.1016/j.energy.2025.135992,http://h-da.de/ml-ontology/time_series_forecasting,time series forecasting,0.3728143274784088,1
10.1016/j.energy.2025.137981,http://h-da.de/ml-ontology/time_series_forecasting,time series forecasting,0.376900851726532,1
10.1016/j.energy.2025.138396,http://h-da.de/ml-ontology/time_series_forecasting,time series forecasting,0.35127294063568115,1
10.1016/j.eng.2022.06.019,http://h-da.de/ml-ontology/feature_extraction,feature extraction,0.44629061222076416,1
10.1016/j.enganabound.2025.106361,http://h-da.de/ml-ontology/feature_extraction,feature extraction,0.3653225898742676,1
10.1016/j.engappai.2015.02.009,http://h-da.de/ml-ontology/association_rule_learning,association rule learning,0.4109801650047302,1
10.1016/j.engappai.2015.02.009,http://h-da.de/ml-ontology/audio_classification,audio classification,0.355212926864624,2
10.1016/j.engappai.2015.02.009,http://h-da.de/ml-ontology/classification,classification,0.3521311283111572,3
10.1016/j.engappai.2019.103289,http://h-da.de/ml-ontology/time_series_forecasting,time series forecasting,0.37510108947753906,1
10.1016/j.engappai.2019.103301,http://h-da.de/ml-ontology/anomaly_detection,anomaly detection,0.45977598428726196,1
10.1016/j.engappai.2020.103936,http://h-da.de/ml-ontology/feature_extraction,feature extraction,0.3814431428909302,1
10.1016/j.engappai.2022.105120,http://h-da.de/ml-ontology/feature_extraction,feature extraction,0.356760710477829,1
10.1016/j.engappai.2022.105741,http://h-da.de/ml-ontology/multiclass_classification,multiclass classification,0.39085519313812256,1
10.1016/j.engappai.2022.105741,http://h-da.de/ml-ontology/classification,classification,0.389248788356781,2
10.1016/j.engappai.2022.105741,http://h-da.de/ml-ontology/image_classification,image classification,0.3812206983566284,3
10.1016/j.engappai.2022.105741,http://h-da.de/ml-ontology/text_classification,text classification,0.37649282813072205,4
10.1016/j.engappai.2022.105741,http://h-da.de/ml-ontology/time_series_classification,time series classification,0.371843159198761,5
10.1016/j.engappai.2023.106078,http://h-da.de/ml-ontology/time_series_classification,time series classification,0.36856552958488464,1
10.1016/j.engappai.2023.106992,http://h-da.de/ml-ontology/action_recognition,action recognition,0.36395972967147827,1
10.1016/j.engappai.2023.107620,http://h-da.de/ml-ontology/feature_extraction,feature extraction,0.36805200576782227,1
10.1016/j.engappai.2023.107644,http://h-da.de/ml-ontology/time_series_forecasting,time series forecasting,0.4357258379459381,1
10.1016/j.engappai.2023.107680,http://h-da.de/ml-ontology/feature_extraction,feature extraction,0.36690399050712585,1
10.1016/j.engappai.2024.107903,http://h-da.de/ml-ontology/image_classification,image classification,0.38890308141708374,1
10.1016/j.engappai.2024.107903,http://h-da.de/ml-ontology/association_rule_learning,association rule learning,0.3515234887599945,2
10.1016/j.engappai.2024.109353,http://h-da.de/ml-ontology/action_recognition,action recognition,0.4387980103492737,1
10.1016/j.engappai.2024.109353,http://h-da.de/ml-ontology/time_series_forecasting,time series forecasting,0.3942181468009949,2
10.1016/j.engappai.2024.109353,http://h-da.de/ml-ontology/time_series_classification,time series classification,0.36741840839385986,3
10.1016/j.engappai.2024.109353,http://h-da.de/ml-ontology/feature_extraction,feature extraction,0.3581262230873108,4
10.1016/j.engappai.2024.109779,http://h-da.de/ml-ontology/time_series_forecasting,time series forecasting,0.400851309299469,1
10.1016/j.engappai.2024.109779,http://h-da.de/ml-ontology/feature_extraction,feature extraction,0.3710492253303528,2
10.1016/j.engappai.2025.110141,http://h-da.de/ml-ontology/feature_extraction,feature extraction,0.3666200637817383,1
10.1016/j.engappai.2025.110282,http://h-da.de/ml-ontology/anomaly_detection,anomaly detection,0.3764684200286865,1
10.1016/j.engappai.2025.110363,http://h-da.de/ml-ontology/feature_extraction,feature extraction,0.4336850643157959,1
10.1016/j.engappai.2025.110561,http://h-da.de/ml-ontology/time_series_forecasting,time series forecasting,0.413210391998291,1
10.1016/j.engappai.2025.110561,http://h-da.de/ml-ontology/sentiment_analysis,sentiment analysis,0.3897400498390198,2
10.1016/j.engappai.2025.110561,http://h-da.de/ml-ontology/text_regression,text regression,0.3867371678352356,3
10.1016/j.engappai.2025.110561,http://h-da.de/ml-ontology/time_series_classification,time series classification,0.3679056763648987,4
10.1016/j.engappai.2025.110674,http://h-da.de/ml-ontology/time_series_forecasting,time series forecasting,0.3577536344528198,1
10.1016/j.engappai.2025.111430,http://h-da.de/ml-ontology/multiclass_classification,multiclass classification,0.38549649715423584,1
10.1016/j.engappai.2025.111430,http://h-da.de/ml-ontology/audio_classification,audio classification,0.362177312374115,2
10.1016/j.engappai.2025.111430,http://h-da.de/ml-ontology/time_series_classification,time series classification,0.3537892699241638,3
10.1016/j.engappai.2025.111514,http://h-da.de/ml-ontology/anomaly_detection,anomaly detection,0.4239065647125244,1
10.1016/j.engappai.2025.111865,http://h-da.de/ml-ontology/feature_extraction,feature extraction,0.36267852783203125,1
10.1016/j.enggeo.2025.108088,http://h-da.de/ml-ontology/feature_extraction,feature extraction,0.37535232305526733,1
10.1016/j.engstruct.2021.112992,http://h-da.de/ml-ontology/audio_classification,audio classification,0.3521714508533478,1
10.1016/j.engstruct.2023.116391,http://h-da.de/ml-ontology/audio_regression,audio regression,0.36916449666023254,1
10.1016/j.epsr.2023.109384,http://h-da.de/ml-ontology/time_series_forecasting,time series forecasting,0.3685567378997803,1
10.1016/j.est.2021.103072,http://h-da.de/ml-ontology/feature_extraction,feature extraction,0.35862934589385986,1
10.1016/j.est.2022.104072,http://h-da.de/ml-ontology/feature_extraction,feature extraction,0.35211271047592163,1
10.1016/j.eswa.2007.10.029,http://h-da.de/ml-ontology/feature_extraction,feature extraction,0.40990257263183594,1
10.1016/j.eswa.2012.01.036,http://h-da.de/ml-ontology/feature_extraction,feature extraction,0.3640991151332855,1
10.1016/j.eswa.2015.05.047,http://h-da.de/ml-ontology/feature_extraction,feature extraction,0.36836016178131104,1
10.1016/j.eswa.2018.05.039,http://h-da.de/ml-ontology/recommendation,recommendation,0.481921911239624,1
10.1016/j.eswa.2018.05.039,http://h-da.de/ml-ontology/link_prediction,link prediction,0.3590500056743622,2
10.1016/j.eswa.2019.02.012,http://h-da.de/ml-ontology/association_rule_learning,association rule learning,0.39199692010879517,1
10.1016/j.eswa.2019.112865,http://h-da.de/ml-ontology/feature_selection,feature selection,0.36813271045684814,1
10.1016/j.eswa.2019.112865,http://h-da.de/ml-ontology/audio_classification,audio classification,0.36107930541038513,2
10.1016/j.eswa.2019.112865,http://h-da.de/ml-ontology/feature_extraction,feature extraction,0.3546408414840698,3
10.1016/j.eswa.2020.113405,http://h-da.de/ml-ontology/action_recognition,action recognition,0.42801231145858765,1
10.1016/j.eswa.2020.113405,http://h-da.de/ml-ontology/feature_extraction,feature extraction,0.4211427867412567,2
10.1016/j.eswa.2020.113653,http://h-da.de/ml-ontology/classification,classification,0.37948814034461975,1
10.1016/j.eswa.2020.114060,http://h-da.de/ml-ontology/association_rule_learning,association rule learning,0.374053418636322,1
10.1016/j.eswa.2020.114060,http://h-da.de/ml-ontology/feature_extraction,feature extraction,0.35301026701927185,2
10.1016/j.eswa.2021.114897,http://h-da.de/ml-ontology/feature_extraction,feature extraction,0.37435775995254517,1
10.1016/j.eswa.2021.115388,http://h-da.de/ml-ontology/sentiment_analysis,sentiment analysis,0.38048848509788513,1
10.1016/j.eswa.2021.115699,http://h-da.de/ml-ontology/feature_extraction,feature extraction,0.40546101331710815,1
10.1016/j.eswa.2022.117398,http://h-da.de/ml-ontology/feature_extraction,feature extraction,0.36381593346595764,1
10.1016/j.eswa.2022.117670,http://h-da.de/ml-ontology/time_series_forecasting,time series forecasting,0.3951866030693054,1
10.1016/j.eswa.2022.118196,http://h-da.de/ml-ontology/anomaly_detection,anomaly detection,0.4769134223461151,1
10.1016/j.eswa.2022.118435,http://h-da.de/ml-ontology/time_series_classification,time series classification,0.4053382873535156,1
10.1016/j.eswa.2022.118435,http://h-da.de/ml-ontology/time_series_forecasting,time series forecasting,0.3810933232307434,2
10.1016/j.eswa.2023.121104,http://h-da.de/ml-ontology/feature_extraction,feature extraction,0.40575677156448364,1
10.1016/j.eswa.2024.123820,http://h-da.de/ml-ontology/audio_classification,audio classification,0.3828401565551758,1
10.1016/j.eswa.2024.123820,http://h-da.de/ml-ontology/classification,classification,0.35623234510421753,2
10.1016/j.eswa.2024.123931,http://h-da.de/ml-ontology/feature_extraction,feature extraction,0.39048829674720764,1
10.1016/j.eswa.2024.124297,http://h-da.de/ml-ontology/anomaly_detection,anomaly detection,0.431701123714447,1
10.1016/j.eswa.2024.124297,http://h-da.de/ml-ontology/feature_extraction,feature extraction,0.36670559644699097,2
10.1016/j.eswa.2024.124744,http://h-da.de/ml-ontology/ranking,ranking,0.36825937032699585,1
10.1016/j.eswa.2024.125591,http://h-da.de/ml-ontology/audio_classification,audio classification,0.42066681385040283,1
10.1016/j.eswa.2024.125591,http://h-da.de/ml-ontology/audio_regression,audio regression,0.36270469427108765,2
10.1016/j.eswa.2025.127937,http://h-da.de/ml-ontology/time_series_forecasting,time series forecasting,0.39612603187561035,1
10.1016/j.eswa.2025.127937,http://h-da.de/ml-ontology/time_series_classification,time series classification,0.3902698755264282,2
10.1016/j.eswa.2025.128366,http://h-da.de/ml-ontology/time_series_forecasting,time series forecasting,0.35192441940307617,1
10.1016/j.eswa.2025.129014,http://h-da.de/ml-ontology/recommendation,recommendation,0.35729652643203735,1
10.1016/j.eswa.2025.129339,http://h-da.de/ml-ontology/video_classification,video classification,0.36729225516319275,1
10.1016/j.eswa.2025.129339,http://h-da.de/ml-ontology/image_classification,image classification,0.3578050136566162,2
10.1016/j.eti.2025.104541,http://h-da.de/ml-ontology/feature_extraction,feature extraction,0.36065995693206787,1
10.1016/j.flowmeasinst.2025.102985,http://h-da.de/ml-ontology/feature_extraction,feature extraction,0.3712179660797119,1
10.1016/j.flowmeasinst.2025.102987,http://h-da.de/ml-ontology/audio_regression,audio regression,0.37882179021835327,1
10.1016/j.foodchem.2024.138938,http://h-da.de/ml-ontology/feature_extraction,feature extraction,0.3506721258163452,1
10.1016/j.foodchem.2025.145037,http://h-da.de/ml-ontology/feature_extraction,feature extraction,0.3533996045589447,1
10.1016/j.foodcont.2023.109622,http://h-da.de/ml-ontology/feature_extraction,feature extraction,0.3835437297821045,1
10.1016/j.foodqual.2024.105251,http://h-da.de/ml-ontology/recommendation,recommendation,0.5343734622001648,1
10.1016/j.foodqual.2024.105251,http://h-da.de/ml-ontology/feature_extraction,feature extraction,0.3878227472305298,2
10.1016/j.foodres.2025.115773,http://h-da.de/ml-ontology/feature_extraction,feature extraction,0.3644189238548279,1
10.1016/j.foodres.2025.116399,http://h-da.de/ml-ontology/image_classification,image classification,0.35393762588500977,1
10.1016/j.fuel.2023.128623,http://h-da.de/ml-ontology/feature_extraction,feature extraction,0.3625420331954956,1
10.1016/j.fuel.2023.130516,http://h-da.de/ml-ontology/tabular_regression,tabular regression,0.3598519563674927,1
10.1016/j.fuel.2024.131695,http://h-da.de/ml-ontology/feature_extraction,feature extraction,0.3915233016014099,1
10.1016/j.fuel.2024.132396,http://h-da.de/ml-ontology/text_regression,text regression,0.42536410689353943,1
10.1016/j.fuel.2024.132958,http://h-da.de/ml-ontology/feature_extraction,feature extraction,0.3574344217777252,1
10.1016/j.fuel.2024.133109,http://h-da.de/ml-ontology/image_regression,image regression,0.357732355594635,1
10.1016/j.geoen.2023.211752,http://h-da.de/ml-ontology/feature_extraction,feature extraction,0.406743586063385,1
10.1016/j.geoen.2023.211752,http://h-da.de/ml-ontology/classification,classification,0.35195392370224,2
10.1016/j.geoen.2023.212138,http://h-da.de/ml-ontology/feature_extraction,feature extraction,0.41953882575035095,1
10.1016/j.geoen.2024.212688,http://h-da.de/ml-ontology/time_series_forecasting,time series forecasting,0.4055083990097046,1
10.1016/j.geoen.2024.212778,http://h-da.de/ml-ontology/anomaly_detection,anomaly detection,0.44955384731292725,1
10.1016/j.geoen.2024.212778,http://h-da.de/ml-ontology/feature_extraction,feature extraction,0.3597943186759949,2
10.1016/j.geoen.2024.212778,http://h-da.de/ml-ontology/time_series_classification,time series classification,0.359160840511322,3
10.1016/j.geoen.2024.212778,http://h-da.de/ml-ontology/time_series_analysis,time series analysis,0.3588786721229553,4
10.1016/j.geoen.2024.212778,http://h-da.de/ml-ontology/time_series_forecasting,time series forecasting,0.3587055206298828,5
10.1016/j.geoen.2024.213013,http://h-da.de/ml-ontology/image_classification,image classification,0.36971986293792725,1
10.1016/j.geothermics.2022.102643,http://h-da.de/ml-ontology/time_series_forecasting,time series forecasting,0.39250996708869934,1
10.1016/j.health.2022.100110,http://h-da.de/ml-ontology/feature_extraction,feature extraction,0.3668460249900818,1
10.1016/j.heliyon.2024.e32656,http://h-da.de/ml-ontology/feature_extraction,feature extraction,0.3704143166542053,1
10.1016/j.heliyon.2024.e40568,http://h-da.de/ml-ontology/text_regression,text regression,0.4052281379699707,1
10.1016/j.heliyon.2024.e40568,http://h-da.de/ml-ontology/text_classification,text classification,0.39808329939842224,2
10.1016/j.heliyon.2024.e40568,http://h-da.de/ml-ontology/time_series_forecasting,time series forecasting,0.3825983703136444,3
10.1016/j.heliyon.2025.e41637,http://h-da.de/ml-ontology/feature_extraction,feature extraction,0.36232757568359375,1
10.1016/j.idairyj.2024.106143,http://h-da.de/ml-ontology/classification,classification,0.3830810785293579,1
10.1016/j.idairyj.2024.106143,http://h-da.de/ml-ontology/feature_extraction,feature extraction,0.3782157599925995,2
10.1016/j.ifacol.2015.09.632,http://h-da.de/ml-ontology/time_series_forecasting,time series forecasting,0.36186444759368896,1
10.1016/j.ifacol.2018.03.075,http://h-da.de/ml-ontology/tabular_clustering,tabular clustering,0.41415858268737793,1
10.1016/j.ifacol.2018.03.075,http://h-da.de/ml-ontology/clustering,clustering,0.412935733795166,2
10.1016/j.ifacol.2018.08.266,http://h-da.de/ml-ontology/association_rule_learning,association rule learning,0.4291619062423706,1
10.1016/j.ifacol.2018.08.266,http://h-da.de/ml-ontology/recommendation,recommendation,0.39631807804107666,2
10.1016/j.ifacol.2018.08.266,http://h-da.de/ml-ontology/classification,classification,0.36353302001953125,3
10.1016/j.ifacol.2018.08.431,http://h-da.de/ml-ontology/clustering,clustering,0.4540528655052185,1
10.1016/j.ifacol.2018.08.431,http://h-da.de/ml-ontology/tabular_clustering,tabular clustering,0.427011638879776,2
10.1016/j.ifacol.2019.11.083,http://h-da.de/ml-ontology/feature_extraction,feature extraction,0.35246917605400085,1
10.1016/j.ifacol.2019.11.201,http://h-da.de/ml-ontology/time_series_forecasting,time series forecasting,0.4697522819042206,1
10.1016/j.ifacol.2020.11.046,http://h-da.de/ml-ontology/audio_classification,audio classification,0.35262539982795715,1
10.1016/j.ifacol.2020.12.719,http://h-da.de/ml-ontology/action_recognition,action recognition,0.415902316570282,1
10.1016/j.ifacol.2020.12.719,http://h-da.de/ml-ontology/time_series_classification,time series classification,0.3710058927536011,2
10.1016/j.ifacol.2020.12.719,http://h-da.de/ml-ontology/video_classification,video classification,0.3519049286842346,3
10.1016/j.ifacol.2021.08.039,http://h-da.de/ml-ontology/feature_extraction,feature extraction,0.421869158744812,1
10.1016/j.ifacol.2021.08.039,http://h-da.de/ml-ontology/association_rule_learning,association rule learning,0.3659660220146179,2
10.1016/j.ifacol.2021.08.094,http://h-da.de/ml-ontology/feature_extraction,feature extraction,0.4430338144302368,1
10.1016/j.ifacol.2021.08.094,http://h-da.de/ml-ontology/action_recognition,action recognition,0.3790198564529419,2
10.1016/j.ifacol.2021.08.094,http://h-da.de/ml-ontology/classification,classification,0.3672935366630554,3
10.1016/j.ifacol.2021.08.094,http://h-da.de/ml-ontology/time_series_classification,time series classification,0.35872897505760193,4
10.1016/j.ifacol.2021.10.069,http://h-da.de/ml-ontology/object_detection,object detection,0.3726916015148163,1
10.1016/j.ifacol.2021.12.031,http://h-da.de/ml-ontology/feature_extraction,feature extraction,0.3578525483608246,1
10.1016/j.ifacol.2022.04.193,http://h-da.de/ml-ontology/feature_extraction,feature extraction,0.39058274030685425,1
10.1016/j.ifacol.2022.07.133,http://h-da.de/ml-ontology/feature_extraction,feature extraction,0.36543744802474976,1
10.1016/j.ifacol.2022.07.174,http://h-da.de/ml-ontology/anomaly_detection,anomaly detection,0.39055144786834717,1
10.1016/j.ifacol.2022.07.174,http://h-da.de/ml-ontology/time_series_classification,time series classification,0.3756526708602905,2
10.1016/j.ifacol.2022.07.174,http://h-da.de/ml-ontology/time_series_analysis,time series analysis,0.35134434700012207,3
10.1016/j.ifacol.2022.07.628,http://h-da.de/ml-ontology/time_series_forecasting,time series forecasting,0.43154028058052063,1
10.1016/j.ifacol.2022.07.628,http://h-da.de/ml-ontology/regression,regression,0.3827858865261078,2
10.1016/j.ifacol.2022.07.628,http://h-da.de/ml-ontology/feature_extraction,feature extraction,0.36300694942474365,3
10.1016/j.ifacol.2022.09.193,http://h-da.de/ml-ontology/time_series_forecasting,time series forecasting,0.35392940044403076,1
10.1016/j.ifacol.2022.10.223,http://h-da.de/ml-ontology/regression,regression,0.3545245826244354,1
10.1016/j.ifacol.2023.01.093,http://h-da.de/ml-ontology/time_series_classification,time series classification,0.3594464063644409,1
10.1016/j.ifacol.2023.01.093,http://h-da.de/ml-ontology/anomaly_detection,anomaly detection,0.35196763277053833,2
10.1016/j.ifacol.2023.10.1198,http://h-da.de/ml-ontology/feature_extraction,feature extraction,0.40834495425224304,1
10.1016/j.ifacol.2023.10.134,http://h-da.de/ml-ontology/feature_extraction,feature extraction,0.3528778851032257,1
10.1016/j.ifacol.2023.10.503,http://h-da.de/ml-ontology/feature_extraction,feature extraction,0.35857200622558594,1
10.1016/j.ifacol.2023.10.604,http://h-da.de/ml-ontology/feature_extraction,feature extraction,0.36807963252067566,1
10.1016/j.ifacol.2023.10.606,http://h-da.de/ml-ontology/feature_extraction,feature extraction,0.41231247782707214,1
10.1016/j.ifacol.2023.10.893,http://h-da.de/ml-ontology/regression,regression,0.3898884654045105,1
10.1016/j.ifacol.2023.10.893,http://h-da.de/ml-ontology/image_regression,image regression,0.36165210604667664,2
10.1016/j.ifacol.2024.08.115,http://h-da.de/ml-ontology/feature_extraction,feature extraction,0.3659844696521759,1
10.1016/j.ifacol.2024.08.115,http://h-da.de/ml-ontology/image_classification,image classification,0.3600161075592041,2
10.1016/j.ifacol.2024.08.115,http://h-da.de/ml-ontology/classification,classification,0.3547324240207672,3
10.1016/j.ifacol.2024.08.129,http://h-da.de/ml-ontology/feature_extraction,feature extraction,0.3567245304584503,1
10.1016/j.ifacol.2024.09.092,http://h-da.de/ml-ontology/feature_extraction,feature extraction,0.38049018383026123,1
10.1016/j.ifacol.2024.09.092,http://h-da.de/ml-ontology/action_recognition,action recognition,0.359114408493042,2
10.1016/j.ifacol.2025.07.147,http://h-da.de/ml-ontology/feature_extraction,feature extraction,0.37309664487838745,1
10.1016/j.ifacol.2025.09.073,http://h-da.de/ml-ontology/action_recognition,action recognition,0.35968196392059326,1
10.1016/j.ifacol.2025.09.252,http://h-da.de/ml-ontology/anomaly_detection,anomaly detection,0.3999687433242798,1
10.1016/j.ifacol.2025.09.312,http://h-da.de/ml-ontology/time_series_classification,time series classification,0.3526892364025116,1
10.1016/j.ifacol.2025.09.385,http://h-da.de/ml-ontology/image_regression,image regression,0.3719346821308136,1
10.1016/j.ifacol.2025.09.473,http://h-da.de/ml-ontology/time_series_classification,time series classification,0.35974109172821045,1
10.1016/j.ifacol.2025.09.473,http://h-da.de/ml-ontology/feature_extraction,feature extraction,0.3531830608844757,2
10.1016/j.ifset.2022.103242,http://h-da.de/ml-ontology/feature_extraction,feature extraction,0.39076417684555054,1
10.1016/j.ifset.2022.103242,http://h-da.de/ml-ontology/regression,regression,0.3861059844493866,2
10.1016/j.ifset.2022.103242,http://h-da.de/ml-ontology/tabular_regression,tabular regression,0.3854660987854004,3
10.1016/j.ijfatigue.2025.109185,http://h-da.de/ml-ontology/feature_extraction,feature extraction,0.4331458806991577,1
10.1016/j.ijfatigue.2025.109185,http://h-da.de/ml-ontology/feature_reduction,feature reduction,0.37021565437316895,2
10.1016/j.ijfatigue.2025.109185,http://h-da.de/ml-ontology/feature_selection,feature selection,0.3563549518585205,3
10.1016/j.ijforecast.2021.01.011,http://h-da.de/ml-ontology/time_series_forecasting,time series forecasting,0.3783968687057495,1
10.1016/j.ijhm.2023.103684,http://h-da.de/ml-ontology/recommendation,recommendation,0.3976856470108032,1
10.1016/j.ijhm.2023.103684,http://h-da.de/ml-ontology/association_rule_learning,association rule learning,0.3915330767631531,2
10.1016/j.ijhm.2023.103684,http://h-da.de/ml-ontology/feature_extraction,feature extraction,0.3505162000656128,3
10.1016/j.ijhydene.2023.11.137,http://h-da.de/ml-ontology/classification,classification,0.37613728642463684,1
10.1016/j.ijhydene.2025.150314,http://h-da.de/ml-ontology/feature_extraction,feature extraction,0.3602724075317383,1
10.1016/j.ijmst.2015.09.016,http://h-da.de/ml-ontology/regression,regression,0.385010302066803,1
10.1016/j.ijmst.2015.09.016,http://h-da.de/ml-ontology/audio_regression,audio regression,0.3582192063331604,2
10.1016/j.ijpe.2024.109319,http://h-da.de/ml-ontology/feature_extraction,feature extraction,0.35234493017196655,1
10.1016/j.ijpe.2024.109499,http://h-da.de/ml-ontology/recommendation,recommendation,0.479378342628479,1
10.1016/j.ijpe.2025.109688,http://h-da.de/ml-ontology/time_series_forecasting,time series forecasting,0.3510369658470154,1
10.1016/j.ijpharm.2024.124049,http://h-da.de/ml-ontology/feature_extraction,feature extraction,0.3606452941894531,1
10.1016/j.ijpharm.2024.124463,http://h-da.de/ml-ontology/feature_extraction,feature extraction,0.4048996567726135,1
10.1016/j.ijpharm.2024.124463,http://h-da.de/ml-ontology/tabular_regression,tabular regression,0.36090612411499023,2
10.1016/j.ijpvp.2020.104243,http://h-da.de/ml-ontology/audio_classification,audio classification,0.42370474338531494,1
10.1016/j.ijrmms.2024.105835,http://h-da.de/ml-ontology/feature_extraction,feature extraction,0.361298143863678,1
10.1016/j.imu.2021.100707,http://h-da.de/ml-ontology/classification,classification,0.37541621923446655,1
10.1016/j.indcrop.2025.121110,http://h-da.de/ml-ontology/feature_extraction,feature extraction,0.38552308082580566,1
10.1016/j.indcrop.2025.121110,http://h-da.de/ml-ontology/image_regression,image regression,0.353276789188385,2
10.1016/j.inffus.2022.08.021,http://h-da.de/ml-ontology/audio_classification,audio classification,0.37270718812942505,1
10.1016/j.inffus.2022.08.021,http://h-da.de/ml-ontology/feature_extraction,feature extraction,0.36213019490242004,2
10.1016/j.inffus.2022.08.021,http://h-da.de/ml-ontology/classification,classification,0.3605937063694,3
10.1016/j.inffus.2022.08.021,http://h-da.de/ml-ontology/association_rule_learning,association rule learning,0.35477161407470703,4
10.1016/j.inffus.2023.101918,http://h-da.de/ml-ontology/time_series_forecasting,time series forecasting,0.5134658813476562,1
10.1016/j.inffus.2023.101918,http://h-da.de/ml-ontology/time_series_classification,time series classification,0.4310411810874939,2
10.1016/j.inffus.2023.101918,http://h-da.de/ml-ontology/audio_regression,audio regression,0.3504725992679596,3
10.1016/j.inffus.2025.103242,http://h-da.de/ml-ontology/association_rule_learning,association rule learning,0.3513752222061157,1
10.1016/j.infrared.2025.105836,http://h-da.de/ml-ontology/image_classification,image classification,0.35386422276496887,1
10.1016/j.inpa.2022.10.005,http://h-da.de/ml-ontology/time_series_forecasting,time series forecasting,0.3676449656486511,1
10.1016/j.ins.2025.122451,http://h-da.de/ml-ontology/named_entity_recognition,named entity recognition,0.4611858129501343,1
10.1016/j.ins.2025.122451,http://h-da.de/ml-ontology/text_analytics,text analytics,0.42774665355682373,2
10.1016/j.is.2023.102340,http://h-da.de/ml-ontology/action_recognition,action recognition,0.4488224387168884,1
10.1016/j.isatra.2021.04.030,http://h-da.de/ml-ontology/feature_extraction,feature extraction,0.39090242981910706,1
10.1016/j.isatra.2025.07.021,http://h-da.de/ml-ontology/feature_extraction,feature extraction,0.35756951570510864,1
10.1016/j.isatra.2025.08.027,http://h-da.de/ml-ontology/feature_extraction,feature extraction,0.38429784774780273,1
10.1016/j.isatra.2025.08.027,http://h-da.de/ml-ontology/audio_regression,audio regression,0.3782534599304199,2
10.1016/j.isprsjprs.2015.09.007,http://h-da.de/ml-ontology/image_classification,image classification,0.36073070764541626,1
10.1016/j.istruc.2022.10.019,http://h-da.de/ml-ontology/audio_classification,audio classification,0.3609342873096466,1
10.1016/j.istruc.2023.01.068,http://h-da.de/ml-ontology/feature_extraction,feature extraction,0.3797941207885742,1
10.1016/j.istruc.2025.109036,http://h-da.de/ml-ontology/classification,classification,0.38607412576675415,1
10.1016/j.istruc.2025.109036,http://h-da.de/ml-ontology/feature_extraction,feature extraction,0.3503307104110718,2
10.1016/j.istruc.2025.110050,http://h-da.de/ml-ontology/feature_extraction,feature extraction,0.36694204807281494,1
10.1016/j.iswa.2024.200372,http://h-da.de/ml-ontology/feature_extraction,feature extraction,0.40034157037734985,1
10.1016/j.iswa.2024.200438,http://h-da.de/ml-ontology/image_classification,image classification,0.3525901138782501,1
10.1016/j.jafr.2024.101406,http://h-da.de/ml-ontology/feature_extraction,feature extraction,0.35066381096839905,1
10.1016/j.jag.2022.102725,http://h-da.de/ml-ontology/image_regression,image regression,0.3658277094364166,1
10.1016/j.jag.2022.103069,http://h-da.de/ml-ontology/image_regression,image regression,0.39046669006347656,1
10.1016/j.jag.2022.103069,http://h-da.de/ml-ontology/video_regression,video regression,0.36285072565078735,2
10.1016/j.jbi.2022.104122,http://h-da.de/ml-ontology/link_prediction,link prediction,0.36472219228744507,1
10.1016/j.jbi.2023.104285,http://h-da.de/ml-ontology/named_entity_recognition,named entity recognition,0.36566388607025146,1
10.1016/j.jbi.2024.104706,http://h-da.de/ml-ontology/anomaly_detection,anomaly detection,0.3594590425491333,1
10.1016/j.jbusres.2014.02.015,http://h-da.de/ml-ontology/recommendation,recommendation,0.430177241563797,1
10.1016/j.jclepro.2019.01.031,http://h-da.de/ml-ontology/classification,classification,0.3884536325931549,1
10.1016/j.jclepro.2019.01.031,http://h-da.de/ml-ontology/tabular_regression,tabular regression,0.3721243143081665,2
10.1016/j.jclepro.2019.01.031,http://h-da.de/ml-ontology/regression,regression,0.35711994767189026,3
10.1016/j.jclepro.2019.01.031,http://h-da.de/ml-ontology/tabular_classification,tabular classification,0.35127976536750793,4
10.1016/j.jclepro.2022.131852,http://h-da.de/ml-ontology/time_series_forecasting,time series forecasting,0.4009743332862854,1
10.1016/j.jclepro.2022.133406,http://h-da.de/ml-ontology/audio_regression,audio regression,0.36959367990493774,1
10.1016/j.jclepro.2022.133406,http://h-da.de/ml-ontology/time_series_forecasting,time series forecasting,0.35767608880996704,2
10.1016/j.jclepro.2022.133406,http://h-da.de/ml-ontology/feature_extraction,feature extraction,0.3574613630771637,3
10.1016/j.jclepro.2023.137177,http://h-da.de/ml-ontology/feature_extraction,feature extraction,0.4074447751045227,1
10.1016/j.jclepro.2025.145727,http://h-da.de/ml-ontology/classification,classification,0.36531490087509155,1
10.1016/j.jclepro.2025.145727,http://h-da.de/ml-ontology/feature_extraction,feature extraction,0.3614366352558136,2
10.1016/j.jclepro.2025.146560,http://h-da.de/ml-ontology/feature_extraction,feature extraction,0.3506847023963928,1
10.1016/j.jddst.2023.105201,http://h-da.de/ml-ontology/feature_extraction,feature extraction,0.4062039256095886,1
10.1016/j.jece.2025.118844,http://h-da.de/ml-ontology/feature_extraction,feature extraction,0.35128962993621826,1
10.1016/j.jedc.2023.104607,http://h-da.de/ml-ontology/link_prediction,link prediction,0.4300539791584015,1
10.1016/j.jenvman.2023.118594,http://h-da.de/ml-ontology/anomaly_detection,anomaly detection,0.3946229815483093,1
10.1016/j.jenvman.2023.118594,http://h-da.de/ml-ontology/time_series_classification,time series classification,0.358425498008728,2
10.1016/j.jenvman.2023.118594,http://h-da.de/ml-ontology/feature_extraction,feature extraction,0.35450127720832825,3
10.1016/j.jenvman.2024.120309,http://h-da.de/ml-ontology/classification,classification,0.4078882038593292,1
10.1016/j.jenvman.2024.124011,http://h-da.de/ml-ontology/anomaly_detection,anomaly detection,0.448455810546875,1
10.1016/j.jenvman.2025.124029,http://h-da.de/ml-ontology/image_regression,image regression,0.351887583732605,1
10.1016/j.jer.2023.100051,http://h-da.de/ml-ontology/audio_classification,audio classification,0.48590487241744995,1
10.1016/j.jer.2023.100051,http://h-da.de/ml-ontology/audio_regression,audio regression,0.382283091545105,2
10.1016/j.jer.2025.01.002,http://h-da.de/ml-ontology/feature_extraction,feature extraction,0.3676431179046631,1
10.1016/j.jestch.2024.101743,http://h-da.de/ml-ontology/feature_extraction,feature extraction,0.3633209466934204,1
10.1016/j.jfca.2019.103388,http://h-da.de/ml-ontology/feature_extraction,feature extraction,0.35972878336906433,1
10.1016/j.jgsce.2025.205549,http://h-da.de/ml-ontology/time_series_forecasting,time series forecasting,0.3723090887069702,1
10.1016/j.jgsce.2025.205714,http://h-da.de/ml-ontology/time_series_forecasting,time series forecasting,0.3514750301837921,1
10.1016/j.jia.2023.02.011,http://h-da.de/ml-ontology/feature_extraction,feature extraction,0.350405216217041,1
10.1016/j.jii.2023.100439,http://h-da.de/ml-ontology/feature_extraction,feature extraction,0.411737859249115,1
10.1016/j.jii.2024.100621,http://h-da.de/ml-ontology/feature_extraction,feature extraction,0.3613657057285309,1
10.1016/j.jii.2025.100920,http://h-da.de/ml-ontology/feature_extraction,feature extraction,0.35429269075393677,1
10.1016/j.jii.2025.100970,http://h-da.de/ml-ontology/anomaly_detection,anomaly detection,0.4461933970451355,1
10.1016/j.jik.2023.100355,http://h-da.de/ml-ontology/time_series_forecasting,time series forecasting,0.3977423906326294,1
10.1016/j.jjimei.2024.100303,http://h-da.de/ml-ontology/recommendation,recommendation,0.5597257614135742,1
10.1016/j.jksuci.2023.02.010,http://h-da.de/ml-ontology/anomaly_detection,anomaly detection,0.46756356954574585,1
10.1016/j.jmapro.2018.08.038,http://h-da.de/ml-ontology/audio_classification,audio classification,0.37538039684295654,1
10.1016/j.jmapro.2019.10.020,http://h-da.de/ml-ontology/audio_classification,audio classification,0.38920390605926514,1
10.1016/j.jmapro.2019.10.020,http://h-da.de/ml-ontology/feature_extraction,feature extraction,0.3847939968109131,2
10.1016/j.jmapro.2019.10.020,http://h-da.de/ml-ontology/audio_regression,audio regression,0.38011595606803894,3
10.1016/j.jmapro.2020.08.043,http://h-da.de/ml-ontology/feature_extraction,feature extraction,0.389466792345047,1
10.1016/j.jmapro.2020.08.043,http://h-da.de/ml-ontology/time_series_classification,time series classification,0.3678478002548218,2
10.1016/j.jmapro.2021.09.044,http://h-da.de/ml-ontology/audio_regression,audio regression,0.364767849445343,1
10.1016/j.jmapro.2022.01.020,http://h-da.de/ml-ontology/feature_extraction,feature extraction,0.37874290347099304,1
10.1016/j.jmapro.2022.02.057,http://h-da.de/ml-ontology/feature_extraction,feature extraction,0.3630629777908325,1
10.1016/j.jmapro.2022.02.057,http://h-da.de/ml-ontology/audio_regression,audio regression,0.3505247235298157,2
10.1016/j.jmapro.2022.10.002,http://h-da.de/ml-ontology/feature_extraction,feature extraction,0.3833674192428589,1
10.1016/j.jmapro.2022.10.002,http://h-da.de/ml-ontology/audio_classification,audio classification,0.38307809829711914,2
10.1016/j.jmapro.2022.10.064,http://h-da.de/ml-ontology/feature_extraction,feature extraction,0.35101330280303955,1
10.1016/j.jmapro.2025.06.059,http://h-da.de/ml-ontology/feature_extraction,feature extraction,0.36695387959480286,1
10.1016/j.jmrt.2023.06.006,http://h-da.de/ml-ontology/classification,classification,0.3531707525253296,1
10.1016/j.jmsy.2019.01.004,http://h-da.de/ml-ontology/feature_extraction,feature extraction,0.3690219223499298,1
10.1016/j.jmsy.2020.02.011,http://h-da.de/ml-ontology/clustering,clustering,0.35305124521255493,1
10.1016/j.jmsy.2020.10.006,http://h-da.de/ml-ontology/time_series_forecasting,time series forecasting,0.36757782101631165,1
10.1016/j.jmsy.2021.08.004,http://h-da.de/ml-ontology/audio_classification,audio classification,0.4502599835395813,1
10.1016/j.jmsy.2021.08.004,http://h-da.de/ml-ontology/audio_regression,audio regression,0.431567907333374,2
10.1016/j.jmsy.2021.08.004,http://h-da.de/ml-ontology/time_series_classification,time series classification,0.36919111013412476,3
10.1016/j.jmsy.2021.08.004,http://h-da.de/ml-ontology/feature_extraction,feature extraction,0.35173630714416504,4
10.1016/j.jmsy.2021.08.009,http://h-da.de/ml-ontology/action_recognition,action recognition,0.3514370322227478,1
10.1016/j.jmsy.2021.10.007,http://h-da.de/ml-ontology/feature_extraction,feature extraction,0.36297300457954407,1
10.1016/j.jmsy.2021.12.010,http://h-da.de/ml-ontology/regression,regression,0.35521090030670166,1
10.1016/j.jmsy.2022.03.014,http://h-da.de/ml-ontology/feature_extraction,feature extraction,0.36160826683044434,1
10.1016/j.jmsy.2022.05.011,http://h-da.de/ml-ontology/object_detection,object detection,0.37914860248565674,1
10.1016/j.jmsy.2022.10.018,http://h-da.de/ml-ontology/feature_extraction,feature extraction,0.3554127812385559,1
10.1016/j.jmsy.2023.08.002,http://h-da.de/ml-ontology/image_classification,image classification,0.41992539167404175,1
10.1016/j.jmsy.2023.08.002,http://h-da.de/ml-ontology/feature_extraction,feature extraction,0.38360345363616943,2
10.1016/j.jmsy.2024.08.023,http://h-da.de/ml-ontology/feature_extraction,feature extraction,0.35510146617889404,1
10.1016/j.jmsy.2025.10.001,http://h-da.de/ml-ontology/feature_extraction,feature extraction,0.364661306142807,1
10.1016/j.jngse.2021.104045,http://h-da.de/ml-ontology/feature_extraction,feature extraction,0.3510156273841858,1
10.1016/j.jprocont.2014.11.005,http://h-da.de/ml-ontology/feature_extraction,feature extraction,0.3812272250652313,1
10.1016/j.jprocont.2014.11.005,http://h-da.de/ml-ontology/image_regression,image regression,0.36591941118240356,2
10.1016/j.jprocont.2023.103036,http://h-da.de/ml-ontology/regression,regression,0.3975500464439392,1
10.1016/j.jpse.2024.100244,http://h-da.de/ml-ontology/audio_classification,audio classification,0.38680726289749146,1
10.1016/j.jpse.2024.100244,http://h-da.de/ml-ontology/classification,classification,0.354991614818573,2
10.1016/j.jsv.2024.118788,http://h-da.de/ml-ontology/feature_extraction,feature extraction,0.38992249965667725,1
10.1016/j.jsv.2024.118788,http://h-da.de/ml-ontology/time_series_classification,time series classification,0.3652055859565735,2
10.1016/j.jterra.2016.09.001,http://h-da.de/ml-ontology/feature_extraction,feature extraction,0.36719179153442383,1
10.1016/j.jweia.2020.104198,http://h-da.de/ml-ontology/time_series_forecasting,time series forecasting,0.3788883686065674,1
10.1016/j.jwpe.2025.108344,http://h-da.de/ml-ontology/feature_extraction,feature extraction,0.36640939116477966,1
10.1016/j.jwpe.2025.108699,http://h-da.de/ml-ontology/feature_extraction,feature extraction,0.36006855964660645,1
10.1016/j.knosys.2014.10.012,http://h-da.de/ml-ontology/audio_classification,audio classification,0.36993345618247986,1
10.1016/j.knosys.2014.10.012,http://h-da.de/ml-ontology/image_classification,image classification,0.3667265474796295,2
10.1016/j.knosys.2014.10.012,http://h-da.de/ml-ontology/feature_extraction,feature extraction,0.3595541715621948,3
10.1016/j.knosys.2021.107469,http://h-da.de/ml-ontology/tabular_clustering,tabular clustering,0.43891027569770813,1
10.1016/j.knosys.2021.107469,http://h-da.de/ml-ontology/clustering,clustering,0.4373774230480194,2
10.1016/j.knosys.2021.107469,http://h-da.de/ml-ontology/feature_extraction,feature extraction,0.3710475564002991,3
10.1016/j.knosys.2021.107469,http://h-da.de/ml-ontology/binary_classification,binary classification,0.366520494222641,4
10.1016/j.knosys.2021.107469,http://h-da.de/ml-ontology/association_rule_learning,association rule learning,0.35086023807525635,5
10.1016/j.knosys.2024.112445,http://h-da.de/ml-ontology/anomaly_detection,anomaly detection,0.509445309638977,1
10.1016/j.knosys.2025.114197,http://h-da.de/ml-ontology/text_classification,text classification,0.38155224919319153,1
10.1016/j.lwt.2025.117585,http://h-da.de/ml-ontology/feature_selection,feature selection,0.40493202209472656,1
10.1016/j.lwt.2025.117585,http://h-da.de/ml-ontology/feature_extraction,feature extraction,0.37069761753082275,2
10.1016/j.lwt.2025.117585,http://h-da.de/ml-ontology/feature_reduction,feature reduction,0.3610643744468689,3
10.1016/j.matpr.2020.07.245,http://h-da.de/ml-ontology/feature_extraction,feature extraction,0.3781089186668396,1
10.1016/j.matpr.2021.02.059,http://h-da.de/ml-ontology/feature_extraction,feature extraction,0.36225059628486633,1
10.1016/j.matpr.2021.02.061,http://h-da.de/ml-ontology/feature_extraction,feature extraction,0.3808850347995758,1
10.1016/j.matpr.2021.05.474,http://h-da.de/ml-ontology/time_series_forecasting,time series forecasting,0.3619801104068756,1
10.1016/j.matpr.2021.05.474,http://h-da.de/ml-ontology/time_series_analysis,time series analysis,0.3543659448623657,2
10.1016/j.matpr.2022.01.285,http://h-da.de/ml-ontology/image_classification,image classification,0.45258408784866333,1
10.1016/j.matpr.2022.01.285,http://h-da.de/ml-ontology/video_classification,video classification,0.39703819155693054,2
10.1016/j.matpr.2022.04.541,http://h-da.de/ml-ontology/image_regression,image regression,0.35640186071395874,1
10.1016/j.matpr.2022.05.409,http://h-da.de/ml-ontology/sentiment_analysis,sentiment analysis,0.6105269193649292,1
10.1016/j.matpr.2022.05.409,http://h-da.de/ml-ontology/text_classification,text classification,0.5012057423591614,2
10.1016/j.matpr.2022.05.409,http://h-da.de/ml-ontology/text_regression,text regression,0.41907232999801636,3
10.1016/j.matpr.2022.05.409,http://h-da.de/ml-ontology/named_entity_recognition,named entity recognition,0.40411967039108276,4
10.1016/j.matpr.2022.05.409,http://h-da.de/ml-ontology/classification,classification,0.3972552418708801,5
10.1016/j.matpr.2022.06.250,http://h-da.de/ml-ontology/time_series_forecasting,time series forecasting,0.3562467396259308,1
10.1016/j.matpr.2022.06.474,http://h-da.de/ml-ontology/object_detection,object detection,0.38265812397003174,1
10.1016/j.matpr.2022.06.474,http://h-da.de/ml-ontology/image_classification,image classification,0.3509800434112549,2
10.1016/j.matpr.2022.09.271,http://h-da.de/ml-ontology/feature_extraction,feature extraction,0.35701507329940796,1
10.1016/j.measen.2024.101473,http://h-da.de/ml-ontology/time_series_forecasting,time series forecasting,0.3711997866630554,1
10.1016/j.measen.2024.101473,http://h-da.de/ml-ontology/feature_extraction,feature extraction,0.3660231828689575,2
10.1016/j.measen.2024.101570,http://h-da.de/ml-ontology/feature_extraction,feature extraction,0.4015650451183319,1
10.1016/j.measen.2025.101880,http://h-da.de/ml-ontology/action_recognition,action recognition,0.4078720510005951,1
10.1016/j.measurement.2019.107138,http://h-da.de/ml-ontology/audio_classification,audio classification,0.38721704483032227,1
10.1016/j.measurement.2019.107138,http://h-da.de/ml-ontology/time_series_classification,time series classification,0.382704496383667,2
10.1016/j.measurement.2019.107138,http://h-da.de/ml-ontology/action_recognition,action recognition,0.35557258129119873,3
10.1016/j.measurement.2021.109448,http://h-da.de/ml-ontology/feature_extraction,feature extraction,0.381941020488739,1
10.1016/j.measurement.2021.110085,http://h-da.de/ml-ontology/feature_extraction,feature extraction,0.3541293442249298,1
10.1016/j.measurement.2024.114242,http://h-da.de/ml-ontology/feature_extraction,feature extraction,0.37965548038482666,1
10.1016/j.measurement.2024.115303,http://h-da.de/ml-ontology/feature_extraction,feature extraction,0.3541052043437958,1
10.1016/j.measurement.2025.117737,http://h-da.de/ml-ontology/feature_extraction,feature extraction,0.35159996151924133,1
10.1016/j.measurement.2025.117758,http://h-da.de/ml-ontology/classification,classification,0.44757896661758423,1
10.1016/j.measurement.2025.117758,http://h-da.de/ml-ontology/feature_extraction,feature extraction,0.40473803877830505,2
10.1016/j.measurement.2025.117758,http://h-da.de/ml-ontology/audio_classification,audio classification,0.38579457998275757,3
10.1016/j.measurement.2025.117758,http://h-da.de/ml-ontology/time_series_classification,time series classification,0.3773622512817383,4
10.1016/j.measurement.2025.117758,http://h-da.de/ml-ontology/image_classification,image classification,0.37624886631965637,5
10.1016/j.measurement.2025.117916,http://h-da.de/ml-ontology/feature_extraction,feature extraction,0.36874669790267944,1
10.1016/j.measurement.2025.118006,http://h-da.de/ml-ontology/object_detection,object detection,0.35579606890678406,1
10.1016/j.measurement.2025.118153,http://h-da.de/ml-ontology/feature_extraction,feature extraction,0.4026212990283966,1
10.1016/j.measurement.2025.119261,http://h-da.de/ml-ontology/anomaly_detection,anomaly detection,0.4127432107925415,1
10.1016/j.measurement.2025.119261,http://h-da.de/ml-ontology/feature_extraction,feature extraction,0.38394853472709656,2
10.1016/j.medengphy.2024.104208,http://h-da.de/ml-ontology/time_series_classification,time series classification,0.3623722791671753,1
10.1016/j.mex.2025.103181,http://h-da.de/ml-ontology/anomaly_detection,anomaly detection,0.42138388752937317,1
10.1016/j.mex.2025.103181,http://h-da.de/ml-ontology/time_series_classification,time series classification,0.3503771126270294,2
10.1016/j.mfglet.2022.07.104,http://h-da.de/ml-ontology/feature_extraction,feature extraction,0.3708292841911316,1
10.1016/j.mfglet.2023.08.010,http://h-da.de/ml-ontology/feature_extraction,feature extraction,0.36092257499694824,1
10.1016/j.mfglet.2024.09.022,http://h-da.de/ml-ontology/feature_extraction,feature extraction,0.3788338303565979,1
10.1016/j.mfglet.2024.09.101,http://h-da.de/ml-ontology/feature_extraction,feature extraction,0.35286569595336914,1
10.1016/j.mfglet.2024.09.143,http://h-da.de/ml-ontology/time_series_classification,time series classification,0.46938979625701904,1
10.1016/j.mfglet.2024.09.143,http://h-da.de/ml-ontology/feature_reduction,feature reduction,0.3545117974281311,2
10.1016/j.microc.2025.115133,http://h-da.de/ml-ontology/image_classification,image classification,0.3648461103439331,1
10.1016/j.mineng.2019.01.032,http://h-da.de/ml-ontology/feature_extraction,feature extraction,0.40045595169067383,1
10.1016/j.mineng.2025.109424,http://h-da.de/ml-ontology/time_series_forecasting,time series forecasting,0.3976767659187317,1
10.1016/j.mineng.2025.109424,http://h-da.de/ml-ontology/image_regression,image regression,0.377294659614563,2
10.1016/j.mineng.2025.109424,http://h-da.de/ml-ontology/audio_regression,audio regression,0.376451313495636,3
10.1016/j.mineng.2025.109424,http://h-da.de/ml-ontology/feature_extraction,feature extraction,0.35915324091911316,4
10.1016/j.molliq.2023.122948,http://h-da.de/ml-ontology/classification,classification,0.3528946340084076,1
10.1016/j.molliq.2025.126933,http://h-da.de/ml-ontology/feature_extraction,feature extraction,0.3552524447441101,1
10.1016/j.molliq.2025.126933,http://h-da.de/ml-ontology/regression,regression,0.353519082069397,2
10.1016/j.mtcomm.2022.105162,http://h-da.de/ml-ontology/feature_extraction,feature extraction,0.4377368092536926,1
10.1016/j.mtcomm.2022.105162,http://h-da.de/ml-ontology/feature_reduction,feature reduction,0.40716680884361267,2
10.1016/j.mtcomm.2022.105162,http://h-da.de/ml-ontology/image_regression,image regression,0.3809811472892761,3
10.1016/j.mtcomm.2022.105162,http://h-da.de/ml-ontology/audio_regression,audio regression,0.3771423101425171,4
10.1016/j.mtcomm.2024.109997,http://h-da.de/ml-ontology/feature_extraction,feature extraction,0.37885478138923645,1
10.1016/j.neucom.2011.12.057,http://h-da.de/ml-ontology/topic_modeling,topic modeling,0.42592042684555054,1
10.1016/j.neucom.2011.12.057,http://h-da.de/ml-ontology/sentence_similarity,sentence similarity,0.35231876373291016,2
10.1016/j.neucom.2013.08.004,http://h-da.de/ml-ontology/audio_classification,audio classification,0.3792996406555176,1
10.1016/j.neucom.2013.08.004,http://h-da.de/ml-ontology/multiclass_classification,multiclass classification,0.36668986082077026,2
10.1016/j.neucom.2014.06.068,http://h-da.de/ml-ontology/feature_extraction,feature extraction,0.3808867633342743,1
10.1016/j.neucom.2018.09.109,http://h-da.de/ml-ontology/feature_extraction,feature extraction,0.3537156283855438,1
10.1016/j.neucom.2019.07.034,http://h-da.de/ml-ontology/anomaly_detection,anomaly detection,0.40912926197052,1
10.1016/j.neucom.2023.126887,http://h-da.de/ml-ontology/clustering,clustering,0.40443432331085205,1
10.1016/j.neucom.2023.126887,http://h-da.de/ml-ontology/tabular_clustering,tabular clustering,0.3973504304885864,2
10.1016/j.neucom.2023.126887,http://h-da.de/ml-ontology/community_detection,community detection,0.3948077857494354,3
10.1016/j.neucom.2025.129487,http://h-da.de/ml-ontology/feature_extraction,feature extraction,0.3611975908279419,1
10.1016/j.neucom.2025.129619,http://h-da.de/ml-ontology/feature_extraction,feature extraction,0.3628213107585907,1
10.1016/j.neucom.2025.131226,http://h-da.de/ml-ontology/feature_extraction,feature extraction,0.3616294264793396,1
10.1016/j.neuroimage.2015.08.055,http://h-da.de/ml-ontology/feature_extraction,feature extraction,0.36256036162376404,1
10.1016/j.nucengdes.2025.113955,http://h-da.de/ml-ontology/feature_extraction,feature extraction,0.3832067549228668,1
10.1016/j.oceaneng.2021.109617,http://h-da.de/ml-ontology/feature_extraction,feature extraction,0.38144731521606445,1
10.1016/j.oceaneng.2022.110554,http://h-da.de/ml-ontology/feature_extraction,feature extraction,0.35521313548088074,1
10.1016/j.oceaneng.2023.115271,http://h-da.de/ml-ontology/classification,classification,0.35012808442115784,1
10.1016/j.oceaneng.2023.116513,http://h-da.de/ml-ontology/feature_extraction,feature extraction,0.35166656970977783,1
10.1016/j.oceaneng.2024.117679,http://h-da.de/ml-ontology/feature_extraction,feature extraction,0.35092705488204956,1
10.1016/j.oceaneng.2024.118495,http://h-da.de/ml-ontology/feature_extraction,feature extraction,0.42077890038490295,1
10.1016/j.oceaneng.2025.121768,http://h-da.de/ml-ontology/audio_classification,audio classification,0.3558658957481384,1
10.1016/j.optlastec.2023.110152,http://h-da.de/ml-ontology/audio_classification,audio classification,0.36511504650115967,1
10.1016/j.oregeorev.2019.103015,http://h-da.de/ml-ontology/feature_extraction,feature extraction,0.3915180563926697,1
10.1016/j.oregeorev.2019.103015,http://h-da.de/ml-ontology/clustering,clustering,0.3572513461112976,2
10.1016/j.patrec.2020.06.008,http://h-da.de/ml-ontology/anomaly_detection,anomaly detection,0.44920462369918823,1
10.1016/j.petrol.2018.11.076,http://h-da.de/ml-ontology/feature_extraction,feature extraction,0.389651894569397,1
10.1016/j.petrol.2019.01.006,http://h-da.de/ml-ontology/image_classification,image classification,0.3663851320743561,1
10.1016/j.petrol.2019.01.006,http://h-da.de/ml-ontology/feature_extraction,feature extraction,0.3532453775405884,2
10.1016/j.petrol.2020.107291,http://h-da.de/ml-ontology/feature_extraction,feature extraction,0.37115633487701416,1
10.1016/j.petrol.2021.109309,http://h-da.de/ml-ontology/time_series_forecasting,time series forecasting,0.4089685082435608,1
10.1016/j.petrol.2021.109327,http://h-da.de/ml-ontology/image_classification,image classification,0.3585043251514435,1
10.1016/j.petrol.2022.110479,http://h-da.de/ml-ontology/association_rule_learning,association rule learning,0.41652828454971313,1
10.1016/j.petrol.2022.110479,http://h-da.de/ml-ontology/clustering,clustering,0.3621138334274292,2
10.1016/j.petrol.2022.110479,http://h-da.de/ml-ontology/tabular_clustering,tabular clustering,0.35087186098098755,3
10.1016/j.petsci.2025.04.006,http://h-da.de/ml-ontology/feature_extraction,feature extraction,0.3764684200286865,1
10.1016/j.powtec.2025.120923,http://h-da.de/ml-ontology/feature_extraction,feature extraction,0.3792356848716736,1
10.1016/j.powtec.2025.121252,http://h-da.de/ml-ontology/text_regression,text regression,0.36345359683036804,1
10.1016/j.prevetmed.2024.106291,http://h-da.de/ml-ontology/anomaly_detection,anomaly detection,0.3704109787940979,1
10.1016/j.procir.2019.04.080,http://h-da.de/ml-ontology/action_recognition,action recognition,0.42782771587371826,1
10.1016/j.procir.2020.03.043,http://h-da.de/ml-ontology/anomaly_detection,anomaly detection,0.36109158396720886,1
10.1016/j.procir.2021.01.113,http://h-da.de/ml-ontology/anomaly_detection,anomaly detection,0.40734732151031494,1
10.1016/j.procir.2021.01.113,http://h-da.de/ml-ontology/feature_extraction,feature extraction,0.3596353530883789,2
10.1016/j.procir.2021.03.047,http://h-da.de/ml-ontology/feature_extraction,feature extraction,0.39040231704711914,1
10.1016/j.procir.2021.05.005,http://h-da.de/ml-ontology/named_entity_recognition,named entity recognition,0.35748201608657837,1
10.1016/j.procir.2021.11.088,http://h-da.de/ml-ontology/classification,classification,0.3871445059776306,1
10.1016/j.procir.2021.11.088,http://h-da.de/ml-ontology/feature_extraction,feature extraction,0.36075425148010254,2
10.1016/j.procir.2021.11.088,http://h-da.de/ml-ontology/time_series_classification,time series classification,0.3592676520347595,3
10.1016/j.procir.2021.11.088,http://h-da.de/ml-ontology/association_rule_learning,association rule learning,0.35031187534332275,4
10.1016/j.procir.2022.02.001,http://h-da.de/ml-ontology/object_detection,object detection,0.37150001525878906,1
10.1016/j.procir.2022.04.052,http://h-da.de/ml-ontology/feature_extraction,feature extraction,0.40712642669677734,1
10.1016/j.procir.2022.05.040,http://h-da.de/ml-ontology/anomaly_detection,anomaly detection,0.37543559074401855,1
10.1016/j.procir.2022.09.052,http://h-da.de/ml-ontology/feature_extraction,feature extraction,0.3585119843482971,1
10.1016/j.procir.2022.09.066,http://h-da.de/ml-ontology/anomaly_detection,anomaly detection,0.353220671415329,1
10.1016/j.procir.2023.03.066,http://h-da.de/ml-ontology/audio_classification,audio classification,0.38366615772247314,1
10.1016/j.procir.2023.03.066,http://h-da.de/ml-ontology/time_series_classification,time series classification,0.3567364811897278,2
10.1016/j.procir.2023.03.125,http://h-da.de/ml-ontology/named_entity_recognition,named entity recognition,0.3926210105419159,1
10.1016/j.procir.2023.06.098,http://h-da.de/ml-ontology/association_rule_learning,association rule learning,0.5156394243240356,1
10.1016/j.procir.2023.06.146,http://h-da.de/ml-ontology/feature_extraction,feature extraction,0.36842453479766846,1
10.1016/j.procir.2023.08.066,http://h-da.de/ml-ontology/anomaly_detection,anomaly detection,0.3556112051010132,1
10.1016/j.procir.2023.08.066,http://h-da.de/ml-ontology/feature_extraction,feature extraction,0.35047537088394165,2
10.1016/j.procir.2023.09.128,http://h-da.de/ml-ontology/feature_extraction,feature extraction,0.3975657820701599,1
10.1016/j.procir.2023.09.146,http://h-da.de/ml-ontology/time_series_classification,time series classification,0.40549495816230774,1
10.1016/j.procir.2023.09.146,http://h-da.de/ml-ontology/anomaly_detection,anomaly detection,0.37683379650115967,2
10.1016/j.procir.2023.09.193,http://h-da.de/ml-ontology/anomaly_detection,anomaly detection,0.4068276584148407,1
10.1016/j.procir.2024.08.320,http://h-da.de/ml-ontology/feature_extraction,feature extraction,0.36301425099372864,1
10.1016/j.procir.2024.08.320,http://h-da.de/ml-ontology/action_recognition,action recognition,0.35093432664871216,2
10.1016/j.procir.2024.08.398,http://h-da.de/ml-ontology/feature_extraction,feature extraction,0.35513925552368164,1
10.1016/j.procir.2024.10.113,http://h-da.de/ml-ontology/classification,classification,0.36226752400398254,1
10.1016/j.procir.2024.10.113,http://h-da.de/ml-ontology/tabular_clustering,tabular clustering,0.35050857067108154,2
10.1016/j.procir.2024.10.113,http://h-da.de/ml-ontology/clustering,clustering,0.35035061836242676,3
10.1016/j.procir.2024.10.135,http://h-da.de/ml-ontology/anomaly_detection,anomaly detection,0.3656487464904785,1
10.1016/j.procir.2024.10.135,http://h-da.de/ml-ontology/feature_extraction,feature extraction,0.3531312942504883,2
10.1016/j.procir.2025.01.028,http://h-da.de/ml-ontology/time_series_forecasting,time series forecasting,0.41180843114852905,1
10.1016/j.procir.2025.02.091,http://h-da.de/ml-ontology/audio_classification,audio classification,0.37324708700180054,1
10.1016/j.procir.2025.02.214,http://h-da.de/ml-ontology/time_series_forecasting,time series forecasting,0.378923237323761,1
10.1016/j.procir.2025.08.065,http://h-da.de/ml-ontology/action_recognition,action recognition,0.392056941986084,1
10.1016/j.procs.2020.04.076,http://h-da.de/ml-ontology/time_series_forecasting,time series forecasting,0.4279022812843323,1
10.1016/j.procs.2020.04.076,http://h-da.de/ml-ontology/regression,regression,0.35074466466903687,2
10.1016/j.procs.2021.01.274,http://h-da.de/ml-ontology/feature_extraction,feature extraction,0.37654832005500793,1
10.1016/j.procs.2021.01.274,http://h-da.de/ml-ontology/regression,regression,0.3710584044456482,2
10.1016/j.procs.2021.01.325,http://h-da.de/ml-ontology/feature_extraction,feature extraction,0.41898584365844727,1
10.1016/j.procs.2021.01.325,http://h-da.de/ml-ontology/regression,regression,0.37566882371902466,2
10.1016/j.procs.2021.01.325,http://h-da.de/ml-ontology/tabular_regression,tabular regression,0.3580280542373657,3
10.1016/j.procs.2021.01.325,http://h-da.de/ml-ontology/image_regression,image regression,0.35741448402404785,4
10.1016/j.procs.2022.01.228,http://h-da.de/ml-ontology/action_recognition,action recognition,0.36066967248916626,1
10.1016/j.procs.2022.01.273,http://h-da.de/ml-ontology/time_series_forecasting,time series forecasting,0.4859471321105957,1
10.1016/j.procs.2022.01.273,http://h-da.de/ml-ontology/time_series_classification,time series classification,0.36458420753479004,2
10.1016/j.procs.2022.01.292,http://h-da.de/ml-ontology/association_rule_learning,association rule learning,0.3605496883392334,1
10.1016/j.procs.2022.01.318,http://h-da.de/ml-ontology/time_series_classification,time series classification,0.44349977374076843,1
10.1016/j.procs.2022.01.318,http://h-da.de/ml-ontology/time_series_forecasting,time series forecasting,0.38111385703086853,2
10.1016/j.procs.2022.01.330,http://h-da.de/ml-ontology/anomaly_detection,anomaly detection,0.4774629473686218,1
10.1016/j.procs.2022.03.065,http://h-da.de/ml-ontology/time_series_forecasting,time series forecasting,0.39644819498062134,1
10.1016/j.procs.2022.03.065,http://h-da.de/ml-ontology/time_series_classification,time series classification,0.372670441865921,2
10.1016/j.procs.2022.03.065,http://h-da.de/ml-ontology/classification,classification,0.35574233531951904,3
10.1016/j.procs.2023.01.317,http://h-da.de/ml-ontology/time_series_forecasting,time series forecasting,0.4811708331108093,1
10.1016/j.procs.2023.01.317,http://h-da.de/ml-ontology/time_series_classification,time series classification,0.35526221990585327,2
10.1016/j.procs.2023.12.114,http://h-da.de/ml-ontology/sentiment_analysis,sentiment analysis,0.4891361892223358,1
10.1016/j.procs.2024.01.137,http://h-da.de/ml-ontology/classification,classification,0.36629411578178406,1
10.1016/j.procs.2024.01.141,http://h-da.de/ml-ontology/classification,classification,0.414359450340271,1
10.1016/j.procs.2024.01.141,http://h-da.de/ml-ontology/text_classification,text classification,0.3618164658546448,2
10.1016/j.procs.2024.09.618,http://h-da.de/ml-ontology/topic_modeling,topic modeling,0.4441085457801819,1
10.1016/j.procs.2024.09.618,http://h-da.de/ml-ontology/named_entity_recognition,named entity recognition,0.43289726972579956,2
10.1016/j.procs.2024.09.618,http://h-da.de/ml-ontology/text_classification,text classification,0.3827274739742279,3
10.1016/j.procs.2024.11.080,http://h-da.de/ml-ontology/topic_modeling,topic modeling,0.5544475317001343,1
10.1016/j.procs.2024.11.080,http://h-da.de/ml-ontology/text_classification,text classification,0.4804687201976776,2
10.1016/j.procs.2024.11.080,http://h-da.de/ml-ontology/sentence_similarity,sentence similarity,0.4007577896118164,3
10.1016/j.procs.2024.11.080,http://h-da.de/ml-ontology/text_regression,text regression,0.39962753653526306,4
10.1016/j.procs.2024.11.080,http://h-da.de/ml-ontology/named_entity_recognition,named entity recognition,0.3939118981361389,5
10.1016/j.procs.2025.01.126,http://h-da.de/ml-ontology/time_series_forecasting,time series forecasting,0.35486719012260437,1
10.1016/j.procs.2025.01.156,http://h-da.de/ml-ontology/anomaly_detection,anomaly detection,0.406727135181427,1
10.1016/j.procs.2025.01.169,http://h-da.de/ml-ontology/feature_extraction,feature extraction,0.3602898120880127,1
10.1016/j.procs.2025.01.262,http://h-da.de/ml-ontology/feature_extraction,feature extraction,0.418501079082489,1
10.1016/j.procs.2025.01.262,http://h-da.de/ml-ontology/association_rule_learning,association rule learning,0.3888872265815735,2
10.1016/j.procs.2025.01.262,http://h-da.de/ml-ontology/time_series_classification,time series classification,0.37645989656448364,3
10.1016/j.procs.2025.03.238,http://h-da.de/ml-ontology/feature_extraction,feature extraction,0.39462900161743164,1
10.1016/j.procs.2025.03.319,http://h-da.de/ml-ontology/classification,classification,0.35687950253486633,1
10.1016/j.procs.2025.04.253,http://h-da.de/ml-ontology/time_series_forecasting,time series forecasting,0.35570788383483887,1
10.1016/j.procs.2025.04.258,http://h-da.de/ml-ontology/time_series_forecasting,time series forecasting,0.41673770546913147,1
10.1016/j.procs.2025.04.258,http://h-da.de/ml-ontology/association_rule_learning,association rule learning,0.3618941903114319,2
10.1016/j.procs.2025.04.260,http://h-da.de/ml-ontology/image_classification,image classification,0.40611186623573303,1
10.1016/j.procs.2025.05.131,http://h-da.de/ml-ontology/time_series_forecasting,time series forecasting,0.3555770218372345,1
10.1016/j.procs.2025.07.251,http://h-da.de/ml-ontology/time_series_forecasting,time series forecasting,0.3720424175262451,1
10.1016/j.promfg.2017.07.353,http://h-da.de/ml-ontology/anomaly_detection,anomaly detection,0.5506613254547119,1
10.1016/j.promfg.2017.07.353,http://h-da.de/ml-ontology/association_rule_learning,association rule learning,0.3723266124725342,2
10.1016/j.promfg.2018.07.111,http://h-da.de/ml-ontology/image_classification,image classification,0.35043859481811523,1
10.1016/j.promfg.2019.06.004,http://h-da.de/ml-ontology/audio_classification,audio classification,0.36220380663871765,1
10.1016/j.promfg.2019.06.094,http://h-da.de/ml-ontology/feature_extraction,feature extraction,0.35641181468963623,1
10.1016/j.promfg.2020.01.288,http://h-da.de/ml-ontology/action_recognition,action recognition,0.5000054836273193,1
10.1016/j.promfg.2020.02.180,http://h-da.de/ml-ontology/feature_extraction,feature extraction,0.36856886744499207,1
10.1016/j.promfg.2020.04.090,http://h-da.de/ml-ontology/action_recognition,action recognition,0.4742478132247925,1
10.1016/j.promfg.2020.05.016,http://h-da.de/ml-ontology/classification,classification,0.3679525852203369,1
10.1016/j.promfg.2020.10.050,http://h-da.de/ml-ontology/time_series_classification,time series classification,0.3591369390487671,1
10.1016/j.promfg.2020.10.147,http://h-da.de/ml-ontology/recommendation,recommendation,0.3993229866027832,1
10.1016/j.promfg.2020.10.147,http://h-da.de/ml-ontology/feature_extraction,feature extraction,0.3527064323425293,2
10.1016/j.promfg.2020.10.200,http://h-da.de/ml-ontology/association_rule_learning,association rule learning,0.384615421295166,1
10.1016/j.promfg.2020.10.200,http://h-da.de/ml-ontology/classification,classification,0.35445502400398254,2
10.1016/j.promfg.2021.10.059,http://h-da.de/ml-ontology/association_rule_learning,association rule learning,0.371954083442688,1
10.1016/j.prostr.2024.09.192,http://h-da.de/ml-ontology/feature_extraction,feature extraction,0.4004075527191162,1
10.1016/j.prostr.2025.07.078,http://h-da.de/ml-ontology/image_regression,image regression,0.3505956828594208,1
10.1016/j.psep.2021.06.026,http://h-da.de/ml-ontology/image_classification,image classification,0.4219052493572235,1
10.1016/j.psep.2021.06.026,http://h-da.de/ml-ontology/classification,classification,0.35857054591178894,2
10.1016/j.psep.2024.10.075,http://h-da.de/ml-ontology/feature_extraction,feature extraction,0.3984418511390686,1
10.1016/j.psep.2025.106854,http://h-da.de/ml-ontology/feature_extraction,feature extraction,0.35083794593811035,1
10.1016/j.psj.2025.105869,http://h-da.de/ml-ontology/feature_extraction,feature extraction,0.35684895515441895,1
10.1016/j.rcim.2012.06.002,http://h-da.de/ml-ontology/object_detection,object detection,0.3710300326347351,1
10.1016/j.rcim.2012.06.002,http://h-da.de/ml-ontology/image_classification,image classification,0.3539848029613495,2
10.1016/j.rcim.2020.102105,http://h-da.de/ml-ontology/feature_extraction,feature extraction,0.3831809163093567,1
10.1016/j.rcim.2024.102839,http://h-da.de/ml-ontology/time_series_classification,time series classification,0.43913212418556213,1
10.1016/j.rcim.2024.102839,http://h-da.de/ml-ontology/time_series_forecasting,time series forecasting,0.360488623380661,2
10.1016/j.rcim.2024.102839,http://h-da.de/ml-ontology/feature_extraction,feature extraction,0.3533148169517517,3
10.1016/j.rcim.2025.102962,http://h-da.de/ml-ontology/anomaly_detection,anomaly detection,0.39286118745803833,1
10.1016/j.renene.2020.04.133,http://h-da.de/ml-ontology/time_series_forecasting,time series forecasting,0.3668394684791565,1
10.1016/j.renene.2024.121057,http://h-da.de/ml-ontology/time_series_forecasting,time series forecasting,0.4299050569534302,1
10.1016/j.renene.2024.121463,http://h-da.de/ml-ontology/feature_extraction,feature extraction,0.3631783127784729,1
10.1016/j.renene.2024.121463,http://h-da.de/ml-ontology/time_series_analysis,time series analysis,0.35401952266693115,2
10.1016/j.renene.2025.122369,http://h-da.de/ml-ontology/time_series_forecasting,time series forecasting,0.3500182628631592,1
10.1016/j.ress.2019.106706,http://h-da.de/ml-ontology/feature_extraction,feature extraction,0.39964115619659424,1
10.1016/j.ress.2019.106706,http://h-da.de/ml-ontology/time_series_classification,time series classification,0.3834938406944275,2
10.1016/j.ress.2019.106706,http://h-da.de/ml-ontology/time_series_analysis,time series analysis,0.3697410821914673,3
10.1016/j.ress.2021.108180,http://h-da.de/ml-ontology/time_series_forecasting,time series forecasting,0.3576260805130005,1
10.1016/j.ress.2021.108297,http://h-da.de/ml-ontology/time_series_forecasting,time series forecasting,0.3602796196937561,1
10.1016/j.ress.2022.108717,http://h-da.de/ml-ontology/feature_extraction,feature extraction,0.3547421991825104,1
10.1016/j.ress.2024.110553,http://h-da.de/ml-ontology/anomaly_detection,anomaly detection,0.43381446599960327,1
10.1016/j.ress.2024.110553,http://h-da.de/ml-ontology/feature_extraction,feature extraction,0.3711143434047699,2
10.1016/j.ress.2025.111359,http://h-da.de/ml-ontology/feature_extraction,feature extraction,0.3526909351348877,1
10.1016/j.rineng.2023.101691,http://h-da.de/ml-ontology/classification,classification,0.4951312243938446,1
10.1016/j.rineng.2023.101691,http://h-da.de/ml-ontology/image_classification,image classification,0.44345682859420776,2
10.1016/j.rineng.2023.101691,http://h-da.de/ml-ontology/audio_classification,audio classification,0.4346122741699219,3
10.1016/j.rineng.2023.101691,http://h-da.de/ml-ontology/video_classification,video classification,0.4318591058254242,4
10.1016/j.rineng.2023.101691,http://h-da.de/ml-ontology/time_series_classification,time series classification,0.428158700466156,5
10.1016/j.rineng.2024.101834,http://h-da.de/ml-ontology/feature_extraction,feature extraction,0.38422560691833496,1
10.1016/j.rineng.2024.103589,http://h-da.de/ml-ontology/anomaly_detection,anomaly detection,0.37555959820747375,1
10.1016/j.rineng.2024.103589,http://h-da.de/ml-ontology/time_series_forecasting,time series forecasting,0.36327746510505676,2
10.1016/j.rineng.2024.103626,http://h-da.de/ml-ontology/time_series_forecasting,time series forecasting,0.3971862196922302,1
10.1016/j.rineng.2025.105388,http://h-da.de/ml-ontology/time_series_forecasting,time series forecasting,0.35028329491615295,1
10.1016/j.rineng.2025.106003,http://h-da.de/ml-ontology/audio_classification,audio classification,0.4839881658554077,1
10.1016/j.rineng.2025.106003,http://h-da.de/ml-ontology/audio_regression,audio regression,0.41347628831863403,2
10.1016/j.rineng.2025.106003,http://h-da.de/ml-ontology/video_classification,video classification,0.35995715856552124,3
10.1016/j.rineng.2025.106003,http://h-da.de/ml-ontology/image_classification,image classification,0.35189884901046753,4
10.1016/j.rineng.2025.106275,http://h-da.de/ml-ontology/time_series_forecasting,time series forecasting,0.3541907072067261,1
10.1016/j.rinma.2025.100692,http://h-da.de/ml-ontology/feature_extraction,feature extraction,0.4036843180656433,1
10.1016/j.rsase.2023.100962,http://h-da.de/ml-ontology/image_regression,image regression,0.3556460738182068,1
10.1016/j.rser.2022.113045,http://h-da.de/ml-ontology/feature_extraction,feature extraction,0.35088151693344116,1
10.1016/j.saa.2020.118878,http://h-da.de/ml-ontology/feature_extraction,feature extraction,0.35237252712249756,1
10.1016/j.sasc.2025.200194,http://h-da.de/ml-ontology/regression,regression,0.3708655834197998,1
10.1016/j.sasc.2025.200194,http://h-da.de/ml-ontology/image_regression,image regression,0.3525879979133606,2
10.1016/j.sbsr.2022.100495,http://h-da.de/ml-ontology/audio_classification,audio classification,0.3693983554840088,1
10.1016/j.sbsr.2022.100495,http://h-da.de/ml-ontology/feature_extraction,feature extraction,0.36367857456207275,2
10.1016/j.scienta.2024.113549,http://h-da.de/ml-ontology/image_classification,image classification,0.38548481464385986,1
10.1016/j.scitotenv.2021.149798,http://h-da.de/ml-ontology/anomaly_detection,anomaly detection,0.38161957263946533,1
10.1016/j.scitotenv.2021.149798,http://h-da.de/ml-ontology/feature_extraction,feature extraction,0.3756239414215088,2
10.1016/j.scitotenv.2022.154849,http://h-da.de/ml-ontology/feature_extraction,feature extraction,0.37155216932296753,1
10.1016/j.scitotenv.2022.154849,http://h-da.de/ml-ontology/association_rule_learning,association rule learning,0.3596959114074707,2
10.1016/j.scitotenv.2024.170232,http://h-da.de/ml-ontology/feature_extraction,feature extraction,0.4107264280319214,1
10.1016/j.scowo.2025.100077,http://h-da.de/ml-ontology/audio_classification,audio classification,0.35302048921585083,1
10.1016/j.scs.2019.101615,http://h-da.de/ml-ontology/sentiment_analysis,sentiment analysis,0.48407140374183655,1
10.1016/j.scs.2019.101615,http://h-da.de/ml-ontology/text_classification,text classification,0.38229089975357056,2
10.1016/j.scs.2020.102320,http://h-da.de/ml-ontology/time_series_forecasting,time series forecasting,0.3763079047203064,1
10.1016/j.scs.2021.103544,http://h-da.de/ml-ontology/time_series_forecasting,time series forecasting,0.4020718038082123,1
10.1016/j.segan.2023.101033,http://h-da.de/ml-ontology/time_series_forecasting,time series forecasting,0.3583737015724182,1
10.1016/j.segan.2023.101212,http://h-da.de/ml-ontology/time_series_forecasting,time series forecasting,0.3767341077327728,1
10.1016/j.segan.2025.101769,http://h-da.de/ml-ontology/anomaly_detection,anomaly detection,0.42630136013031006,1
10.1016/j.seps.2021.101041,http://h-da.de/ml-ontology/time_series_forecasting,time series forecasting,0.44121652841567993,1
10.1016/j.seta.2022.102524,http://h-da.de/ml-ontology/image_classification,image classification,0.45883142948150635,1
10.1016/j.seta.2022.102524,http://h-da.de/ml-ontology/video_classification,video classification,0.3910662531852722,2
10.1016/j.sintl.2022.100194,http://h-da.de/ml-ontology/feature_extraction,feature extraction,0.3573843240737915,1
10.1016/j.smhl.2024.100498,http://h-da.de/ml-ontology/action_recognition,action recognition,0.36103805899620056,1
10.1016/j.sna.2024.115686,http://h-da.de/ml-ontology/feature_extraction,feature extraction,0.36164942383766174,1
10.1016/j.ssci.2024.106764,http://h-da.de/ml-ontology/classification,classification,0.390373170375824,1
10.1016/j.ssci.2024.106764,http://h-da.de/ml-ontology/association_rule_learning,association rule learning,0.3880358338356018,2
10.1016/j.ssci.2024.106764,http://h-da.de/ml-ontology/feature_extraction,feature extraction,0.3793085515499115,3
10.1016/j.techfore.2020.120511,http://h-da.de/ml-ontology/named_entity_recognition,named entity recognition,0.38054123520851135,1
10.1016/j.techfore.2020.120511,http://h-da.de/ml-ontology/topic_modeling,topic modeling,0.3776450753211975,2
10.1016/j.techfore.2025.124133,http://h-da.de/ml-ontology/time_series_forecasting,time series forecasting,0.38352876901626587,1
10.1016/j.techsoc.2025.102926,http://h-da.de/ml-ontology/recommendation,recommendation,0.49418947100639343,1
10.1016/j.techsoc.2025.102926,http://h-da.de/ml-ontology/sentiment_analysis,sentiment analysis,0.4617023169994354,2
10.1016/j.telpol.2022.102370,http://h-da.de/ml-ontology/image_regression,image regression,0.3617243766784668,1
10.1016/j.tibtech.2022.08.007,http://h-da.de/ml-ontology/feature_extraction,feature extraction,0.36331820487976074,1
10.1016/j.tifs.2025.105347,http://h-da.de/ml-ontology/feature_extraction,feature extraction,0.3532249927520752,1
10.1016/j.transci.2020.103020,http://h-da.de/ml-ontology/feature_extraction,feature extraction,0.3861163556575775,1
10.1016/j.trc.2019.02.001,http://h-da.de/ml-ontology/time_series_classification,time series classification,0.36698564887046814,1
10.1016/j.trc.2019.02.001,http://h-da.de/ml-ontology/feature_extraction,feature extraction,0.3513096570968628,2
10.1016/j.treng.2020.100020,http://h-da.de/ml-ontology/feature_extraction,feature extraction,0.35260313749313354,1
10.1016/j.tsep.2025.103236,http://h-da.de/ml-ontology/feature_extraction,feature extraction,0.39042145013809204,1
10.1016/j.tust.2023.105149,http://h-da.de/ml-ontology/feature_extraction,feature extraction,0.3507422208786011,1
10.1016/j.wasman.2021.10.017,http://h-da.de/ml-ontology/image_regression,image regression,0.3533038794994354,1
10.1016/j.wasman.2022.01.004,http://h-da.de/ml-ontology/time_series_forecasting,time series forecasting,0.3676721453666687,1
10.1016/j.watres.2023.120667,http://h-da.de/ml-ontology/feature_extraction,feature extraction,0.3891008496284485,1
10.1016/j.ymssp.2017.06.025,http://h-da.de/ml-ontology/time_series_classification,time series classification,0.39617714285850525,1
10.1016/j.ymssp.2022.109336,http://h-da.de/ml-ontology/time_series_forecasting,time series forecasting,0.3581295609474182,1
10.1016/j.ymssp.2023.110410,http://h-da.de/ml-ontology/feature_extraction,feature extraction,0.38385748863220215,1
10.1016/j.ymssp.2023.110888,http://h-da.de/ml-ontology/time_series_classification,time series classification,0.35508811473846436,1
10.1016/j.ymssp.2023.111030,http://h-da.de/ml-ontology/audio_regression,audio regression,0.38253718614578247,1
10.1016/j.ymssp.2023.111030,http://h-da.de/ml-ontology/audio_classification,audio classification,0.378742516040802,2
10.1016/s0360-8352(96)00252-5,http://h-da.de/ml-ontology/feature_extraction,feature extraction,0.36111047863960266,1
10.1017/S0890060421000329,http://h-da.de/ml-ontology/anomaly_detection,anomaly detection,0.39400044083595276,1
10.1017/S0890060421000329,http://h-da.de/ml-ontology/feature_extraction,feature extraction,0.36366239190101624,2
10.1017/S0890060422000245,http://h-da.de/ml-ontology/time_series_classification,time series classification,0.3517723083496094,1
10.1017/S0890060423000227,http://h-da.de/ml-ontology/image_classification,image classification,0.3613065481185913,1
10.1017/dce.2022.21,http://h-da.de/ml-ontology/feature_extraction,feature extraction,0.45103901624679565,1
10.1017/dce.2022.21,http://h-da.de/ml-ontology/association_rule_learning,association rule learning,0.42645230889320374,2
10.1017/dce.2022.21,http://h-da.de/ml-ontology/feature_reduction,feature reduction,0.37023240327835083,3
10.1017/dce.2025.7,http://h-da.de/ml-ontology/feature_extraction,feature extraction,0.4717804193496704,1
10.1017/pds.2021.81,http://h-da.de/ml-ontology/feature_extraction,feature extraction,0.38047659397125244,1
10.1017/pds.2023.37,http://h-da.de/ml-ontology/classification,classification,0.35844165086746216,1
10.1017/pds.2023.62,http://h-da.de/ml-ontology/image_classification,image classification,0.3852229714393616,1
10.1017/pds.2023.62,http://h-da.de/ml-ontology/clustering,clustering,0.38056203722953796,2
10.1021/acs.analchem.5c00737,http://h-da.de/ml-ontology/feature_extraction,feature extraction,0.37779897451400757,1
10.1021/acs.chemrestox.3c00411,http://h-da.de/ml-ontology/feature_extraction,feature extraction,0.38670194149017334,1
10.1021/acs.chemrestox.3c00411,http://h-da.de/ml-ontology/classification,classification,0.38465240597724915,2
10.1021/acs.chemrestox.3c00411,http://h-da.de/ml-ontology/binary_classification,binary classification,0.360247939825058,3
10.1021/acs.energyfuels.3c02868,http://h-da.de/ml-ontology/tabular_regression,tabular regression,0.3685910701751709,1
10.1021/acs.energyfuels.4c02621,http://h-da.de/ml-ontology/feature_extraction,feature extraction,0.38074904680252075,1
10.1021/acs.est.3c00360,http://h-da.de/ml-ontology/anomaly_detection,anomaly detection,0.3745013475418091,1
10.1021/acs.iecr.3c03513,http://h-da.de/ml-ontology/video_regression,video regression,0.35011863708496094,1
10.1021/acs.iecr.4c00343,http://h-da.de/ml-ontology/feature_extraction,feature extraction,0.3996541500091553,1
10.1021/acs.iecr.4c01171,http://h-da.de/ml-ontology/feature_extraction,feature extraction,0.4022378921508789,1
10.1021/acs.iecr.4c02781,http://h-da.de/ml-ontology/feature_extraction,feature extraction,0.36614492535591125,1
10.1021/acs.iecr.4c02956,http://h-da.de/ml-ontology/feature_extraction,feature extraction,0.4353519380092621,1
10.1021/acs.iecr.4c03342,http://h-da.de/ml-ontology/feature_extraction,feature extraction,0.3665222227573395,1
10.1021/acs.iecr.4c03986,http://h-da.de/ml-ontology/time_series_forecasting,time series forecasting,0.3791583180427551,1
10.1021/acs.iecr.9b02462,http://h-da.de/ml-ontology/feature_extraction,feature extraction,0.35819724202156067,1
10.1021/acs.molpharmaceut.5c00523,http://h-da.de/ml-ontology/text_regression,text regression,0.36468392610549927,1
10.1021/acsomega.0c03069,http://h-da.de/ml-ontology/feature_extraction,feature extraction,0.3542078137397766,1
10.1021/acsomega.1c05881,http://h-da.de/ml-ontology/feature_extraction,feature extraction,0.3562145531177521,1
10.1021/acsomega.5c00616,http://h-da.de/ml-ontology/feature_extraction,feature extraction,0.35278230905532837,1
10.1021/ci049875d,http://h-da.de/ml-ontology/feature_selection,feature selection,0.4311057925224304,1
10.1021/ci049875d,http://h-da.de/ml-ontology/association_rule_learning,association rule learning,0.40717315673828125,2
10.1021/ci049875d,http://h-da.de/ml-ontology/feature_reduction,feature reduction,0.37174364924430847,3
10.1021/ie960088i,http://h-da.de/ml-ontology/feature_extraction,feature extraction,0.3767019212245941,1
10.1021/ie960088i,http://h-da.de/ml-ontology/classification,classification,0.3634013533592224,2
10.1038/s41598-022-11429-9,http://h-da.de/ml-ontology/feature_extraction,feature extraction,0.3757972717285156,1
10.1038/s41598-022-17670-6,http://h-da.de/ml-ontology/classification,classification,0.3515022397041321,1
10.1038/s41598-022-21869-y,http://h-da.de/ml-ontology/recommendation,recommendation,0.36132481694221497,1
10.1038/s41598-023-30769-8,http://h-da.de/ml-ontology/text_classification,text classification,0.3941456973552704,1
10.1038/s41598-023-30769-8,http://h-da.de/ml-ontology/classification,classification,0.3861379325389862,2
10.1038/s41598-023-30769-8,http://h-da.de/ml-ontology/feature_extraction,feature extraction,0.37723034620285034,3
10.1038/s41598-023-30769-8,http://h-da.de/ml-ontology/audio_classification,audio classification,0.3674313426017761,4
10.1038/s41598-023-30769-8,http://h-da.de/ml-ontology/text_regression,text regression,0.3610369563102722,5
10.1038/s41598-023-38527-6,http://h-da.de/ml-ontology/image_regression,image regression,0.4038785696029663,1
10.1038/s41598-023-38527-6,http://h-da.de/ml-ontology/feature_extraction,feature extraction,0.4009580612182617,2
10.1038/s41598-023-38527-6,http://h-da.de/ml-ontology/tabular_regression,tabular regression,0.3735954761505127,3
10.1038/s41598-023-38527-6,http://h-da.de/ml-ontology/regression,regression,0.35958415269851685,4
10.1038/s41598-023-40315-1,http://h-da.de/ml-ontology/feature_extraction,feature extraction,0.3906443119049072,1
10.1038/s41598-023-40315-1,http://h-da.de/ml-ontology/feature_reduction,feature reduction,0.36799246072769165,2
10.1038/s41598-023-40315-1,http://h-da.de/ml-ontology/feature_selection,feature selection,0.35326218605041504,3
10.1038/s41598-023-44859-0,http://h-da.de/ml-ontology/link_prediction,link prediction,0.369155615568161,1
10.1038/s41598-023-46957-5,http://h-da.de/ml-ontology/image_classification,image classification,0.35723090171813965,1
10.1038/s41598-023-47958-0,http://h-da.de/ml-ontology/object_detection,object detection,0.3549126386642456,1
10.1038/s41598-024-54242-2,http://h-da.de/ml-ontology/text_classification,text classification,0.37647485733032227,1
10.1038/s41598-024-54242-2,http://h-da.de/ml-ontology/sentiment_analysis,sentiment analysis,0.3708064556121826,2
10.1038/s41598-024-54242-2,http://h-da.de/ml-ontology/text_regression,text regression,0.36377835273742676,3
10.1038/s41598-024-70585-2,http://h-da.de/ml-ontology/image_regression,image regression,0.3686779737472534,1
10.1038/s41598-024-70585-2,http://h-da.de/ml-ontology/regression,regression,0.36274877190589905,2
10.1038/s41598-025-03018-3,http://h-da.de/ml-ontology/audio_regression,audio regression,0.4821362793445587,1
10.1038/s41598-025-03018-3,http://h-da.de/ml-ontology/feature_extraction,feature extraction,0.41306281089782715,2
10.1038/s41598-025-03018-3,http://h-da.de/ml-ontology/audio_classification,audio classification,0.39501047134399414,3
10.1038/s41598-025-07533-1,http://h-da.de/ml-ontology/anomaly_detection,anomaly detection,0.38698673248291016,1
10.1038/s41598-025-10226-4,http://h-da.de/ml-ontology/feature_extraction,feature extraction,0.371542751789093,1
10.1038/s41598-025-12011-9,http://h-da.de/ml-ontology/image_regression,image regression,0.3557949662208557,1
10.1038/s41598-025-17487-z,http://h-da.de/ml-ontology/feature_extraction,feature extraction,0.3551190495491028,1
10.1038/s41598-025-85930-2,http://h-da.de/ml-ontology/feature_extraction,feature extraction,0.38231557607650757,1
10.1038/s41598-025-91450-w,http://h-da.de/ml-ontology/tabular_regression,tabular regression,0.36250853538513184,1
10.1038/s41598-025-92725-y,http://h-da.de/ml-ontology/image_regression,image regression,0.36968380212783813,1
10.1038/s41598-025-93225-9,http://h-da.de/ml-ontology/classification,classification,0.3548150956630707,1
10.1038/s41598-025-93225-9,http://h-da.de/ml-ontology/image_classification,image classification,0.3530110716819763,2
10.1038/s41746-025-01484-7,http://h-da.de/ml-ontology/feature_extraction,feature extraction,0.36635905504226685,1
10.1039/d0ma00036a,http://h-da.de/ml-ontology/classification,classification,0.3514138460159302,1
10.1039/d3ay02037a,http://h-da.de/ml-ontology/feature_extraction,feature extraction,0.4352162480354309,1
10.1039/d3ay02037a,http://h-da.de/ml-ontology/anomaly_detection,anomaly detection,0.37743544578552246,2
10.1039/d4se01255k,http://h-da.de/ml-ontology/feature_extraction,feature extraction,0.3732511103153229,1
10.1042/ETLS20210246,http://h-da.de/ml-ontology/feature_extraction,feature extraction,0.45569562911987305,1
10.1049/cim2.12108,http://h-da.de/ml-ontology/feature_extraction,feature extraction,0.3510342836380005,1
10.1049/cim2.70017,http://h-da.de/ml-ontology/anomaly_detection,anomaly detection,0.362540602684021,1
10.1049/cp.2012.1280,http://h-da.de/ml-ontology/topic_modeling,topic modeling,0.5490871667861938,1
10.1049/cp.2012.1280,http://h-da.de/ml-ontology/text_classification,text classification,0.3799935281276703,2
10.1049/cp.2012.1280,http://h-da.de/ml-ontology/named_entity_recognition,named entity recognition,0.3739359378814697,3
10.1049/cp.2012.1280,http://h-da.de/ml-ontology/text_analytics,text analytics,0.37040984630584717,4
10.1049/cp.2016.0997,http://h-da.de/ml-ontology/time_series_forecasting,time series forecasting,0.39784276485443115,1
10.1049/icp.2024.3483,http://h-da.de/ml-ontology/anomaly_detection,anomaly detection,0.5289878249168396,1
10.1049/icp.2024.3483,http://h-da.de/ml-ontology/clustering,clustering,0.35374903678894043,2
10.1049/icp.2024.3486,http://h-da.de/ml-ontology/action_recognition,action recognition,0.4587566554546356,1
10.1049/icp.2024.3576,http://h-da.de/ml-ontology/feature_extraction,feature extraction,0.3711623549461365,1
10.1049/icp.2025.0903,http://h-da.de/ml-ontology/action_recognition,action recognition,0.3919140100479126,1
10.1049/icp.2025.0903,http://h-da.de/ml-ontology/feature_extraction,feature extraction,0.3722657859325409,2
10.1049/icp.2025.1344,http://h-da.de/ml-ontology/time_series_classification,time series classification,0.35549771785736084,1
10.1051/bioconf/20249700027,http://h-da.de/ml-ontology/audio_classification,audio classification,0.4409574568271637,1
10.1051/bioconf/20249700027,http://h-da.de/ml-ontology/audio_regression,audio regression,0.36631810665130615,2
10.1051/e3sconf/202131211017,http://h-da.de/ml-ontology/regression,regression,0.3513314723968506,1
10.1051/e3sconf/202454004007,http://h-da.de/ml-ontology/time_series_forecasting,time series forecasting,0.38940683007240295,1
10.1051/e3sconf/202560100079,http://h-da.de/ml-ontology/time_series_forecasting,time series forecasting,0.4022883176803589,1
10.1051/e3sconf/202560100079,http://h-da.de/ml-ontology/time_series_classification,time series classification,0.3659195303916931,2
10.1051/matecconf/201817601033,http://h-da.de/ml-ontology/regression,regression,0.4542562961578369,1
10.1051/matecconf/201817601033,http://h-da.de/ml-ontology/image_regression,image regression,0.4030461311340332,2
10.1051/matecconf/201817601033,http://h-da.de/ml-ontology/text_regression,text regression,0.39143896102905273,3
10.1051/matecconf/201817601033,http://h-da.de/ml-ontology/time_series_forecasting,time series forecasting,0.37999022006988525,4
10.1051/matecconf/201817601033,http://h-da.de/ml-ontology/audio_regression,audio regression,0.37727034091949463,5
10.1061/(ASCE)0887-3801(1997)11:4(238),http://h-da.de/ml-ontology/feature_extraction,feature extraction,0.41727352142333984,1
10.1061/(ASCE)0887-3801(1997)11:4(238),http://h-da.de/ml-ontology/classification,classification,0.3561956286430359,2
10.1061/(ASCE)CO.1943-7862.0001470,http://h-da.de/ml-ontology/multiclass_classification,multiclass classification,0.3606117367744446,1
10.1061/(ASCE)IS.1943-555X.0000718,http://h-da.de/ml-ontology/feature_extraction,feature extraction,0.38313859701156616,1
10.1061/9780784483701.023,http://h-da.de/ml-ontology/feature_extraction,feature extraction,0.35609331727027893,1
10.1061/9780784483701.023,http://h-da.de/ml-ontology/time_series_forecasting,time series forecasting,0.35354071855545044,2
10.1061/JCCEE5.CPENG-5939,http://h-da.de/ml-ontology/feature_extraction,feature extraction,0.36304712295532227,1
10.1061/JHYEFF.HEENG-5960,http://h-da.de/ml-ontology/regression,regression,0.35203397274017334,1
10.1061/JITSE4.ISENG-2524,http://h-da.de/ml-ontology/classification,classification,0.3768327534198761,1
10.1061/JMENEA.MEENG-6623,http://h-da.de/ml-ontology/feature_extraction,feature extraction,0.36882296204566956,1
10.1063/1.5079111,http://h-da.de/ml-ontology/time_series_forecasting,time series forecasting,0.37318098545074463,1
10.1063/5.0000659,http://h-da.de/ml-ontology/anomaly_detection,anomaly detection,0.4971405267715454,1
10.1063/5.0000659,http://h-da.de/ml-ontology/time_series_analysis,time series analysis,0.4230436682701111,2
10.1063/5.0000659,http://h-da.de/ml-ontology/time_series_forecasting,time series forecasting,0.40385687351226807,3
10.1063/5.0000659,http://h-da.de/ml-ontology/time_series_classification,time series classification,0.39841580390930176,4
10.1063/5.0039749,http://h-da.de/ml-ontology/feature_extraction,feature extraction,0.39512497186660767,1
10.1063/5.0088194,http://h-da.de/ml-ontology/audio_classification,audio classification,0.38424116373062134,1
10.1063/5.0088194,http://h-da.de/ml-ontology/time_series_classification,time series classification,0.36497387290000916,2
10.1063/5.0088194,http://h-da.de/ml-ontology/image_classification,image classification,0.3646903336048126,3
10.1063/5.0103004,http://h-da.de/ml-ontology/classification,classification,0.39535412192344666,1
10.1063/5.0103004,http://h-da.de/ml-ontology/feature_extraction,feature extraction,0.3833653926849365,2
10.1063/5.0110243,http://h-da.de/ml-ontology/classification,classification,0.4241768717765808,1
10.1063/5.0133336,http://h-da.de/ml-ontology/time_series_classification,time series classification,0.37355276942253113,1
10.1063/5.0133336,http://h-da.de/ml-ontology/classification,classification,0.35799646377563477,2
10.1063/5.0133336,http://h-da.de/ml-ontology/feature_extraction,feature extraction,0.3500852584838867,3
10.1063/5.0149735,http://h-da.de/ml-ontology/anomaly_detection,anomaly detection,0.5155595541000366,1
10.1063/5.0149735,http://h-da.de/ml-ontology/time_series_analysis,time series analysis,0.46969908475875854,2
10.1063/5.0149735,http://h-da.de/ml-ontology/time_series_classification,time series classification,0.355903685092926,3
10.1063/5.0183426,http://h-da.de/ml-ontology/feature_extraction,feature extraction,0.3595387935638428,1
10.1063/5.0192051,http://h-da.de/ml-ontology/feature_extraction,feature extraction,0.37885457277297974,1
10.1063/5.0207211,http://h-da.de/ml-ontology/anomaly_detection,anomaly detection,0.4056847393512726,1
10.1063/5.0209077,http://h-da.de/ml-ontology/feature_extraction,feature extraction,0.38157883286476135,1
10.1063/5.0221801,http://h-da.de/ml-ontology/regression,regression,0.381117582321167,1
10.1063/5.0221801,http://h-da.de/ml-ontology/image_regression,image regression,0.3732851445674896,2
10.1063/5.0221801,http://h-da.de/ml-ontology/time_series_forecasting,time series forecasting,0.3610494136810303,3
10.1063/5.0221801,http://h-da.de/ml-ontology/audio_regression,audio regression,0.3575316369533539,4
10.1063/5.0221801,http://h-da.de/ml-ontology/text_regression,text regression,0.3512110114097595,5
10.1063/5.0224375,http://h-da.de/ml-ontology/regression,regression,0.3685944676399231,1
10.1063/5.0224375,http://h-da.de/ml-ontology/time_series_forecasting,time series forecasting,0.3621726930141449,2
10.1063/5.0224375,http://h-da.de/ml-ontology/image_regression,image regression,0.3614630103111267,3
10.1063/5.0224375,http://h-da.de/ml-ontology/classification,classification,0.36057430505752563,4
10.1063/5.0224375,http://h-da.de/ml-ontology/text_regression,text regression,0.35250532627105713,5
10.1063/5.0241751,http://h-da.de/ml-ontology/feature_extraction,feature extraction,0.36662596464157104,1
10.1063/5.0248222,http://h-da.de/ml-ontology/image_regression,image regression,0.37596869468688965,1
10.1063/5.0248222,http://h-da.de/ml-ontology/feature_extraction,feature extraction,0.3563992977142334,2
10.1063/5.0255495,http://h-da.de/ml-ontology/feature_extraction,feature extraction,0.40415316820144653,1
10.1063/5.0262132,http://h-da.de/ml-ontology/time_series_forecasting,time series forecasting,0.4872301518917084,1
10.1063/5.0279597,http://h-da.de/ml-ontology/recommendation,recommendation,0.3780443072319031,1
10.1063/5.0279680,http://h-da.de/ml-ontology/image_regression,image regression,0.40567874908447266,1
10.1063/5.0279680,http://h-da.de/ml-ontology/classification,classification,0.37106889486312866,2
10.1063/5.0279680,http://h-da.de/ml-ontology/image_classification,image classification,0.36960816383361816,3
10.1063/5.0280256,http://h-da.de/ml-ontology/feature_extraction,feature extraction,0.3793695867061615,1
10.1063/5.0296223,http://h-da.de/ml-ontology/image_regression,image regression,0.3838120698928833,1
10.1063/5.0296662,http://h-da.de/ml-ontology/image_classification,image classification,0.3571224808692932,1
10.1080/00084433.2025.2457297,http://h-da.de/ml-ontology/feature_extraction,feature extraction,0.40639448165893555,1
10.1080/00140139.2018.1442936,http://h-da.de/ml-ontology/action_recognition,action recognition,0.42325901985168457,1
10.1080/00140139.2018.1442936,http://h-da.de/ml-ontology/feature_extraction,feature extraction,0.40100187063217163,2
10.1080/00207540050205073,http://h-da.de/ml-ontology/feature_extraction,feature extraction,0.3924555778503418,1
10.1080/00207540050205073,http://h-da.de/ml-ontology/association_rule_learning,association rule learning,0.3564121723175049,2
10.1080/00207540050205073,http://h-da.de/ml-ontology/feature_reduction,feature reduction,0.35563865303993225,3
10.1080/00207540210152920,http://h-da.de/ml-ontology/feature_extraction,feature extraction,0.39340150356292725,1
10.1080/00207540210152920,http://h-da.de/ml-ontology/time_series_classification,time series classification,0.36341720819473267,2
10.1080/00207543.2012.746795,http://h-da.de/ml-ontology/feature_extraction,feature extraction,0.4248553514480591,1
10.1080/00207543.2012.746795,http://h-da.de/ml-ontology/image_regression,image regression,0.4052964746952057,2
10.1080/00207543.2013.774474,http://h-da.de/ml-ontology/time_series_classification,time series classification,0.37066617608070374,1
10.1080/00207543.2020.1812750,http://h-da.de/ml-ontology/feature_extraction,feature extraction,0.4038040041923523,1
10.1080/00207543.2020.1851793,http://h-da.de/ml-ontology/classification,classification,0.37931618094444275,1
10.1080/00207543.2023.2216310,http://h-da.de/ml-ontology/feature_extraction,feature extraction,0.3682876527309418,1
10.1080/00207543.2023.2231088,http://h-da.de/ml-ontology/association_rule_learning,association rule learning,0.4973273277282715,1
10.1080/00207543.2024.2318490,http://h-da.de/ml-ontology/feature_extraction,feature extraction,0.38660478591918945,1
10.1080/00207543.2024.2407919,http://h-da.de/ml-ontology/feature_extraction,feature extraction,0.36856043338775635,1
10.1080/00224065.2021.1987806,http://h-da.de/ml-ontology/feature_extraction,feature extraction,0.3894846439361572,1
10.1080/00401706.2021.1929493,http://h-da.de/ml-ontology/feature_extraction,feature extraction,0.3729546070098877,1
10.1080/00401706.2021.1929493,http://h-da.de/ml-ontology/time_series_forecasting,time series forecasting,0.3570215106010437,2
10.1080/00401706.2021.1929493,http://h-da.de/ml-ontology/time_series_analysis,time series analysis,0.3512670695781708,3
10.1080/00401706.2023.2239886,http://h-da.de/ml-ontology/feature_extraction,feature extraction,0.37586450576782227,1
10.1080/00405000.2023.2201978,http://h-da.de/ml-ontology/image_classification,image classification,0.36051803827285767,1
10.1080/00949655.2025.2562164,http://h-da.de/ml-ontology/time_series_forecasting,time series forecasting,0.48201674222946167,1
10.1080/00949655.2025.2562164,http://h-da.de/ml-ontology/regression,regression,0.3715917468070984,2
10.1080/01431161.2025.2465915,http://h-da.de/ml-ontology/feature_extraction,feature extraction,0.367980420589447,1
10.1080/01605682.2020.1843976,http://h-da.de/ml-ontology/time_series_forecasting,time series forecasting,0.3843938708305359,1
10.1080/01694243.2025.2566383,http://h-da.de/ml-ontology/image_regression,image regression,0.3598058819770813,1
10.1080/01694243.2025.2566383,http://h-da.de/ml-ontology/feature_extraction,feature extraction,0.35285693407058716,2
10.1080/02331888.2025.2571861,http://h-da.de/ml-ontology/anomaly_detection,anomaly detection,0.5205674171447754,1
10.1080/02533839.2023.2204880,http://h-da.de/ml-ontology/classification,classification,0.3769422769546509,1
10.1080/03772063.2023.2205838,http://h-da.de/ml-ontology/time_series_forecasting,time series forecasting,0.3776986598968506,1
10.1080/07038992.2024.2368036,http://h-da.de/ml-ontology/image_classification,image classification,0.39851313829421997,1
10.1080/0740817X.2015.1122254,http://h-da.de/ml-ontology/feature_extraction,feature extraction,0.355865478515625,1
10.1080/08839514.2024.2411780,http://h-da.de/ml-ontology/recommendation,recommendation,0.4255375266075134,1
10.1080/08839514.2024.2411780,http://h-da.de/ml-ontology/topic_modeling,topic modeling,0.35273128747940063,2
10.1080/08839514.2025.2515062,http://h-da.de/ml-ontology/feature_reduction,feature reduction,0.4080630838871002,1
10.1080/08839514.2025.2515062,http://h-da.de/ml-ontology/feature_extraction,feature extraction,0.3808581233024597,2
10.1080/08839514.2025.2515062,http://h-da.de/ml-ontology/feature_selection,feature selection,0.36010339856147766,3
10.1080/08982112.2022.2033775,http://h-da.de/ml-ontology/feature_extraction,feature extraction,0.38166117668151855,1
10.1080/08982112.2022.2033775,http://h-da.de/ml-ontology/time_series_analysis,time series analysis,0.37042561173439026,2
10.1080/08982112.2023.2220773,http://h-da.de/ml-ontology/feature_extraction,feature extraction,0.42103874683380127,1
10.1080/08982112.2023.2220773,http://h-da.de/ml-ontology/anomaly_detection,anomaly detection,0.40156376361846924,2
10.1080/08982112.2023.2252891,http://h-da.de/ml-ontology/feature_extraction,feature extraction,0.35446056723594666,1
10.1080/09064710.2021.2008477,http://h-da.de/ml-ontology/classification,classification,0.35984092950820923,1
10.1080/09349847.2023.2236066,http://h-da.de/ml-ontology/feature_extraction,feature extraction,0.40590909123420715,1
10.1080/09500839.2025.2472669,http://h-da.de/ml-ontology/image_regression,image regression,0.36319223046302795,1
10.1080/0951192X.2019.1571240,http://h-da.de/ml-ontology/sentiment_analysis,sentiment analysis,0.5866657495498657,1
10.1080/0951192X.2019.1571240,http://h-da.de/ml-ontology/recommendation,recommendation,0.41116827726364136,2
10.1080/0951192X.2019.1571240,http://h-da.de/ml-ontology/text_classification,text classification,0.4037960171699524,3
10.1080/0951192X.2019.1571240,http://h-da.de/ml-ontology/classification,classification,0.3809579610824585,4
10.1080/0951192X.2019.1571240,http://h-da.de/ml-ontology/feature_extraction,feature extraction,0.3520215153694153,5
10.1080/0951192X.2020.1747642,http://h-da.de/ml-ontology/feature_extraction,feature extraction,0.35442566871643066,1
10.1080/0951192X.2020.1803505,http://h-da.de/ml-ontology/feature_extraction,feature extraction,0.3914969563484192,1
10.1080/0951192X.2023.2204469,http://h-da.de/ml-ontology/association_rule_learning,association rule learning,0.4101763367652893,1
10.1080/0951192X.2023.2204469,http://h-da.de/ml-ontology/feature_extraction,feature extraction,0.39080584049224854,2
10.1080/0951192X.2025.2452985,http://h-da.de/ml-ontology/anomaly_detection,anomaly detection,0.43744057416915894,1
10.1080/0951192X.2025.2498081,http://h-da.de/ml-ontology/image_regression,image regression,0.3770560622215271,1
10.1080/09537280010014695,http://h-da.de/ml-ontology/feature_extraction,feature extraction,0.4107931852340698,1
10.1080/09537280010014695,http://h-da.de/ml-ontology/feature_reduction,feature reduction,0.38509702682495117,2
10.1080/09537280010014695,http://h-da.de/ml-ontology/association_rule_learning,association rule learning,0.3824806213378906,3
10.1080/09540091.2022.2111404,http://h-da.de/ml-ontology/time_series_forecasting,time series forecasting,0.408292293548584,1
10.1080/09540091.2022.2111404,http://h-da.de/ml-ontology/time_series_classification,time series classification,0.3668528199195862,2
10.1080/09544828.2024.2362589,http://h-da.de/ml-ontology/sentiment_analysis,sentiment analysis,0.36841511726379395,1
10.1080/09544828.2024.2362589,http://h-da.de/ml-ontology/feature_extraction,feature extraction,0.3599969744682312,2
10.1080/09613218.2023.2206989,http://h-da.de/ml-ontology/time_series_forecasting,time series forecasting,0.46118539571762085,1
10.1080/09613218.2023.2206989,http://h-da.de/ml-ontology/time_series_classification,time series classification,0.38827747106552124,2
10.1080/09613218.2023.2206989,http://h-da.de/ml-ontology/feature_extraction,feature extraction,0.3545081615447998,3
10.1080/10170660809509074,http://h-da.de/ml-ontology/time_series_classification,time series classification,0.3659278154373169,1
10.1080/10298436.2019.1609673,http://h-da.de/ml-ontology/image_regression,image regression,0.36483126878738403,1
10.1080/10298436.2019.1609673,http://h-da.de/ml-ontology/feature_extraction,feature extraction,0.3503149151802063,2
10.1080/10543406.2019.1657133,http://h-da.de/ml-ontology/feature_extraction,feature extraction,0.35082927346229553,1
10.1080/10589759.2025.2500551,http://h-da.de/ml-ontology/feature_extraction,feature extraction,0.3541870713233948,1
10.1080/1206212X.2023.2293348,http://h-da.de/ml-ontology/action_recognition,action recognition,0.43083930015563965,1
10.1080/13675567.2021.1945018,http://h-da.de/ml-ontology/time_series_forecasting,time series forecasting,0.40574780106544495,1
10.1080/13683500.2025.2550647,http://h-da.de/ml-ontology/recommendation,recommendation,0.3577277660369873,1
10.1080/14680629.2020.1753098,http://h-da.de/ml-ontology/feature_extraction,feature extraction,0.3520413637161255,1
10.1080/15435075.2021.1947827,http://h-da.de/ml-ontology/feature_extraction,feature extraction,0.36812978982925415,1
10.1080/1573062X.2023.2217430,http://h-da.de/ml-ontology/classification,classification,0.3846215009689331,1
10.1080/1573062X.2023.2217430,http://h-da.de/ml-ontology/time_series_classification,time series classification,0.36080896854400635,2
10.1080/1573062X.2023.2217430,http://h-da.de/ml-ontology/image_classification,image classification,0.35871970653533936,3
10.1080/1573062X.2023.2217430,http://h-da.de/ml-ontology/audio_classification,audio classification,0.35389822721481323,4
10.1080/1573062X.2023.2217430,http://h-da.de/ml-ontology/tabular_classification,tabular classification,0.3516601622104645,5
10.1080/16843703.2016.1226707,http://h-da.de/ml-ontology/feature_extraction,feature extraction,0.3891567587852478,1
10.1080/16843703.2019.1711302,http://h-da.de/ml-ontology/anomaly_detection,anomaly detection,0.39636069536209106,1
10.1080/16843703.2019.1711302,http://h-da.de/ml-ontology/feature_extraction,feature extraction,0.3865780830383301,2
10.1080/16843703.2019.1711302,http://h-da.de/ml-ontology/time_series_classification,time series classification,0.35031622648239136,3
10.1080/17480272.2023.2214118,http://h-da.de/ml-ontology/audio_classification,audio classification,0.43393486738204956,1
10.1080/17480272.2025.2466218,http://h-da.de/ml-ontology/feature_extraction,feature extraction,0.3739124536514282,1
10.1080/17517575.2020.1755455,http://h-da.de/ml-ontology/text_classification,text classification,0.36398154497146606,1
10.1080/17517575.2024.2328186,http://h-da.de/ml-ontology/sentiment_analysis,sentiment analysis,0.581898033618927,1
10.1080/17517575.2024.2328186,http://h-da.de/ml-ontology/text_classification,text classification,0.4789566397666931,2
10.1080/17517575.2024.2328186,http://h-da.de/ml-ontology/text_regression,text regression,0.4365729093551636,3
10.1080/17517575.2024.2328186,http://h-da.de/ml-ontology/named_entity_recognition,named entity recognition,0.39147043228149414,4
10.1080/17517575.2024.2328186,http://h-da.de/ml-ontology/text_analytics,text analytics,0.35187748074531555,5
10.1080/17538947.2024.2359565,http://h-da.de/ml-ontology/image_regression,image regression,0.3565012216567993,1
10.1080/21642583.2025.2546844,http://h-da.de/ml-ontology/time_series_classification,time series classification,0.36695176362991333,1
10.1080/21642583.2025.2546844,http://h-da.de/ml-ontology/association_rule_learning,association rule learning,0.3564249277114868,2
10.1080/21642583.2025.2546844,http://h-da.de/ml-ontology/anomaly_detection,anomaly detection,0.3538522720336914,3
10.1080/23270012.2018.1434425,http://h-da.de/ml-ontology/image_classification,image classification,0.3559538722038269,1
10.1080/23311916.2022.2083475,http://h-da.de/ml-ontology/feature_extraction,feature extraction,0.3851456642150879,1
10.1080/24725854.2023.2242434,http://h-da.de/ml-ontology/regression,regression,0.35154396295547485,1
10.1080/24751839.2017.1355717,http://h-da.de/ml-ontology/image_classification,image classification,0.3963737487792969,1
10.1080/24751839.2017.1355717,http://h-da.de/ml-ontology/video_classification,video classification,0.3664146065711975,2
10.1088/1361-6501/ac3944,http://h-da.de/ml-ontology/feature_extraction,feature extraction,0.38357025384902954,1
10.1088/1361-6501/acb376,http://h-da.de/ml-ontology/feature_extraction,feature extraction,0.36782151460647583,1
10.1088/1361-6501/acb376,http://h-da.de/ml-ontology/audio_classification,audio classification,0.3642185926437378,2
10.1088/1361-6501/acf8e1,http://h-da.de/ml-ontology/audio_classification,audio classification,0.37106049060821533,1
10.1088/1742-6596/1547/1/012016,http://h-da.de/ml-ontology/action_recognition,action recognition,0.3581477403640747,1
10.1088/1742-6596/1639/1/012017,http://h-da.de/ml-ontology/time_series_forecasting,time series forecasting,0.39246827363967896,1
10.1088/1742-6596/1856/1/012040,http://h-da.de/ml-ontology/image_regression,image regression,0.36004647612571716,1
10.1088/1742-6596/2224/1/012002,http://h-da.de/ml-ontology/feature_extraction,feature extraction,0.37275218963623047,1
10.1088/1742-6596/2224/1/012002,http://h-da.de/ml-ontology/feature_reduction,feature reduction,0.3659694194793701,2
10.1088/1742-6596/2224/1/012002,http://h-da.de/ml-ontology/action_recognition,action recognition,0.3611840605735779,3
10.1088/1742-6596/2258/1/012050,http://h-da.de/ml-ontology/classification,classification,0.3846889138221741,1
10.1088/1742-6596/2273/1/012008,http://h-da.de/ml-ontology/action_recognition,action recognition,0.360731840133667,1
10.1088/1742-6596/2281/1/012021,http://h-da.de/ml-ontology/feature_extraction,feature extraction,0.3585625886917114,1
10.1088/1742-6596/2637/1/012014,http://h-da.de/ml-ontology/image_regression,image regression,0.3597295880317688,1
10.1088/1742-6596/3002/1/012006,http://h-da.de/ml-ontology/time_series_classification,time series classification,0.42041802406311035,1
10.1088/1742-6596/3002/1/012006,http://h-da.de/ml-ontology/time_series_forecasting,time series forecasting,0.3578506112098694,2
10.1088/1748-9326/ac0acb,http://h-da.de/ml-ontology/time_series_forecasting,time series forecasting,0.3864413797855377,1
10.1088/1755-1315/1101/8/082022,http://h-da.de/ml-ontology/feature_extraction,feature extraction,0.3663625717163086,1
10.1088/1755-1315/214/1/012023,http://h-da.de/ml-ontology/time_series_forecasting,time series forecasting,0.3732885718345642,1
10.1088/1755-1315/687/1/012082,http://h-da.de/ml-ontology/regression,regression,0.3969837427139282,1
10.1088/1755-1315/733/1/012115,http://h-da.de/ml-ontology/regression,regression,0.35919520258903503,1
10.1088/1757-899X/495/1/012067,http://h-da.de/ml-ontology/time_series_forecasting,time series forecasting,0.3516066074371338,1
10.1088/1757-899X/631/4/042046,http://h-da.de/ml-ontology/anomaly_detection,anomaly detection,0.4868340790271759,1
10.1088/1757-899X/631/4/042046,http://h-da.de/ml-ontology/time_series_analysis,time series analysis,0.3718595504760742,2
10.1088/1757-899X/631/4/042046,http://h-da.de/ml-ontology/time_series_forecasting,time series forecasting,0.35724616050720215,3
10.1088/1757-899X/714/1/012005,http://h-da.de/ml-ontology/time_series_forecasting,time series forecasting,0.36168229579925537,1
10.1088/2051-672X/ac9247,http://h-da.de/ml-ontology/image_classification,image classification,0.3532412648200989,1
10.1088/2057-1976/adbdd3,http://h-da.de/ml-ontology/image_regression,image regression,0.3617587387561798,1
10.1088/2057-1976/adbdd3,http://h-da.de/ml-ontology/feature_extraction,feature extraction,0.35100674629211426,2
10.1088/2058-6272/aaf7bf,http://h-da.de/ml-ontology/image_classification,image classification,0.3695269823074341,1
10.1088/2515-7620/ade03b,http://h-da.de/ml-ontology/regression,regression,0.3885999619960785,1
10.1088/2515-7620/ade03b,http://h-da.de/ml-ontology/tabular_regression,tabular regression,0.3515295386314392,2
10.1088/2631-8695/ad8d33,http://h-da.de/ml-ontology/time_series_classification,time series classification,0.3584081530570984,1
10.1088/2631-8695/ad8ff0,http://h-da.de/ml-ontology/feature_extraction,feature extraction,0.376329243183136,1
10.1088/2631-8695/ad8ff0,http://h-da.de/ml-ontology/association_rule_learning,association rule learning,0.37384718656539917,2
10.1088/2631-8695/ada669,http://h-da.de/ml-ontology/image_regression,image regression,0.35050925612449646,1
10.1088/2631-8695/ae0107,http://h-da.de/ml-ontology/time_series_forecasting,time series forecasting,0.3661963641643524,1
10.1088/2632-2153/ad64a6,http://h-da.de/ml-ontology/anomaly_detection,anomaly detection,0.5724530220031738,1
10.1089/3dp.2022.0363,http://h-da.de/ml-ontology/image_regression,image regression,0.36003416776657104,1
10.1089/omi.2018.0097,http://h-da.de/ml-ontology/feature_extraction,feature extraction,0.35323798656463623,1
10.1093/annweh/wxab105,http://h-da.de/ml-ontology/feature_extraction,feature extraction,0.3813745975494385,1
10.1093/comjnl/bxaa056,http://h-da.de/ml-ontology/classification,classification,0.39305442571640015,1
10.1093/jcde/qwac028,http://h-da.de/ml-ontology/feature_extraction,feature extraction,0.369193434715271,1
10.1093/jcde/qwae027,http://h-da.de/ml-ontology/feature_extraction,feature extraction,0.38154420256614685,1
10.1093/jcde/qwaf085,http://h-da.de/ml-ontology/anomaly_detection,anomaly detection,0.42071765661239624,1
10.1108/09544780510594207,http://h-da.de/ml-ontology/association_rule_learning,association rule learning,0.5097801685333252,1
10.1108/09544780510594207,http://h-da.de/ml-ontology/classification,classification,0.37935391068458557,2
10.1108/09544780510594207,http://h-da.de/ml-ontology/feature_extraction,feature extraction,0.3509073853492737,3
10.1108/ACMM-09-2024-3094,http://h-da.de/ml-ontology/feature_extraction,feature extraction,0.36005720496177673,1
10.1108/BIJ-09-2021-0564,http://h-da.de/ml-ontology/topic_modeling,topic modeling,0.5051009654998779,1
10.1108/BIJ-09-2021-0564,http://h-da.de/ml-ontology/text_classification,text classification,0.393407940864563,2
10.1108/BIJ-09-2021-0564,http://h-da.de/ml-ontology/text_analytics,text analytics,0.383223295211792,3
10.1108/BIJ-09-2021-0564,http://h-da.de/ml-ontology/named_entity_recognition,named entity recognition,0.353821724653244,4
10.1108/DTA-11-2020-0286,http://h-da.de/ml-ontology/time_series_forecasting,time series forecasting,0.3590129017829895,1
10.1108/EC-03-2024-0206,http://h-da.de/ml-ontology/audio_classification,audio classification,0.4557490646839142,1
10.1108/EC-12-2022-0747,http://h-da.de/ml-ontology/feature_extraction,feature extraction,0.3767021894454956,1
10.1108/ECAM-06-2023-0544,http://h-da.de/ml-ontology/time_series_forecasting,time series forecasting,0.452274888753891,1
10.1108/ECAM-06-2023-0544,http://h-da.de/ml-ontology/time_series_classification,time series classification,0.3544996380805969,2
10.1108/IJESM-06-2019-0005,http://h-da.de/ml-ontology/time_series_forecasting,time series forecasting,0.38183897733688354,1
10.1108/IJOPM-08-2024-0685,http://h-da.de/ml-ontology/recommendation,recommendation,0.38912433385849,1
10.1108/IJPDLM-10-2022-0328,http://h-da.de/ml-ontology/association_rule_learning,association rule learning,0.4147936701774597,1
10.1108/IJPDLM-10-2022-0328,http://h-da.de/ml-ontology/classification,classification,0.3769940137863159,2
10.1108/IJSI-05-2025-0131,http://h-da.de/ml-ontology/audio_classification,audio classification,0.35938823223114014,1
10.1108/IJWIS-08-2024-0239,http://h-da.de/ml-ontology/named_entity_recognition,named entity recognition,0.526170551776886,1
10.1108/IMDS-01-2017-0014,http://h-da.de/ml-ontology/classification,classification,0.38451623916625977,1
10.1108/IMDS-06-2016-0195,http://h-da.de/ml-ontology/anomaly_detection,anomaly detection,0.46359768509864807,1
10.1108/IMDS-06-2016-0195,http://h-da.de/ml-ontology/association_rule_learning,association rule learning,0.37208181619644165,2
10.1108/IMDS-06-2016-0195,http://h-da.de/ml-ontology/feature_extraction,feature extraction,0.36355817317962646,3
10.1108/IMDS-06-2016-0195,http://h-da.de/ml-ontology/time_series_classification,time series classification,0.36252468824386597,4
10.1108/IMDS-06-2016-0195,http://h-da.de/ml-ontology/classification,classification,0.35123777389526367,5
10.1108/IR-10-2021-0240,http://h-da.de/ml-ontology/classification,classification,0.35983896255493164,1
10.1108/JEIM-01-2020-0039,http://h-da.de/ml-ontology/recommendation,recommendation,0.3637310564517975,1
10.1108/JQME-03-2022-0019,http://h-da.de/ml-ontology/feature_extraction,feature extraction,0.3766452968120575,1
10.1108/JQME-03-2022-0019,http://h-da.de/ml-ontology/regression,regression,0.3684547543525696,2
10.1108/RPJ-03-2016-0041,http://h-da.de/ml-ontology/recommendation,recommendation,0.35592836141586304,1
10.1108/RPJ-04-2018-0102,http://h-da.de/ml-ontology/feature_extraction,feature extraction,0.3791492283344269,1
10.1108/RPJ-08-2019-0213,http://h-da.de/ml-ontology/feature_extraction,feature extraction,0.3511803150177002,1
10.1108/TQM-10-2023-0344,http://h-da.de/ml-ontology/classification,classification,0.39463868737220764,1
10.1109/5NANO53044.2022.9828917,http://h-da.de/ml-ontology/feature_extraction,feature extraction,0.37967973947525024,1
10.1109/ACC.2015.7170850,http://h-da.de/ml-ontology/feature_extraction,feature extraction,0.45006945729255676,1
10.1109/ACC.2015.7170850,http://h-da.de/ml-ontology/regression,regression,0.391448438167572,2
10.1109/ACC.2015.7170850,http://h-da.de/ml-ontology/audio_regression,audio regression,0.36908042430877686,3
10.1109/ACC.2015.7170850,http://h-da.de/ml-ontology/feature_reduction,feature reduction,0.36887839436531067,4
10.1109/ACCAI58221.2023.10199369,http://h-da.de/ml-ontology/time_series_forecasting,time series forecasting,0.38393867015838623,1
10.1109/ACCAI58221.2023.10199369,http://h-da.de/ml-ontology/image_regression,image regression,0.35423287749290466,2
10.1109/ACCAI58221.2023.10201168,http://h-da.de/ml-ontology/regression,regression,0.35431018471717834,1
10.1109/ACCAI61061.2024.10601854,http://h-da.de/ml-ontology/image_regression,image regression,0.36813610792160034,1
10.1109/ACCAI61061.2024.10601963,http://h-da.de/ml-ontology/recommendation,recommendation,0.39671435952186584,1
10.1109/ACCAI61061.2024.10601963,http://h-da.de/ml-ontology/classification,classification,0.38678234815597534,2
10.1109/ACCAI61061.2024.10601965,http://h-da.de/ml-ontology/time_series_forecasting,time series forecasting,0.35605382919311523,1
10.1109/ACCAI61061.2024.10601981,http://h-da.de/ml-ontology/feature_extraction,feature extraction,0.4230567216873169,1
10.1109/ACCAI61061.2024.10601981,http://h-da.de/ml-ontology/time_series_classification,time series classification,0.3505077660083771,2
10.1109/ACCAI61061.2024.10602450,http://h-da.de/ml-ontology/image_regression,image regression,0.40374815464019775,1
10.1109/ACCAI61061.2024.10602450,http://h-da.de/ml-ontology/video_regression,video regression,0.3600773215293884,2
10.1109/ACCAI61061.2024.10602450,http://h-da.de/ml-ontology/classification,classification,0.3542574942111969,3
10.1109/ACCAI61061.2024.10602450,http://h-da.de/ml-ontology/regression,regression,0.3542078733444214,4
10.1109/ACCESS.2018.2853666,http://h-da.de/ml-ontology/audio_classification,audio classification,0.41030508279800415,1
10.1109/ACCESS.2018.2871732,http://h-da.de/ml-ontology/action_recognition,action recognition,0.5157688856124878,1
10.1109/ACCESS.2018.2871732,http://h-da.de/ml-ontology/feature_extraction,feature extraction,0.3807145655155182,2
10.1109/ACCESS.2019.2920380,http://h-da.de/ml-ontology/recommendation,recommendation,0.38250482082366943,1
10.1109/ACCESS.2019.2920380,http://h-da.de/ml-ontology/association_rule_learning,association rule learning,0.37011533975601196,2
10.1109/ACCESS.2019.2920380,http://h-da.de/ml-ontology/time_series_forecasting,time series forecasting,0.3592185974121094,3
10.1109/ACCESS.2019.2923405,http://h-da.de/ml-ontology/feature_extraction,feature extraction,0.3667495846748352,1
10.1109/ACCESS.2019.2924445,http://h-da.de/ml-ontology/object_detection,object detection,0.3847745656967163,1
10.1109/ACCESS.2019.2924445,http://h-da.de/ml-ontology/image_classification,image classification,0.37730902433395386,2
10.1109/ACCESS.2020.2967858,http://h-da.de/ml-ontology/feature_extraction,feature extraction,0.3833111822605133,1
10.1109/ACCESS.2020.2967858,http://h-da.de/ml-ontology/classification,classification,0.37271788716316223,2
10.1109/ACCESS.2020.2975738,http://h-da.de/ml-ontology/time_series_forecasting,time series forecasting,0.3862927556037903,1
10.1109/ACCESS.2020.2981819,http://h-da.de/ml-ontology/time_series_forecasting,time series forecasting,0.38664984703063965,1
10.1109/ACCESS.2020.2981819,http://h-da.de/ml-ontology/feature_selection,feature selection,0.3804051876068115,2
10.1109/ACCESS.2020.2986014,http://h-da.de/ml-ontology/audio_classification,audio classification,0.40310293436050415,1
10.1109/ACCESS.2020.3006788,http://h-da.de/ml-ontology/time_series_classification,time series classification,0.3873744308948517,1
10.1109/ACCESS.2020.3008475,http://h-da.de/ml-ontology/classification,classification,0.4290772080421448,1
10.1109/ACCESS.2020.3008475,http://h-da.de/ml-ontology/tabular_regression,tabular regression,0.37421196699142456,2
10.1109/ACCESS.2020.3008475,http://h-da.de/ml-ontology/feature_extraction,feature extraction,0.3705372214317322,3
10.1109/ACCESS.2020.3008475,http://h-da.de/ml-ontology/association_rule_learning,association rule learning,0.3571816086769104,4
10.1109/ACCESS.2020.3008475,http://h-da.de/ml-ontology/text_regression,text regression,0.35556328296661377,5
10.1109/ACCESS.2020.3015346,http://h-da.de/ml-ontology/anomaly_detection,anomaly detection,0.44366177916526794,1
10.1109/ACCESS.2020.3028146,http://h-da.de/ml-ontology/time_series_classification,time series classification,0.3634207248687744,1
10.1109/ACCESS.2020.3029826,http://h-da.de/ml-ontology/anomaly_detection,anomaly detection,0.514009952545166,1
10.1109/ACCESS.2020.3037540,http://h-da.de/ml-ontology/object_detection,object detection,0.4112086296081543,1
10.1109/ACCESS.2021.3053117,http://h-da.de/ml-ontology/action_recognition,action recognition,0.36647647619247437,1
10.1109/ACCESS.2021.3059298,http://h-da.de/ml-ontology/feature_selection,feature selection,0.3990471363067627,1
10.1109/ACCESS.2021.3059298,http://h-da.de/ml-ontology/association_rule_learning,association rule learning,0.3644196391105652,2
10.1109/ACCESS.2021.3059298,http://h-da.de/ml-ontology/feature_reduction,feature reduction,0.36395835876464844,3
10.1109/ACCESS.2021.3065391,http://h-da.de/ml-ontology/classification,classification,0.3945848345756531,1
10.1109/ACCESS.2021.3080330,http://h-da.de/ml-ontology/anomaly_detection,anomaly detection,0.44188737869262695,1
10.1109/ACCESS.2021.3084545,http://h-da.de/ml-ontology/feature_extraction,feature extraction,0.37628623843193054,1
10.1109/ACCESS.2021.3123255,http://h-da.de/ml-ontology/time_series_forecasting,time series forecasting,0.42141193151474,1
10.1109/ACCESS.2021.3123255,http://h-da.de/ml-ontology/regression,regression,0.3593721389770508,2
10.1109/ACCESS.2021.3127084,http://h-da.de/ml-ontology/feature_extraction,feature extraction,0.36939623951911926,1
10.1109/ACCESS.2022.3147206,http://h-da.de/ml-ontology/image_segmentation,image segmentation,0.3853655159473419,1
10.1109/ACCESS.2022.3147206,http://h-da.de/ml-ontology/image_classification,image classification,0.3523595333099365,2
10.1109/ACCESS.2022.3168862,http://h-da.de/ml-ontology/image_classification,image classification,0.39421629905700684,1
10.1109/ACCESS.2022.3185607,http://h-da.de/ml-ontology/feature_extraction,feature extraction,0.35104429721832275,1
10.1109/ACCESS.2022.3188102,http://h-da.de/ml-ontology/anomaly_detection,anomaly detection,0.4700641930103302,1
10.1109/ACCESS.2022.3194545,http://h-da.de/ml-ontology/feature_selection,feature selection,0.356208860874176,1
10.1109/ACCESS.2022.3201338,http://h-da.de/ml-ontology/image_classification,image classification,0.36875176429748535,1
10.1109/ACCESS.2022.3208957,http://h-da.de/ml-ontology/clustering,clustering,0.40213096141815186,1
10.1109/ACCESS.2022.3208957,http://h-da.de/ml-ontology/tabular_clustering,tabular clustering,0.39209920167922974,2
10.1109/ACCESS.2022.3222823,http://h-da.de/ml-ontology/feature_extraction,feature extraction,0.36783692240715027,1
10.1109/ACCESS.2023.3235619,http://h-da.de/ml-ontology/time_series_forecasting,time series forecasting,0.3623100519180298,1
10.1109/ACCESS.2023.3240216,http://h-da.de/ml-ontology/feature_extraction,feature extraction,0.44046086072921753,1
10.1109/ACCESS.2023.3252901,http://h-da.de/ml-ontology/anomaly_detection,anomaly detection,0.42507314682006836,1
10.1109/ACCESS.2023.3252901,http://h-da.de/ml-ontology/association_rule_learning,association rule learning,0.3608945608139038,2
10.1109/ACCESS.2023.3252901,http://h-da.de/ml-ontology/feature_extraction,feature extraction,0.3587654232978821,3
10.1109/ACCESS.2023.3278800,http://h-da.de/ml-ontology/time_series_classification,time series classification,0.3921562433242798,1
10.1109/ACCESS.2023.3283466,http://h-da.de/ml-ontology/audio_classification,audio classification,0.39847031235694885,1
10.1109/ACCESS.2023.3283466,http://h-da.de/ml-ontology/time_series_classification,time series classification,0.35276341438293457,2
10.1109/ACCESS.2023.3283466,http://h-da.de/ml-ontology/feature_extraction,feature extraction,0.3506123423576355,3
10.1109/ACCESS.2023.3288576,http://h-da.de/ml-ontology/classification,classification,0.37047523260116577,1
10.1109/ACCESS.2023.3322587,http://h-da.de/ml-ontology/image_classification,image classification,0.36853688955307007,1
10.1109/ACCESS.2023.3324192,http://h-da.de/ml-ontology/feature_extraction,feature extraction,0.3584238290786743,1
10.1109/ACCESS.2023.3325885,http://h-da.de/ml-ontology/object_detection,object detection,0.4322316646575928,1
10.1109/ACCESS.2024.3370679,http://h-da.de/ml-ontology/time_series_forecasting,time series forecasting,0.42291563749313354,1
10.1109/ACCESS.2024.3370679,http://h-da.de/ml-ontology/time_series_classification,time series classification,0.4127117395401001,2
10.1109/ACCESS.2024.3387071,http://h-da.de/ml-ontology/time_series_forecasting,time series forecasting,0.38069671392440796,1
10.1109/ACCESS.2024.3400970,http://h-da.de/ml-ontology/time_series_classification,time series classification,0.36719614267349243,1
10.1109/ACCESS.2024.3406020,http://h-da.de/ml-ontology/association_rule_learning,association rule learning,0.4071727991104126,1
10.1109/ACCESS.2024.3431040,http://h-da.de/ml-ontology/audio_classification,audio classification,0.3660023808479309,1
10.1109/ACCESS.2024.3431040,http://h-da.de/ml-ontology/time_series_classification,time series classification,0.36141863465309143,2
10.1109/ACCESS.2024.3442085,http://h-da.de/ml-ontology/recommendation,recommendation,0.36910709738731384,1
10.1109/ACCESS.2024.3446875,http://h-da.de/ml-ontology/action_recognition,action recognition,0.3673476278781891,1
10.1109/ACCESS.2024.3495820,http://h-da.de/ml-ontology/regression,regression,0.3840305805206299,1
10.1109/ACCESS.2024.3495820,http://h-da.de/ml-ontology/classification,classification,0.3624662756919861,2
10.1109/ACCESS.2024.3518516,http://h-da.de/ml-ontology/feature_extraction,feature extraction,0.3556934893131256,1
10.1109/ACCESS.2024.3523519,http://h-da.de/ml-ontology/feature_extraction,feature extraction,0.42143064737319946,1
10.1109/ACCESS.2025.3537649,http://h-da.de/ml-ontology/anomaly_detection,anomaly detection,0.39031076431274414,1
10.1109/ACCESS.2025.3537649,http://h-da.de/ml-ontology/feature_extraction,feature extraction,0.3803362250328064,2
10.1109/ACCESS.2025.3545645,http://h-da.de/ml-ontology/image_classification,image classification,0.3866943120956421,1
10.1109/ACCESS.2025.3565812,http://h-da.de/ml-ontology/audio_classification,audio classification,0.38231730461120605,1
10.1109/ACCESS.2025.3565812,http://h-da.de/ml-ontology/audio_regression,audio regression,0.3775862157344818,2
10.1109/ACCESS.2025.3569078,http://h-da.de/ml-ontology/image_classification,image classification,0.4313615560531616,1
10.1109/ACCESS.2025.3570451,http://h-da.de/ml-ontology/feature_extraction,feature extraction,0.3516218662261963,1
10.1109/ACCESS.2025.3571145,http://h-da.de/ml-ontology/action_recognition,action recognition,0.3683006167411804,1
10.1109/ACCESS.2025.3573400,http://h-da.de/ml-ontology/feature_extraction,feature extraction,0.38311776518821716,1
10.1109/ACCESS.2025.3580487,http://h-da.de/ml-ontology/tabular_regression,tabular regression,0.3652459979057312,1
10.1109/ACCESS.2025.3580487,http://h-da.de/ml-ontology/regression,regression,0.3507869243621826,2
10.1109/ACCESS.2025.3580487,http://h-da.de/ml-ontology/classification,classification,0.35072964429855347,3
10.1109/ACCESS.2025.3581711,http://h-da.de/ml-ontology/audio_classification,audio classification,0.37983018159866333,1
10.1109/ACCESS.2025.3581711,http://h-da.de/ml-ontology/feature_extraction,feature extraction,0.35110053420066833,2
10.1109/ACCESS.2025.3582216,http://h-da.de/ml-ontology/time_series_classification,time series classification,0.46269869804382324,1
10.1109/ACCESS.2025.3582216,http://h-da.de/ml-ontology/feature_extraction,feature extraction,0.426658034324646,2
10.1109/ACCESS.2025.3582216,http://h-da.de/ml-ontology/time_series_analysis,time series analysis,0.4229162037372589,3
10.1109/ACCESS.2025.3582216,http://h-da.de/ml-ontology/feature_selection,feature selection,0.42258813977241516,4
10.1109/ACCESS.2025.3582216,http://h-da.de/ml-ontology/association_rule_learning,association rule learning,0.40445661544799805,5
10.1109/ACCESS.2025.3583740,http://h-da.de/ml-ontology/time_series_forecasting,time series forecasting,0.3870035707950592,1
10.1109/ACCESS.2025.3583740,http://h-da.de/ml-ontology/time_series_classification,time series classification,0.3566438555717468,2
10.1109/ACCESS.2025.3584923,http://h-da.de/ml-ontology/time_series_forecasting,time series forecasting,0.4329914152622223,1
10.1109/ACCESS.2025.3600864,http://h-da.de/ml-ontology/time_series_forecasting,time series forecasting,0.38366299867630005,1
10.1109/ACCESS.2025.3601999,http://h-da.de/ml-ontology/audio_classification,audio classification,0.4349069595336914,1
10.1109/ACCESS.2025.3601999,http://h-da.de/ml-ontology/audio_regression,audio regression,0.36402061581611633,2
10.1109/ACCESS.2025.3610992,http://h-da.de/ml-ontology/image_classification,image classification,0.37848150730133057,1
10.1109/ACCESS.2025.3618698,http://h-da.de/ml-ontology/feature_extraction,feature extraction,0.40496087074279785,1
10.1109/ACDSA65407.2025.11166013,http://h-da.de/ml-ontology/action_recognition,action recognition,0.3609113097190857,1
10.1109/ACROSET62108.2024.10743318,http://h-da.de/ml-ontology/time_series_forecasting,time series forecasting,0.3655152916908264,1
10.1109/ACROSET62108.2024.10743977,http://h-da.de/ml-ontology/time_series_forecasting,time series forecasting,0.3548694849014282,1
10.1109/AECE62803.2024.10911113,http://h-da.de/ml-ontology/image_regression,image regression,0.35370081663131714,1
10.1109/AECE62803.2024.10911486,http://h-da.de/ml-ontology/time_series_forecasting,time series forecasting,0.44644588232040405,1
10.1109/AECE62803.2024.10911486,http://h-da.de/ml-ontology/text_regression,text regression,0.41063421964645386,2
10.1109/AECE62803.2024.10911486,http://h-da.de/ml-ontology/regression,regression,0.3964805006980896,3
10.1109/AECE62803.2024.10911486,http://h-da.de/ml-ontology/image_regression,image regression,0.38521724939346313,4
10.1109/AECE62803.2024.10911486,http://h-da.de/ml-ontology/audio_regression,audio regression,0.3841564655303955,5
10.1109/AEECA52519.2021.9574344,http://h-da.de/ml-ontology/object_detection,object detection,0.3894627094268799,1
10.1109/AEECA52519.2021.9574344,http://h-da.de/ml-ontology/image_classification,image classification,0.3512914478778839,2
10.1109/AERO.2018.8396547,http://h-da.de/ml-ontology/feature_extraction,feature extraction,0.3850764036178589,1
10.1109/AERO55745.2023.10115751,http://h-da.de/ml-ontology/time_series_forecasting,time series forecasting,0.37581461668014526,1
10.1109/AFRICON55910.2023.10293286,http://h-da.de/ml-ontology/time_series_forecasting,time series forecasting,0.37757155299186707,1
10.1109/AFROS62115.2024.11037112,http://h-da.de/ml-ontology/recommendation,recommendation,0.35083186626434326,1
10.1109/AHPCAI57455.2022.10087636,http://h-da.de/ml-ontology/object_detection,object detection,0.3989456295967102,1
10.1109/AIARS63200.2024.00048,http://h-da.de/ml-ontology/anomaly_detection,anomaly detection,0.44720619916915894,1
10.1109/AIC57670.2023.10263912,http://h-da.de/ml-ontology/image_regression,image regression,0.3933531641960144,1
10.1109/AIC57670.2023.10263912,http://h-da.de/ml-ontology/regression,regression,0.37474483251571655,2
10.1109/AIC61668.2024.10730914,http://h-da.de/ml-ontology/association_rule_learning,association rule learning,0.4023914337158203,1
10.1109/AIC61668.2024.10730914,http://h-da.de/ml-ontology/classification,classification,0.3809526562690735,2
10.1109/AIC61668.2024.10731028,http://h-da.de/ml-ontology/association_rule_learning,association rule learning,0.4023914337158203,1
10.1109/AIC61668.2024.10731028,http://h-da.de/ml-ontology/classification,classification,0.3809526562690735,2
10.1109/AIID51893.2021.9456463,http://h-da.de/ml-ontology/time_series_forecasting,time series forecasting,0.45811301469802856,1
10.1109/AIID51893.2021.9456463,http://h-da.de/ml-ontology/time_series_analysis,time series analysis,0.35364454984664917,2
10.1109/AIID51893.2021.9456538,http://h-da.de/ml-ontology/time_series_forecasting,time series forecasting,0.37371981143951416,1
10.1109/AIID51893.2021.9456556,http://h-da.de/ml-ontology/recommendation,recommendation,0.46596136689186096,1
10.1109/AIID51893.2021.9456579,http://h-da.de/ml-ontology/audio_classification,audio classification,0.5004145503044128,1
10.1109/AIID51893.2021.9456579,http://h-da.de/ml-ontology/recommendation,recommendation,0.49078619480133057,2
10.1109/AIID51893.2021.9456579,http://h-da.de/ml-ontology/audio_regression,audio regression,0.4084091782569885,3
10.1109/AIID51893.2021.9456579,http://h-da.de/ml-ontology/association_rule_learning,association rule learning,0.35111817717552185,4
10.1109/AIID51893.2021.9456586,http://h-da.de/ml-ontology/classification,classification,0.39375483989715576,1
10.1109/AIID51893.2021.9456586,http://h-da.de/ml-ontology/time_series_forecasting,time series forecasting,0.36774396896362305,2
10.1109/AIITA65135.2025.11047993,http://h-da.de/ml-ontology/feature_extraction,feature extraction,0.3693400025367737,1
10.1109/AIITA65135.2025.11047993,http://h-da.de/ml-ontology/text_classification,text classification,0.36672911047935486,2
10.1109/AIITA65135.2025.11047993,http://h-da.de/ml-ontology/association_rule_learning,association rule learning,0.35248705744743347,3
10.1109/AIIoT52608.2021.9454173,http://h-da.de/ml-ontology/action_recognition,action recognition,0.3517715334892273,1
10.1109/AIIoT58121.2023.10174541,http://h-da.de/ml-ontology/classification,classification,0.3590470552444458,1
10.1109/AIKIIE60097.2023.10389922,http://h-da.de/ml-ontology/regression,regression,0.37895315885543823,1
10.1109/AIKIIE60097.2023.10389922,http://h-da.de/ml-ontology/feature_extraction,feature extraction,0.35232728719711304,2
10.1109/AIKIIE60097.2023.10390300,http://h-da.de/ml-ontology/time_series_classification,time series classification,0.40214109420776367,1
10.1109/AIKIIE60097.2023.10390300,http://h-da.de/ml-ontology/anomaly_detection,anomaly detection,0.3796371519565582,2
10.1109/AIKIIE60097.2023.10390300,http://h-da.de/ml-ontology/time_series_forecasting,time series forecasting,0.3766738772392273,3
10.1109/AISP57993.2023.10135000,http://h-da.de/ml-ontology/classification,classification,0.3632080554962158,1
10.1109/AITest58265.2023.00023,http://h-da.de/ml-ontology/anomaly_detection,anomaly detection,0.36627209186553955,1
10.1109/AMATHE61652.2024.10582141,http://h-da.de/ml-ontology/image_classification,image classification,0.4038071632385254,1
10.1109/AMATHE61652.2024.10582141,http://h-da.de/ml-ontology/feature_extraction,feature extraction,0.35248321294784546,2
10.1109/APCI65531.2025.11137157,http://h-da.de/ml-ontology/audio_classification,audio classification,0.4258275628089905,1
10.1109/APCIT62007.2024.10673505,http://h-da.de/ml-ontology/time_series_forecasting,time series forecasting,0.39572811126708984,1
10.1109/APCIT62007.2024.10673505,http://h-da.de/ml-ontology/time_series_classification,time series classification,0.35681813955307007,2
10.1109/APCIT62007.2024.10673618,http://h-da.de/ml-ontology/recommendation,recommendation,0.3660859167575836,1
10.1109/APCIT62007.2024.10673659,http://h-da.de/ml-ontology/sentiment_analysis,sentiment analysis,0.41993820667266846,1
10.1109/APEIE.2018.8546139,http://h-da.de/ml-ontology/image_regression,image regression,0.35520103573799133,1
10.1109/APSIT63993.2025.11086266,http://h-da.de/ml-ontology/sentiment_analysis,sentiment analysis,0.5016601085662842,1
10.1109/APSIT63993.2025.11086266,http://h-da.de/ml-ontology/text_classification,text classification,0.4345691204071045,2
10.1109/APSIT63993.2025.11086266,http://h-da.de/ml-ontology/recommendation,recommendation,0.37880903482437134,3
10.1109/APSIT63993.2025.11086266,http://h-da.de/ml-ontology/text_regression,text regression,0.3734705448150635,4
10.1109/APSIT63993.2025.11086266,http://h-da.de/ml-ontology/named_entity_recognition,named entity recognition,0.3513106107711792,5
10.1109/AQTR61889.2024.10554115,http://h-da.de/ml-ontology/audio_classification,audio classification,0.3668476939201355,1
10.1109/AQTR61889.2024.10554115,http://h-da.de/ml-ontology/feature_extraction,feature extraction,0.36514365673065186,2
10.1109/ASYU48272.2019.8946397,http://h-da.de/ml-ontology/feature_extraction,feature extraction,0.396356463432312,1
10.1109/ASYU48272.2019.8946397,http://h-da.de/ml-ontology/feature_selection,feature selection,0.389704167842865,2
10.1109/ASYU48272.2019.8946397,http://h-da.de/ml-ontology/feature_reduction,feature reduction,0.38319939374923706,3
10.1109/AUTOCOM60220.2024.10486134,http://h-da.de/ml-ontology/anomaly_detection,anomaly detection,0.42700082063674927,1
10.1109/AUTOCOM64127.2025.10957361,http://h-da.de/ml-ontology/image_regression,image regression,0.36606472730636597,1
10.1109/AUTOCOM64127.2025.10957361,http://h-da.de/ml-ontology/time_series_forecasting,time series forecasting,0.3611453175544739,2
10.1109/BEC56180.2022.9935598,http://h-da.de/ml-ontology/image_segmentation,image segmentation,0.3826279938220978,1
10.1109/BEC56180.2022.9935598,http://h-da.de/ml-ontology/object_detection,object detection,0.37326163053512573,2
10.1109/BIBM49941.2020.9313297,http://h-da.de/ml-ontology/image_regression,image regression,0.35329121351242065,1
10.1109/BIBM52615.2021.9669457,http://h-da.de/ml-ontology/feature_extraction,feature extraction,0.36611708998680115,1
10.1109/BigComp54360.2022.00053,http://h-da.de/ml-ontology/time_series_forecasting,time series forecasting,0.3708924949169159,1
10.1109/BigData.2016.7840827,http://h-da.de/ml-ontology/association_rule_learning,association rule learning,0.3848963975906372,1
10.1109/BigData47090.2019.9006439,http://h-da.de/ml-ontology/image_regression,image regression,0.3691146969795227,1
10.1109/BigData47090.2019.9006439,http://h-da.de/ml-ontology/feature_extraction,feature extraction,0.3624306917190552,2
10.1109/BigData47090.2019.9006588,http://h-da.de/ml-ontology/object_detection,object detection,0.4275672435760498,1
10.1109/BigData50022.2020.9377947,http://h-da.de/ml-ontology/time_series_forecasting,time series forecasting,0.47404128313064575,1
10.1109/BigData52589.2021.9671835,http://h-da.de/ml-ontology/time_series_classification,time series classification,0.40957480669021606,1
10.1109/BigData52589.2021.9671939,http://h-da.de/ml-ontology/sentiment_analysis,sentiment analysis,0.42287468910217285,1
10.1109/BigData52589.2021.9671939,http://h-da.de/ml-ontology/text_classification,text classification,0.415556401014328,2
10.1109/BigData52589.2021.9671939,http://h-da.de/ml-ontology/named_entity_recognition,named entity recognition,0.3641732335090637,3
10.1109/BigData52589.2021.9671939,http://h-da.de/ml-ontology/recommendation,recommendation,0.35231855511665344,4
10.1109/BigData55660.2022.10020384,http://h-da.de/ml-ontology/action_recognition,action recognition,0.3544076681137085,1
10.1109/BigData55660.2022.10020525,http://h-da.de/ml-ontology/feature_extraction,feature extraction,0.3730645179748535,1
10.1109/BigData55660.2022.10020526,http://h-da.de/ml-ontology/feature_extraction,feature extraction,0.3921576142311096,1
10.1109/BigData55660.2022.10020526,http://h-da.de/ml-ontology/image_regression,image regression,0.37201380729675293,2
10.1109/BigData55660.2022.10020526,http://h-da.de/ml-ontology/regression,regression,0.3651134967803955,3
10.1109/BigDataCongress.2018.00044,http://h-da.de/ml-ontology/time_series_forecasting,time series forecasting,0.41479694843292236,1
10.1109/BigDataCongress.2018.00044,http://h-da.de/ml-ontology/time_series_classification,time series classification,0.3626860976219177,2
10.1109/BigDataService52369.2021.00035,http://h-da.de/ml-ontology/anomaly_detection,anomaly detection,0.42202556133270264,1
10.1109/BigDataService52369.2021.00035,http://h-da.de/ml-ontology/time_series_classification,time series classification,0.36201101541519165,2
10.1109/BigDataService52369.2021.00035,http://h-da.de/ml-ontology/time_series_analysis,time series analysis,0.35172751545906067,3
10.1109/BlackSeaCom48709.2020.9234957,http://h-da.de/ml-ontology/anomaly_detection,anomaly detection,0.4099113345146179,1
10.1109/C2I663243.2024.10895762,http://h-da.de/ml-ontology/feature_extraction,feature extraction,0.3787252902984619,1
10.1109/CAC48633.2019.8996854,http://h-da.de/ml-ontology/feature_extraction,feature extraction,0.3957744836807251,1
10.1109/CAC48633.2019.8996997,http://h-da.de/ml-ontology/feature_extraction,feature extraction,0.35280847549438477,1
10.1109/CAC59555.2023.10451650,http://h-da.de/ml-ontology/feature_extraction,feature extraction,0.38295817375183105,1
10.1109/CACS.2016.7973883,http://h-da.de/ml-ontology/action_recognition,action recognition,0.44275057315826416,1
10.1109/CACS.2016.7973883,http://h-da.de/ml-ontology/time_series_classification,time series classification,0.3550341725349426,2
10.1109/CACS50047.2020.9289830,http://h-da.de/ml-ontology/image_regression,image regression,0.35174834728240967,1
10.1109/CAI59869.2024.00036,http://h-da.de/ml-ontology/feature_extraction,feature extraction,0.4037158787250519,1
10.1109/CANDAR64496.2024.00031,http://h-da.de/ml-ontology/anomaly_detection,anomaly detection,0.39513686299324036,1
10.1109/CASE48305.2020.9216787,http://h-da.de/ml-ontology/audio_classification,audio classification,0.41458702087402344,1
10.1109/CASE56687.2023.10260501,http://h-da.de/ml-ontology/link_prediction,link prediction,0.3784187436103821,1
10.1109/CASE56687.2023.10260501,http://h-da.de/ml-ontology/graph_matching,graph matching,0.36568763852119446,2
10.1109/CASE58245.2025.11163765,http://h-da.de/ml-ontology/time_series_classification,time series classification,0.4132463335990906,1
10.1109/CASE58245.2025.11163765,http://h-da.de/ml-ontology/anomaly_detection,anomaly detection,0.37153857946395874,2
10.1109/CASE58245.2025.11163765,http://h-da.de/ml-ontology/time_series_forecasting,time series forecasting,0.37034592032432556,3
10.1109/CASE58245.2025.11164069,http://h-da.de/ml-ontology/feature_extraction,feature extraction,0.38458096981048584,1
10.1109/CASE58245.2025.11164069,http://h-da.de/ml-ontology/image_regression,image regression,0.3512139916419983,2
10.1109/CASE59546.2024.10711348,http://h-da.de/ml-ontology/object_detection,object detection,0.38189786672592163,1
10.1109/CASE59546.2024.10711510,http://h-da.de/ml-ontology/feature_extraction,feature extraction,0.35199683904647827,1
10.1109/CBD65573.2024.00013,http://h-da.de/ml-ontology/classification,classification,0.36876317858695984,1
10.1109/CBD65573.2024.00071,http://h-da.de/ml-ontology/time_series_forecasting,time series forecasting,0.38783201575279236,1
10.1109/CBD65573.2024.00071,http://h-da.de/ml-ontology/classification,classification,0.3836984932422638,2
10.1109/CBD65573.2024.00071,http://h-da.de/ml-ontology/time_series_classification,time series classification,0.36863797903060913,3
10.1109/CBI.2018.00028,http://h-da.de/ml-ontology/feature_extraction,feature extraction,0.4396488070487976,1
10.1109/CBI.2018.00028,http://h-da.de/ml-ontology/audio_classification,audio classification,0.3563164174556732,2
10.1109/CCAC58200.2023.10333661,http://h-da.de/ml-ontology/audio_classification,audio classification,0.38422083854675293,1
10.1109/CCAC58200.2023.10333661,http://h-da.de/ml-ontology/audio_regression,audio regression,0.3541523516178131,2
10.1109/CCCS.2018.8586818,http://h-da.de/ml-ontology/object_detection,object detection,0.35806477069854736,1
10.1109/CCE50788.2020.9299143,http://h-da.de/ml-ontology/audio_classification,audio classification,0.38012969493865967,1
10.1109/CCE50788.2020.9299208,http://h-da.de/ml-ontology/time_series_classification,time series classification,0.3954493999481201,1
10.1109/CCE53527.2021.9633116,http://h-da.de/ml-ontology/feature_reduction,feature reduction,0.4496578574180603,1
10.1109/CCE53527.2021.9633116,http://h-da.de/ml-ontology/feature_selection,feature selection,0.44151192903518677,2
10.1109/CCE53527.2021.9633116,http://h-da.de/ml-ontology/multiclass_classification,multiclass classification,0.4166315793991089,3
10.1109/CCE53527.2021.9633116,http://h-da.de/ml-ontology/association_rule_learning,association rule learning,0.41495323181152344,4
10.1109/CCE53527.2021.9633116,http://h-da.de/ml-ontology/classification,classification,0.38324660062789917,5
10.1109/CCE56709.2022.9975884,http://h-da.de/ml-ontology/classification,classification,0.3922787308692932,1
10.1109/CCE56709.2022.9975884,http://h-da.de/ml-ontology/tabular_classification,tabular classification,0.36284810304641724,2
10.1109/CCE56709.2022.9975884,http://h-da.de/ml-ontology/association_rule_learning,association rule learning,0.35730016231536865,3
10.1109/CCECE.2016.7726783,http://h-da.de/ml-ontology/feature_extraction,feature extraction,0.3512950539588928,1
10.1109/CCECE49351.2022.9918212,http://h-da.de/ml-ontology/time_series_forecasting,time series forecasting,0.4544045329093933,1
10.1109/CCECE49351.2022.9918212,http://h-da.de/ml-ontology/regression,regression,0.3870805501937866,2
10.1109/CCECE49351.2022.9918212,http://h-da.de/ml-ontology/image_regression,image regression,0.3510287404060364,3
10.1109/CCECE53047.2021.9569060,http://h-da.de/ml-ontology/feature_extraction,feature extraction,0.36503851413726807,1
10.1109/CCECE59415.2024.10667188,http://h-da.de/ml-ontology/time_series_forecasting,time series forecasting,0.397676944732666,1
10.1109/CCECE59415.2024.10667305,http://h-da.de/ml-ontology/image_classification,image classification,0.3803812861442566,1
10.1109/CCIS63231.2024.10932064,http://h-da.de/ml-ontology/anomaly_detection,anomaly detection,0.438940167427063,1
10.1109/CCIS63231.2024.10932064,http://h-da.de/ml-ontology/time_series_forecasting,time series forecasting,0.37168383598327637,2
10.1109/CCIS63231.2024.10932064,http://h-da.de/ml-ontology/time_series_classification,time series classification,0.3514280617237091,3
10.1109/CCIS63231.2024.10932082,http://h-da.de/ml-ontology/time_series_forecasting,time series forecasting,0.37143945693969727,1
10.1109/CCPIS59145.2023.10291333,http://h-da.de/ml-ontology/time_series_forecasting,time series forecasting,0.5018871426582336,1
10.1109/CCPIS59145.2023.10291333,http://h-da.de/ml-ontology/time_series_classification,time series classification,0.38920414447784424,2
10.1109/CCPIS59145.2023.10291333,http://h-da.de/ml-ontology/regression,regression,0.36524802446365356,3
10.1109/CCTA49430.2022.9966138,http://h-da.de/ml-ontology/anomaly_detection,anomaly detection,0.47438740730285645,1
10.1109/CCTA49430.2022.9966138,http://h-da.de/ml-ontology/feature_extraction,feature extraction,0.3627426028251648,2
10.1109/CDC45484.2021.9683231,http://h-da.de/ml-ontology/feature_extraction,feature extraction,0.3563169538974762,1
10.1109/CDMA61895.2025.00013,http://h-da.de/ml-ontology/classification,classification,0.3738483786582947,1
10.1109/CDMA61895.2025.00013,http://h-da.de/ml-ontology/time_series_classification,time series classification,0.36243805289268494,2
10.1109/CE2CT64011.2025.10939295,http://h-da.de/ml-ontology/anomaly_detection,anomaly detection,0.35282257199287415,1
10.1109/CE2CT64011.2025.10939295,http://h-da.de/ml-ontology/action_recognition,action recognition,0.35243117809295654,2
10.1109/CEC.2019.8790020,http://h-da.de/ml-ontology/sentiment_analysis,sentiment analysis,0.5248414278030396,1
10.1109/CEC.2019.8790020,http://h-da.de/ml-ontology/text_classification,text classification,0.4403645396232605,2
10.1109/CENIM64038.2024.10882712,http://h-da.de/ml-ontology/object_detection,object detection,0.387554794549942,1
10.1109/CICN63059.2024.10847337,http://h-da.de/ml-ontology/time_series_forecasting,time series forecasting,0.37428316473960876,1
10.1109/CIISCA59740.2023.00066,http://h-da.de/ml-ontology/audio_classification,audio classification,0.38006094098091125,1
10.1109/CIISCA59740.2023.00066,http://h-da.de/ml-ontology/classification,classification,0.35762226581573486,2
10.1109/CIISCA59740.2023.00066,http://h-da.de/ml-ontology/time_series_classification,time series classification,0.357397198677063,3
10.1109/CINE.2016.35,http://h-da.de/ml-ontology/recommendation,recommendation,0.37577980756759644,1
10.1109/CINE.2016.35,http://h-da.de/ml-ontology/feature_selection,feature selection,0.35586243867874146,2
10.1109/CINE63708.2024.10881672,http://h-da.de/ml-ontology/image_regression,image regression,0.3757503628730774,1
10.1109/CINE63708.2024.10881672,http://h-da.de/ml-ontology/classification,classification,0.3749104142189026,2
10.1109/CIS-RAM55796.2023.10370014,http://h-da.de/ml-ontology/anomaly_detection,anomaly detection,0.3597449064254761,1
10.1109/CISAI54367.2021.00164,http://h-da.de/ml-ontology/feature_extraction,feature extraction,0.3564023971557617,1
10.1109/CITDS54976.2022.9914338,http://h-da.de/ml-ontology/anomaly_detection,anomaly detection,0.3626941442489624,1
10.1109/CIVEMSA53371.2022.9853685,http://h-da.de/ml-ontology/anomaly_detection,anomaly detection,0.3758390545845032,1
10.1109/CIVEMSA53371.2022.9853685,http://h-da.de/ml-ontology/feature_extraction,feature extraction,0.3678666949272156,2
10.1109/CIVEMSA53371.2022.9853685,http://h-da.de/ml-ontology/action_recognition,action recognition,0.3639558255672455,3
10.1109/CLOUD.2019.00038,http://h-da.de/ml-ontology/anomaly_detection,anomaly detection,0.3785356879234314,1
10.1109/CMT.2019.8931327,http://h-da.de/ml-ontology/audio_classification,audio classification,0.3525950312614441,1
10.1109/COASE.2008.4626545,http://h-da.de/ml-ontology/ranking,ranking,0.3573959469795227,1
10.1109/COINS61597.2024.10622240,http://h-da.de/ml-ontology/audio_classification,audio classification,0.40347179770469666,1
10.1109/COINS61597.2024.10622240,http://h-da.de/ml-ontology/audio_regression,audio regression,0.36612769961357117,2
10.1109/COINS61597.2024.10622240,http://h-da.de/ml-ontology/feature_extraction,feature extraction,0.3583355247974396,3
10.1109/COMPAS60761.2024.10796006,http://h-da.de/ml-ontology/image_classification,image classification,0.37283551692962646,1
10.1109/COMPSAC61105.2024.00044,http://h-da.de/ml-ontology/association_rule_learning,association rule learning,0.3629840612411499,1
10.1109/CONIT55038.2022.9847990,http://h-da.de/ml-ontology/recommendation,recommendation,0.4869241714477539,1
10.1109/CONIT55038.2022.9847990,http://h-da.de/ml-ontology/clustering,clustering,0.392422080039978,2
10.1109/CONIT55038.2022.9847990,http://h-da.de/ml-ontology/tabular_clustering,tabular clustering,0.37360742688179016,3
10.1109/CONIT55038.2022.9847990,http://h-da.de/ml-ontology/classification,classification,0.3506220579147339,4
10.1109/CSASE51777.2022.9759655,http://h-da.de/ml-ontology/time_series_classification,time series classification,0.43902063369750977,1
10.1109/CSASE51777.2022.9759655,http://h-da.de/ml-ontology/time_series_forecasting,time series forecasting,0.4044228792190552,2
10.1109/CSASE51777.2022.9759655,http://h-da.de/ml-ontology/audio_classification,audio classification,0.35911422967910767,3
10.1109/CSASE51777.2022.9759655,http://h-da.de/ml-ontology/classification,classification,0.355455607175827,4
10.1109/CSCE60160.2023.00042,http://h-da.de/ml-ontology/time_series_forecasting,time series forecasting,0.41181832551956177,1
10.1109/CSCE60160.2023.00042,http://h-da.de/ml-ontology/link_prediction,link prediction,0.36806532740592957,2
10.1109/CSCE60160.2023.00042,http://h-da.de/ml-ontology/time_series_classification,time series classification,0.3548662066459656,3
10.1109/CSCE60160.2023.00048,http://h-da.de/ml-ontology/image_regression,image regression,0.44077056646347046,1
10.1109/CSCE60160.2023.00048,http://h-da.de/ml-ontology/video_regression,video regression,0.35735419392585754,2
10.1109/CSCI49370.2019.00059,http://h-da.de/ml-ontology/feature_extraction,feature extraction,0.38813114166259766,1
10.1109/CSCWD49262.2021.9437888,http://h-da.de/ml-ontology/time_series_forecasting,time series forecasting,0.3638395667076111,1
10.1109/CSDE50874.2020.9411386,http://h-da.de/ml-ontology/image_classification,image classification,0.35539954900741577,1
10.1109/CSNT57126.2023.10134593,http://h-da.de/ml-ontology/image_regression,image regression,0.38838815689086914,1
10.1109/CSNT57126.2023.10134593,http://h-da.de/ml-ontology/classification,classification,0.35891246795654297,2
10.1109/CSNT64827.2025.10968676,http://h-da.de/ml-ontology/feature_extraction,feature extraction,0.36020413041114807,1
10.1109/CSTIC55103.2022.9856736,http://h-da.de/ml-ontology/feature_extraction,feature extraction,0.36783701181411743,1
10.1109/CSTIC55103.2022.9856736,http://h-da.de/ml-ontology/image_regression,image regression,0.3634556531906128,2
10.1109/CSTIC58779.2023.10219236,http://h-da.de/ml-ontology/image_regression,image regression,0.36662477254867554,1
10.1109/CSTIC61820.2024.10532078,http://h-da.de/ml-ontology/feature_extraction,feature extraction,0.36073487997055054,1
10.1109/CoDIT55151.2022.9803983,http://h-da.de/ml-ontology/feature_extraction,feature extraction,0.37566351890563965,1
10.1109/CoDIT55151.2022.9804113,http://h-da.de/ml-ontology/feature_selection,feature selection,0.35326868295669556,1
10.1109/CoDIT62066.2024.10708222,http://h-da.de/ml-ontology/anomaly_detection,anomaly detection,0.4732057750225067,1
10.1109/ComPE53109.2021.9751990,http://h-da.de/ml-ontology/feature_extraction,feature extraction,0.35207289457321167,1
10.1109/ComTech65062.2025.11034461,http://h-da.de/ml-ontology/text_analytics,text analytics,0.39631736278533936,1
10.1109/ComTech65062.2025.11034461,http://h-da.de/ml-ontology/text_classification,text classification,0.3921352028846741,2
10.1109/ComTech65062.2025.11034461,http://h-da.de/ml-ontology/topic_modeling,topic modeling,0.35001903772354126,3
10.1109/CompComm.2017.8323052,http://h-da.de/ml-ontology/association_rule_learning,association rule learning,0.46329113841056824,1
10.1109/CompComm.2018.8780992,http://h-da.de/ml-ontology/sentence_similarity,sentence similarity,0.35847488045692444,1
10.1109/Confluence51648.2021.9377131,http://h-da.de/ml-ontology/time_series_classification,time series classification,0.3740852475166321,1
10.1109/Confluence51648.2021.9377131,http://h-da.de/ml-ontology/classification,classification,0.35337042808532715,2
10.1109/Confluence52989.2022.9734203,http://h-da.de/ml-ontology/image_classification,image classification,0.35576874017715454,1
10.1109/Confluence60223.2024.10463373,http://h-da.de/ml-ontology/image_regression,image regression,0.352835476398468,1
10.1109/CyberSecPODS.2018.8560683,http://h-da.de/ml-ontology/anomaly_detection,anomaly detection,0.39721739292144775,1
10.1109/DASA59624.2023.10286671,http://h-da.de/ml-ontology/image_classification,image classification,0.4368128478527069,1
10.1109/DASC/PiCom/CBDCom/Cy55231.2022.9927978,http://h-da.de/ml-ontology/time_series_forecasting,time series forecasting,0.46253082156181335,1
10.1109/DASC/PiCom/CBDCom/Cy55231.2022.9927978,http://h-da.de/ml-ontology/time_series_classification,time series classification,0.42814984917640686,2
10.1109/DASC/PiCom/DataCom/CyberSciTec.2018.00037,http://h-da.de/ml-ontology/anomaly_detection,anomaly detection,0.3723508417606354,1
10.1109/DCAS53974.2022.9845611,http://h-da.de/ml-ontology/feature_extraction,feature extraction,0.37363794445991516,1
10.1109/DCOSS.2019.00071,http://h-da.de/ml-ontology/time_series_forecasting,time series forecasting,0.45825183391571045,1
10.1109/DCOSS.2019.00071,http://h-da.de/ml-ontology/time_series_classification,time series classification,0.43971145153045654,2
10.1109/DCOSS.2019.00071,http://h-da.de/ml-ontology/time_series_analysis,time series analysis,0.3824806809425354,3
10.1109/DCOSS.2019.00073,http://h-da.de/ml-ontology/time_series_forecasting,time series forecasting,0.360534131526947,1
10.1109/DCOSS49796.2020.00046,http://h-da.de/ml-ontology/time_series_forecasting,time series forecasting,0.4226487874984741,1
10.1109/DCOSS49796.2020.00046,http://h-da.de/ml-ontology/time_series_classification,time series classification,0.3555558919906616,2
10.1109/DDCLS55054.2022.9858502,http://h-da.de/ml-ontology/audio_classification,audio classification,0.35340213775634766,1
10.1109/DDCLS61622.2024.10606723,http://h-da.de/ml-ontology/feature_extraction,feature extraction,0.3794288635253906,1
10.1109/DEMPED.2017.8062371,http://h-da.de/ml-ontology/time_series_classification,time series classification,0.3549497127532959,1
10.1109/DSAA53316.2021.9564228,http://h-da.de/ml-ontology/anomaly_detection,anomaly detection,0.3595481514930725,1
10.1109/DSD60849.2023.00051,http://h-da.de/ml-ontology/time_series_forecasting,time series forecasting,0.44142043590545654,1
10.1109/DSD60849.2023.00051,http://h-da.de/ml-ontology/time_series_classification,time series classification,0.36231398582458496,2
10.1109/DSPA57594.2023.10113395,http://h-da.de/ml-ontology/anomaly_detection,anomaly detection,0.4247547388076782,1
10.1109/DeSE60595.2023.10469279,http://h-da.de/ml-ontology/time_series_forecasting,time series forecasting,0.4345746636390686,1
10.1109/DeSE60595.2023.10469279,http://h-da.de/ml-ontology/regression,regression,0.366841584444046,2
10.1109/DeSE60595.2023.10469279,http://h-da.de/ml-ontology/image_regression,image regression,0.3567599654197693,3
10.1109/ECAI54874.2022.9847479,http://h-da.de/ml-ontology/regression,regression,0.35916537046432495,1
10.1109/ECAI54874.2022.9847479,http://h-da.de/ml-ontology/classification,classification,0.3570846915245056,2
10.1109/ECAI54874.2022.9847479,http://h-da.de/ml-ontology/image_regression,image regression,0.3547710180282593,3
10.1109/ECCE-Asia63110.2025.11112401,http://h-da.de/ml-ontology/anomaly_detection,anomaly detection,0.3532293438911438,1
10.1109/ECCE64574.2025.11013163,http://h-da.de/ml-ontology/time_series_forecasting,time series forecasting,0.35808104276657104,1
10.1109/ECCE64574.2025.11013384,http://h-da.de/ml-ontology/time_series_classification,time series classification,0.39503878355026245,1
10.1109/ECCE64574.2025.11013384,http://h-da.de/ml-ontology/audio_classification,audio classification,0.3770655393600464,2
10.1109/EDKCON62339.2024.10870624,http://h-da.de/ml-ontology/classification,classification,0.35160914063453674,1
10.1109/EDM55285.2022.9855092,http://h-da.de/ml-ontology/audio_classification,audio classification,0.3601958453655243,1
10.1109/EDM65517.2025.11096662,http://h-da.de/ml-ontology/time_series_classification,time series classification,0.3847297132015228,1
10.1109/EDM65517.2025.11096662,http://h-da.de/ml-ontology/feature_extraction,feature extraction,0.3665248155593872,2
10.1109/EDPEE61724.2024.00143,http://h-da.de/ml-ontology/classification,classification,0.36241185665130615,1
10.1109/EEE-AM58328.2023.10395078,http://h-da.de/ml-ontology/anomaly_detection,anomaly detection,0.5336662530899048,1
10.1109/EEE-AM58328.2023.10395078,http://h-da.de/ml-ontology/association_rule_learning,association rule learning,0.35096973180770874,2
10.1109/EEEIC/ICPSEurope57605.2023.10194689,http://h-da.de/ml-ontology/time_series_forecasting,time series forecasting,0.38712450861930847,1
10.1109/EEEIC/ICPSEurope64998.2025.11169206,http://h-da.de/ml-ontology/time_series_forecasting,time series forecasting,0.44535666704177856,1
10.1109/EEM58374.2023.10161961,http://h-da.de/ml-ontology/time_series_forecasting,time series forecasting,0.4523400366306305,1
10.1109/EI252483.2021.9713267,http://h-da.de/ml-ontology/regression,regression,0.39998069405555725,1
10.1109/EI252483.2021.9713267,http://h-da.de/ml-ontology/image_regression,image regression,0.3685343265533447,2
10.1109/EI252483.2021.9713267,http://h-da.de/ml-ontology/time_series_forecasting,time series forecasting,0.35472530126571655,3
10.1109/EIRCON52903.2021.9613559,http://h-da.de/ml-ontology/classification,classification,0.35302114486694336,1
10.1109/ELTICOM64085.2024.10864725,http://h-da.de/ml-ontology/time_series_forecasting,time series forecasting,0.4458431601524353,1
10.1109/ELTICOM64085.2024.10864725,http://h-da.de/ml-ontology/classification,classification,0.4047127962112427,2
10.1109/ELTICOM64085.2024.10864725,http://h-da.de/ml-ontology/text_regression,text regression,0.3571021556854248,3
10.1109/EMPDP.2019.8671604,http://h-da.de/ml-ontology/time_series_forecasting,time series forecasting,0.3506010174751282,1
10.1109/ENBENG.2019.8692463,http://h-da.de/ml-ontology/feature_extraction,feature extraction,0.37455636262893677,1
10.1109/EPEC.2016.7771704,http://h-da.de/ml-ontology/anomaly_detection,anomaly detection,0.3952794075012207,1
10.1109/ESIC64052.2025.10962777,http://h-da.de/ml-ontology/classification,classification,0.4082948565483093,1
10.1109/ESIC64052.2025.10962777,http://h-da.de/ml-ontology/image_classification,image classification,0.39915230870246887,2
10.1109/ESIC64052.2025.10962777,http://h-da.de/ml-ontology/tabular_classification,tabular classification,0.36160194873809814,3
10.1109/ESIC64052.2025.10962777,http://h-da.de/ml-ontology/text_classification,text classification,0.3564486503601074,4
10.1109/ESIC64052.2025.10962777,http://h-da.de/ml-ontology/video_classification,video classification,0.3557029366493225,5
10.1109/ETCM.2017.8247495,http://h-da.de/ml-ontology/action_recognition,action recognition,0.3587530553340912,1
10.1109/ETCM56276.2022.9935765,http://h-da.de/ml-ontology/audio_classification,audio classification,0.4106237292289734,1
10.1109/ETCM56276.2022.9935765,http://h-da.de/ml-ontology/feature_extraction,feature extraction,0.35471683740615845,2
10.1109/ETECTE63967.2024.10824020,http://h-da.de/ml-ontology/feature_extraction,feature extraction,0.35432499647140503,1
10.1109/ETFA.2001.996426,http://h-da.de/ml-ontology/association_rule_learning,association rule learning,0.38755443692207336,1
10.1109/ETFA.2016.7733534,http://h-da.de/ml-ontology/time_series_classification,time series classification,0.3762006163597107,1
10.1109/ETFA.2016.7733534,http://h-da.de/ml-ontology/time_series_forecasting,time series forecasting,0.37113261222839355,2
10.1109/ETFA.2016.7733534,http://h-da.de/ml-ontology/time_series_analysis,time series analysis,0.368344783782959,3
10.1109/ETFA.2017.8247642,http://h-da.de/ml-ontology/feature_extraction,feature extraction,0.4082312285900116,1
10.1109/ETFA.2017.8247642,http://h-da.de/ml-ontology/feature_selection,feature selection,0.36990055441856384,2
10.1109/ETFA.2017.8247642,http://h-da.de/ml-ontology/time_series_classification,time series classification,0.3595869839191437,3
10.1109/ETFA.2017.8247659,http://h-da.de/ml-ontology/feature_extraction,feature extraction,0.37954527139663696,1
10.1109/ETFA.2017.8247740,http://h-da.de/ml-ontology/regression,regression,0.41141998767852783,1
10.1109/ETFA.2017.8247740,http://h-da.de/ml-ontology/feature_extraction,feature extraction,0.35479408502578735,2
10.1109/ETFA.2019.8869371,http://h-da.de/ml-ontology/feature_extraction,feature extraction,0.37641945481300354,1
10.1109/ETFA.2019.8869517,http://h-da.de/ml-ontology/regression,regression,0.38113120198249817,1
10.1109/ETFA45728.2021.9613342,http://h-da.de/ml-ontology/action_recognition,action recognition,0.382485032081604,1
10.1109/ETFA45728.2021.9613467,http://h-da.de/ml-ontology/feature_extraction,feature extraction,0.381004273891449,1
10.1109/ETFA45728.2021.9613529,http://h-da.de/ml-ontology/anomaly_detection,anomaly detection,0.3877919912338257,1
10.1109/ETFA54631.2023.10275361,http://h-da.de/ml-ontology/time_series_forecasting,time series forecasting,0.3829066753387451,1
10.1109/ETFA61755.2024.10710739,http://h-da.de/ml-ontology/action_recognition,action recognition,0.3777815103530884,1
10.1109/EUROCON64445.2025.11073438,http://h-da.de/ml-ontology/anomaly_detection,anomaly detection,0.40813910961151123,1
10.1109/EmergIN63207.2024.10961749,http://h-da.de/ml-ontology/time_series_forecasting,time series forecasting,0.35698235034942627,1
10.1109/FSKD.2015.7382212,http://h-da.de/ml-ontology/image_regression,image regression,0.3805851638317108,1
10.1109/FSKD.2015.7382212,http://h-da.de/ml-ontology/image_classification,image classification,0.3511769771575928,2
10.1109/FUZZ48607.2020.9177537,http://h-da.de/ml-ontology/feature_extraction,feature extraction,0.3949783444404602,1
10.1109/FiCloud62933.2024.00033,http://h-da.de/ml-ontology/classification,classification,0.4472994804382324,1
10.1109/FiCloud62933.2024.00033,http://h-da.de/ml-ontology/audio_classification,audio classification,0.4005754292011261,2
10.1109/FiCloud62933.2024.00033,http://h-da.de/ml-ontology/tabular_classification,tabular classification,0.39856523275375366,3
10.1109/FiCloud62933.2024.00033,http://h-da.de/ml-ontology/time_series_classification,time series classification,0.37254026532173157,4
10.1109/FiCloud62933.2024.00033,http://h-da.de/ml-ontology/image_classification,image classification,0.36715584993362427,5
10.1109/FiCloud62933.2024.00047,http://h-da.de/ml-ontology/action_recognition,action recognition,0.36888742446899414,1
10.1109/GCAT52182.2021.9586806,http://h-da.de/ml-ontology/action_recognition,action recognition,0.4362196624279022,1
10.1109/GCAT52182.2021.9586806,http://h-da.de/ml-ontology/classification,classification,0.3566971719264984,2
10.1109/GCAT59970.2023.10353456,http://h-da.de/ml-ontology/time_series_forecasting,time series forecasting,0.4026024341583252,1
10.1109/GCAT59970.2023.10353456,http://h-da.de/ml-ontology/image_regression,image regression,0.3721398711204529,2
10.1109/GCCIT63234.2024.10861930,http://h-da.de/ml-ontology/time_series_forecasting,time series forecasting,0.3541625440120697,1
10.1109/GCITC60406.2023.10426582,http://h-da.de/ml-ontology/feature_extraction,feature extraction,0.3797405958175659,1
10.1109/GINOTECH63460.2025.11076852,http://h-da.de/ml-ontology/time_series_forecasting,time series forecasting,0.3598283529281616,1
10.1109/GINOTECH63460.2025.11077063,http://h-da.de/ml-ontology/image_classification,image classification,0.3990829586982727,1
10.1109/GTSD62346.2024.10675076,http://h-da.de/ml-ontology/feature_extraction,feature extraction,0.3828262686729431,1
10.1109/GTSD62346.2024.10675076,http://h-da.de/ml-ontology/association_rule_learning,association rule learning,0.3751457631587982,2
10.1109/GlobalAISummit62156.2024.10947776,http://h-da.de/ml-ontology/image_regression,image regression,0.37483251094818115,1
10.1109/GreenTech.2018.00042,http://h-da.de/ml-ontology/action_recognition,action recognition,0.45644450187683105,1
10.1109/GreenTech.2018.00042,http://h-da.de/ml-ontology/recommendation,recommendation,0.36027950048446655,2
10.1109/GreenTech.2018.00042,http://h-da.de/ml-ontology/time_series_classification,time series classification,0.35700875520706177,3
10.1109/HICSS.2013.163,http://h-da.de/ml-ontology/feature_extraction,feature extraction,0.3947846591472626,1
10.1109/HICSS.2013.163,http://h-da.de/ml-ontology/regression,regression,0.3881801962852478,2
10.1109/HICSS.2013.163,http://h-da.de/ml-ontology/image_regression,image regression,0.3686697483062744,3
10.1109/HICSS.2013.163,http://h-da.de/ml-ontology/audio_regression,audio regression,0.351337194442749,4
10.1109/HNICEM.2017.8269513,http://h-da.de/ml-ontology/image_classification,image classification,0.4379289150238037,1
10.1109/HNICEM.2017.8269513,http://h-da.de/ml-ontology/object_detection,object detection,0.3659687340259552,2
10.1109/HORA58378.2023.10155780,http://h-da.de/ml-ontology/object_detection,object detection,0.40310803055763245,1
10.1109/HORA58378.2023.10156765,http://h-da.de/ml-ontology/audio_classification,audio classification,0.38772106170654297,1
10.1109/HPCC-DSS-SmartCity-DependSys53884.2021.00277,http://h-da.de/ml-ontology/action_recognition,action recognition,0.5237209796905518,1
10.1109/HPCC-DSS-SmartCity-DependSys53884.2021.00277,http://h-da.de/ml-ontology/time_series_forecasting,time series forecasting,0.3838697075843811,2
10.1109/HPCC-DSS-SmartCity-DependSys53884.2021.00277,http://h-da.de/ml-ontology/time_series_analysis,time series analysis,0.38067731261253357,3
10.1109/HPCC-DSS-SmartCity-DependSys53884.2021.00277,http://h-da.de/ml-ontology/time_series_classification,time series classification,0.37182527780532837,4
10.1109/HPEC43674.2020.9286139,http://h-da.de/ml-ontology/anomaly_detection,anomaly detection,0.43171149492263794,1
10.1109/HYDCON48903.2020.9242866,http://h-da.de/ml-ontology/time_series_forecasting,time series forecasting,0.4404100775718689,1
10.1109/I2CACIS.2018.8603700,http://h-da.de/ml-ontology/image_classification,image classification,0.37750545144081116,1
10.1109/I2CACIS52118.2021.9495862,http://h-da.de/ml-ontology/classification,classification,0.49310311675071716,1
10.1109/I2CACIS52118.2021.9495862,http://h-da.de/ml-ontology/recommendation,recommendation,0.424251914024353,2
10.1109/I2CACIS52118.2021.9495862,http://h-da.de/ml-ontology/text_classification,text classification,0.38743314146995544,3
10.1109/I2CACIS52118.2021.9495862,http://h-da.de/ml-ontology/tabular_classification,tabular classification,0.37338533997535706,4
10.1109/I2CACIS52118.2021.9495862,http://h-da.de/ml-ontology/audio_classification,audio classification,0.37256112694740295,5
10.1109/I2CACIS52118.2021.9495864,http://h-da.de/ml-ontology/anomaly_detection,anomaly detection,0.4054810404777527,1
10.1109/I2CACIS52118.2021.9495877,http://h-da.de/ml-ontology/association_rule_learning,association rule learning,0.37842944264411926,1
10.1109/I2CACIS52118.2021.9495877,http://h-da.de/ml-ontology/audio_classification,audio classification,0.37143099308013916,2
10.1109/I2CACIS61270.2024.10649874,http://h-da.de/ml-ontology/image_classification,image classification,0.41660255193710327,1
10.1109/I2CACIS61270.2024.10649874,http://h-da.de/ml-ontology/classification,classification,0.4127405881881714,2
10.1109/I2CACIS61270.2024.10649874,http://h-da.de/ml-ontology/tabular_classification,tabular classification,0.3759249448776245,3
10.1109/I2CACIS61270.2024.10649874,http://h-da.de/ml-ontology/video_classification,video classification,0.36989590525627136,4
10.1109/I2CACIS61270.2024.10649874,http://h-da.de/ml-ontology/time_series_classification,time series classification,0.35701289772987366,5
10.1109/I2CT51068.2021.9418181,http://h-da.de/ml-ontology/classification,classification,0.43522489070892334,1
10.1109/I2CT51068.2021.9418181,http://h-da.de/ml-ontology/association_rule_learning,association rule learning,0.40875351428985596,2
10.1109/I2MTC60896.2024.10561167,http://h-da.de/ml-ontology/time_series_classification,time series classification,0.42482268810272217,1
10.1109/I2MTC60896.2024.10561167,http://h-da.de/ml-ontology/anomaly_detection,anomaly detection,0.38220012187957764,2
10.1109/I2MTC62753.2025.11079127,http://h-da.de/ml-ontology/image_classification,image classification,0.3733985722064972,1
10.1109/I2MTC62753.2025.11079127,http://h-da.de/ml-ontology/feature_extraction,feature extraction,0.3711228370666504,2
10.1109/I4C57141.2022.10057885,http://h-da.de/ml-ontology/image_classification,image classification,0.3759865462779999,1
10.1109/I4C62240.2024.10748487,http://h-da.de/ml-ontology/feature_extraction,feature extraction,0.3741440773010254,1
10.1109/I4C62240.2024.10748524,http://h-da.de/ml-ontology/feature_extraction,feature extraction,0.3556569814682007,1
10.1109/IACIS61494.2024.10721859,http://h-da.de/ml-ontology/classification,classification,0.35825175046920776,1
10.1109/IAI63275.2024.10730246,http://h-da.de/ml-ontology/anomaly_detection,anomaly detection,0.3929708003997803,1
10.1109/IAICT59002.2023.10205862,http://h-da.de/ml-ontology/feature_selection,feature selection,0.3763773441314697,1
10.1109/IAICT59002.2023.10205862,http://h-da.de/ml-ontology/feature_reduction,feature reduction,0.3746766448020935,2
10.1109/IAS54024.2023.10406490,http://h-da.de/ml-ontology/association_rule_learning,association rule learning,0.35712212324142456,1
10.1109/IC-ASET61847.2024.10596255,http://h-da.de/ml-ontology/sentence_similarity,sentence similarity,0.3816147446632385,1
10.1109/IC-ASET61847.2024.10596255,http://h-da.de/ml-ontology/text_regression,text regression,0.36852386593818665,2
10.1109/IC2PCT60090.2024.10486340,http://h-da.de/ml-ontology/time_series_forecasting,time series forecasting,0.47473984956741333,1
10.1109/IC2PCT60090.2024.10486340,http://h-da.de/ml-ontology/time_series_classification,time series classification,0.36515212059020996,2
10.1109/IC2PCT60090.2024.10486591,http://h-da.de/ml-ontology/anomaly_detection,anomaly detection,0.40473228693008423,1
10.1109/IC3ECSBHI63591.2025.10990609,http://h-da.de/ml-ontology/time_series_forecasting,time series forecasting,0.37666285037994385,1
10.1109/IC3TES62412.2024.10877450,http://h-da.de/ml-ontology/object_detection,object detection,0.36561793088912964,1
10.1109/ICAACCA51523.2021.9465333,http://h-da.de/ml-ontology/link_prediction,link prediction,0.4245104193687439,1
10.1109/ICAACCA51523.2021.9465333,http://h-da.de/ml-ontology/recommendation,recommendation,0.397682785987854,2
10.1109/ICAACCA51523.2021.9465333,http://h-da.de/ml-ontology/association_rule_learning,association rule learning,0.37921634316444397,3
10.1109/ICAACCA51523.2021.9465333,http://h-da.de/ml-ontology/classification,classification,0.353763610124588,4
10.1109/ICAAIC53929.2022.9792860,http://h-da.de/ml-ontology/time_series_forecasting,time series forecasting,0.36969423294067383,1
10.1109/ICAAIC60222.2024.10575035,http://h-da.de/ml-ontology/time_series_forecasting,time series forecasting,0.3615255653858185,1
10.1109/ICAC2N63387.2024.10895271,http://h-da.de/ml-ontology/feature_extraction,feature extraction,0.3504001498222351,1
10.1109/ICAC57885.2023.10275201,http://h-da.de/ml-ontology/time_series_forecasting,time series forecasting,0.4482247531414032,1
10.1109/ICAC57885.2023.10275201,http://h-da.de/ml-ontology/regression,regression,0.35766497254371643,2
10.1109/ICAC61394.2024.10718768,http://h-da.de/ml-ontology/feature_extraction,feature extraction,0.3660033345222473,1
10.1109/ICAC64487.2024.10851152,http://h-da.de/ml-ontology/feature_extraction,feature extraction,0.38723063468933105,1
10.1109/ICACCI.2016.7732316,http://h-da.de/ml-ontology/association_rule_learning,association rule learning,0.3689396381378174,1
10.1109/ICACDOT.2016.7877622,http://h-da.de/ml-ontology/classification,classification,0.3723050355911255,1
10.1109/ICACDOT.2016.7877720,http://h-da.de/ml-ontology/text_classification,text classification,0.3844931125640869,1
10.1109/ICACITE51222.2021.9404726,http://h-da.de/ml-ontology/classification,classification,0.41779136657714844,1
10.1109/ICACITE51222.2021.9404726,http://h-da.de/ml-ontology/association_rule_learning,association rule learning,0.35773491859436035,2
10.1109/ICACRS55517.2022.10029046,http://h-da.de/ml-ontology/recommendation,recommendation,0.651810884475708,1
10.1109/ICACRS58579.2023.10404790,http://h-da.de/ml-ontology/sentiment_analysis,sentiment analysis,0.5152266621589661,1
10.1109/ICACRS58579.2023.10404790,http://h-da.de/ml-ontology/text_regression,text regression,0.3803544044494629,2
10.1109/ICACRS58579.2023.10404790,http://h-da.de/ml-ontology/text_classification,text classification,0.37270572781562805,3
10.1109/ICACRS62842.2024.10841492,http://h-da.de/ml-ontology/image_classification,image classification,0.3688127100467682,1
10.1109/ICACRS62842.2024.10841592,http://h-da.de/ml-ontology/time_series_forecasting,time series forecasting,0.355082631111145,1
10.1109/ICADEE51157.2020.9368922,http://h-da.de/ml-ontology/classification,classification,0.3832783102989197,1
10.1109/ICADEE51157.2020.9368922,http://h-da.de/ml-ontology/time_series_forecasting,time series forecasting,0.35764914751052856,2
10.1109/ICADEE51157.2020.9368922,http://h-da.de/ml-ontology/recommendation,recommendation,0.356301486492157,3
10.1109/ICADEE51157.2020.9368922,http://h-da.de/ml-ontology/time_series_analysis,time series analysis,0.35280218720436096,4
10.1109/ICAEECI58247.2023.10370785,http://h-da.de/ml-ontology/time_series_forecasting,time series forecasting,0.44534093141555786,1
10.1109/ICAEECI58247.2023.10370850,http://h-da.de/ml-ontology/image_regression,image regression,0.40860074758529663,1
10.1109/ICAEECI58247.2023.10370850,http://h-da.de/ml-ontology/regression,regression,0.3625792860984802,2
10.1109/ICAET63349.2025.10932317,http://h-da.de/ml-ontology/feature_extraction,feature extraction,0.3588542938232422,1
10.1109/ICAI55857.2022.9960034,http://h-da.de/ml-ontology/feature_extraction,feature extraction,0.46434688568115234,1
10.1109/ICAI55857.2022.9960034,http://h-da.de/ml-ontology/classification,classification,0.45219963788986206,2
10.1109/ICAI55857.2022.9960034,http://h-da.de/ml-ontology/recommendation,recommendation,0.3963313102722168,3
10.1109/ICAI55857.2022.9960034,http://h-da.de/ml-ontology/action_recognition,action recognition,0.383340060710907,4
10.1109/ICAI55857.2022.9960034,http://h-da.de/ml-ontology/association_rule_learning,association rule learning,0.3728324770927429,5
10.1109/ICAIBD55127.2022.9820466,http://h-da.de/ml-ontology/text_classification,text classification,0.4074792265892029,1
10.1109/ICAIBD55127.2022.9820466,http://h-da.de/ml-ontology/named_entity_recognition,named entity recognition,0.3898591995239258,2
10.1109/ICAIC57335.2023.10044126,http://h-da.de/ml-ontology/time_series_forecasting,time series forecasting,0.3985801339149475,1
10.1109/ICAIC57335.2023.10044126,http://h-da.de/ml-ontology/feature_extraction,feature extraction,0.3634302616119385,2
10.1109/ICAIC57335.2023.10044126,http://h-da.de/ml-ontology/time_series_analysis,time series analysis,0.3552669584751129,3
10.1109/ICAIC57335.2023.10044177,http://h-da.de/ml-ontology/text_regression,text regression,0.43244999647140503,1
10.1109/ICAIC57335.2023.10044177,http://h-da.de/ml-ontology/sentiment_analysis,sentiment analysis,0.3931463360786438,2
10.1109/ICAIIC51459.2021.9415249,http://h-da.de/ml-ontology/audio_classification,audio classification,0.3539048433303833,1
10.1109/ICAIIC57133.2023.10067054,http://h-da.de/ml-ontology/time_series_forecasting,time series forecasting,0.43721410632133484,1
10.1109/ICAIIC60209.2024.10463344,http://h-da.de/ml-ontology/anomaly_detection,anomaly detection,0.5270112752914429,1
10.1109/ICAIIC60209.2024.10463344,http://h-da.de/ml-ontology/time_series_forecasting,time series forecasting,0.36705273389816284,2
10.1109/ICAIIC60209.2024.10463344,http://h-da.de/ml-ontology/association_rule_learning,association rule learning,0.3560054302215576,3
10.1109/ICAIQSA64000.2024.10882329,http://h-da.de/ml-ontology/time_series_classification,time series classification,0.3630884885787964,1
10.1109/ICAIQSA64000.2024.10882336,http://h-da.de/ml-ontology/time_series_forecasting,time series forecasting,0.45656731724739075,1
10.1109/ICAIQSA64000.2024.10882336,http://h-da.de/ml-ontology/time_series_classification,time series classification,0.39112305641174316,2
10.1109/ICAIQSA64000.2024.10882336,http://h-da.de/ml-ontology/action_recognition,action recognition,0.38558030128479004,3
10.1109/ICAIQSA64000.2024.10882368,http://h-da.de/ml-ontology/named_entity_recognition,named entity recognition,0.3988003134727478,1
10.1109/ICAIQSA64000.2024.10882368,http://h-da.de/ml-ontology/text_classification,text classification,0.37498730421066284,2
10.1109/ICAIQSA64000.2024.10882378,http://h-da.de/ml-ontology/classification,classification,0.35233640670776367,1
10.1109/ICAIS53314.2022.9742716,http://h-da.de/ml-ontology/audio_classification,audio classification,0.3670850396156311,1
10.1109/ICARC64760.2025.10963068,http://h-da.de/ml-ontology/time_series_forecasting,time series forecasting,0.3856699466705322,1
10.1109/ICASSP.2018.8461840,http://h-da.de/ml-ontology/image_classification,image classification,0.36544251441955566,1
10.1109/ICASSP.2018.8461840,http://h-da.de/ml-ontology/association_rule_learning,association rule learning,0.35304656624794006,2
10.1109/ICBAIE49996.2020.00057,http://h-da.de/ml-ontology/recommendation,recommendation,0.36104750633239746,1
10.1109/ICBAIE49996.2020.00092,http://h-da.de/ml-ontology/feature_extraction,feature extraction,0.3820520043373108,1
10.1109/ICBAIE49996.2020.00092,http://h-da.de/ml-ontology/classification,classification,0.36819684505462646,2
10.1109/ICBAIE52039.2021.9389954,http://h-da.de/ml-ontology/time_series_classification,time series classification,0.4992619752883911,1
10.1109/ICBAIE52039.2021.9389954,http://h-da.de/ml-ontology/feature_extraction,feature extraction,0.4084528088569641,2
10.1109/ICBAIE52039.2021.9389954,http://h-da.de/ml-ontology/time_series_analysis,time series analysis,0.38745778799057007,3
10.1109/ICBAIE52039.2021.9389954,http://h-da.de/ml-ontology/action_recognition,action recognition,0.36326390504837036,4
10.1109/ICBAIE52039.2021.9389954,http://h-da.de/ml-ontology/time_series_forecasting,time series forecasting,0.3574369251728058,5
10.1109/ICBASE51474.2020.00098,http://h-da.de/ml-ontology/feature_extraction,feature extraction,0.38784363865852356,1
10.1109/ICBDA47563.2019.8987015,http://h-da.de/ml-ontology/feature_extraction,feature extraction,0.36691123247146606,1
10.1109/ICBDA55095.2022.9760336,http://h-da.de/ml-ontology/feature_extraction,feature extraction,0.3764494061470032,1
10.1109/ICBDA61153.2024.10607213,http://h-da.de/ml-ontology/recommendation,recommendation,0.48843955993652344,1
10.1109/ICBDA61153.2024.10607213,http://h-da.de/ml-ontology/text_classification,text classification,0.3528393805027008,2
10.1109/ICBIR52339.2021.9465830,http://h-da.de/ml-ontology/topic_modeling,topic modeling,0.44853103160858154,1
10.1109/ICBIR52339.2021.9465830,http://h-da.de/ml-ontology/recommendation,recommendation,0.4441453218460083,2
10.1109/ICBIR52339.2021.9465830,http://h-da.de/ml-ontology/text_classification,text classification,0.43553298711776733,3
10.1109/ICBIR52339.2021.9465830,http://h-da.de/ml-ontology/sentiment_analysis,sentiment analysis,0.392753005027771,4
10.1109/ICBIR65229.2025.11163114,http://h-da.de/ml-ontology/feature_extraction,feature extraction,0.35843586921691895,1
10.1109/ICCA51723.2023.10181907,http://h-da.de/ml-ontology/classification,classification,0.434420645236969,1
10.1109/ICCA51723.2023.10181907,http://h-da.de/ml-ontology/text_classification,text classification,0.4133087396621704,2
10.1109/ICCA51723.2023.10181907,http://h-da.de/ml-ontology/time_series_classification,time series classification,0.3638859987258911,3
10.1109/ICCA51723.2023.10181907,http://h-da.de/ml-ontology/tabular_classification,tabular classification,0.35463815927505493,4
10.1109/ICCA51723.2023.10181907,http://h-da.de/ml-ontology/image_classification,image classification,0.3544071614742279,5
10.1109/ICCAD55197.2022.9853995,http://h-da.de/ml-ontology/anomaly_detection,anomaly detection,0.44375479221343994,1
10.1109/ICCAD55197.2022.9853995,http://h-da.de/ml-ontology/time_series_classification,time series classification,0.38188832998275757,2
10.1109/ICCAD55197.2022.9853995,http://h-da.de/ml-ontology/time_series_analysis,time series analysis,0.3809312582015991,3
10.1109/ICCAD55197.2022.9853995,http://h-da.de/ml-ontology/association_rule_learning,association rule learning,0.3554005026817322,4
10.1109/ICCAD55197.2022.9853995,http://h-da.de/ml-ontology/feature_extraction,feature extraction,0.354289710521698,5
10.1109/ICCAD64771.2025.11099203,http://h-da.de/ml-ontology/anomaly_detection,anomaly detection,0.48926448822021484,1
10.1109/ICCAD64771.2025.11099203,http://h-da.de/ml-ontology/feature_extraction,feature extraction,0.4149474501609802,2
10.1109/ICCAE59995.2024.10569244,http://h-da.de/ml-ontology/time_series_forecasting,time series forecasting,0.40096622705459595,1
10.1109/ICCAE59995.2024.10569244,http://h-da.de/ml-ontology/audio_regression,audio regression,0.3752989172935486,2
10.1109/ICCAE59995.2024.10569244,http://h-da.de/ml-ontology/feature_extraction,feature extraction,0.375116765499115,3
10.1109/ICCAE59995.2024.10569244,http://h-da.de/ml-ontology/regression,regression,0.3674015998840332,4
10.1109/ICCAE59995.2024.10569244,http://h-da.de/ml-ontology/image_regression,image regression,0.357684850692749,5
10.1109/ICCAIS48893.2020.9096667,http://h-da.de/ml-ontology/anomaly_detection,anomaly detection,0.4472419321537018,1
10.1109/ICCAMS60113.2023.10525844,http://h-da.de/ml-ontology/feature_extraction,feature extraction,0.4123724699020386,1
10.1109/ICCAMS60113.2023.10525932,http://h-da.de/ml-ontology/sentiment_analysis,sentiment analysis,0.39714813232421875,1
10.1109/ICCAMS60113.2023.10525932,http://h-da.de/ml-ontology/named_entity_recognition,named entity recognition,0.39275050163269043,2
10.1109/ICCAMS60113.2023.10525932,http://h-da.de/ml-ontology/text_classification,text classification,0.37622979283332825,3
10.1109/ICCAMS60113.2023.10525932,http://h-da.de/ml-ontology/text_analytics,text analytics,0.3621522784233093,4
10.1109/ICCAMS60113.2023.10526085,http://h-da.de/ml-ontology/classification,classification,0.3678302764892578,1
10.1109/ICCAMS60113.2023.10526085,http://h-da.de/ml-ontology/image_regression,image regression,0.3602840006351471,2
10.1109/ICCASIT62299.2024.10827833,http://h-da.de/ml-ontology/object_detection,object detection,0.40410083532333374,1
10.1109/ICCC54292.2022.9805918,http://h-da.de/ml-ontology/action_recognition,action recognition,0.3675941526889801,1
10.1109/ICCC56324.2022.10065716,http://h-da.de/ml-ontology/action_recognition,action recognition,0.39585548639297485,1
10.1109/ICCC57093.2023.10178944,http://h-da.de/ml-ontology/audio_classification,audio classification,0.4489043951034546,1
10.1109/ICCC57093.2023.10178944,http://h-da.de/ml-ontology/audio_regression,audio regression,0.417213499546051,2
10.1109/ICCC59590.2023.10507444,http://h-da.de/ml-ontology/time_series_forecasting,time series forecasting,0.3793053925037384,1
10.1109/ICCC59590.2023.10507444,http://h-da.de/ml-ontology/classification,classification,0.35623133182525635,2
10.1109/ICCC62069.2024.10569235,http://h-da.de/ml-ontology/feature_extraction,feature extraction,0.40349408984184265,1
10.1109/ICCC62069.2024.10569235,http://h-da.de/ml-ontology/feature_reduction,feature reduction,0.38148534297943115,2
10.1109/ICCC64928.2025.10999131,http://h-da.de/ml-ontology/feature_extraction,feature extraction,0.3589959442615509,1
10.1109/ICCC65605.2025.11022802,http://h-da.de/ml-ontology/feature_extraction,feature extraction,0.43294528126716614,1
10.1109/ICCC65605.2025.11022802,http://h-da.de/ml-ontology/feature_selection,feature selection,0.4044000506401062,2
10.1109/ICCC65605.2025.11022817,http://h-da.de/ml-ontology/feature_extraction,feature extraction,0.36512523889541626,1
10.1109/ICCCI56745.2023.10128327,http://h-da.de/ml-ontology/text_classification,text classification,0.3728012442588806,1
10.1109/ICCCI56745.2023.10128327,http://h-da.de/ml-ontology/image_classification,image classification,0.35543516278266907,2
10.1109/ICCCNT56998.2023.10306701,http://h-da.de/ml-ontology/action_recognition,action recognition,0.40808844566345215,1
10.1109/ICCCNT56998.2023.10307239,http://h-da.de/ml-ontology/time_series_forecasting,time series forecasting,0.3954199552536011,1
10.1109/ICCCNT56998.2023.10307239,http://h-da.de/ml-ontology/classification,classification,0.3510090708732605,2
10.1109/ICCCNT56998.2023.10308364,http://h-da.de/ml-ontology/sentiment_analysis,sentiment analysis,0.4861632287502289,1
10.1109/ICCCNT56998.2023.10308364,http://h-da.de/ml-ontology/text_classification,text classification,0.47971898317337036,2
10.1109/ICCCNT56998.2023.10308364,http://h-da.de/ml-ontology/named_entity_recognition,named entity recognition,0.40058910846710205,3
10.1109/ICCCNT56998.2023.10308364,http://h-da.de/ml-ontology/text_regression,text regression,0.3936031460762024,4
10.1109/ICCCNT56998.2023.10308364,http://h-da.de/ml-ontology/recommendation,recommendation,0.35088473558425903,5
10.1109/ICCCNT61001.2024.10724176,http://h-da.de/ml-ontology/anomaly_detection,anomaly detection,0.45958206057548523,1
10.1109/ICCCNT61001.2024.10724210,http://h-da.de/ml-ontology/feature_extraction,feature extraction,0.3907167911529541,1
10.1109/ICCCNT61001.2024.10724210,http://h-da.de/ml-ontology/classification,classification,0.38942524790763855,2
10.1109/ICCCNT61001.2024.10724210,http://h-da.de/ml-ontology/tabular_classification,tabular classification,0.3623730540275574,3
10.1109/ICCCNT61001.2024.10724210,http://h-da.de/ml-ontology/image_classification,image classification,0.35586023330688477,4
10.1109/ICCCNT61001.2024.10725055,http://h-da.de/ml-ontology/audio_classification,audio classification,0.41568881273269653,1
10.1109/ICCCNT61001.2024.10725055,http://h-da.de/ml-ontology/text_classification,text classification,0.3643518090248108,2
10.1109/ICCCNT61001.2024.10725055,http://h-da.de/ml-ontology/video_classification,video classification,0.35817012190818787,3
10.1109/ICCCNT61001.2024.10725479,http://h-da.de/ml-ontology/classification,classification,0.38662609457969666,1
10.1109/ICCCT53315.2021.9711777,http://h-da.de/ml-ontology/regression,regression,0.41002169251441956,1
10.1109/ICCCT53315.2021.9711777,http://h-da.de/ml-ontology/classification,classification,0.4050324261188507,2
10.1109/ICCCT53315.2021.9711777,http://h-da.de/ml-ontology/feature_extraction,feature extraction,0.3948306739330292,3
10.1109/ICCCT53315.2021.9711777,http://h-da.de/ml-ontology/text_regression,text regression,0.38601893186569214,4
10.1109/ICCCT53315.2021.9711777,http://h-da.de/ml-ontology/image_regression,image regression,0.36845922470092773,5
10.1109/ICCCT63501.2025.11019827,http://h-da.de/ml-ontology/anomaly_detection,anomaly detection,0.3886825442314148,1
10.1109/ICCCT63501.2025.11020248,http://h-da.de/ml-ontology/feature_extraction,feature extraction,0.38580185174942017,1
10.1109/ICCE-Taiwan55306.2022.9869015,http://h-da.de/ml-ontology/anomaly_detection,anomaly detection,0.48972761631011963,1
10.1109/ICCE-Taiwan55306.2022.9869015,http://h-da.de/ml-ontology/time_series_classification,time series classification,0.3872118592262268,2
10.1109/ICCE-Taiwan55306.2022.9869015,http://h-da.de/ml-ontology/feature_extraction,feature extraction,0.35459041595458984,3
10.1109/ICCES63552.2024.10859691,http://h-da.de/ml-ontology/feature_extraction,feature extraction,0.40367579460144043,1
10.1109/ICCIA61416.2023.10506348,http://h-da.de/ml-ontology/time_series_classification,time series classification,0.358437180519104,1
10.1109/ICCIA61416.2023.10506348,http://h-da.de/ml-ontology/audio_classification,audio classification,0.35055696964263916,2
10.1109/ICCIC.2016.7919549,http://h-da.de/ml-ontology/association_rule_learning,association rule learning,0.35976308584213257,1
10.1109/ICCIT60459.2023.10441036,http://h-da.de/ml-ontology/image_regression,image regression,0.3753376603126526,1
10.1109/ICCIT60459.2023.10441036,http://h-da.de/ml-ontology/classification,classification,0.3722742795944214,2
10.1109/ICCIT64611.2024.11022600,http://h-da.de/ml-ontology/sentiment_analysis,sentiment analysis,0.49459072947502136,1
10.1109/ICCIT64611.2024.11022600,http://h-da.de/ml-ontology/recommendation,recommendation,0.36043447256088257,2
10.1109/ICCIT64611.2024.11022600,http://h-da.de/ml-ontology/text_regression,text regression,0.3507554531097412,3
10.1109/ICCMA63715.2024.10843876,http://h-da.de/ml-ontology/feature_extraction,feature extraction,0.41920730471611023,1
10.1109/ICCMA63715.2024.10843876,http://h-da.de/ml-ontology/image_regression,image regression,0.38587695360183716,2
10.1109/ICCMC51019.2021.9418399,http://h-da.de/ml-ontology/image_classification,image classification,0.4406834840774536,1
10.1109/ICCMC51019.2021.9418399,http://h-da.de/ml-ontology/video_classification,video classification,0.36525410413742065,2
10.1109/ICCMC65190.2025.11140639,http://h-da.de/ml-ontology/object_detection,object detection,0.36633867025375366,1
10.1109/ICCP.2017.8116997,http://h-da.de/ml-ontology/association_rule_learning,association rule learning,0.3614557385444641,1
10.1109/ICCP.2017.8116997,http://h-da.de/ml-ontology/feature_extraction,feature extraction,0.35929957032203674,2
10.1109/ICCPCT58313.2023.10244964,http://h-da.de/ml-ontology/classification,classification,0.3705297112464905,1
10.1109/ICCPCT58313.2023.10244964,http://h-da.de/ml-ontology/feature_extraction,feature extraction,0.3580095171928406,2
10.1109/ICCPCT61902.2024.10673069,http://h-da.de/ml-ontology/anomaly_detection,anomaly detection,0.35263216495513916,1
10.1109/ICCPCT61902.2024.10673378,http://h-da.de/ml-ontology/sentiment_analysis,sentiment analysis,0.566426694393158,1
10.1109/ICCPCT61902.2024.10673378,http://h-da.de/ml-ontology/text_classification,text classification,0.4026302397251129,2
10.1109/ICCPCT61902.2024.10673378,http://h-da.de/ml-ontology/recommendation,recommendation,0.39112621545791626,3
10.1109/ICCRTEE64519.2025.11052989,http://h-da.de/ml-ontology/classification,classification,0.3579258322715759,1
10.1109/ICCRTEE64519.2025.11052989,http://h-da.de/ml-ontology/image_regression,image regression,0.3543194830417633,2
10.1109/ICCSE.2018.8468854,http://h-da.de/ml-ontology/recommendation,recommendation,0.3887172043323517,1
10.1109/ICCSE.2018.8468854,http://h-da.de/ml-ontology/classification,classification,0.36905065178871155,2
10.1109/ICCSE.2018.8468854,http://h-da.de/ml-ontology/association_rule_learning,association rule learning,0.35234442353248596,3
10.1109/ICCST59048.2023.10474248,http://h-da.de/ml-ontology/image_classification,image classification,0.41431379318237305,1
10.1109/ICCTA58027.2022.10206263,http://h-da.de/ml-ontology/classification,classification,0.360686719417572,1
10.1109/ICCTA58027.2022.10206263,http://h-da.de/ml-ontology/image_regression,image regression,0.3575373888015747,2
10.1109/ICCUBEA47591.2019.9128741,http://h-da.de/ml-ontology/regression,regression,0.383689820766449,1
10.1109/ICCUBEA47591.2019.9128741,http://h-da.de/ml-ontology/image_regression,image regression,0.3561399579048157,2
10.1109/ICCUBEA47591.2019.9128741,http://h-da.de/ml-ontology/audio_regression,audio regression,0.3533688485622406,3
10.1109/ICCoSITE57641.2023.10127735,http://h-da.de/ml-ontology/time_series_forecasting,time series forecasting,0.479651540517807,1
10.1109/ICCoSITE57641.2023.10127735,http://h-da.de/ml-ontology/time_series_classification,time series classification,0.39938944578170776,2
10.1109/ICDABI60145.2023.10629554,http://h-da.de/ml-ontology/audio_classification,audio classification,0.3900708556175232,1
10.1109/ICDABI60145.2023.10629554,http://h-da.de/ml-ontology/time_series_classification,time series classification,0.3515019714832306,2
10.1109/ICDATA58816.2023.00026,http://h-da.de/ml-ontology/time_series_forecasting,time series forecasting,0.3517248034477234,1
10.1109/ICDCECE57866.2023.10150883,http://h-da.de/ml-ontology/object_detection,object detection,0.3802054524421692,1
10.1109/ICDMW60847.2023.00189,http://h-da.de/ml-ontology/recommendation,recommendation,0.39409905672073364,1
10.1109/ICDMW60847.2023.00189,http://h-da.de/ml-ontology/link_prediction,link prediction,0.3882829546928406,2
10.1109/ICDSAAI59313.2023.10452657,http://h-da.de/ml-ontology/feature_extraction,feature extraction,0.3691614270210266,1
10.1109/ICDSAAI59313.2023.10452665,http://h-da.de/ml-ontology/classification,classification,0.40874117612838745,1
10.1109/ICDSAAI59313.2023.10452665,http://h-da.de/ml-ontology/recommendation,recommendation,0.37281277775764465,2
10.1109/ICDSAAI59313.2023.10452665,http://h-da.de/ml-ontology/time_series_forecasting,time series forecasting,0.35748785734176636,3
10.1109/ICDSBA48748.2019.00020,http://h-da.de/ml-ontology/recommendation,recommendation,0.4716818928718567,1
10.1109/ICDSBS63635.2025.11031639,http://h-da.de/ml-ontology/image_regression,image regression,0.3525107502937317,1
10.1109/ICDSBS63635.2025.11031639,http://h-da.de/ml-ontology/classification,classification,0.351754367351532,2
10.1109/ICDSCNC62492.2024.10939220,http://h-da.de/ml-ontology/audio_classification,audio classification,0.35641032457351685,1
10.1109/ICDSCNC62492.2024.10939220,http://h-da.de/ml-ontology/classification,classification,0.3507172465324402,2
10.1109/ICDSCNC62492.2024.10939633,http://h-da.de/ml-ontology/anomaly_detection,anomaly detection,0.39433833956718445,1
10.1109/ICDSIS61070.2024.10594390,http://h-da.de/ml-ontology/anomaly_detection,anomaly detection,0.4257078170776367,1
10.1109/ICDSNS58469.2023.10245154,http://h-da.de/ml-ontology/recommendation,recommendation,0.38999292254447937,1
10.1109/ICDSNS58469.2023.10245154,http://h-da.de/ml-ontology/classification,classification,0.3788606524467468,2
10.1109/ICDSNS58469.2023.10245887,http://h-da.de/ml-ontology/time_series_forecasting,time series forecasting,0.4098935127258301,1
10.1109/ICDSNS62112.2024.10690959,http://h-da.de/ml-ontology/time_series_forecasting,time series forecasting,0.4909980297088623,1
10.1109/ICDSNS62112.2024.10691295,http://h-da.de/ml-ontology/recommendation,recommendation,0.3738292157649994,1
10.1109/ICDT61202.2024.10489292,http://h-da.de/ml-ontology/image_classification,image classification,0.3535902500152588,1
10.1109/ICDT63985.2025.10986559,http://h-da.de/ml-ontology/image_classification,image classification,0.3878791928291321,1
10.1109/ICDXA61007.2024.10470870,http://h-da.de/ml-ontology/time_series_forecasting,time series forecasting,0.368037611246109,1
10.1109/ICE/ITMC58018.2023.10332374,http://h-da.de/ml-ontology/time_series_forecasting,time series forecasting,0.4723508358001709,1
10.1109/ICE/ITMC58018.2023.10332374,http://h-da.de/ml-ontology/time_series_classification,time series classification,0.3508361577987671,2
10.1109/ICE/ITMC61926.2024.10794238,http://h-da.de/ml-ontology/association_rule_learning,association rule learning,0.3607534170150757,1
10.1109/ICE/ITMC61926.2024.10794238,http://h-da.de/ml-ontology/feature_extraction,feature extraction,0.3579557538032532,2
10.1109/ICE/ITMC61926.2024.10794238,http://h-da.de/ml-ontology/feature_reduction,feature reduction,0.354875385761261,3
10.1109/ICE/ITMC65658.2025.11106668,http://h-da.de/ml-ontology/time_series_forecasting,time series forecasting,0.46424999833106995,1
10.1109/ICE/ITMC65658.2025.11106668,http://h-da.de/ml-ontology/time_series_classification,time series classification,0.3697901964187622,2
10.1109/ICE2T58637.2023.10540464,http://h-da.de/ml-ontology/feature_extraction,feature extraction,0.36626121401786804,1
10.1109/ICEACE63551.2024.10898356,http://h-da.de/ml-ontology/time_series_forecasting,time series forecasting,0.4177204668521881,1
10.1109/ICEACE63551.2024.10898428,http://h-da.de/ml-ontology/feature_extraction,feature extraction,0.4025265574455261,1
10.1109/ICEACE63551.2024.10898428,http://h-da.de/ml-ontology/feature_reduction,feature reduction,0.36109089851379395,2
10.1109/ICEARS64219.2025.10940813,http://h-da.de/ml-ontology/time_series_forecasting,time series forecasting,0.39088326692581177,1
10.1109/ICEBE62490.2024.00042,http://h-da.de/ml-ontology/image_classification,image classification,0.4065364599227905,1
10.1109/ICEBE62490.2024.00042,http://h-da.de/ml-ontology/video_classification,video classification,0.3542604446411133,2
10.1109/ICECA55336.2022.10009059,http://h-da.de/ml-ontology/anomaly_detection,anomaly detection,0.38673701882362366,1
10.1109/ICECA55336.2022.10009277,http://h-da.de/ml-ontology/classification,classification,0.3735544979572296,1
10.1109/ICECA55336.2022.10009277,http://h-da.de/ml-ontology/regression,regression,0.35239270329475403,2
10.1109/ICECA55336.2022.10009277,http://h-da.de/ml-ontology/time_series_forecasting,time series forecasting,0.35032516717910767,3
10.1109/ICECA55336.2022.10703527,http://h-da.de/ml-ontology/anomaly_detection,anomaly detection,0.3841330409049988,1
10.1109/ICECCC61767.2024.10593917,http://h-da.de/ml-ontology/regression,regression,0.36714184284210205,1
10.1109/ICECCC61767.2024.10593917,http://h-da.de/ml-ontology/time_series_forecasting,time series forecasting,0.36296552419662476,2
10.1109/ICECCE61019.2023.10442609,http://h-da.de/ml-ontology/action_recognition,action recognition,0.3889671266078949,1
10.1109/ICECCT.2019.8869103,http://h-da.de/ml-ontology/association_rule_learning,association rule learning,0.4584345817565918,1
10.1109/ICECCT.2019.8869103,http://h-da.de/ml-ontology/classification,classification,0.3910312056541443,2
10.1109/ICECCT56650.2023.10179619,http://h-da.de/ml-ontology/time_series_forecasting,time series forecasting,0.396810919046402,1
10.1109/ICECCT56650.2023.10179619,http://h-da.de/ml-ontology/time_series_classification,time series classification,0.3505024313926697,2
10.1109/ICECET55527.2022.9872890,http://h-da.de/ml-ontology/feature_extraction,feature extraction,0.3954769968986511,1
10.1109/ICECET55527.2022.9872903,http://h-da.de/ml-ontology/time_series_forecasting,time series forecasting,0.40226706862449646,1
10.1109/ICECONF57129.2023.10083525,http://h-da.de/ml-ontology/image_classification,image classification,0.3980279564857483,1
10.1109/ICECONF57129.2023.10083525,http://h-da.de/ml-ontology/classification,classification,0.3860817849636078,2
10.1109/ICECT61618.2024.10581005,http://h-da.de/ml-ontology/classification,classification,0.42877429723739624,1
10.1109/ICECT61618.2024.10581005,http://h-da.de/ml-ontology/audio_classification,audio classification,0.40499091148376465,2
10.1109/ICECT61618.2024.10581005,http://h-da.de/ml-ontology/image_classification,image classification,0.39277130365371704,3
10.1109/ICECT61618.2024.10581005,http://h-da.de/ml-ontology/tabular_classification,tabular classification,0.379122257232666,4
10.1109/ICECT61618.2024.10581005,http://h-da.de/ml-ontology/video_classification,video classification,0.35984915494918823,5
10.1109/ICEEAC61226.2024.10576501,http://h-da.de/ml-ontology/regression,regression,0.3504291772842407,1
10.1109/ICEEE.2013.6676005,http://h-da.de/ml-ontology/action_recognition,action recognition,0.4300553500652313,1
10.1109/ICEEE.2014.6978261,http://h-da.de/ml-ontology/classification,classification,0.39039313793182373,1
10.1109/ICEEE.2014.6978261,http://h-da.de/ml-ontology/clustering,clustering,0.3897848129272461,2
10.1109/ICEEE.2014.6978261,http://h-da.de/ml-ontology/tabular_clustering,tabular clustering,0.3842056691646576,3
10.1109/ICEEE.2014.6978261,http://h-da.de/ml-ontology/binary_classification,binary classification,0.3768637776374817,4
10.1109/ICEEE.2014.6978261,http://h-da.de/ml-ontology/sentence_similarity,sentence similarity,0.37607061862945557,5
10.1109/ICEEE.2015.7357960,http://h-da.de/ml-ontology/classification,classification,0.4509051442146301,1
10.1109/ICEEE.2015.7357960,http://h-da.de/ml-ontology/feature_extraction,feature extraction,0.37161141633987427,2
10.1109/ICEEE.2018.8533947,http://h-da.de/ml-ontology/time_series_classification,time series classification,0.4243926405906677,1
10.1109/ICEEE.2018.8533947,http://h-da.de/ml-ontology/audio_classification,audio classification,0.39317309856414795,2
10.1109/ICEEE.2018.8533947,http://h-da.de/ml-ontology/feature_extraction,feature extraction,0.37172380089759827,3
10.1109/ICEEE.2018.8533968,http://h-da.de/ml-ontology/feature_extraction,feature extraction,0.4249747395515442,1
10.1109/ICEEE.2018.8533968,http://h-da.de/ml-ontology/time_series_classification,time series classification,0.3994485139846802,2
10.1109/ICEEE.2018.8533968,http://h-da.de/ml-ontology/audio_classification,audio classification,0.381267249584198,3
10.1109/ICEEE.2019.8884547,http://h-da.de/ml-ontology/image_classification,image classification,0.3911219835281372,1
10.1109/ICEEE.2019.8884572,http://h-da.de/ml-ontology/audio_classification,audio classification,0.390330046415329,1
10.1109/ICEEE49618.2020.9102476,http://h-da.de/ml-ontology/classification,classification,0.3771874010562897,1
10.1109/ICEEIE52663.2021.9616687,http://h-da.de/ml-ontology/audio_classification,audio classification,0.35943788290023804,1
10.1109/ICEKIM52309.2021.00091,http://h-da.de/ml-ontology/anomaly_detection,anomaly detection,0.3592985272407532,1
10.1109/ICEMCE64157.2024.10862003,http://h-da.de/ml-ontology/feature_extraction,feature extraction,0.3550630211830139,1
10.1109/ICEMPS60684.2024.10559377,http://h-da.de/ml-ontology/regression,regression,0.35457688570022583,1
10.1109/ICERA66156.2025.11087272,http://h-da.de/ml-ontology/sentiment_analysis,sentiment analysis,0.4655715227127075,1
10.1109/ICERA66156.2025.11087272,http://h-da.de/ml-ontology/recommendation,recommendation,0.4560543894767761,2
10.1109/ICERA66156.2025.11087272,http://h-da.de/ml-ontology/text_classification,text classification,0.3666239380836487,3
10.1109/ICERCS63125.2024.10894878,http://h-da.de/ml-ontology/recommendation,recommendation,0.397397518157959,1
10.1109/ICERCS63125.2024.10895692,http://h-da.de/ml-ontology/time_series_forecasting,time series forecasting,0.3504292368888855,1
10.1109/ICESC54411.2022.9885377,http://h-da.de/ml-ontology/classification,classification,0.42332443594932556,1
10.1109/ICESC54411.2022.9885377,http://h-da.de/ml-ontology/regression,regression,0.35965681076049805,2
10.1109/ICESIT53460.2021.9696839,http://h-da.de/ml-ontology/regression,regression,0.38377630710601807,1
10.1109/ICESIT53460.2021.9696839,http://h-da.de/ml-ontology/image_regression,image regression,0.380756676197052,2
10.1109/ICESIT53460.2021.9696839,http://h-da.de/ml-ontology/classification,classification,0.3664933145046234,3
10.1109/ICESIT53460.2021.9696839,http://h-da.de/ml-ontology/text_regression,text regression,0.35873299837112427,4
10.1109/ICEST62335.2024.10639638,http://h-da.de/ml-ontology/classification,classification,0.3806389272212982,1
10.1109/ICET63392.2024.10935208,http://h-da.de/ml-ontology/action_recognition,action recognition,0.36649057269096375,1
10.1109/ICETEMS64039.2024.10965099,http://h-da.de/ml-ontology/recommendation,recommendation,0.3578718602657318,1
10.1109/ICFTS62006.2025.11031810,http://h-da.de/ml-ontology/time_series_classification,time series classification,0.36699336767196655,1
10.1109/ICFTS62006.2025.11031810,http://h-da.de/ml-ontology/time_series_forecasting,time series forecasting,0.3579441010951996,2
10.1109/ICFTSC57269.2022.10039824,http://h-da.de/ml-ontology/time_series_forecasting,time series forecasting,0.35089874267578125,1
10.1109/ICICACS57338.2023.10099996,http://h-da.de/ml-ontology/feature_extraction,feature extraction,0.37234777212142944,1
10.1109/ICICACS65178.2025.10968632,http://h-da.de/ml-ontology/time_series_forecasting,time series forecasting,0.3594619035720825,1
10.1109/ICICAT62666.2024.10923362,http://h-da.de/ml-ontology/time_series_forecasting,time series forecasting,0.4360044598579407,1
10.1109/ICICCS65191.2025.10985478,http://h-da.de/ml-ontology/audio_classification,audio classification,0.3736775517463684,1
10.1109/ICICCS65191.2025.10985479,http://h-da.de/ml-ontology/image_regression,image regression,0.3645176291465759,1
10.1109/ICICI65870.2025.11069476,http://h-da.de/ml-ontology/image_regression,image regression,0.3798472285270691,1
10.1109/ICICI65870.2025.11069513,http://h-da.de/ml-ontology/feature_extraction,feature extraction,0.3615590035915375,1
10.1109/ICICICT54557.2022.9917882,http://h-da.de/ml-ontology/audio_classification,audio classification,0.3579348921775818,1
10.1109/ICICICT54557.2022.9917966,http://h-da.de/ml-ontology/audio_classification,audio classification,0.35977858304977417,1
10.1109/ICICIS56802.2023.10430253,http://h-da.de/ml-ontology/time_series_forecasting,time series forecasting,0.42570334672927856,1
10.1109/ICICML63543.2024.10958017,http://h-da.de/ml-ontology/time_series_forecasting,time series forecasting,0.42990899085998535,1
10.1109/ICICML63543.2024.10958017,http://h-da.de/ml-ontology/time_series_classification,time series classification,0.35152289271354675,2
10.1109/ICICS65354.2025.11072954,http://h-da.de/ml-ontology/anomaly_detection,anomaly detection,0.4205279052257538,1
10.1109/ICICSP54369.2021.9611971,http://h-da.de/ml-ontology/anomaly_detection,anomaly detection,0.3556289076805115,1
10.1109/ICICSP54369.2021.9611971,http://h-da.de/ml-ontology/time_series_classification,time series classification,0.35559651255607605,2
10.1109/ICICT48043.2020.9112473,http://h-da.de/ml-ontology/audio_classification,audio classification,0.4887504279613495,1
10.1109/ICICT48043.2020.9112473,http://h-da.de/ml-ontology/audio_regression,audio regression,0.48049911856651306,2
10.1109/ICICT60155.2024.10544610,http://h-da.de/ml-ontology/action_recognition,action recognition,0.35601821541786194,1
10.1109/ICICT60155.2024.10544852,http://h-da.de/ml-ontology/audio_classification,audio classification,0.43310779333114624,1
10.1109/ICICyTA57421.2022.10037988,http://h-da.de/ml-ontology/anomaly_detection,anomaly detection,0.4102542996406555,1
10.1109/ICICyTA60173.2023.10428838,http://h-da.de/ml-ontology/anomaly_detection,anomaly detection,0.4297374486923218,1
10.1109/ICIEAM65163.2025.11028312,http://h-da.de/ml-ontology/feature_extraction,feature extraction,0.380615234375,1
10.1109/ICIETDW61607.2024.10941248,http://h-da.de/ml-ontology/recommendation,recommendation,0.3680228292942047,1
10.1109/ICIICS59993.2023.10421234,http://h-da.de/ml-ontology/anomaly_detection,anomaly detection,0.3505149185657501,1
10.1109/ICIIET55458.2022.9967513,http://h-da.de/ml-ontology/anomaly_detection,anomaly detection,0.42884713411331177,1
10.1109/ICIIP61524.2023.10537634,http://h-da.de/ml-ontology/time_series_forecasting,time series forecasting,0.4056810736656189,1
10.1109/ICIIP61524.2023.10537634,http://h-da.de/ml-ontology/classification,classification,0.40023067593574524,2
10.1109/ICIIP61524.2023.10537634,http://h-da.de/ml-ontology/regression,regression,0.3729434013366699,3
10.1109/ICIIP61524.2023.10537634,http://h-da.de/ml-ontology/association_rule_learning,association rule learning,0.3710838556289673,4
10.1109/ICIIP61524.2023.10537634,http://h-da.de/ml-ontology/feature_selection,feature selection,0.36838531494140625,5
10.1109/ICIMCIS63449.2024.10957227,http://h-da.de/ml-ontology/time_series_forecasting,time series forecasting,0.3846690356731415,1
10.1109/ICIPCA59209.2023.10257933,http://h-da.de/ml-ontology/image_classification,image classification,0.3664619028568268,1
10.1109/ICIPCA61593.2024.10709133,http://h-da.de/ml-ontology/recommendation,recommendation,0.47500503063201904,1
10.1109/ICIPTM54933.2022.9753864,http://h-da.de/ml-ontology/time_series_forecasting,time series forecasting,0.4271043539047241,1
10.1109/ICIRCA54612.2022.9985752,http://h-da.de/ml-ontology/time_series_forecasting,time series forecasting,0.39096856117248535,1
10.1109/ICIRCA65293.2025.11089570,http://h-da.de/ml-ontology/action_recognition,action recognition,0.350225031375885,1
10.1109/ICISCT64202.2024.10957047,http://h-da.de/ml-ontology/image_classification,image classification,0.4235289394855499,1
10.1109/ICISCT64202.2024.10957047,http://h-da.de/ml-ontology/video_classification,video classification,0.36255478858947754,2
10.1109/ICIT.2015.7125351,http://h-da.de/ml-ontology/feature_extraction,feature extraction,0.3691460192203522,1
10.1109/ICITACEE62763.2024.10762812,http://h-da.de/ml-ontology/time_series_forecasting,time series forecasting,0.3812403082847595,1
10.1109/ICITEICS61368.2024.10625442,http://h-da.de/ml-ontology/image_regression,image regression,0.3642330765724182,1
10.1109/ICITEICS61368.2024.10625442,http://h-da.de/ml-ontology/audio_regression,audio regression,0.3606579899787903,2
10.1109/ICITEICS61368.2024.10625442,http://h-da.de/ml-ontology/feature_extraction,feature extraction,0.3605644106864929,3
10.1109/ICITEICS61368.2024.10625539,http://h-da.de/ml-ontology/time_series_forecasting,time series forecasting,0.46541494131088257,1
10.1109/ICITEICS61368.2024.10625539,http://h-da.de/ml-ontology/time_series_analysis,time series analysis,0.39875176548957825,2
10.1109/ICITEICS61368.2024.10625539,http://h-da.de/ml-ontology/time_series_classification,time series classification,0.3615715503692627,3
10.1109/ICITEICS61368.2024.10625539,http://h-da.de/ml-ontology/anomaly_detection,anomaly detection,0.3516058623790741,4
10.1109/ICITR64794.2024.10857772,http://h-da.de/ml-ontology/time_series_forecasting,time series forecasting,0.4480865001678467,1
10.1109/ICITR64794.2024.10857803,http://h-da.de/ml-ontology/time_series_forecasting,time series forecasting,0.45232415199279785,1
10.1109/ICKII58656.2023.10332609,http://h-da.de/ml-ontology/recommendation,recommendation,0.48238685727119446,1
10.1109/ICKII58656.2023.10332609,http://h-da.de/ml-ontology/text_classification,text classification,0.3772629499435425,2
10.1109/ICKII58656.2023.10332609,http://h-da.de/ml-ontology/topic_modeling,topic modeling,0.3511980175971985,3
10.1109/ICM63406.2024.10815781,http://h-da.de/ml-ontology/feature_extraction,feature extraction,0.35176146030426025,1
10.1109/ICMA57826.2023.10216091,http://h-da.de/ml-ontology/time_series_forecasting,time series forecasting,0.3535328209400177,1
10.1109/ICMCSI64620.2025.10883243,http://h-da.de/ml-ontology/text_classification,text classification,0.3694615960121155,1
10.1109/ICMCSI64620.2025.10883243,http://h-da.de/ml-ontology/text_regression,text regression,0.36575865745544434,2
10.1109/ICMCSI64620.2025.10883243,http://h-da.de/ml-ontology/sentence_similarity,sentence similarity,0.3565613627433777,3
10.1109/ICMCSI64620.2025.10883466,http://h-da.de/ml-ontology/regression,regression,0.35640305280685425,1
10.1109/ICMCSI64620.2025.10883526,http://h-da.de/ml-ontology/feature_extraction,feature extraction,0.3965795934200287,1
10.1109/ICMCSI64620.2025.10883526,http://h-da.de/ml-ontology/feature_reduction,feature reduction,0.3525925576686859,2
10.1109/ICMI60790.2024.10585829,http://h-da.de/ml-ontology/audio_classification,audio classification,0.4548629820346832,1
10.1109/ICMI60790.2024.10585829,http://h-da.de/ml-ontology/audio_regression,audio regression,0.3695916533470154,2
10.1109/ICMI60790.2024.10585829,http://h-da.de/ml-ontology/feature_extraction,feature extraction,0.3693326711654663,3
10.1109/ICMI65310.2025.11141125,http://h-da.de/ml-ontology/audio_classification,audio classification,0.37858712673187256,1
10.1109/ICMI65310.2025.11141125,http://h-da.de/ml-ontology/time_series_classification,time series classification,0.37365275621414185,2
10.1109/ICMI65310.2025.11141255,http://h-da.de/ml-ontology/recommendation,recommendation,0.40863728523254395,1
10.1109/ICMI65310.2025.11141314,http://h-da.de/ml-ontology/image_regression,image regression,0.36193931102752686,1
10.1109/ICMI65310.2025.11141314,http://h-da.de/ml-ontology/regression,regression,0.35671505331993103,2
10.1109/ICMI65310.2025.11141314,http://h-da.de/ml-ontology/classification,classification,0.35278773307800293,3
10.1109/ICMIAM54662.2021.9715224,http://h-da.de/ml-ontology/time_series_classification,time series classification,0.35263773798942566,1
10.1109/ICMIMT49010.2020.9041239,http://h-da.de/ml-ontology/feature_extraction,feature extraction,0.3618088364601135,1
10.1109/ICMISI65108.2025.11115359,http://h-da.de/ml-ontology/time_series_forecasting,time series forecasting,0.42433467507362366,1
10.1109/ICMLA.2012.172,http://h-da.de/ml-ontology/audio_classification,audio classification,0.6733417510986328,1
10.1109/ICMLA.2012.172,http://h-da.de/ml-ontology/audio_regression,audio regression,0.5424911379814148,2
10.1109/ICMLA.2012.172,http://h-da.de/ml-ontology/video_classification,video classification,0.47787848114967346,3
10.1109/ICMLA.2012.172,http://h-da.de/ml-ontology/video_regression,video regression,0.3773955702781677,4
10.1109/ICMLA.2012.172,http://h-da.de/ml-ontology/time_series_classification,time series classification,0.35563957691192627,5
10.1109/ICMLA.2013.186,http://h-da.de/ml-ontology/feature_extraction,feature extraction,0.37751108407974243,1
10.1109/ICMLA.2013.186,http://h-da.de/ml-ontology/image_regression,image regression,0.3500157594680786,2
10.1109/ICMLA.2017.0-115,http://h-da.de/ml-ontology/time_series_forecasting,time series forecasting,0.35226303339004517,1
10.1109/ICMLA.2017.0-126,http://h-da.de/ml-ontology/anomaly_detection,anomaly detection,0.4908599257469177,1
10.1109/ICMLA.2017.0-126,http://h-da.de/ml-ontology/time_series_forecasting,time series forecasting,0.38910865783691406,2
10.1109/ICMLA.2017.0-126,http://h-da.de/ml-ontology/time_series_analysis,time series analysis,0.35356810688972473,3
10.1109/ICMLA.2018.00051,http://h-da.de/ml-ontology/classification,classification,0.3909209966659546,1
10.1109/ICMLA.2018.00051,http://h-da.de/ml-ontology/association_rule_learning,association rule learning,0.3572663366794586,2
10.1109/ICMLA.2018.00131,http://h-da.de/ml-ontology/image_classification,image classification,0.4028753638267517,1
10.1109/ICMLA.2018.00131,http://h-da.de/ml-ontology/multiclass_classification,multiclass classification,0.37709906697273254,2
10.1109/ICMLA.2018.00131,http://h-da.de/ml-ontology/audio_classification,audio classification,0.37321844696998596,3
10.1109/ICMLA.2018.00131,http://h-da.de/ml-ontology/classification,classification,0.371860533952713,4
10.1109/ICMLA.2018.00131,http://h-da.de/ml-ontology/feature_extraction,feature extraction,0.36546701192855835,5
10.1109/ICMLA.2019.00029,http://h-da.de/ml-ontology/time_series_forecasting,time series forecasting,0.42522186040878296,1
10.1109/ICMLA.2019.00029,http://h-da.de/ml-ontology/time_series_classification,time series classification,0.3637388050556183,2
10.1109/ICMLA.2019.00172,http://h-da.de/ml-ontology/anomaly_detection,anomaly detection,0.44111713767051697,1
10.1109/ICMLA.2019.00304,http://h-da.de/ml-ontology/association_rule_learning,association rule learning,0.3935359716415405,1
10.1109/ICMLA.2019.00304,http://h-da.de/ml-ontology/classification,classification,0.3604947626590729,2
10.1109/ICMLA.2019.00320,http://h-da.de/ml-ontology/object_detection,object detection,0.38685011863708496,1
10.1109/ICMLA.2019.00320,http://h-da.de/ml-ontology/image_classification,image classification,0.3522798418998718,2
10.1109/ICMLA51294.2020.00109,http://h-da.de/ml-ontology/anomaly_detection,anomaly detection,0.427375853061676,1
10.1109/ICMLA51294.2020.00109,http://h-da.de/ml-ontology/time_series_analysis,time series analysis,0.35965853929519653,2
10.1109/ICMLA52953.2021.00218,http://h-da.de/ml-ontology/time_series_forecasting,time series forecasting,0.3935129642486572,1
10.1109/ICMLA58977.2023.00306,http://h-da.de/ml-ontology/time_series_forecasting,time series forecasting,0.40893375873565674,1
10.1109/ICMLA61862.2024.00296,http://h-da.de/ml-ontology/time_series_forecasting,time series forecasting,0.41793692111968994,1
10.1109/ICMLA61862.2024.00296,http://h-da.de/ml-ontology/feature_extraction,feature extraction,0.3937990963459015,2
10.1109/ICMLA61862.2024.00296,http://h-da.de/ml-ontology/time_series_classification,time series classification,0.38836148381233215,3
10.1109/ICMLANT63295.2024.00026,http://h-da.de/ml-ontology/classification,classification,0.37421029806137085,1
10.1109/ICMLAS64557.2025.10967832,http://h-da.de/ml-ontology/image_classification,image classification,0.35661324858665466,1
10.1109/ICMLC48188.2019.8949295,http://h-da.de/ml-ontology/topic_modeling,topic modeling,0.4999179244041443,1
10.1109/ICMLC48188.2019.8949295,http://h-da.de/ml-ontology/text_classification,text classification,0.3861931562423706,2
10.1109/ICMLC48188.2019.8949295,http://h-da.de/ml-ontology/feature_extraction,feature extraction,0.38089388608932495,3
10.1109/ICMLC48188.2019.8949295,http://h-da.de/ml-ontology/text_analytics,text analytics,0.3690205216407776,4
10.1109/ICMLC63072.2024.10935115,http://h-da.de/ml-ontology/image_classification,image classification,0.390766978263855,1
10.1109/ICMLC63072.2024.10935148,http://h-da.de/ml-ontology/time_series_forecasting,time series forecasting,0.3927311897277832,1
10.1109/ICMLC63072.2024.10935148,http://h-da.de/ml-ontology/regression,regression,0.3582299053668976,2
10.1109/ICMNWC56175.2022.10031638,http://h-da.de/ml-ontology/anomaly_detection,anomaly detection,0.4103761911392212,1
10.1109/ICMRE60776.2024.10532204,http://h-da.de/ml-ontology/feature_extraction,feature extraction,0.4251503050327301,1
10.1109/ICMSCI62561.2025.10894630,http://h-da.de/ml-ontology/feature_extraction,feature extraction,0.35703402757644653,1
10.1109/ICMSCI62561.2025.10894630,http://h-da.de/ml-ontology/feature_reduction,feature reduction,0.3563222587108612,2
10.1109/ICMT56556.2022.9997777,http://h-da.de/ml-ontology/feature_extraction,feature extraction,0.35942286252975464,1
10.1109/ICNC.2008.869,http://h-da.de/ml-ontology/classification,classification,0.38552069664001465,1
10.1109/ICNC.2008.869,http://h-da.de/ml-ontology/image_classification,image classification,0.3700296878814697,2
10.1109/ICNC.2008.869,http://h-da.de/ml-ontology/audio_classification,audio classification,0.3677418529987335,3
10.1109/ICNGN63705.2024.10871832,http://h-da.de/ml-ontology/time_series_forecasting,time series forecasting,0.3578146696090698,1
10.1109/ICNISC54316.2021.00080,http://h-da.de/ml-ontology/recommendation,recommendation,0.4261956512928009,1
10.1109/ICNISC54316.2021.00080,http://h-da.de/ml-ontology/text_classification,text classification,0.3573208451271057,2
10.1109/ICNSC62968.2024.10760004,http://h-da.de/ml-ontology/feature_selection,feature selection,0.3999732732772827,1
10.1109/ICNSC62968.2024.10760004,http://h-da.de/ml-ontology/feature_reduction,feature reduction,0.37747448682785034,2
10.1109/ICNSC62968.2024.10760004,http://h-da.de/ml-ontology/feature_extraction,feature extraction,0.37467125058174133,3
10.1109/ICNWC57852.2023.10127269,http://h-da.de/ml-ontology/image_regression,image regression,0.357295960187912,1
10.1109/ICNWC57852.2023.10127269,http://h-da.de/ml-ontology/classification,classification,0.35417425632476807,2
10.1109/ICOEI53556.2022.9776731,http://h-da.de/ml-ontology/feature_extraction,feature extraction,0.36162319779396057,1
10.1109/ICOEI65986.2025.11013044,http://h-da.de/ml-ontology/action_recognition,action recognition,0.36046814918518066,1
10.1109/ICOIN53446.2022.9687205,http://h-da.de/ml-ontology/anomaly_detection,anomaly detection,0.4234512746334076,1
10.1109/ICOIN63865.2025.10993165,http://h-da.de/ml-ontology/image_regression,image regression,0.38333985209465027,1
10.1109/ICOIN63865.2025.10993165,http://h-da.de/ml-ontology/audio_regression,audio regression,0.3817490041255951,2
10.1109/ICOISS.2013.6678403,http://h-da.de/ml-ontology/text_classification,text classification,0.44442594051361084,1
10.1109/ICONAT61936.2024.10774722,http://h-da.de/ml-ontology/image_classification,image classification,0.42465072870254517,1
10.1109/ICONAT61936.2024.10774722,http://h-da.de/ml-ontology/classification,classification,0.35962122678756714,2
10.1109/ICONAT61936.2024.10774722,http://h-da.de/ml-ontology/video_classification,video classification,0.3554714322090149,3
10.1109/ICONAT61936.2024.10774722,http://h-da.de/ml-ontology/tabular_classification,tabular classification,0.3515268862247467,4
10.1109/ICONIP.2002.1199019,http://h-da.de/ml-ontology/feature_extraction,feature extraction,0.36840540170669556,1
10.1109/ICONNIC59854.2023.10467262,http://h-da.de/ml-ontology/time_series_forecasting,time series forecasting,0.4083561897277832,1
10.1109/ICORIS63540.2024.10903813,http://h-da.de/ml-ontology/time_series_forecasting,time series forecasting,0.3815486431121826,1
10.1109/ICOSEC61587.2024.10722177,http://h-da.de/ml-ontology/time_series_forecasting,time series forecasting,0.36113977432250977,1
10.1109/ICPADS47876.2019.00099,http://h-da.de/ml-ontology/anomaly_detection,anomaly detection,0.3874360918998718,1
10.1109/ICPCSN58827.2023.00266,http://h-da.de/ml-ontology/time_series_forecasting,time series forecasting,0.3608967661857605,1
10.1109/ICPEEV58650.2023.10391877,http://h-da.de/ml-ontology/classification,classification,0.3807254731655121,1
10.1109/ICPEICES.2018.8897457,http://h-da.de/ml-ontology/time_series_forecasting,time series forecasting,0.39743107557296753,1
10.1109/ICPHM49022.2020.9187047,http://h-da.de/ml-ontology/time_series_forecasting,time series forecasting,0.43565642833709717,1
10.1109/ICPHM49022.2020.9187047,http://h-da.de/ml-ontology/feature_extraction,feature extraction,0.4113604426383972,2
10.1109/ICPHM49022.2020.9187061,http://h-da.de/ml-ontology/time_series_forecasting,time series forecasting,0.3577786087989807,1
10.1109/ICPHM51084.2021.9486549,http://h-da.de/ml-ontology/feature_extraction,feature extraction,0.3539589047431946,1
10.1109/ICPIDS65698.2024.00075,http://h-da.de/ml-ontology/feature_extraction,feature extraction,0.36599647998809814,1
10.1109/ICPIDS65698.2024.00075,http://h-da.de/ml-ontology/feature_reduction,feature reduction,0.36082762479782104,2
10.1109/ICPRS58416.2023.10179057,http://h-da.de/ml-ontology/image_regression,image regression,0.3763583302497864,1
10.1109/ICPS48405.2020.9274779,http://h-da.de/ml-ontology/time_series_forecasting,time series forecasting,0.42686665058135986,1
10.1109/ICPS49255.2021.9468191,http://h-da.de/ml-ontology/feature_extraction,feature extraction,0.3660508990287781,1
10.1109/ICPS49255.2021.9468245,http://h-da.de/ml-ontology/time_series_classification,time series classification,0.37749534845352173,1
10.1109/ICPS51978.2022.9816906,http://h-da.de/ml-ontology/anomaly_detection,anomaly detection,0.36766618490219116,1
10.1109/ICRAIE59459.2023.10468478,http://h-da.de/ml-ontology/feature_extraction,feature extraction,0.35296565294265747,1
10.1109/ICRCV62709.2024.10758576,http://h-da.de/ml-ontology/classification,classification,0.37330612540245056,1
10.1109/ICSAI.2016.7811100,http://h-da.de/ml-ontology/audio_classification,audio classification,0.3667950928211212,1
10.1109/ICSAI.2018.8599324,http://h-da.de/ml-ontology/feature_extraction,feature extraction,0.3526378870010376,1
10.1109/ICSC56153.2023.00043,http://h-da.de/ml-ontology/association_rule_learning,association rule learning,0.3532813787460327,1
10.1109/ICSC56153.2023.00043,http://h-da.de/ml-ontology/classification,classification,0.35125017166137695,2
10.1109/ICSC60394.2023.10441284,http://h-da.de/ml-ontology/text_classification,text classification,0.385028600692749,1
10.1109/ICSC64553.2025.10968949,http://h-da.de/ml-ontology/recommendation,recommendation,0.4138679504394531,1
10.1109/ICSCAN53069.2021.9526497,http://h-da.de/ml-ontology/feature_extraction,feature extraction,0.4296904504299164,1
10.1109/ICSCAN53069.2021.9526497,http://h-da.de/ml-ontology/classification,classification,0.3645060062408447,2
10.1109/ICSCAN62807.2024.10894547,http://h-da.de/ml-ontology/recommendation,recommendation,0.378435879945755,1
10.1109/ICSCAN62807.2024.10894547,http://h-da.de/ml-ontology/time_series_forecasting,time series forecasting,0.35019177198410034,2
10.1109/ICSCDS65426.2025.11167755,http://h-da.de/ml-ontology/anomaly_detection,anomaly detection,0.3634845018386841,1
10.1109/ICSCSS57650.2023.10169183,http://h-da.de/ml-ontology/classification,classification,0.3649114966392517,1
10.1109/ICSCSS57650.2023.10169183,http://h-da.de/ml-ontology/recommendation,recommendation,0.3543630838394165,2
10.1109/ICSCSS57650.2023.10169183,http://h-da.de/ml-ontology/association_rule_learning,association rule learning,0.3511515259742737,3
10.1109/ICSCSS60660.2024.10625431,http://h-da.de/ml-ontology/feature_extraction,feature extraction,0.3665822148323059,1
10.1109/ICSCTI.2015.7489554,http://h-da.de/ml-ontology/time_series_forecasting,time series forecasting,0.36672455072402954,1
10.1109/ICSCTI.2015.7489554,http://h-da.de/ml-ontology/regression,regression,0.3593422472476959,2
10.1109/ICSEC47112.2019.8974738,http://h-da.de/ml-ontology/recommendation,recommendation,0.43722885847091675,1
10.1109/ICSEC47112.2019.8974738,http://h-da.de/ml-ontology/classification,classification,0.42754900455474854,2
10.1109/ICSES63445.2024.10763241,http://h-da.de/ml-ontology/object_detection,object detection,0.39877426624298096,1
10.1109/ICSESS.2017.8342870,http://h-da.de/ml-ontology/time_series_forecasting,time series forecasting,0.4282682538032532,1
10.1109/ICSESS.2017.8342870,http://h-da.de/ml-ontology/time_series_classification,time series classification,0.35914304852485657,2
10.1109/ICSI64877.2025.11009789,http://h-da.de/ml-ontology/feature_extraction,feature extraction,0.4143833518028259,1
10.1109/ICSI64877.2025.11009789,http://h-da.de/ml-ontology/classification,classification,0.3743988871574402,2
10.1109/ICSPC47137.2019.9068004,http://h-da.de/ml-ontology/feature_extraction,feature extraction,0.35815972089767456,1
10.1109/ICSPC47137.2019.9068081,http://h-da.de/ml-ontology/anomaly_detection,anomaly detection,0.3805144429206848,1
10.1109/ICSPC50992.2020.9305776,http://h-da.de/ml-ontology/feature_selection,feature selection,0.4061373472213745,1
10.1109/ICSPC50992.2020.9305776,http://h-da.de/ml-ontology/feature_reduction,feature reduction,0.3818211853504181,2
10.1109/ICSPC50992.2020.9305787,http://h-da.de/ml-ontology/time_series_forecasting,time series forecasting,0.37273234128952026,1
10.1109/ICSPC50992.2020.9305787,http://h-da.de/ml-ontology/image_regression,image regression,0.3678826093673706,2
10.1109/ICSSA54161.2022.9870965,http://h-da.de/ml-ontology/time_series_forecasting,time series forecasting,0.3714257776737213,1
10.1109/ICSSAS66150.2025.11081301,http://h-da.de/ml-ontology/action_recognition,action recognition,0.3528459072113037,1
10.1109/ICSSES58299.2023.10200374,http://h-da.de/ml-ontology/image_classification,image classification,0.37661880254745483,1
10.1109/ICSSES64899.2025.11009644,http://h-da.de/ml-ontology/object_detection,object detection,0.36660730838775635,1
10.1109/ICSSIT55814.2023.10060923,http://h-da.de/ml-ontology/image_regression,image regression,0.3940742611885071,1
10.1109/ICSSIT55814.2023.10060923,http://h-da.de/ml-ontology/regression,regression,0.3580082058906555,2
10.1109/ICSTCEE54422.2021.9708591,http://h-da.de/ml-ontology/feature_extraction,feature extraction,0.37977540493011475,1
10.1109/ICSTCEE54422.2021.9708591,http://h-da.de/ml-ontology/regression,regression,0.36480823159217834,2
10.1109/ICSTSDG61998.2024.11026208,http://h-da.de/ml-ontology/feature_extraction,feature extraction,0.3602023720741272,1
10.1109/ICSTSDG61998.2024.11026365,http://h-da.de/ml-ontology/image_regression,image regression,0.3669400215148926,1
10.1109/ICSTSDG61998.2024.11026365,http://h-da.de/ml-ontology/feature_extraction,feature extraction,0.35426175594329834,2
10.1109/ICSTSDG61998.2024.11026730,http://h-da.de/ml-ontology/action_recognition,action recognition,0.42625993490219116,1
10.1109/ICSTSN57873.2023.10151632,http://h-da.de/ml-ontology/image_regression,image regression,0.39796435832977295,1
10.1109/ICSTSN57873.2023.10151632,http://h-da.de/ml-ontology/time_series_forecasting,time series forecasting,0.3815593421459198,2
10.1109/ICSTSN57873.2023.10151632,http://h-da.de/ml-ontology/regression,regression,0.3712034821510315,3
10.1109/ICSTSN57873.2023.10151632,http://h-da.de/ml-ontology/text_regression,text regression,0.3600735664367676,4
10.1109/ICSTSN57873.2023.10151632,http://h-da.de/ml-ontology/classification,classification,0.3554590046405792,5
10.1109/ICT-PEP50916.2020.9249905,http://h-da.de/ml-ontology/time_series_forecasting,time series forecasting,0.35669630765914917,1
10.1109/ICT-PEP63827.2024.10733513,http://h-da.de/ml-ontology/audio_classification,audio classification,0.3643146753311157,1
10.1109/ICTACS62700.2024.10840692,http://h-da.de/ml-ontology/action_recognition,action recognition,0.36571839451789856,1
10.1109/ICTC52510.2021.9621110,http://h-da.de/ml-ontology/time_series_forecasting,time series forecasting,0.4044179916381836,1
10.1109/ICTC62082.2024.10827164,http://h-da.de/ml-ontology/action_recognition,action recognition,0.35367441177368164,1
10.1109/ICTKE.2018.8612435,http://h-da.de/ml-ontology/time_series_classification,time series classification,0.38244330883026123,1
10.1109/ICTKE.2018.8612435,http://h-da.de/ml-ontology/classification,classification,0.363281786441803,2
10.1109/ICTMOD59086.2023.10472900,http://h-da.de/ml-ontology/regression,regression,0.3649953007698059,1
10.1109/ICUIS64676.2024.10867081,http://h-da.de/ml-ontology/time_series_forecasting,time series forecasting,0.37704357504844666,1
10.1109/ICVADV63329.2025.10960848,http://h-da.de/ml-ontology/image_classification,image classification,0.38541579246520996,1
10.1109/ICVADV63329.2025.10960848,http://h-da.de/ml-ontology/feature_extraction,feature extraction,0.3773248791694641,2
10.1109/ICVADV63329.2025.10960848,http://h-da.de/ml-ontology/classification,classification,0.3527408242225647,3
10.1109/ICVEE63912.2024.10823713,http://h-da.de/ml-ontology/time_series_classification,time series classification,0.37955397367477417,1
10.1109/ICWS62655.2024.00142,http://h-da.de/ml-ontology/anomaly_detection,anomaly detection,0.3908499479293823,1
10.1109/IC_ASET53395.2022.9765939,http://h-da.de/ml-ontology/regression,regression,0.3590911328792572,1
10.1109/IC_ASET53395.2022.9765939,http://h-da.de/ml-ontology/time_series_classification,time series classification,0.3547527492046356,2
10.1109/IC_ASET53395.2022.9765939,http://h-da.de/ml-ontology/feature_extraction,feature extraction,0.3528527617454529,3
10.1109/ICoACT63339.2025.11005339,http://h-da.de/ml-ontology/image_regression,image regression,0.3543236255645752,1
10.1109/ICoACT63339.2025.11005339,http://h-da.de/ml-ontology/classification,classification,0.3531063497066498,2
10.1109/ICoAILO66760.2025.11155948,http://h-da.de/ml-ontology/recommendation,recommendation,0.37271809577941895,1
10.1109/ICoDSA62899.2024.10652065,http://h-da.de/ml-ontology/anomaly_detection,anomaly detection,0.46284449100494385,1
10.1109/ICoDSE53690.2021.9648445,http://h-da.de/ml-ontology/image_classification,image classification,0.3868628144264221,1
10.1109/ICoICT52021.2021.9527528,http://h-da.de/ml-ontology/time_series_forecasting,time series forecasting,0.42392411828041077,1
10.1109/ICoSTA48221.2020.1570609975,http://h-da.de/ml-ontology/association_rule_learning,association rule learning,0.3653843402862549,1
10.1109/IDAP64064.2024.10710843,http://h-da.de/ml-ontology/time_series_classification,time series classification,0.4266275465488434,1
10.1109/IDAP64064.2024.10710843,http://h-da.de/ml-ontology/classification,classification,0.40228742361068726,2
10.1109/IDAP64064.2024.10710843,http://h-da.de/ml-ontology/video_classification,video classification,0.37093567848205566,3
10.1109/IDCIOT64235.2025.10915129,http://h-da.de/ml-ontology/time_series_classification,time series classification,0.35603785514831543,1
10.1109/IDCIoT56793.2023.10053487,http://h-da.de/ml-ontology/image_classification,image classification,0.39027321338653564,1
10.1109/IDCIoT59759.2024.10468044,http://h-da.de/ml-ontology/anomaly_detection,anomaly detection,0.46229779720306396,1
10.1109/IDICAIEI61867.2024.10842946,http://h-da.de/ml-ontology/feature_extraction,feature extraction,0.3872392773628235,1
10.1109/IDSTA53674.2021.9660821,http://h-da.de/ml-ontology/feature_extraction,feature extraction,0.3581111431121826,1
10.1109/IEA.2018.8387124,http://h-da.de/ml-ontology/feature_extraction,feature extraction,0.37467530369758606,1
10.1109/IECON48115.2021.9589189,http://h-da.de/ml-ontology/audio_classification,audio classification,0.3588109016418457,1
10.1109/IECON48115.2021.9589189,http://h-da.de/ml-ontology/time_series_classification,time series classification,0.35130739212036133,2
10.1109/IECON48115.2021.9589593,http://h-da.de/ml-ontology/feature_extraction,feature extraction,0.39510995149612427,1
10.1109/IECON55916.2024.10905358,http://h-da.de/ml-ontology/feature_extraction,feature extraction,0.352571040391922,1
10.1109/IECON55916.2024.10905382,http://h-da.de/ml-ontology/text_regression,text regression,0.3654921054840088,1
10.1109/IECON55916.2024.10905741,http://h-da.de/ml-ontology/feature_extraction,feature extraction,0.3523081839084625,1
10.1109/IECON55916.2024.10905858,http://h-da.de/ml-ontology/object_detection,object detection,0.40116479992866516,1
10.1109/IEEE.ICCC.2017.20,http://h-da.de/ml-ontology/audio_classification,audio classification,0.4116407632827759,1
10.1109/IEEECONF48524.2019.9102605,http://h-da.de/ml-ontology/time_series_forecasting,time series forecasting,0.37998533248901367,1
10.1109/IEEM.2018.8607461,http://h-da.de/ml-ontology/classification,classification,0.38495194911956787,1
10.1109/IEEM.2018.8607461,http://h-da.de/ml-ontology/time_series_forecasting,time series forecasting,0.37927544116973877,2
10.1109/IEEM44572.2019.8978604,http://h-da.de/ml-ontology/time_series_forecasting,time series forecasting,0.3879810571670532,1
10.1109/IEEM58616.2023.10406875,http://h-da.de/ml-ontology/classification,classification,0.3664226531982422,1
10.1109/IEEM58616.2023.10406875,http://h-da.de/ml-ontology/feature_extraction,feature extraction,0.3576872646808624,2
10.1109/IEMT55343.2022.9969495,http://h-da.de/ml-ontology/classification,classification,0.3537410497665405,1
10.1109/IGARSS.2019.8897864,http://h-da.de/ml-ontology/image_regression,image regression,0.3533627390861511,1
10.1109/IGARSS.2019.8897864,http://h-da.de/ml-ontology/feature_extraction,feature extraction,0.35031208395957947,2
10.1109/IHCSP56702.2023.10127157,http://h-da.de/ml-ontology/topic_modeling,topic modeling,0.5009146928787231,1
10.1109/IHCSP56702.2023.10127157,http://h-da.de/ml-ontology/text_classification,text classification,0.4811246395111084,2
10.1109/IHCSP56702.2023.10127157,http://h-da.de/ml-ontology/association_rule_learning,association rule learning,0.4556489586830139,3
10.1109/IHCSP56702.2023.10127157,http://h-da.de/ml-ontology/named_entity_recognition,named entity recognition,0.3948161005973816,4
10.1109/IHCSP56702.2023.10127157,http://h-da.de/ml-ontology/classification,classification,0.38447821140289307,5
10.1109/IIAI-AAI-Winter61682.2023.00038,http://h-da.de/ml-ontology/time_series_classification,time series classification,0.5242093801498413,1
10.1109/IIAI-AAI-Winter61682.2023.00038,http://h-da.de/ml-ontology/time_series_forecasting,time series forecasting,0.4006727933883667,2
10.1109/IIAI-AAI-Winter61682.2023.00038,http://h-da.de/ml-ontology/time_series_analysis,time series analysis,0.3759298026561737,3
10.1109/IIAI-AAI50415.2020.00117,http://h-da.de/ml-ontology/time_series_forecasting,time series forecasting,0.4309168756008148,1
10.1109/IIAI-AAI50415.2020.00117,http://h-da.de/ml-ontology/time_series_classification,time series classification,0.37569987773895264,2
10.1109/IIAI-AAI50415.2020.00117,http://h-da.de/ml-ontology/time_series_analysis,time series analysis,0.37163156270980835,3
10.1109/IIAI-AAI59060.2023.00062,http://h-da.de/ml-ontology/object_detection,object detection,0.3883749842643738,1
10.1109/IISA52424.2021.9555507,http://h-da.de/ml-ontology/association_rule_learning,association rule learning,0.3730822801589966,1
10.1109/IISA52424.2021.9555507,http://h-da.de/ml-ontology/time_series_forecasting,time series forecasting,0.3508823812007904,2
10.1109/IISA62523.2024.10786682,http://h-da.de/ml-ontology/time_series_forecasting,time series forecasting,0.4088076949119568,1
10.1109/IISEC56263.2022.9998213,http://h-da.de/ml-ontology/time_series_forecasting,time series forecasting,0.39765945076942444,1
10.1109/IISEC59749.2023.10391036,http://h-da.de/ml-ontology/anomaly_detection,anomaly detection,0.36261677742004395,1
10.1109/IJCNN.2019.8851708,http://h-da.de/ml-ontology/regression,regression,0.4029678702354431,1
10.1109/IJCNN.2019.8851708,http://h-da.de/ml-ontology/tabular_regression,tabular regression,0.3756578862667084,2
10.1109/IJCNN.2019.8851708,http://h-da.de/ml-ontology/image_regression,image regression,0.36178427934646606,3
10.1109/IJCNN.2019.8851722,http://h-da.de/ml-ontology/feature_extraction,feature extraction,0.35971003770828247,1
10.1109/IJCNN55064.2022.9892409,http://h-da.de/ml-ontology/action_recognition,action recognition,0.40157467126846313,1
10.1109/IJCNN55064.2022.9892409,http://h-da.de/ml-ontology/time_series_forecasting,time series forecasting,0.3520828187465668,2
10.1109/IJCNN55064.2022.9892880,http://h-da.de/ml-ontology/anomaly_detection,anomaly detection,0.36823177337646484,1
10.1109/IJCNN55064.2022.9892880,http://h-da.de/ml-ontology/feature_extraction,feature extraction,0.36443132162094116,2
10.1109/IJCNN55064.2022.9892939,http://h-da.de/ml-ontology/anomaly_detection,anomaly detection,0.4709821343421936,1
10.1109/IJCNN60899.2024.10650046,http://h-da.de/ml-ontology/feature_extraction,feature extraction,0.3641853630542755,1
10.1109/IMBDKM57416.2023.00012,http://h-da.de/ml-ontology/time_series_forecasting,time series forecasting,0.42603909969329834,1
10.1109/IMBDKM57416.2023.00012,http://h-da.de/ml-ontology/time_series_classification,time series classification,0.40249085426330566,2
10.1109/IMCOM64595.2025.10857584,http://h-da.de/ml-ontology/recommendation,recommendation,0.4376964867115021,1
10.1109/IMCOM64595.2025.10857584,http://h-da.de/ml-ontology/link_prediction,link prediction,0.4127892851829529,2
10.1109/IMCOM64595.2025.10857584,http://h-da.de/ml-ontology/topic_modeling,topic modeling,0.36086171865463257,3
10.1109/IMSA65733.2025.11167815,http://h-da.de/ml-ontology/regression,regression,0.3740527033805847,1
10.1109/INCET57972.2023.10170493,http://h-da.de/ml-ontology/classification,classification,0.37608739733695984,1
10.1109/INCET57972.2023.10170493,http://h-da.de/ml-ontology/feature_extraction,feature extraction,0.373690128326416,2
10.1109/INCET61516.2024.10593168,http://h-da.de/ml-ontology/action_recognition,action recognition,0.36279749870300293,1
10.1109/INCET61516.2024.10593348,http://h-da.de/ml-ontology/recommendation,recommendation,0.46515241265296936,1
10.1109/INCET61516.2024.10593614,http://h-da.de/ml-ontology/time_series_forecasting,time series forecasting,0.3712642788887024,1
10.1109/INCET64471.2025.11140303,http://h-da.de/ml-ontology/image_regression,image regression,0.3836587965488434,1
10.1109/INCET64471.2025.11140377,http://h-da.de/ml-ontology/time_series_forecasting,time series forecasting,0.39560437202453613,1
10.1109/INCIP64058.2025.11020528,http://h-da.de/ml-ontology/feature_extraction,feature extraction,0.3901681900024414,1
10.1109/INCIP64058.2025.11020528,http://h-da.de/ml-ontology/time_series_forecasting,time series forecasting,0.37210607528686523,2
10.1109/INCIP64058.2025.11020528,http://h-da.de/ml-ontology/time_series_classification,time series classification,0.3556593656539917,3
10.1109/INCIT.2019.8911950,http://h-da.de/ml-ontology/image_classification,image classification,0.41430896520614624,1
10.1109/INCOFT55651.2022.10094448,http://h-da.de/ml-ontology/feature_extraction,feature extraction,0.42527806758880615,1
10.1109/INCOFT55651.2022.10094448,http://h-da.de/ml-ontology/feature_reduction,feature reduction,0.3979058265686035,2
10.1109/INDIACom51348.2021.00094,http://h-da.de/ml-ontology/object_detection,object detection,0.3519664406776428,1
10.1109/INDICON47234.2019.9029030,http://h-da.de/ml-ontology/audio_classification,audio classification,0.4593293070793152,1
10.1109/INDICON47234.2019.9029030,http://h-da.de/ml-ontology/audio_regression,audio regression,0.3790665566921234,2
10.1109/INDICON47234.2019.9029030,http://h-da.de/ml-ontology/sentiment_analysis,sentiment analysis,0.36092036962509155,3
10.1109/INDIN.2018.8472065,http://h-da.de/ml-ontology/time_series_classification,time series classification,0.38974401354789734,1
10.1109/INDIN.2018.8472065,http://h-da.de/ml-ontology/time_series_forecasting,time series forecasting,0.3596874475479126,2
10.1109/INDIN.2018.8472065,http://h-da.de/ml-ontology/feature_extraction,feature extraction,0.35445839166641235,3
10.1109/INDIN41052.2019.8972270,http://h-da.de/ml-ontology/time_series_forecasting,time series forecasting,0.40016159415245056,1
10.1109/INDIN41052.2019.8972289,http://h-da.de/ml-ontology/object_detection,object detection,0.39044487476348877,1
10.1109/INDIN45523.2021.9557387,http://h-da.de/ml-ontology/time_series_classification,time series classification,0.36717647314071655,1
10.1109/INDIN51400.2023.10217989,http://h-da.de/ml-ontology/audio_classification,audio classification,0.41796571016311646,1
10.1109/INDIN51400.2023.10217989,http://h-da.de/ml-ontology/anomaly_detection,anomaly detection,0.3866588771343231,2
10.1109/INDIN51400.2023.10218027,http://h-da.de/ml-ontology/anomaly_detection,anomaly detection,0.44133031368255615,1
10.1109/INDIN51400.2023.10218164,http://h-da.de/ml-ontology/feature_extraction,feature extraction,0.3515828847885132,1
10.1109/INDIN58382.2024.10774338,http://h-da.de/ml-ontology/time_series_forecasting,time series forecasting,0.4190196990966797,1
10.1109/INDIN58382.2024.10774444,http://h-da.de/ml-ontology/object_detection,object detection,0.3535603880882263,1
10.1109/INDISCON50162.2020.00042,http://h-da.de/ml-ontology/image_regression,image regression,0.38611024618148804,1
10.1109/INDISCON50162.2020.00042,http://h-da.de/ml-ontology/feature_extraction,feature extraction,0.3637314438819885,2
10.1109/INDISCON50162.2020.00042,http://h-da.de/ml-ontology/video_regression,video regression,0.35511860251426697,3
10.1109/INDUSCON58041.2023.10374593,http://h-da.de/ml-ontology/time_series_classification,time series classification,0.375329852104187,1
10.1109/INDUSCON58041.2023.10374593,http://h-da.de/ml-ontology/audio_classification,audio classification,0.3654487133026123,2
10.1109/INDUSCON58041.2023.10374690,http://h-da.de/ml-ontology/image_regression,image regression,0.35504788160324097,1
10.1109/INISTA.2019.8778283,http://h-da.de/ml-ontology/anomaly_detection,anomaly detection,0.3698207139968872,1
10.1109/INISTA.2019.8778283,http://h-da.de/ml-ontology/clustering,clustering,0.36006826162338257,2
10.1109/INISTA62901.2024.10683866,http://h-da.de/ml-ontology/anomaly_detection,anomaly detection,0.5175115466117859,1
10.1109/INISTA62901.2024.10683866,http://h-da.de/ml-ontology/time_series_classification,time series classification,0.35664087533950806,2
10.1109/INMIC64792.2024.11004403,http://h-da.de/ml-ontology/time_series_forecasting,time series forecasting,0.40439343452453613,1
10.1109/IOTSMS62296.2024.10710259,http://h-da.de/ml-ontology/time_series_classification,time series classification,0.3790123462677002,1
10.1109/IPDPSW.2018.00207,http://h-da.de/ml-ontology/time_series_forecasting,time series forecasting,0.37746119499206543,1
10.1109/IPDPSW.2018.00207,http://h-da.de/ml-ontology/anomaly_detection,anomaly detection,0.35639920830726624,2
10.1109/IPDPSW.2019.00138,http://h-da.de/ml-ontology/time_series_forecasting,time series forecasting,0.3658684492111206,1
10.1109/IRASET52964.2022.9737786,http://h-da.de/ml-ontology/time_series_classification,time series classification,0.35387736558914185,1
10.1109/IRASET60544.2024.10548540,http://h-da.de/ml-ontology/time_series_forecasting,time series forecasting,0.39798957109451294,1
10.1109/IRASET64571.2025.11008037,http://h-da.de/ml-ontology/regression,regression,0.38171181082725525,1
10.1109/IRASET64571.2025.11008037,http://h-da.de/ml-ontology/audio_regression,audio regression,0.3734299838542938,2
10.1109/IRASET64571.2025.11008037,http://h-da.de/ml-ontology/feature_extraction,feature extraction,0.35878056287765503,3
10.1109/IREC59750.2023.10389561,http://h-da.de/ml-ontology/time_series_forecasting,time series forecasting,0.4112163782119751,1
10.1109/IRI.2010.5558952,http://h-da.de/ml-ontology/recommendation,recommendation,0.3640376627445221,1
10.1109/IRI.2019.00030,http://h-da.de/ml-ontology/audio_classification,audio classification,0.3551408350467682,1
10.1109/IROS55552.2023.10341406,http://h-da.de/ml-ontology/object_detection,object detection,0.37095099687576294,1
10.1109/IRTM54583.2022.9791633,http://h-da.de/ml-ontology/feature_extraction,feature extraction,0.35122936964035034,1
10.1109/IS3C65361.2025.11131035,http://h-da.de/ml-ontology/feature_extraction,feature extraction,0.3791539669036865,1
10.1109/ISAC364032.2025.11156744,http://h-da.de/ml-ontology/feature_extraction,feature extraction,0.39302197098731995,1
10.1109/ISAC364032.2025.11156744,http://h-da.de/ml-ontology/action_recognition,action recognition,0.3532130718231201,2
10.1109/ISAEECE66033.2025.11160227,http://h-da.de/ml-ontology/audio_classification,audio classification,0.35255545377731323,1
10.1109/ISAM.2009.5376916,http://h-da.de/ml-ontology/classification,classification,0.36553478240966797,1
10.1109/ISAP.2011.6082211,http://h-da.de/ml-ontology/time_series_forecasting,time series forecasting,0.4357556104660034,1
10.1109/ISAS66241.2025.11101807,http://h-da.de/ml-ontology/association_rule_learning,association rule learning,0.3646687865257263,1
10.1109/ISAS66241.2025.11101925,http://h-da.de/ml-ontology/time_series_classification,time series classification,0.3829658627510071,1
10.1109/ISCAIE61308.2024.10576340,http://h-da.de/ml-ontology/time_series_forecasting,time series forecasting,0.4599321484565735,1
10.1109/ISCAIE61308.2024.10576340,http://h-da.de/ml-ontology/time_series_classification,time series classification,0.43694692850112915,2
10.1109/ISCAS.2019.8702575,http://h-da.de/ml-ontology/image_classification,image classification,0.3797544240951538,1
10.1109/ISCMI51676.2020.9311555,http://h-da.de/ml-ontology/image_classification,image classification,0.4337361752986908,1
10.1109/ISCMI51676.2020.9311555,http://h-da.de/ml-ontology/video_classification,video classification,0.3534732460975647,2
10.1109/ISCMI51676.2020.9311555,http://h-da.de/ml-ontology/feature_extraction,feature extraction,0.35148197412490845,3
10.1109/ISCTIS63324.2024.10699061,http://h-da.de/ml-ontology/audio_regression,audio regression,0.46327102184295654,1
10.1109/ISCTIS63324.2024.10699061,http://h-da.de/ml-ontology/audio_classification,audio classification,0.4048139452934265,2
10.1109/ISCV54655.2022.9806111,http://h-da.de/ml-ontology/feature_extraction,feature extraction,0.3952505588531494,1
10.1109/ISCV54655.2022.9806111,http://h-da.de/ml-ontology/regression,regression,0.3881704807281494,2
10.1109/ISCV54655.2022.9806111,http://h-da.de/ml-ontology/classification,classification,0.3580001890659332,3
10.1109/ISIE.2009.5213760,http://h-da.de/ml-ontology/image_classification,image classification,0.3667108416557312,1
10.1109/ISIE45552.2021.9576445,http://h-da.de/ml-ontology/anomaly_detection,anomaly detection,0.36934879422187805,1
10.1109/ISMAR-Adjunct64951.2024.00022,http://h-da.de/ml-ontology/action_recognition,action recognition,0.3738324046134949,1
10.1109/ISMAR-Adjunct64951.2024.00022,http://h-da.de/ml-ontology/feature_extraction,feature extraction,0.3632519841194153,2
10.1109/ISMSIT56059.2022.9932699,http://h-da.de/ml-ontology/classification,classification,0.37898755073547363,1
10.1109/ISPA63168.2024.00026,http://h-da.de/ml-ontology/anomaly_detection,anomaly detection,0.43731337785720825,1
10.1109/ISPACS48206.2019.8986293,http://h-da.de/ml-ontology/time_series_forecasting,time series forecasting,0.42611008882522583,1
10.1109/ISPACS48206.2019.8986293,http://h-da.de/ml-ontology/regression,regression,0.3524829149246216,2
10.1109/ISSSR58837.2023.00042,http://h-da.de/ml-ontology/feature_extraction,feature extraction,0.3809802234172821,1
10.1109/ISSSR58837.2023.00042,http://h-da.de/ml-ontology/regression,regression,0.37287604808807373,2
10.1109/ITC-CSCC.2019.8793342,http://h-da.de/ml-ontology/action_recognition,action recognition,0.37582898139953613,1
10.1109/ITC-CSCC55581.2022.9894869,http://h-da.de/ml-ontology/feature_extraction,feature extraction,0.3976706266403198,1
10.1109/ITC51656.2023.00024,http://h-da.de/ml-ontology/feature_reduction,feature reduction,0.37647682428359985,1
10.1109/ITC51656.2023.00024,http://h-da.de/ml-ontology/feature_extraction,feature extraction,0.36222440004348755,2
10.1109/ITCIndia66078.2025.11141640,http://h-da.de/ml-ontology/anomaly_detection,anomaly detection,0.3781227469444275,1
10.1109/ITIS64716.2024.10845492,http://h-da.de/ml-ontology/anomaly_detection,anomaly detection,0.47773152589797974,1
10.1109/ITIS64716.2024.10845492,http://h-da.de/ml-ontology/feature_extraction,feature extraction,0.37746214866638184,2
10.1109/ITIS64716.2024.10845492,http://h-da.de/ml-ontology/time_series_classification,time series classification,0.3646318316459656,3
10.1109/ITSC58415.2024.10919593,http://h-da.de/ml-ontology/time_series_forecasting,time series forecasting,0.38995832204818726,1
10.1109/ITherm55375.2024.10709488,http://h-da.de/ml-ontology/feature_extraction,feature extraction,0.36814752221107483,1
10.1109/IUS54386.2022.9957554,http://h-da.de/ml-ontology/feature_extraction,feature extraction,0.38396167755126953,1
10.1109/IV47402.2020.9304752,http://h-da.de/ml-ontology/object_detection,object detection,0.36310267448425293,1
10.1109/IVCNZ64857.2024.10794457,http://h-da.de/ml-ontology/image_regression,image regression,0.35074499249458313,1
10.1109/IWSSIP66997.2025.11151940,http://h-da.de/ml-ontology/anomaly_detection,anomaly detection,0.38838452100753784,1
10.1109/InC457730.2023.10263026,http://h-da.de/ml-ontology/sentiment_analysis,sentiment analysis,0.6124181747436523,1
10.1109/InC457730.2023.10263026,http://h-da.de/ml-ontology/text_classification,text classification,0.47526174783706665,2
10.1109/InC457730.2023.10263026,http://h-da.de/ml-ontology/recommendation,recommendation,0.4330870509147644,3
10.1109/InC457730.2023.10263026,http://h-da.de/ml-ontology/text_regression,text regression,0.3657015562057495,4
10.1109/InC457730.2023.10263026,http://h-da.de/ml-ontology/audio_classification,audio classification,0.3613972067832947,5
10.1109/InC460750.2024.10649212,http://h-da.de/ml-ontology/time_series_forecasting,time series forecasting,0.3809223175048828,1
10.1109/InCIT63192.2024.10810568,http://h-da.de/ml-ontology/time_series_forecasting,time series forecasting,0.3787531554698944,1
10.1109/InCoWoCo64194.2024.10863622,http://h-da.de/ml-ontology/feature_extraction,feature extraction,0.37371551990509033,1
10.1109/InCoWoCo64194.2024.10863622,http://h-da.de/ml-ontology/feature_reduction,feature reduction,0.3524632453918457,2
10.1109/IoT-SIU.2018.8519897,http://h-da.de/ml-ontology/clustering,clustering,0.35933804512023926,1
10.1109/IoTaIS64014.2024.10799407,http://h-da.de/ml-ontology/classification,classification,0.4148554503917694,1
10.1109/IoTaIS64014.2024.10799407,http://h-da.de/ml-ontology/image_classification,image classification,0.3679054379463196,2
10.1109/IoTaIS64014.2024.10799407,http://h-da.de/ml-ontology/feature_extraction,feature extraction,0.3552800416946411,3
10.1109/JBHI.2022.3168004,http://h-da.de/ml-ontology/action_recognition,action recognition,0.48278939723968506,1
10.1109/JBHI.2022.3168004,http://h-da.de/ml-ontology/video_classification,video classification,0.39094141125679016,2
10.1109/JBHI.2024.3438885,http://h-da.de/ml-ontology/recommendation,recommendation,0.39201003313064575,1
10.1109/JCSSE58229.2023.10202113,http://h-da.de/ml-ontology/image_classification,image classification,0.35919076204299927,1
10.1109/JCSSE61278.2024.10613634,http://h-da.de/ml-ontology/feature_extraction,feature extraction,0.35245832800865173,1
10.1109/JIOT.2020.3016297,http://h-da.de/ml-ontology/feature_selection,feature selection,0.4071868062019348,1
10.1109/JIOT.2020.3016297,http://h-da.de/ml-ontology/feature_reduction,feature reduction,0.39280468225479126,2
10.1109/JIOT.2020.3034311,http://h-da.de/ml-ontology/anomaly_detection,anomaly detection,0.44940125942230225,1
10.1109/JIOT.2024.3352051,http://h-da.de/ml-ontology/audio_regression,audio regression,0.37619102001190186,1
10.1109/JIOT.2025.3569780,http://h-da.de/ml-ontology/action_recognition,action recognition,0.3755393326282501,1
10.1109/JIOT.2025.3613830,http://h-da.de/ml-ontology/feature_extraction,feature extraction,0.42796432971954346,1
10.1109/JLT.2021.3129646,http://h-da.de/ml-ontology/link_prediction,link prediction,0.376511812210083,1
10.1109/JSEN.2021.3069452,http://h-da.de/ml-ontology/anomaly_detection,anomaly detection,0.3946208953857422,1
10.1109/JSEN.2023.3247597,http://h-da.de/ml-ontology/feature_extraction,feature extraction,0.3792111873626709,1
10.1109/JSEN.2023.3309620,http://h-da.de/ml-ontology/feature_extraction,feature extraction,0.3550770878791809,1
10.1109/JSEN.2025.3615962,http://h-da.de/ml-ontology/link_prediction,link prediction,0.36980754137039185,1
10.1109/JSEN.2025.3615962,http://h-da.de/ml-ontology/graph_matching,graph matching,0.36694228649139404,2
10.1109/JSEN.2025.3615962,http://h-da.de/ml-ontology/association_rule_learning,association rule learning,0.3508981466293335,3
10.1109/JSTARS.2023.3339297,http://h-da.de/ml-ontology/image_classification,image classification,0.371393084526062,1
10.1109/JSTARS.2025.3585779,http://h-da.de/ml-ontology/feature_extraction,feature extraction,0.3614344000816345,1
10.1109/KST53302.2022.9729058,http://h-da.de/ml-ontology/audio_classification,audio classification,0.44979894161224365,1
10.1109/KST53302.2022.9729058,http://h-da.de/ml-ontology/audio_regression,audio regression,0.3875507116317749,2
10.1109/LA-CCI58595.2023.10409489,http://h-da.de/ml-ontology/feature_extraction,feature extraction,0.3697424829006195,1
10.1109/LA-CCI62337.2024.10814776,http://h-da.de/ml-ontology/audio_classification,audio classification,0.3672434687614441,1
10.1109/LA-CCI62337.2024.10814845,http://h-da.de/ml-ontology/time_series_forecasting,time series forecasting,0.3623685836791992,1
10.1109/LA-CCI62337.2024.10814845,http://h-da.de/ml-ontology/time_series_classification,time series classification,0.35590267181396484,2
10.1109/LATINCOM62985.2024.10770652,http://h-da.de/ml-ontology/link_prediction,link prediction,0.37925028800964355,1
10.1109/LCSYS.2023.3287507,http://h-da.de/ml-ontology/video_regression,video regression,0.35808348655700684,1
10.1109/LRA.2022.3186502,http://h-da.de/ml-ontology/feature_extraction,feature extraction,0.37285691499710083,1
10.1109/LRA.2025.3606807,http://h-da.de/ml-ontology/link_prediction,link prediction,0.39555174112319946,1
10.1109/LSENS.2018.2889274,http://h-da.de/ml-ontology/feature_extraction,feature extraction,0.3771240711212158,1
10.1109/LSENS.2019.2923590,http://h-da.de/ml-ontology/audio_classification,audio classification,0.35469308495521545,1
10.1109/LSENS.2020.3007880,http://h-da.de/ml-ontology/anomaly_detection,anomaly detection,0.4796478748321533,1
10.1109/LSENS.2025.3587091,http://h-da.de/ml-ontology/anomaly_detection,anomaly detection,0.4115636646747589,1
10.1109/MASS52906.2021.00014,http://h-da.de/ml-ontology/action_recognition,action recognition,0.46350061893463135,1
10.1109/MASS52906.2021.00014,http://h-da.de/ml-ontology/feature_extraction,feature extraction,0.36476919054985046,2
10.1109/MASS52906.2021.00014,http://h-da.de/ml-ontology/time_series_classification,time series classification,0.3587073087692261,3
10.1109/MECO58584.2023.10154991,http://h-da.de/ml-ontology/anomaly_detection,anomaly detection,0.5217868089675903,1
10.1109/MECO58584.2023.10155083,http://h-da.de/ml-ontology/image_regression,image regression,0.36735743284225464,1
10.1109/MECO58584.2023.10155083,http://h-da.de/ml-ontology/time_series_forecasting,time series forecasting,0.36431407928466797,2
10.1109/MED64031.2025.11073490,http://h-da.de/ml-ontology/time_series_classification,time series classification,0.3535323143005371,1
10.1109/MED64031.2025.11073490,http://h-da.de/ml-ontology/feature_extraction,feature extraction,0.35290268063545227,2
10.1109/MERCon.2019.8818750,http://h-da.de/ml-ontology/anomaly_detection,anomaly detection,0.42069748044013977,1
10.1109/MI-STA52233.2021.9464406,http://h-da.de/ml-ontology/action_recognition,action recognition,0.37214553356170654,1
10.1109/MITADTSoCiCon60330.2024.10575626,http://h-da.de/ml-ontology/feature_extraction,feature extraction,0.4139956831932068,1
10.1109/MLBDBI51377.2020.00039,http://h-da.de/ml-ontology/time_series_forecasting,time series forecasting,0.36076605319976807,1
10.1109/MLHMI63000.2024.00019,http://h-da.de/ml-ontology/text_classification,text classification,0.5051409006118774,1
10.1109/MLHMI63000.2024.00019,http://h-da.de/ml-ontology/named_entity_recognition,named entity recognition,0.4224749207496643,2
10.1109/MLHMI63000.2024.00019,http://h-da.de/ml-ontology/sentiment_analysis,sentiment analysis,0.4084688425064087,3
10.1109/MLHMI63000.2024.00019,http://h-da.de/ml-ontology/classification,classification,0.4035099744796753,4
10.1109/MLHMI63000.2024.00019,http://h-da.de/ml-ontology/text_regression,text regression,0.374444842338562,5
10.1109/MLSP55844.2023.10285973,http://h-da.de/ml-ontology/time_series_classification,time series classification,0.488741934299469,1
10.1109/MLSP55844.2023.10285973,http://h-da.de/ml-ontology/time_series_analysis,time series analysis,0.35089558362960815,2
10.1109/MPSecICETA64837.2025.11118401,http://h-da.de/ml-ontology/regression,regression,0.35213640332221985,1
10.1109/MSM49833.2020.9201739,http://h-da.de/ml-ontology/action_recognition,action recognition,0.3607599139213562,1
10.1109/MWSCAS57524.2023.10405892,http://h-da.de/ml-ontology/anomaly_detection,anomaly detection,0.3880385756492615,1
10.1109/MWSCAS57524.2023.10405892,http://h-da.de/ml-ontology/action_recognition,action recognition,0.35114961862564087,2
10.1109/MeMeA52024.2021.9478696,http://h-da.de/ml-ontology/classification,classification,0.4082653224468231,1
10.1109/MeMeA52024.2021.9478696,http://h-da.de/ml-ontology/image_classification,image classification,0.37973877787590027,2
10.1109/MeMeA52024.2021.9478696,http://h-da.de/ml-ontology/audio_classification,audio classification,0.3770870268344879,3
10.1109/MeMeA52024.2021.9478696,http://h-da.de/ml-ontology/feature_extraction,feature extraction,0.3702787160873413,4
10.1109/MeMeA52024.2021.9478696,http://h-da.de/ml-ontology/feature_selection,feature selection,0.3529854416847229,5
10.1109/MeditCom61057.2024.10621273,http://h-da.de/ml-ontology/feature_extraction,feature extraction,0.39719903469085693,1
10.1109/MetroInd4.0IoT57462.2023.10180128,http://h-da.de/ml-ontology/action_recognition,action recognition,0.48867732286453247,1
10.1109/MetroInd4.0IoT57462.2023.10180128,http://h-da.de/ml-ontology/feature_extraction,feature extraction,0.3758900761604309,2
10.1109/MetroInd4.0IoT57462.2023.10180128,http://h-da.de/ml-ontology/time_series_classification,time series classification,0.35791015625,3
10.1109/MetroXRAINE58569.2023.10405793,http://h-da.de/ml-ontology/time_series_classification,time series classification,0.40534377098083496,1
10.1109/MetroXRAINE58569.2023.10405793,http://h-da.de/ml-ontology/feature_extraction,feature extraction,0.38597261905670166,2
10.1109/MetroXRAINE58569.2023.10405793,http://h-da.de/ml-ontology/audio_classification,audio classification,0.3604007959365845,3
10.1109/MoSICom63082.2024.10881378,http://h-da.de/ml-ontology/regression,regression,0.36661940813064575,1
10.1109/MoSICom63082.2024.10881378,http://h-da.de/ml-ontology/feature_extraction,feature extraction,0.3612563908100128,2
10.1109/NAECON61878.2024.10670660,http://h-da.de/ml-ontology/anomaly_detection,anomaly detection,0.4437684416770935,1
10.1109/NBEC58134.2023.10352622,http://h-da.de/ml-ontology/feature_extraction,feature extraction,0.39249762892723083,1
10.1109/NIGERCON62786.2024.10927082,http://h-da.de/ml-ontology/time_series_forecasting,time series forecasting,0.4397340416908264,1
10.1109/NIGERCON62786.2024.10927082,http://h-da.de/ml-ontology/regression,regression,0.3625119924545288,2
10.1109/NIGERCON62786.2024.10927133,http://h-da.de/ml-ontology/feature_extraction,feature extraction,0.3769850730895996,1
10.1109/NMITCON58196.2023.10275902,http://h-da.de/ml-ontology/image_regression,image regression,0.42218121886253357,1
10.1109/NMITCON58196.2023.10275902,http://h-da.de/ml-ontology/regression,regression,0.40285423398017883,2
10.1109/NMITCON58196.2023.10275902,http://h-da.de/ml-ontology/video_regression,video regression,0.37375104427337646,3
10.1109/NMITCON58196.2023.10275902,http://h-da.de/ml-ontology/tabular_regression,tabular regression,0.3528928756713867,4
10.1109/NMITCON65824.2025.11188917,http://h-da.de/ml-ontology/action_recognition,action recognition,0.3609431982040405,1
10.1109/NOMS57970.2025.11073591,http://h-da.de/ml-ontology/action_recognition,action recognition,0.3614545464515686,1
10.1109/NicoInt.2016.15,http://h-da.de/ml-ontology/image_classification,image classification,0.3839508593082428,1
10.1109/NicoInt.2016.15,http://h-da.de/ml-ontology/video_classification,video classification,0.368174284696579,2
10.1109/OJIES.2024.3455264,http://h-da.de/ml-ontology/feature_extraction,feature extraction,0.3594803810119629,1
10.1109/OTCON60325.2024.10687751,http://h-da.de/ml-ontology/time_series_forecasting,time series forecasting,0.4056839942932129,1
10.1109/OTCON65728.2025.11070797,http://h-da.de/ml-ontology/audio_classification,audio classification,0.35932987928390503,1
10.1109/OTCON65728.2025.11071208,http://h-da.de/ml-ontology/time_series_forecasting,time series forecasting,0.36984264850616455,1
10.1109/PC52310.2021.9447527,http://h-da.de/ml-ontology/time_series_classification,time series classification,0.3658466339111328,1
10.1109/PC58330.2023.10217543,http://h-da.de/ml-ontology/time_series_classification,time series classification,0.4374678134918213,1
10.1109/PC58330.2023.10217543,http://h-da.de/ml-ontology/feature_extraction,feature extraction,0.40654614567756653,2
10.1109/PC58330.2023.10217543,http://h-da.de/ml-ontology/classification,classification,0.355898380279541,3
10.1109/PDGC56933.2022.10053203,http://h-da.de/ml-ontology/time_series_forecasting,time series forecasting,0.3510623276233673,1
10.1109/PDGC64653.2024.10984080,http://h-da.de/ml-ontology/image_classification,image classification,0.40268978476524353,1
10.1109/PEEEC63877.2024.00126,http://h-da.de/ml-ontology/anomaly_detection,anomaly detection,0.459421843290329,1
10.1109/PEEIC59336.2023.10451092,http://h-da.de/ml-ontology/feature_extraction,feature extraction,0.3961654305458069,1
10.1109/PEEIC59336.2023.10451092,http://h-da.de/ml-ontology/action_recognition,action recognition,0.39262130856513977,2
10.1109/PEEIC59336.2023.10703806,http://h-da.de/ml-ontology/feature_extraction,feature extraction,0.37311792373657227,1
10.1109/PEEIC59336.2023.10703806,http://h-da.de/ml-ontology/action_recognition,action recognition,0.3636608123779297,2
10.1109/PICET60765.2024.10716089,http://h-da.de/ml-ontology/feature_extraction,feature extraction,0.364401638507843,1
10.1109/PICST54195.2021.9772149,http://h-da.de/ml-ontology/time_series_forecasting,time series forecasting,0.3662780523300171,1
10.1109/PRAI62207.2024.10826798,http://h-da.de/ml-ontology/time_series_forecasting,time series forecasting,0.3653607964515686,1
10.1109/PVSC48320.2023.10359869,http://h-da.de/ml-ontology/time_series_forecasting,time series forecasting,0.4235389530658722,1
10.1109/PVSC48320.2023.10359869,http://h-da.de/ml-ontology/image_regression,image regression,0.37384113669395447,2
10.1109/PVSC59419.2025.11133389,http://h-da.de/ml-ontology/time_series_forecasting,time series forecasting,0.4009106159210205,1
10.1109/PerComWorkshops56833.2023.10150236,http://h-da.de/ml-ontology/action_recognition,action recognition,0.39597469568252563,1
10.1109/PowerCon60995.2024.10870559,http://h-da.de/ml-ontology/audio_classification,audio classification,0.4217028319835663,1
10.1109/PowerCon60995.2024.10870559,http://h-da.de/ml-ontology/audio_regression,audio regression,0.3512229323387146,2
10.1109/QPAIN66474.2025.11171877,http://h-da.de/ml-ontology/audio_classification,audio classification,0.3927117884159088,1
10.1109/QPAIN66474.2025.11171877,http://h-da.de/ml-ontology/time_series_classification,time series classification,0.36433470249176025,2
10.1109/QPAIN66474.2025.11172108,http://h-da.de/ml-ontology/anomaly_detection,anomaly detection,0.37566229701042175,1
10.1109/QPAIN66474.2025.11172270,http://h-da.de/ml-ontology/time_series_forecasting,time series forecasting,0.3624333143234253,1
10.1109/QPAIN66474.2025.11172270,http://h-da.de/ml-ontology/image_regression,image regression,0.3563815951347351,2
10.1109/QPAIN66474.2025.11172270,http://h-da.de/ml-ontology/regression,regression,0.3559653162956238,3
10.1109/QPAIN66474.2025.11172270,http://h-da.de/ml-ontology/feature_extraction,feature extraction,0.3507550358772278,4
10.1109/R10-HTC57504.2023.10461855,http://h-da.de/ml-ontology/audio_classification,audio classification,0.39529186487197876,1
10.1109/R10-HTC57504.2023.10461855,http://h-da.de/ml-ontology/audio_regression,audio regression,0.3601294755935669,2
10.1109/RAEEUCCI63961.2025.11048216,http://h-da.de/ml-ontology/time_series_forecasting,time series forecasting,0.3736315965652466,1
10.1109/RAMS48030.2020.9153694,http://h-da.de/ml-ontology/feature_extraction,feature extraction,0.3853274881839752,1
10.1109/RAMS48030.2020.9153694,http://h-da.de/ml-ontology/anomaly_detection,anomaly detection,0.3650820851325989,2
10.1109/RAMS48127.2025.10935089,http://h-da.de/ml-ontology/feature_extraction,feature extraction,0.35983583331108093,1
10.1109/RAMS48127.2025.10935108,http://h-da.de/ml-ontology/text_classification,text classification,0.3595508933067322,1
10.1109/RAMS48127.2025.10935141,http://h-da.de/ml-ontology/time_series_forecasting,time series forecasting,0.36675703525543213,1
10.1109/RASSE64357.2024.10773692,http://h-da.de/ml-ontology/audio_classification,audio classification,0.3710450530052185,1
10.1109/RASSE64357.2024.10773693,http://h-da.de/ml-ontology/anomaly_detection,anomaly detection,0.36968493461608887,1
10.1109/RCAR54675.2022.9872225,http://h-da.de/ml-ontology/feature_reduction,feature reduction,0.35354864597320557,1
10.1109/REEDCON57544.2023.10150763,http://h-da.de/ml-ontology/time_series_forecasting,time series forecasting,0.35165584087371826,1
10.1109/REEPE60449.2024.10479879,http://h-da.de/ml-ontology/regression,regression,0.41505151987075806,1
10.1109/RFID-TA64374.2024.10965163,http://h-da.de/ml-ontology/action_recognition,action recognition,0.37089529633522034,1
10.1109/RMKMATE59243.2023.10369836,http://h-da.de/ml-ontology/classification,classification,0.38260841369628906,1
10.1109/ROBOTHIA63806.2025.10986414,http://h-da.de/ml-ontology/action_recognition,action recognition,0.4276212155818939,1
10.1109/ROSE52750.2021.9611768,http://h-da.de/ml-ontology/feature_extraction,feature extraction,0.4129849076271057,1
10.1109/RTEICT52294.2021.9573595,http://h-da.de/ml-ontology/named_entity_recognition,named entity recognition,0.3919425308704376,1
10.1109/RTEICT52294.2021.9573595,http://h-da.de/ml-ontology/text_classification,text classification,0.3872477412223816,2
10.1109/RTSI61910.2024.10761724,http://h-da.de/ml-ontology/anomaly_detection,anomaly detection,0.36694854497909546,1
10.1109/RoEduNet51892.2020.9324855,http://h-da.de/ml-ontology/classification,classification,0.3776073455810547,1
10.1109/RusAutoCon58002.2023.10272816,http://h-da.de/ml-ontology/time_series_forecasting,time series forecasting,0.420879065990448,1
10.1109/SACI51354.2021.9465608,http://h-da.de/ml-ontology/time_series_forecasting,time series forecasting,0.4513643980026245,1
10.1109/SACI51354.2021.9465608,http://h-da.de/ml-ontology/time_series_classification,time series classification,0.35888078808784485,2
10.1109/SAFEPROCESS58597.2023.10295893,http://h-da.de/ml-ontology/time_series_classification,time series classification,0.3612481355667114,1
10.1109/SAIS55783.2022.9833044,http://h-da.de/ml-ontology/feature_selection,feature selection,0.44343385100364685,1
10.1109/SAIS55783.2022.9833044,http://h-da.de/ml-ontology/feature_reduction,feature reduction,0.40187549591064453,2
10.1109/SAIS55783.2022.9833044,http://h-da.de/ml-ontology/association_rule_learning,association rule learning,0.3903314471244812,3
10.1109/SAIS55783.2022.9833044,http://h-da.de/ml-ontology/feature_extraction,feature extraction,0.38249677419662476,4
10.1109/SAMI63904.2025.10883313,http://h-da.de/ml-ontology/time_series_forecasting,time series forecasting,0.3554966449737549,1
10.1109/SATC65530.2025.11137121,http://h-da.de/ml-ontology/recommendation,recommendation,0.6301590204238892,1
10.1109/SATC65530.2025.11137121,http://h-da.de/ml-ontology/link_prediction,link prediction,0.35301244258880615,2
10.1109/SBESC.2018.00017,http://h-da.de/ml-ontology/audio_classification,audio classification,0.45834505558013916,1
10.1109/SBESC.2018.00017,http://h-da.de/ml-ontology/audio_regression,audio regression,0.396261990070343,2
10.1109/SCCC63879.2024.10767635,http://h-da.de/ml-ontology/classification,classification,0.4095221161842346,1
10.1109/SCISISIS50064.2020.9322691,http://h-da.de/ml-ontology/time_series_classification,time series classification,0.3980642855167389,1
10.1109/SCOReD64708.2024.10872724,http://h-da.de/ml-ontology/audio_classification,audio classification,0.40347057580947876,1
10.1109/SCOReD64708.2024.10872724,http://h-da.de/ml-ontology/time_series_classification,time series classification,0.3722476065158844,2
10.1109/SCSE65633.2025.11031022,http://h-da.de/ml-ontology/sentiment_analysis,sentiment analysis,0.44559669494628906,1
10.1109/SCSE65633.2025.11031022,http://h-da.de/ml-ontology/named_entity_recognition,named entity recognition,0.3686774671077728,2
10.1109/SCSE65633.2025.11031044,http://h-da.de/ml-ontology/time_series_classification,time series classification,0.37625589966773987,1
10.1109/SCSE65633.2025.11031044,http://h-da.de/ml-ontology/audio_classification,audio classification,0.3634207248687744,2
10.1109/SDEMPED54949.2023.10271429,http://h-da.de/ml-ontology/audio_classification,audio classification,0.4000619649887085,1
10.1109/SDEMPED54949.2023.10271429,http://h-da.de/ml-ontology/feature_extraction,feature extraction,0.356683611869812,2
10.1109/SEAA.2018.00051,http://h-da.de/ml-ontology/time_series_forecasting,time series forecasting,0.4001128077507019,1
10.1109/SEAI65851.2025.11108816,http://h-da.de/ml-ontology/time_series_forecasting,time series forecasting,0.37172192335128784,1
10.1109/SEFET61574.2024.10718160,http://h-da.de/ml-ontology/image_regression,image regression,0.3594042956829071,1
10.1109/SENNET64220.2025.11135975,http://h-da.de/ml-ontology/time_series_classification,time series classification,0.3916354179382324,1
10.1109/SENNET64220.2025.11135975,http://h-da.de/ml-ontology/time_series_forecasting,time series forecasting,0.3856552243232727,2
10.1109/SENSORS56945.2023.10325140,http://h-da.de/ml-ontology/image_classification,image classification,0.35945552587509155,1
10.1109/SERA57763.2023.10197769,http://h-da.de/ml-ontology/feature_extraction,feature extraction,0.35213539004325867,1
10.1109/SERA61261.2024.10685579,http://h-da.de/ml-ontology/time_series_forecasting,time series forecasting,0.3767867684364319,1
10.1109/SEST57387.2023.10257517,http://h-da.de/ml-ontology/anomaly_detection,anomaly detection,0.38511422276496887,1
10.1109/SGRE59715.2024.10428959,http://h-da.de/ml-ontology/time_series_classification,time series classification,0.36060842871665955,1
10.1109/SIBGRAPI54419.2021.00061,http://h-da.de/ml-ontology/anomaly_detection,anomaly detection,0.44463473558425903,1
10.1109/SIBGRAPI54419.2021.00061,http://h-da.de/ml-ontology/audio_classification,audio classification,0.36130785942077637,2
10.1109/SIEDS.2019.8735603,http://h-da.de/ml-ontology/feature_extraction,feature extraction,0.3530591130256653,1
10.1109/SIMPAR.2016.7862373,http://h-da.de/ml-ontology/action_recognition,action recognition,0.37671002745628357,1
10.1109/SIST61657.2025.11139293,http://h-da.de/ml-ontology/image_classification,image classification,0.44408315420150757,1
10.1109/SIST61657.2025.11139293,http://h-da.de/ml-ontology/sentiment_analysis,sentiment analysis,0.4159509539604187,2
10.1109/SIST61657.2025.11139293,http://h-da.de/ml-ontology/video_classification,video classification,0.38039833307266235,3
10.1109/SIU61531.2024.10601069,http://h-da.de/ml-ontology/recommendation,recommendation,0.37617331743240356,1
10.1109/SKIMA59232.2023.10387339,http://h-da.de/ml-ontology/audio_classification,audio classification,0.5038219094276428,1
10.1109/SKIMA59232.2023.10387339,http://h-da.de/ml-ontology/audio_regression,audio regression,0.3700260519981384,2
10.1109/SLAAI-ICAI63667.2024.10844966,http://h-da.de/ml-ontology/feature_extraction,feature extraction,0.35742872953414917,1
10.1109/SLAAI-ICAI63667.2024.10844978,http://h-da.de/ml-ontology/time_series_forecasting,time series forecasting,0.4777427911758423,1
10.1109/SMAGRIMET66590.2025.11030050,http://h-da.de/ml-ontology/image_classification,image classification,0.4039760231971741,1
10.1109/SMAP63474.2024.00038,http://h-da.de/ml-ontology/sentiment_analysis,sentiment analysis,0.5821040272712708,1
10.1109/SMAP63474.2024.00038,http://h-da.de/ml-ontology/text_classification,text classification,0.46718358993530273,2
10.1109/SMAP63474.2024.00038,http://h-da.de/ml-ontology/text_regression,text regression,0.393404483795166,3
10.1109/SMAP63474.2024.00038,http://h-da.de/ml-ontology/named_entity_recognition,named entity recognition,0.3697410821914673,4
10.1109/SMARTCOMP.2019.00059,http://h-da.de/ml-ontology/time_series_forecasting,time series forecasting,0.3817090392112732,1
10.1109/SMARTGENCON56628.2022.10083672,http://h-da.de/ml-ontology/audio_classification,audio classification,0.357418954372406,1
10.1109/SMC53654.2022.9945376,http://h-da.de/ml-ontology/feature_extraction,feature extraction,0.36029431223869324,1
10.1109/SMC53654.2022.9945535,http://h-da.de/ml-ontology/action_recognition,action recognition,0.41241759061813354,1
10.1109/SMI.2005.27,http://h-da.de/ml-ontology/vertex_classification,vertex classification,0.3516344130039215,1
10.1109/SNAMS.2019.8931714,http://h-da.de/ml-ontology/anomaly_detection,anomaly detection,0.3926854729652405,1
10.1109/SNPD.2019.8935752,http://h-da.de/ml-ontology/feature_extraction,feature extraction,0.3564545512199402,1
10.1109/SOCA.2019.00021,http://h-da.de/ml-ontology/anomaly_detection,anomaly detection,0.4615456461906433,1
10.1109/SOCA.2019.00021,http://h-da.de/ml-ontology/time_series_forecasting,time series forecasting,0.36201077699661255,2
10.1109/SPC.2018.8704135,http://h-da.de/ml-ontology/action_recognition,action recognition,0.3794291019439697,1
10.1109/SPED.2019.8906653,http://h-da.de/ml-ontology/time_series_forecasting,time series forecasting,0.4328032433986664,1
10.1109/SPED.2019.8906653,http://h-da.de/ml-ontology/time_series_classification,time series classification,0.40246331691741943,2
10.1109/SSCI47803.2020.9308370,http://h-da.de/ml-ontology/image_regression,image regression,0.4405239522457123,1
10.1109/SSCI47803.2020.9308370,http://h-da.de/ml-ontology/feature_extraction,feature extraction,0.3949180841445923,2
10.1109/SSCI47803.2020.9308370,http://h-da.de/ml-ontology/regression,regression,0.3862767517566681,3
10.1109/SSCI47803.2020.9308370,http://h-da.de/ml-ontology/video_regression,video regression,0.36779916286468506,4
10.1109/SSCI47803.2020.9308370,http://h-da.de/ml-ontology/time_series_forecasting,time series forecasting,0.3600645661354065,5
10.1109/SSCI50451.2021.9659840,http://h-da.de/ml-ontology/anomaly_detection,anomaly detection,0.43757206201553345,1
10.1109/SSCI52147.2023.10371899,http://h-da.de/ml-ontology/multiclass_classification,multiclass classification,0.3647559881210327,1
10.1109/SSCI52147.2023.10371899,http://h-da.de/ml-ontology/time_series_classification,time series classification,0.35139960050582886,2
10.1109/SSI58917.2023.10387755,http://h-da.de/ml-ontology/action_recognition,action recognition,0.43652844429016113,1
10.1109/SSI58917.2023.10387955,http://h-da.de/ml-ontology/feature_extraction,feature extraction,0.3897096514701843,1
10.1109/SST55530.2022.9954659,http://h-da.de/ml-ontology/time_series_forecasting,time series forecasting,0.409008264541626,1
10.1109/SST61991.2024.10755283,http://h-da.de/ml-ontology/time_series_forecasting,time series forecasting,0.3873911499977112,1
10.1109/STA.2019.8717201,http://h-da.de/ml-ontology/recommendation,recommendation,0.47405505180358887,1
10.1109/STA.2019.8717201,http://h-da.de/ml-ontology/text_classification,text classification,0.3675192892551422,2
10.1109/STA.2019.8717297,http://h-da.de/ml-ontology/audio_classification,audio classification,0.4464614987373352,1
10.1109/STI56238.2022.10103310,http://h-da.de/ml-ontology/time_series_forecasting,time series forecasting,0.3741145133972168,1
10.1109/SUMMA53307.2021.9632089,http://h-da.de/ml-ontology/time_series_forecasting,time series forecasting,0.41202887892723083,1
10.1109/SUMMA53307.2021.9632089,http://h-da.de/ml-ontology/audio_regression,audio regression,0.35720688104629517,2
10.1109/SUSTAINED63638.2024.11073942,http://h-da.de/ml-ontology/action_recognition,action recognition,0.35219693183898926,1
10.1109/SYSOSE.2019.8753830,http://h-da.de/ml-ontology/feature_extraction,feature extraction,0.45443597435951233,1
10.1109/SmartGridComm52983.2022.9961002,http://h-da.de/ml-ontology/anomaly_detection,anomaly detection,0.45288169384002686,1
10.1109/SmartIndustryCon65166.2025.10986132,http://h-da.de/ml-ontology/feature_extraction,feature extraction,0.384196400642395,1
10.1109/SmartIndustryCon65166.2025.10986158,http://h-da.de/ml-ontology/time_series_forecasting,time series forecasting,0.436819463968277,1
10.1109/SmartIndustryCon65166.2025.10986158,http://h-da.de/ml-ontology/time_series_classification,time series classification,0.3627285957336426,2
10.1109/SmartIndustryCon65166.2025.10986190,http://h-da.de/ml-ontology/feature_extraction,feature extraction,0.36373695731163025,1
10.1109/SoutheastCon42311.2019.9020445,http://h-da.de/ml-ontology/time_series_forecasting,time series forecasting,0.4436032772064209,1
10.1109/SoutheastCon42311.2019.9020445,http://h-da.de/ml-ontology/time_series_classification,time series classification,0.4139472246170044,2
10.1109/SoutheastCon42311.2019.9020445,http://h-da.de/ml-ontology/time_series_analysis,time series analysis,0.3943972587585449,3
10.1109/SoutheastCon56624.2025.10971545,http://h-da.de/ml-ontology/audio_classification,audio classification,0.376422256231308,1
10.1109/SoutheastCon56624.2025.10971647,http://h-da.de/ml-ontology/audio_classification,audio classification,0.3659991919994354,1
10.1109/TAI.2023.3323923,http://h-da.de/ml-ontology/anomaly_detection,anomaly detection,0.40039128065109253,1
10.1109/TASE.2020.2983061,http://h-da.de/ml-ontology/feature_extraction,feature extraction,0.3617439866065979,1
10.1109/TASE.2020.3026065,http://h-da.de/ml-ontology/time_series_classification,time series classification,0.403883159160614,1
10.1109/TASE.2020.3026065,http://h-da.de/ml-ontology/feature_extraction,feature extraction,0.3673464357852936,2
10.1109/TASE.2020.3026065,http://h-da.de/ml-ontology/time_series_analysis,time series analysis,0.35798320174217224,3
10.1109/TASE.2021.3118635,http://h-da.de/ml-ontology/anomaly_detection,anomaly detection,0.35736364126205444,1
10.1109/TASE.2023.3248623,http://h-da.de/ml-ontology/feature_extraction,feature extraction,0.3610062003135681,1
10.1109/TASE.2023.3248623,http://h-da.de/ml-ontology/regression,regression,0.3507417142391205,2
10.1109/TASE.2024.3388709,http://h-da.de/ml-ontology/time_series_forecasting,time series forecasting,0.3631435036659241,1
10.1109/TASE.2024.3486688,http://h-da.de/ml-ontology/anomaly_detection,anomaly detection,0.47684329748153687,1
10.1109/TCAD.2022.3192361,http://h-da.de/ml-ontology/feature_reduction,feature reduction,0.3741001486778259,1
10.1109/TCBB.2016.2561927,http://h-da.de/ml-ontology/feature_extraction,feature extraction,0.3880833387374878,1
10.1109/TCBB.2016.2561927,http://h-da.de/ml-ontology/time_series_classification,time series classification,0.3824590742588043,2
10.1109/TCBB.2016.2561927,http://h-da.de/ml-ontology/action_recognition,action recognition,0.3727116584777832,3
10.1109/TCBB.2016.2561927,http://h-da.de/ml-ontology/audio_classification,audio classification,0.36948108673095703,4
10.1109/TCPMT.2016.2589206,http://h-da.de/ml-ontology/time_series_forecasting,time series forecasting,0.3719072639942169,1
10.1109/TCSI.2024.3357975,http://h-da.de/ml-ontology/feature_extraction,feature extraction,0.4363555610179901,1
10.1109/TCSI.2024.3357975,http://h-da.de/ml-ontology/feature_selection,feature selection,0.36574751138687134,2
10.1109/TCSI.2024.3357975,http://h-da.de/ml-ontology/image_classification,image classification,0.35718590021133423,3
10.1109/TCYB.2020.2983871,http://h-da.de/ml-ontology/time_series_forecasting,time series forecasting,0.36087390780448914,1
10.1109/TDEI.2021.009770,http://h-da.de/ml-ontology/audio_classification,audio classification,0.3726195693016052,1
10.1109/TDEI.2023.3271609,http://h-da.de/ml-ontology/audio_classification,audio classification,0.35065484046936035,1
10.1109/TDEI.2023.3322669,http://h-da.de/ml-ontology/feature_extraction,feature extraction,0.3927001357078552,1
10.1109/TDEI.2023.3322669,http://h-da.de/ml-ontology/regression,regression,0.3878576159477234,2
10.1109/TDEI.2023.3322669,http://h-da.de/ml-ontology/audio_regression,audio regression,0.37181001901626587,3
10.1109/TEM.2023.3335237,http://h-da.de/ml-ontology/feature_extraction,feature extraction,0.39662790298461914,1
10.1109/TENCON.2016.7848290,http://h-da.de/ml-ontology/image_segmentation,image segmentation,0.4141600728034973,1
10.1109/TENCONSpring.2017.8069973,http://h-da.de/ml-ontology/time_series_forecasting,time series forecasting,0.41695165634155273,1
10.1109/TENSYMP54529.2022.9864498,http://h-da.de/ml-ontology/time_series_forecasting,time series forecasting,0.4416009187698364,1
10.1109/TEST.2012.6401531,http://h-da.de/ml-ontology/feature_extraction,feature extraction,0.3679453730583191,1
10.1109/TEVC.2024.3388725,http://h-da.de/ml-ontology/feature_extraction,feature extraction,0.37834829092025757,1
10.1109/TEVC.2024.3388725,http://h-da.de/ml-ontology/association_rule_learning,association rule learning,0.36089766025543213,2
10.1109/TEVC.2024.3388725,http://h-da.de/ml-ontology/feature_reduction,feature reduction,0.3514242172241211,3
10.1109/TFUZZ.2024.3398075,http://h-da.de/ml-ontology/time_series_classification,time series classification,0.35699957609176636,1
10.1109/TGRS.2023.3236500,http://h-da.de/ml-ontology/feature_extraction,feature extraction,0.3952904939651489,1
10.1109/THMS.2014.2366914,http://h-da.de/ml-ontology/feature_extraction,feature extraction,0.3542335629463196,1
10.1109/TIA.2024.3351112,http://h-da.de/ml-ontology/time_series_forecasting,time series forecasting,0.40028661489486694,1
10.1109/TIA.2024.3351112,http://h-da.de/ml-ontology/time_series_classification,time series classification,0.36742329597473145,2
10.1109/TIE.2017.2767551,http://h-da.de/ml-ontology/audio_classification,audio classification,0.3615882992744446,1
10.1109/TII.2022.3164087,http://h-da.de/ml-ontology/anomaly_detection,anomaly detection,0.44389206171035767,1
10.1109/TII.2022.3164087,http://h-da.de/ml-ontology/time_series_forecasting,time series forecasting,0.3981325626373291,2
10.1109/TII.2022.3164087,http://h-da.de/ml-ontology/time_series_classification,time series classification,0.3531091809272766,3
10.1109/TII.2024.3456671,http://h-da.de/ml-ontology/feature_extraction,feature extraction,0.3732820153236389,1
10.1109/TIM.2021.3082274,http://h-da.de/ml-ontology/feature_extraction,feature extraction,0.3847784399986267,1
10.1109/TIM.2021.3117631,http://h-da.de/ml-ontology/feature_extraction,feature extraction,0.35348421335220337,1
10.1109/TIM.2024.3383052,http://h-da.de/ml-ontology/feature_extraction,feature extraction,0.3670903444290161,1
10.1109/TIM.2024.3472794,http://h-da.de/ml-ontology/feature_extraction,feature extraction,0.38132914900779724,1
10.1109/TIM.2024.3507042,http://h-da.de/ml-ontology/anomaly_detection,anomaly detection,0.4438682198524475,1
10.1109/TIM.2024.3507042,http://h-da.de/ml-ontology/time_series_forecasting,time series forecasting,0.36833637952804565,2
10.1109/TLA.2015.7112025,http://h-da.de/ml-ontology/feature_extraction,feature extraction,0.3683475852012634,1
10.1109/TNNLS.2019.2921841,http://h-da.de/ml-ontology/link_prediction,link prediction,0.5163567066192627,1
10.1109/TNNLS.2023.3257038,http://h-da.de/ml-ontology/feature_reduction,feature reduction,0.37970107793807983,1
10.1109/TNNLS.2024.3395334,http://h-da.de/ml-ontology/recommendation,recommendation,0.38620632886886597,1
10.1109/TNNLS.2025.3527501,http://h-da.de/ml-ontology/graph_matching,graph matching,0.37957441806793213,1
10.1109/TQCEBT59414.2024.10545044,http://h-da.de/ml-ontology/sentiment_analysis,sentiment analysis,0.6200735569000244,1
10.1109/TQCEBT59414.2024.10545044,http://h-da.de/ml-ontology/text_classification,text classification,0.5425017476081848,2
10.1109/TQCEBT59414.2024.10545044,http://h-da.de/ml-ontology/text_regression,text regression,0.46246635913848877,3
10.1109/TQCEBT59414.2024.10545044,http://h-da.de/ml-ontology/text_analytics,text analytics,0.41954368352890015,4
10.1109/TQCEBT59414.2024.10545044,http://h-da.de/ml-ontology/named_entity_recognition,named entity recognition,0.40506526827812195,5
10.1109/TQCEBT59414.2024.10545280,http://h-da.de/ml-ontology/feature_extraction,feature extraction,0.3860601782798767,1
10.1109/TQCEBT59414.2024.10545280,http://h-da.de/ml-ontology/time_series_forecasting,time series forecasting,0.3521355986595154,2
10.1109/TSM.2011.2118775,http://h-da.de/ml-ontology/association_rule_learning,association rule learning,0.4328554570674896,1
10.1109/TSM.2016.2602226,http://h-da.de/ml-ontology/audio_classification,audio classification,0.36396291851997375,1
10.1109/TSM.2016.2602226,http://h-da.de/ml-ontology/classification,classification,0.35733169317245483,2
10.1109/TSM.2016.2602226,http://h-da.de/ml-ontology/multiclass_classification,multiclass classification,0.35423651337623596,3
10.1109/TSM.2019.2904306,http://h-da.de/ml-ontology/image_classification,image classification,0.3567504286766052,1
10.1109/TSM.2021.3137982,http://h-da.de/ml-ontology/anomaly_detection,anomaly detection,0.4137870669364929,1
10.1109/TSM.2022.3182855,http://h-da.de/ml-ontology/feature_selection,feature selection,0.3738369345664978,1
10.1109/TSM.2022.3182855,http://h-da.de/ml-ontology/feature_extraction,feature extraction,0.3690650165081024,2
10.1109/TSM.2022.3182855,http://h-da.de/ml-ontology/association_rule_learning,association rule learning,0.35487353801727295,3
10.1109/TSM.2023.3270230,http://h-da.de/ml-ontology/image_regression,image regression,0.36559629440307617,1
10.1109/TSM.2024.3444720,http://h-da.de/ml-ontology/feature_selection,feature selection,0.4204220175743103,1
10.1109/TSM.2024.3444720,http://h-da.de/ml-ontology/feature_reduction,feature reduction,0.37873029708862305,2
10.1109/TSM.2024.3444720,http://h-da.de/ml-ontology/feature_extraction,feature extraction,0.3601752519607544,3
10.1109/TSM.2025.3574015,http://h-da.de/ml-ontology/feature_extraction,feature extraction,0.35553252696990967,1
10.1109/TSMC.2021.3131662,http://h-da.de/ml-ontology/anomaly_detection,anomaly detection,0.38203030824661255,1
10.1109/TSMCA.2010.2055156,http://h-da.de/ml-ontology/time_series_forecasting,time series forecasting,0.38224542140960693,1
10.1109/TSMCA.2010.2055156,http://h-da.de/ml-ontology/feature_extraction,feature extraction,0.38182711601257324,2
10.1109/TSMCA.2010.2055156,http://h-da.de/ml-ontology/time_series_classification,time series classification,0.35600632429122925,3
10.1109/TSMCB.2003.817033,http://h-da.de/ml-ontology/feature_extraction,feature extraction,0.35483381152153015,1
10.1109/TST52996.2021.00015,http://h-da.de/ml-ontology/time_series_forecasting,time series forecasting,0.3875487446784973,1
10.1109/TVT.2020.3000970,http://h-da.de/ml-ontology/time_series_forecasting,time series forecasting,0.35016730427742004,1
10.1109/UBMK.2017.8093500,http://h-da.de/ml-ontology/time_series_forecasting,time series forecasting,0.3754015564918518,1
10.1109/UBMK.2019.8907120,http://h-da.de/ml-ontology/regression,regression,0.44591280817985535,1
10.1109/UBMK.2019.8907120,http://h-da.de/ml-ontology/audio_regression,audio regression,0.42526596784591675,2
10.1109/UBMK.2019.8907120,http://h-da.de/ml-ontology/image_regression,image regression,0.3946272134780884,3
10.1109/UBMK.2019.8907120,http://h-da.de/ml-ontology/classification,classification,0.39192765951156616,4
10.1109/UBMK.2019.8907120,http://h-da.de/ml-ontology/feature_extraction,feature extraction,0.3783184289932251,5
10.1109/UBMK55850.2022.9919450,http://h-da.de/ml-ontology/time_series_forecasting,time series forecasting,0.3740624189376831,1
10.1109/UBMK55850.2022.9919563,http://h-da.de/ml-ontology/time_series_forecasting,time series forecasting,0.44275784492492676,1
10.1109/UBMK63289.2024.10773482,http://h-da.de/ml-ontology/feature_extraction,feature extraction,0.39114099740982056,1
10.1109/UBMK63289.2024.10773482,http://h-da.de/ml-ontology/feature_selection,feature selection,0.36339884996414185,2
10.1109/UBMK63289.2024.10773607,http://h-da.de/ml-ontology/time_series_forecasting,time series forecasting,0.46863657236099243,1
10.1109/UBMK63289.2024.10773607,http://h-da.de/ml-ontology/time_series_classification,time series classification,0.3763981759548187,2
10.1109/UEMCON53757.2021.9666539,http://h-da.de/ml-ontology/feature_extraction,feature extraction,0.3721940815448761,1
10.1109/UEMCON53757.2021.9666539,http://h-da.de/ml-ontology/recommendation,recommendation,0.3642062842845917,2
10.1109/UEMCON59035.2023.10316083,http://h-da.de/ml-ontology/action_recognition,action recognition,0.38513678312301636,1
10.1109/UEMCON59035.2023.10316083,http://h-da.de/ml-ontology/feature_extraction,feature extraction,0.3605271875858307,2
10.1109/URTC65039.2024.10937577,http://h-da.de/ml-ontology/audio_regression,audio regression,0.36332517862319946,1
10.1109/VTS56346.2023.10140005,http://h-da.de/ml-ontology/anomaly_detection,anomaly detection,0.40358448028564453,1
10.1109/VTS65138.2025.11022777,http://h-da.de/ml-ontology/feature_extraction,feature extraction,0.3832620084285736,1
10.1109/WACV56688.2023.00546,http://h-da.de/ml-ontology/anomaly_detection,anomaly detection,0.4339290261268616,1
10.1109/WACVW65960.2025.00104,http://h-da.de/ml-ontology/action_recognition,action recognition,0.3660351634025574,1
10.1109/WCICA.2006.1714167,http://h-da.de/ml-ontology/feature_extraction,feature extraction,0.3620673418045044,1
10.1109/WCICA.2006.1714167,http://h-da.de/ml-ontology/feature_reduction,feature reduction,0.3598140478134155,2
10.1109/WCICA.2018.8630692,http://h-da.de/ml-ontology/anomaly_detection,anomaly detection,0.40856194496154785,1
10.1109/WCICSS.2016.7882607,http://h-da.de/ml-ontology/feature_extraction,feature extraction,0.35574743151664734,1
10.1109/WETICE64632.2024.00022,http://h-da.de/ml-ontology/time_series_forecasting,time series forecasting,0.4045632481575012,1
10.1109/WIFS55849.2022.9975406,http://h-da.de/ml-ontology/audio_classification,audio classification,0.43580371141433716,1
10.1109/WNYISPW53194.2021.9661283,http://h-da.de/ml-ontology/feature_extraction,feature extraction,0.39872217178344727,1
10.1109/WSAI55384.2022.9836412,http://h-da.de/ml-ontology/time_series_forecasting,time series forecasting,0.3513636589050293,1
10.1109/WSC48552.2020.9384026,http://h-da.de/ml-ontology/anomaly_detection,anomaly detection,0.5437458753585815,1
10.1109/WSC48552.2020.9384026,http://h-da.de/ml-ontology/association_rule_learning,association rule learning,0.3752402365207672,2
10.1109/WSC48552.2020.9384026,http://h-da.de/ml-ontology/feature_extraction,feature extraction,0.37440210580825806,3
10.1109/WSC57314.2022.10015322,http://h-da.de/ml-ontology/time_series_forecasting,time series forecasting,0.3507814407348633,1
10.1109/WSC63780.2024.10838759,http://h-da.de/ml-ontology/time_series_forecasting,time series forecasting,0.3630257248878479,1
10.1109/WiSEE.2019.8920301,http://h-da.de/ml-ontology/video_classification,video classification,0.35949641466140747,1
10.1109/WorldS450073.2020.9210318,http://h-da.de/ml-ontology/anomaly_detection,anomaly detection,0.406069815158844,1
10.1109/WorldS450073.2020.9210318,http://h-da.de/ml-ontology/association_rule_learning,association rule learning,0.3564770221710205,2
10.1109/eSmarTA56775.2022.9935140,http://h-da.de/ml-ontology/image_classification,image classification,0.3710400462150574,1
10.1109/eSmarTA56775.2022.9935140,http://h-da.de/ml-ontology/object_detection,object detection,0.35847771167755127,2
10.1109/eSmarTA66764.2025.11132238,http://h-da.de/ml-ontology/time_series_forecasting,time series forecasting,0.473453551530838,1
10.1109/eSmarTA66764.2025.11132238,http://h-da.de/ml-ontology/time_series_classification,time series classification,0.38359081745147705,2
10.1109/i-COSTE60462.2023.10500776,http://h-da.de/ml-ontology/regression,regression,0.356623113155365,1
10.1109/iCACCESS61735.2024.10499459,http://h-da.de/ml-ontology/classification,classification,0.3737398386001587,1
10.1109/iEECON53204.2022.9741683,http://h-da.de/ml-ontology/time_series_forecasting,time series forecasting,0.45807817578315735,1
10.1109/iSAI-NLP.2018.8692973,http://h-da.de/ml-ontology/sentiment_analysis,sentiment analysis,0.5089848637580872,1
10.1109/iSAI-NLP.2018.8692973,http://h-da.de/ml-ontology/recommendation,recommendation,0.46850407123565674,2
10.1109/iSAI-NLP.2018.8692973,http://h-da.de/ml-ontology/text_classification,text classification,0.4149947166442871,3
10.1109/iSAI-NLP.2018.8692973,http://h-da.de/ml-ontology/text_regression,text regression,0.35186970233917236,4
10.1109/iSTEM-Ed59413.2023.10305792,http://h-da.de/ml-ontology/classification,classification,0.35175156593322754,1
10.1109/iSemantic63362.2024.10762416,http://h-da.de/ml-ontology/time_series_forecasting,time series forecasting,0.36431294679641724,1
10.1109/iSemantic63362.2024.10762597,http://h-da.de/ml-ontology/image_regression,image regression,0.3661995530128479,1
10.1109/iSemantic63362.2024.10762597,http://h-da.de/ml-ontology/text_regression,text regression,0.3648051917552948,2
10.1109/icSmartGrid52357.2021.9551264,http://h-da.de/ml-ontology/feature_extraction,feature extraction,0.3642389476299286,1
10.1109/icSmartGrid61824.2024.10578078,http://h-da.de/ml-ontology/time_series_forecasting,time series forecasting,0.35107481479644775,1
10.1109/icSmartGrid61824.2024.10578083,http://h-da.de/ml-ontology/anomaly_detection,anomaly detection,0.35409611463546753,1
10.1109/mim.2025.10982114,http://h-da.de/ml-ontology/audio_classification,audio classification,0.3732396364212036,1
10.1109/sii.2013.6776758,http://h-da.de/ml-ontology/image_regression,image regression,0.37125617265701294,1
10.1111/cogs.12900,http://h-da.de/ml-ontology/feature_extraction,feature extraction,0.37584084272384644,1
10.1111/exsy.12958,http://h-da.de/ml-ontology/feature_extraction,feature extraction,0.43206945061683655,1
10.1111/exsy.12958,http://h-da.de/ml-ontology/action_recognition,action recognition,0.3800075352191925,2
10.1111/exsy.13128,http://h-da.de/ml-ontology/feature_extraction,feature extraction,0.3846850097179413,1
10.1111/exsy.13128,http://h-da.de/ml-ontology/time_series_classification,time series classification,0.352136492729187,2
10.1111/exsy.13136,http://h-da.de/ml-ontology/image_classification,image classification,0.43266791105270386,1
10.1111/exsy.13136,http://h-da.de/ml-ontology/video_classification,video classification,0.3737258315086365,2
10.1111/exsy.13136,http://h-da.de/ml-ontology/classification,classification,0.3562978208065033,3
10.1111/exsy.70085,http://h-da.de/ml-ontology/recommendation,recommendation,0.383890837430954,1
10.1111/gfs.12707,http://h-da.de/ml-ontology/feature_extraction,feature extraction,0.4225262999534607,1
10.1111/jfpe.13998,http://h-da.de/ml-ontology/image_classification,image classification,0.3620278239250183,1
10.1111/jfpe.14436,http://h-da.de/ml-ontology/feature_extraction,feature extraction,0.35877567529678345,1
10.1111/jph.13388,http://h-da.de/ml-ontology/image_classification,image classification,0.36924487352371216,1
10.1111/mice.13479,http://h-da.de/ml-ontology/time_series_classification,time series classification,0.3678729236125946,1
10.11118/ejobsat.2024.010,http://h-da.de/ml-ontology/text_classification,text classification,0.535072922706604,1
10.11118/ejobsat.2024.010,http://h-da.de/ml-ontology/named_entity_recognition,named entity recognition,0.47653818130493164,2
10.11118/ejobsat.2024.010,http://h-da.de/ml-ontology/classification,classification,0.37579894065856934,3
10.11118/ejobsat.2024.010,http://h-da.de/ml-ontology/text_regression,text regression,0.3702653646469116,4
10.11118/ejobsat.2024.010,http://h-da.de/ml-ontology/tabular_classification,tabular classification,0.36267900466918945,5
10.1115/1.4024232,http://h-da.de/ml-ontology/recommendation,recommendation,0.44233235716819763,1
10.1115/1.4036641,http://h-da.de/ml-ontology/feature_extraction,feature extraction,0.41571807861328125,1
10.1115/1.4037435,http://h-da.de/ml-ontology/action_recognition,action recognition,0.4451040029525757,1
10.1115/1.4037435,http://h-da.de/ml-ontology/feature_extraction,feature extraction,0.35865992307662964,2
10.1115/1.4044506,http://h-da.de/ml-ontology/topic_modeling,topic modeling,0.49034273624420166,1
10.1115/1.4044506,http://h-da.de/ml-ontology/named_entity_recognition,named entity recognition,0.4538760185241699,2
10.1115/1.4044506,http://h-da.de/ml-ontology/text_classification,text classification,0.42678868770599365,3
10.1115/1.4044506,http://h-da.de/ml-ontology/text_analytics,text analytics,0.3993496298789978,4
10.1115/1.4044506,http://h-da.de/ml-ontology/sentence_similarity,sentence similarity,0.3627711534500122,5
10.1115/1.4045411,http://h-da.de/ml-ontology/object_detection,object detection,0.3708443343639374,1
10.1115/1.4045663,http://h-da.de/ml-ontology/time_series_classification,time series classification,0.3542608916759491,1
10.1115/1.4045719,http://h-da.de/ml-ontology/image_regression,image regression,0.3986102342605591,1
10.1115/1.4046135,http://h-da.de/ml-ontology/association_rule_learning,association rule learning,0.37957674264907837,1
10.1115/1.4046135,http://h-da.de/ml-ontology/classification,classification,0.36300235986709595,2
10.1115/1.4047074,http://h-da.de/ml-ontology/object_detection,object detection,0.38585126399993896,1
10.1115/1.4047559,http://h-da.de/ml-ontology/feature_extraction,feature extraction,0.3643850088119507,1
10.1115/1.4047559,http://h-da.de/ml-ontology/image_classification,image classification,0.3619388937950134,2
10.1115/1.4047559,http://h-da.de/ml-ontology/time_series_classification,time series classification,0.35149142146110535,3
10.1115/1.4048819,http://h-da.de/ml-ontology/sentiment_analysis,sentiment analysis,0.4564019441604614,1
10.1115/1.4048819,http://h-da.de/ml-ontology/named_entity_recognition,named entity recognition,0.4101214110851288,2
10.1115/1.4048819,http://h-da.de/ml-ontology/recommendation,recommendation,0.3525082468986511,3
10.1115/1.4049865,http://h-da.de/ml-ontology/recommendation,recommendation,0.37513023614883423,1
10.1115/1.4049865,http://h-da.de/ml-ontology/sentiment_analysis,sentiment analysis,0.36711788177490234,2
10.1115/1.4049895,http://h-da.de/ml-ontology/feature_extraction,feature extraction,0.3806482255458832,1
10.1115/1.4050579,http://h-da.de/ml-ontology/feature_extraction,feature extraction,0.35025280714035034,1
10.1115/1.4051696,http://h-da.de/ml-ontology/feature_extraction,feature extraction,0.37150853872299194,1
10.1115/1.4051716,http://h-da.de/ml-ontology/anomaly_detection,anomaly detection,0.37386250495910645,1
10.1115/1.4052720,http://h-da.de/ml-ontology/vertex_classification,vertex classification,0.38629287481307983,1
10.1115/1.4052761,http://h-da.de/ml-ontology/anomaly_detection,anomaly detection,0.41784143447875977,1
10.1115/1.4052761,http://h-da.de/ml-ontology/feature_extraction,feature extraction,0.36774998903274536,2
10.1115/1.4052762,http://h-da.de/ml-ontology/time_series_classification,time series classification,0.3718287944793701,1
10.1115/1.4053194,http://h-da.de/ml-ontology/time_series_classification,time series classification,0.42040959000587463,1
10.1115/1.4053194,http://h-da.de/ml-ontology/time_series_forecasting,time series forecasting,0.37942928075790405,2
10.1115/1.4053194,http://h-da.de/ml-ontology/association_rule_learning,association rule learning,0.3724055886268616,3
10.1115/1.4053194,http://h-da.de/ml-ontology/feature_extraction,feature extraction,0.3717137277126312,4
10.1115/1.4053194,http://h-da.de/ml-ontology/audio_classification,audio classification,0.36631348729133606,5
10.1115/1.4053670,http://h-da.de/ml-ontology/feature_extraction,feature extraction,0.40664464235305786,1
10.1115/1.4053670,http://h-da.de/ml-ontology/image_regression,image regression,0.40304213762283325,2
10.1115/1.4054558,http://h-da.de/ml-ontology/feature_extraction,feature extraction,0.3900180459022522,1
10.1115/1.4056138,http://h-da.de/ml-ontology/time_series_forecasting,time series forecasting,0.3626835346221924,1
10.1115/1.4057052,http://h-da.de/ml-ontology/feature_extraction,feature extraction,0.36634230613708496,1
10.1115/1.4062731,http://h-da.de/ml-ontology/feature_extraction,feature extraction,0.35376012325286865,1
10.1115/1.4063235,http://h-da.de/ml-ontology/association_rule_learning,association rule learning,0.3643282353878021,1
10.1115/1.4063235,http://h-da.de/ml-ontology/feature_extraction,feature extraction,0.36061155796051025,2
10.1115/1.4063748,http://h-da.de/ml-ontology/object_detection,object detection,0.3754153847694397,1
10.1115/1.4064257,http://h-da.de/ml-ontology/object_detection,object detection,0.3850809335708618,1
10.1115/1.4064649,http://h-da.de/ml-ontology/action_recognition,action recognition,0.35446518659591675,1
10.1115/1.4065200,http://h-da.de/ml-ontology/feature_extraction,feature extraction,0.3614843487739563,1
10.1115/1.4066746,http://h-da.de/ml-ontology/link_prediction,link prediction,0.39426660537719727,1
10.1115/1.4066746,http://h-da.de/ml-ontology/recommendation,recommendation,0.38065779209136963,2
10.1115/1.4066746,http://h-da.de/ml-ontology/association_rule_learning,association rule learning,0.37337833642959595,3
10.1115/1.4066746,http://h-da.de/ml-ontology/feature_extraction,feature extraction,0.35130107402801514,4
10.1115/1.4067057,http://h-da.de/ml-ontology/feature_extraction,feature extraction,0.3627663254737854,1
10.1115/1.4067157,http://h-da.de/ml-ontology/action_recognition,action recognition,0.4093295931816101,1
10.1115/1.4067270,http://h-da.de/ml-ontology/feature_extraction,feature extraction,0.35483115911483765,1
10.1115/1.4068472,http://h-da.de/ml-ontology/anomaly_detection,anomaly detection,0.39383840560913086,1
10.1115/DETC2010-29115,http://h-da.de/ml-ontology/topic_modeling,topic modeling,0.40817272663116455,1
10.1115/DETC2010-29115,http://h-da.de/ml-ontology/text_analytics,text analytics,0.3928597569465637,2
10.1115/DETC2016-59645,http://h-da.de/ml-ontology/action_recognition,action recognition,0.45661452412605286,1
10.1115/DETC2016-59645,http://h-da.de/ml-ontology/feature_extraction,feature extraction,0.35330748558044434,2
10.1115/DETC2016-60095,http://h-da.de/ml-ontology/action_recognition,action recognition,0.36887747049331665,1
10.1115/DETC2016-60095,http://h-da.de/ml-ontology/feature_extraction,feature extraction,0.35659706592559814,2
10.1115/DETC2017-67987,http://h-da.de/ml-ontology/audio_regression,audio regression,0.44273585081100464,1
10.1115/DETC2017-67987,http://h-da.de/ml-ontology/feature_extraction,feature extraction,0.40345174074172974,2
10.1115/DETC2017-67987,http://h-da.de/ml-ontology/audio_classification,audio classification,0.3825884461402893,3
10.1115/DETC2017-67987,http://h-da.de/ml-ontology/time_series_classification,time series classification,0.3530583381652832,4
10.1115/DETC201885710,http://h-da.de/ml-ontology/classification,classification,0.38167881965637207,1
10.1115/DETC201885865,http://h-da.de/ml-ontology/topic_modeling,topic modeling,0.45969367027282715,1
10.1115/DETC201885865,http://h-da.de/ml-ontology/named_entity_recognition,named entity recognition,0.45833712816238403,2
10.1115/DETC201885865,http://h-da.de/ml-ontology/text_classification,text classification,0.4059498906135559,3
10.1115/DETC201885865,http://h-da.de/ml-ontology/text_analytics,text analytics,0.4000694155693054,4
10.1115/DETC2019-97917,http://h-da.de/ml-ontology/time_series_forecasting,time series forecasting,0.3673379421234131,1
10.1115/DETC2020-22126,http://h-da.de/ml-ontology/feature_extraction,feature extraction,0.3696468472480774,1
10.1115/DETC2021-66701,http://h-da.de/ml-ontology/feature_extraction,feature extraction,0.4044131636619568,1
10.1115/DETC2021-68177,http://h-da.de/ml-ontology/recommendation,recommendation,0.3748641908168793,1
10.1115/DETC2021-69259,http://h-da.de/ml-ontology/image_regression,image regression,0.3525465130805969,1
10.1115/DETC2021-69462,http://h-da.de/ml-ontology/link_prediction,link prediction,0.4997706413269043,1
10.1115/DETC2021-69462,http://h-da.de/ml-ontology/association_rule_learning,association rule learning,0.3977261483669281,2
10.1115/DETC2021-69462,http://h-da.de/ml-ontology/graph_matching,graph matching,0.3582974076271057,3
10.1115/DETC2021-71403,http://h-da.de/ml-ontology/image_classification,image classification,0.4182327389717102,1
10.1115/DETC2021-71403,http://h-da.de/ml-ontology/video_classification,video classification,0.37067991495132446,2
10.1115/DETC2022-88163,http://h-da.de/ml-ontology/time_series_forecasting,time series forecasting,0.3832316994667053,1
10.1115/DETC2022-88223,http://h-da.de/ml-ontology/feature_extraction,feature extraction,0.37076228857040405,1
10.1115/DETC2022-89921,http://h-da.de/ml-ontology/feature_extraction,feature extraction,0.45440351963043213,1
10.1115/DETC2022-89921,http://h-da.de/ml-ontology/feature_reduction,feature reduction,0.3871648907661438,2
10.1115/DETC2023117184,http://h-da.de/ml-ontology/feature_extraction,feature extraction,0.3678712248802185,1
10.1115/DETC2024-140496,http://h-da.de/ml-ontology/feature_extraction,feature extraction,0.3610116243362427,1
10.1115/DETC2024-142944,http://h-da.de/ml-ontology/image_regression,image regression,0.3599298596382141,1
10.1115/DSCC2019-8995,http://h-da.de/ml-ontology/image_regression,image regression,0.3523916006088257,1
10.1115/GT201875372,http://h-da.de/ml-ontology/feature_extraction,feature extraction,0.35682928562164307,1
10.1115/GT201875372,http://h-da.de/ml-ontology/image_classification,image classification,0.35392695665359497,2
10.1115/GT2021-58916,http://h-da.de/ml-ontology/time_series_classification,time series classification,0.42468684911727905,1
10.1115/GT2021-58916,http://h-da.de/ml-ontology/time_series_forecasting,time series forecasting,0.37645068764686584,2
10.1115/GT2021-58916,http://h-da.de/ml-ontology/association_rule_learning,association rule learning,0.37290650606155396,3
10.1115/GT2021-58916,http://h-da.de/ml-ontology/audio_classification,audio classification,0.37114521861076355,4
10.1115/GT2021-58916,http://h-da.de/ml-ontology/feature_extraction,feature extraction,0.36918649077415466,5
10.1115/GT2021-60116,http://h-da.de/ml-ontology/anomaly_detection,anomaly detection,0.4232264757156372,1
10.1115/GT2024-127544,http://h-da.de/ml-ontology/regression,regression,0.3528669476509094,1
10.1115/HT2025-156676,http://h-da.de/ml-ontology/feature_extraction,feature extraction,0.3604990839958191,1
10.1115/IMECE2022-94173,http://h-da.de/ml-ontology/feature_extraction,feature extraction,0.35046863555908203,1
10.1115/IMECE2022-96162,http://h-da.de/ml-ontology/image_classification,image classification,0.3682035207748413,1
10.1115/IMECE2023-112254,http://h-da.de/ml-ontology/anomaly_detection,anomaly detection,0.3685450553894043,1
10.1115/IMECE2023-114248,http://h-da.de/ml-ontology/feature_extraction,feature extraction,0.38127920031547546,1
10.1115/IMECE2023-114248,http://h-da.de/ml-ontology/audio_classification,audio classification,0.374819278717041,2
10.1115/IMECE2023-119647,http://h-da.de/ml-ontology/image_classification,image classification,0.39780470728874207,1
10.1115/IMECE2024-142250,http://h-da.de/ml-ontology/feature_extraction,feature extraction,0.38626474142074585,1
10.1115/IMECE2024-142250,http://h-da.de/ml-ontology/regression,regression,0.36728429794311523,2
10.1115/IMECE2024-147233,http://h-da.de/ml-ontology/audio_classification,audio classification,0.4635239541530609,1
10.1115/IMECE2024-147233,http://h-da.de/ml-ontology/audio_regression,audio regression,0.3928689956665039,2
10.1115/IOWTC2018-1058,http://h-da.de/ml-ontology/feature_extraction,feature extraction,0.35016071796417236,1
10.1115/ISFA2020-9643,http://h-da.de/ml-ontology/feature_extraction,feature extraction,0.3539140224456787,1
10.1115/MSEC2017-2679,http://h-da.de/ml-ontology/feature_extraction,feature extraction,0.36967235803604126,1
10.1115/MSEC2017-3069,http://h-da.de/ml-ontology/audio_classification,audio classification,0.39472121000289917,1
10.1115/MSEC2017-3069,http://h-da.de/ml-ontology/audio_regression,audio regression,0.3551490604877472,2
10.1115/MSEC2020-8274,http://h-da.de/ml-ontology/feature_extraction,feature extraction,0.40535736083984375,1
10.1115/MSEC2020-8274,http://h-da.de/ml-ontology/audio_classification,audio classification,0.3810249865055084,2
10.1115/MSEC2020-8360,http://h-da.de/ml-ontology/time_series_classification,time series classification,0.39887285232543945,1
10.1115/MSEC2020-8496,http://h-da.de/ml-ontology/anomaly_detection,anomaly detection,0.40768465399742126,1
10.1115/MSEC2021-63465,http://h-da.de/ml-ontology/anomaly_detection,anomaly detection,0.4252099394798279,1
10.1115/MSEC2021-63465,http://h-da.de/ml-ontology/feature_extraction,feature extraction,0.3765257000923157,2
10.1115/MSEC2021-64036,http://h-da.de/ml-ontology/audio_classification,audio classification,0.4378332495689392,1
10.1115/MSEC2021-64036,http://h-da.de/ml-ontology/audio_regression,audio regression,0.36968380212783813,2
10.1115/MSEC2024-125289,http://h-da.de/ml-ontology/feature_extraction,feature extraction,0.35518980026245117,1
10.1115/MSEC2025-154225,http://h-da.de/ml-ontology/feature_extraction,feature extraction,0.3847390115261078,1
10.1115/MSEC2025-155351,http://h-da.de/ml-ontology/feature_extraction,feature extraction,0.4103226661682129,1
10.1115/MSEC2025-155351,http://h-da.de/ml-ontology/regression,regression,0.3732737898826599,2
10.1115/MSEC2025-155351,http://h-da.de/ml-ontology/image_regression,image regression,0.36005115509033203,3
10.1115/MSEC2025-155351,http://h-da.de/ml-ontology/audio_regression,audio regression,0.3526113033294678,4
10.1115/MSEC2025-155404,http://h-da.de/ml-ontology/anomaly_detection,anomaly detection,0.4109365940093994,1
10.1115/OMAE2019-96201,http://h-da.de/ml-ontology/time_series_forecasting,time series forecasting,0.38632434606552124,1
10.1115/OMAE2020-18677,http://h-da.de/ml-ontology/feature_extraction,feature extraction,0.3588407039642334,1
10.1115/OMAE2023-104628,http://h-da.de/ml-ontology/time_series_forecasting,time series forecasting,0.3541005551815033,1
10.1115/OMAE2025-154981,http://h-da.de/ml-ontology/time_series_forecasting,time series forecasting,0.3863733112812042,1
10.1115/SSDM2025-152228,http://h-da.de/ml-ontology/image_regression,image regression,0.3878576159477234,1
10.1115/msec2023-101060,http://h-da.de/ml-ontology/audio_classification,audio classification,0.35160571336746216,1
10.1115/msec2023-101213,http://h-da.de/ml-ontology/object_detection,object detection,0.3700789213180542,1
10.1115/msec2023-104792,http://h-da.de/ml-ontology/action_recognition,action recognition,0.41824623942375183,1
10.1115/msec2023-104792,http://h-da.de/ml-ontology/time_series_forecasting,time series forecasting,0.3783034682273865,2
10.11159/icert24.102,http://h-da.de/ml-ontology/time_series_forecasting,time series forecasting,0.39458340406417847,1
10.11159/icsta23.118,http://h-da.de/ml-ontology/classification,classification,0.40381473302841187,1
10.11159/icsta23.118,http://h-da.de/ml-ontology/image_classification,image classification,0.3562202453613281,2
10.11159/mvml24.124,http://h-da.de/ml-ontology/object_detection,object detection,0.4538240432739258,1
10.11159/mvml24.124,http://h-da.de/ml-ontology/image_classification,image classification,0.3522791862487793,2
10.1117/1.JMM.20.4.041206,http://h-da.de/ml-ontology/image_regression,image regression,0.3945257067680359,1
10.1117/1.JMM.20.4.044001,http://h-da.de/ml-ontology/anomaly_detection,anomaly detection,0.35323262214660645,1
10.1117/12.2528654,http://h-da.de/ml-ontology/object_detection,object detection,0.3695492148399353,1
10.1117/12.2536825,http://h-da.de/ml-ontology/feature_extraction,feature extraction,0.35695362091064453,1
10.1117/12.2551504,http://h-da.de/ml-ontology/image_regression,image regression,0.3597230613231659,1
10.1117/12.2557625,http://h-da.de/ml-ontology/object_detection,object detection,0.35509517788887024,1
10.1117/12.2581468,http://h-da.de/ml-ontology/anomaly_detection,anomaly detection,0.44097694754600525,1
10.1117/12.2581468,http://h-da.de/ml-ontology/feature_extraction,feature extraction,0.35778000950813293,2
10.1117/12.2585829,http://h-da.de/ml-ontology/feature_extraction,feature extraction,0.370709091424942,1
10.1117/12.2585829,http://h-da.de/ml-ontology/time_series_classification,time series classification,0.3596661686897278,2
10.1117/12.2590676,http://h-da.de/ml-ontology/action_recognition,action recognition,0.43742942810058594,1
10.1117/12.2590676,http://h-da.de/ml-ontology/video_classification,video classification,0.4147181808948517,2
10.1117/12.2590676,http://h-da.de/ml-ontology/video_regression,video regression,0.3712475299835205,3
10.1117/12.2590676,http://h-da.de/ml-ontology/image_classification,image classification,0.3553377389907837,4
10.1117/12.2600838,http://h-da.de/ml-ontology/image_regression,image regression,0.418548047542572,1
10.1117/12.2600838,http://h-da.de/ml-ontology/regression,regression,0.3554233908653259,2
10.1117/12.2618913,http://h-da.de/ml-ontology/time_series_forecasting,time series forecasting,0.3608701825141907,1
10.1117/12.2619004,http://h-da.de/ml-ontology/image_classification,image classification,0.3816177546977997,1
10.1117/12.2680317,http://h-da.de/ml-ontology/feature_extraction,feature extraction,0.421403169631958,1
10.1117/12.3008958,http://h-da.de/ml-ontology/image_regression,image regression,0.3599967062473297,1
10.1117/12.3011769,http://h-da.de/ml-ontology/anomaly_detection,anomaly detection,0.3572632074356079,1
10.1117/12.3013253,http://h-da.de/ml-ontology/time_series_forecasting,time series forecasting,0.38633716106414795,1
10.1117/12.3013353,http://h-da.de/ml-ontology/recommendation,recommendation,0.6486728191375732,1
10.1117/12.3013353,http://h-da.de/ml-ontology/link_prediction,link prediction,0.3646676540374756,2
10.1117/12.3013353,http://h-da.de/ml-ontology/association_rule_learning,association rule learning,0.35734450817108154,3
10.1117/12.3025208,http://h-da.de/ml-ontology/feature_extraction,feature extraction,0.3752208352088928,1
10.1117/12.3025208,http://h-da.de/ml-ontology/time_series_classification,time series classification,0.3715550899505615,2
10.1117/12.3025208,http://h-da.de/ml-ontology/audio_classification,audio classification,0.35310590267181396,3
10.1117/12.3026841,http://h-da.de/ml-ontology/image_regression,image regression,0.36707717180252075,1
10.1117/12.3029100,http://h-da.de/ml-ontology/time_series_forecasting,time series forecasting,0.44662636518478394,1
10.1117/12.3030993,http://h-da.de/ml-ontology/recommendation,recommendation,0.5464110374450684,1
10.1117/12.3030993,http://h-da.de/ml-ontology/link_prediction,link prediction,0.3728365898132324,2
10.1117/12.3049907,http://h-da.de/ml-ontology/image_regression,image regression,0.36592572927474976,1
10.1117/12.3050401,http://h-da.de/ml-ontology/anomaly_detection,anomaly detection,0.4605244994163513,1
10.1117/12.3058868,http://h-da.de/ml-ontology/text_regression,text regression,0.37662699818611145,1
10.1117/12.3059629,http://h-da.de/ml-ontology/classification,classification,0.3983052968978882,1
10.1117/12.3070458,http://h-da.de/ml-ontology/regression,regression,0.4016484320163727,1
10.1117/12.3079092,http://h-da.de/ml-ontology/image_regression,image regression,0.3545311689376831,1
10.1118/1.3469268,http://h-da.de/ml-ontology/feature_extraction,feature extraction,0.3940080404281616,1
10.11221/jima.74.31,http://h-da.de/ml-ontology/action_recognition,action recognition,0.5094180107116699,1
10.11221/jima.74.31,http://h-da.de/ml-ontology/feature_extraction,feature extraction,0.35745948553085327,2
10.1128/msystems.00840-24,http://h-da.de/ml-ontology/anomaly_detection,anomaly detection,0.356917142868042,1
10.1134/S0040601519030042,http://h-da.de/ml-ontology/anomaly_detection,anomaly detection,0.39034104347229004,1
10.1134/S0040601519030042,http://h-da.de/ml-ontology/feature_extraction,feature extraction,0.3768577575683594,2
10.1134/S0040601519030042,http://h-da.de/ml-ontology/time_series_classification,time series classification,0.3684498071670532,3
10.1134/S2070048225700280,http://h-da.de/ml-ontology/link_prediction,link prediction,0.40858083963394165,1
10.1134/S2070048225700280,http://h-da.de/ml-ontology/association_rule_learning,association rule learning,0.38001129031181335,2
10.1142/9789814324700_0174,http://h-da.de/ml-ontology/feature_extraction,feature extraction,0.39752379059791565,1
10.1142/9789814324700_0174,http://h-da.de/ml-ontology/classification,classification,0.3604036569595337,2
10.1142/S0129065721500179,http://h-da.de/ml-ontology/audio_classification,audio classification,0.35767024755477905,1
10.1142/S0218001425590025,http://h-da.de/ml-ontology/audio_regression,audio regression,0.35458457469940186,1
10.1142/S0218001425590189,http://h-da.de/ml-ontology/anomaly_detection,anomaly detection,0.38767367601394653,1
10.1142/S0218001425590189,http://h-da.de/ml-ontology/association_rule_learning,association rule learning,0.3764626979827881,2
10.1142/S0218126625500136,http://h-da.de/ml-ontology/anomaly_detection,anomaly detection,0.3969818949699402,1
10.1142/S0218126625502433,http://h-da.de/ml-ontology/time_series_forecasting,time series forecasting,0.3551153838634491,1
10.1142/S021812662550450X,http://h-da.de/ml-ontology/anomaly_detection,anomaly detection,0.4378516674041748,1
10.1142/S0218539324500086,http://h-da.de/ml-ontology/time_series_classification,time series classification,0.37726056575775146,1
10.1142/S0219455425400164,http://h-da.de/ml-ontology/feature_extraction,feature extraction,0.3954622447490692,1
10.1142/S0219467813500113,http://h-da.de/ml-ontology/image_classification,image classification,0.37803417444229126,1
10.1142/S021964922350003X,http://h-da.de/ml-ontology/sentiment_analysis,sentiment analysis,0.5293293595314026,1
10.1142/S021964922350003X,http://h-da.de/ml-ontology/text_classification,text classification,0.37318652868270874,2
10.1142/S0219686725500040,http://h-da.de/ml-ontology/image_regression,image regression,0.37649625539779663,1
10.1142/S0219686726500265,http://h-da.de/ml-ontology/audio_classification,audio classification,0.3561171293258667,1
10.1145/2018673.2018678,http://h-da.de/ml-ontology/association_rule_learning,association rule learning,0.4168846607208252,1
10.1145/2018673.2018678,http://h-da.de/ml-ontology/feature_extraction,feature extraction,0.39631932973861694,2
10.1145/206913.206955,http://h-da.de/ml-ontology/classification,classification,0.37945181131362915,1
10.1145/2598394.2609860,http://h-da.de/ml-ontology/association_rule_learning,association rule learning,0.35422012209892273,1
10.1145/2699836,http://h-da.de/ml-ontology/classification,classification,0.36471468210220337,1
10.1145/3077584.3077595,http://h-da.de/ml-ontology/text_classification,text classification,0.48876357078552246,1
10.1145/3077584.3077595,http://h-da.de/ml-ontology/recommendation,recommendation,0.4478811025619507,2
10.1145/3077584.3077595,http://h-da.de/ml-ontology/sentiment_analysis,sentiment analysis,0.3651219606399536,3
10.1145/3077584.3077595,http://h-da.de/ml-ontology/text_regression,text regression,0.3639798164367676,4
10.1145/3077584.3077595,http://h-da.de/ml-ontology/sentence_similarity,sentence similarity,0.3627432584762573,5
10.1145/3098954.3103155,http://h-da.de/ml-ontology/anomaly_detection,anomaly detection,0.45232176780700684,1
10.1145/3166094.3166096,http://h-da.de/ml-ontology/feature_extraction,feature extraction,0.38112178444862366,1
10.1145/3166094.3166096,http://h-da.de/ml-ontology/regression,regression,0.37266629934310913,2
10.1145/3166094.3166096,http://h-da.de/ml-ontology/tabular_regression,tabular regression,0.3501308858394623,3
10.1145/3207677.3277953,http://h-da.de/ml-ontology/sentiment_analysis,sentiment analysis,0.47993481159210205,1
10.1145/3207677.3277953,http://h-da.de/ml-ontology/text_classification,text classification,0.37306350469589233,2
10.1145/3207677.3277953,http://h-da.de/ml-ontology/recommendation,recommendation,0.367395281791687,3
10.1145/3304079.3310288,http://h-da.de/ml-ontology/feature_extraction,feature extraction,0.39559000730514526,1
10.1145/3304079.3310288,http://h-da.de/ml-ontology/association_rule_learning,association rule learning,0.37836286425590515,2
10.1145/3304079.3310288,http://h-da.de/ml-ontology/time_series_classification,time series classification,0.3673174977302551,3
10.1145/3306307.3328197,http://h-da.de/ml-ontology/video_regression,video regression,0.3665105700492859,1
10.1145/3331453.3360974,http://h-da.de/ml-ontology/feature_extraction,feature extraction,0.3622314929962158,1
10.1145/3335656.3335658,http://h-da.de/ml-ontology/time_series_forecasting,time series forecasting,0.41149893403053284,1
10.1145/3342220.3344924,http://h-da.de/ml-ontology/sentiment_analysis,sentiment analysis,0.4151405990123749,1
10.1145/3342428.3342685,http://h-da.de/ml-ontology/feature_extraction,feature extraction,0.47433507442474365,1
10.1145/3342428.3342685,http://h-da.de/ml-ontology/feature_reduction,feature reduction,0.3724230229854584,2
10.1145/3357384.3357803,http://h-da.de/ml-ontology/time_series_forecasting,time series forecasting,0.3916146159172058,1
10.1145/3360901.3364414,http://h-da.de/ml-ontology/feature_extraction,feature extraction,0.3576052784919739,1
10.1145/3364335.3364396,http://h-da.de/ml-ontology/time_series_forecasting,time series forecasting,0.43392327427864075,1
10.1145/3364335.3364396,http://h-da.de/ml-ontology/regression,regression,0.37892985343933105,2
10.1145/3377325.3377528,http://h-da.de/ml-ontology/time_series_classification,time series classification,0.4446049928665161,1
10.1145/3377325.3377528,http://h-da.de/ml-ontology/feature_extraction,feature extraction,0.37479355931282043,2
10.1145/3383972.3384036,http://h-da.de/ml-ontology/image_classification,image classification,0.38505983352661133,1
10.1145/3383972.3384036,http://h-da.de/ml-ontology/video_classification,video classification,0.3522260785102844,2
10.1145/3388831.3388860,http://h-da.de/ml-ontology/anomaly_detection,anomaly detection,0.410300612449646,1
10.1145/3409073.3409092,http://h-da.de/ml-ontology/image_regression,image regression,0.3553233742713928,1
10.1145/3446132.3446420,http://h-da.de/ml-ontology/sentence_similarity,sentence similarity,0.3614087700843811,1
10.1145/3448823.3448863,http://h-da.de/ml-ontology/feature_extraction,feature extraction,0.41319599747657776,1
10.1145/3453800.3453830,http://h-da.de/ml-ontology/object_detection,object detection,0.38695013523101807,1
10.1145/347090.347171,http://h-da.de/ml-ontology/association_rule_learning,association rule learning,0.4455072283744812,1
10.1145/347090.347171,http://h-da.de/ml-ontology/feature_extraction,feature extraction,0.39479032158851624,2
10.1145/3473714.3473821,http://h-da.de/ml-ontology/anomaly_detection,anomaly detection,0.40361517667770386,1
10.1145/3473714.3473821,http://h-da.de/ml-ontology/association_rule_learning,association rule learning,0.3878015875816345,2
10.1145/3473714.3473821,http://h-da.de/ml-ontology/classification,classification,0.3744964003562927,3
10.1145/3481127.3481165,http://h-da.de/ml-ontology/association_rule_learning,association rule learning,0.38052791357040405,1
10.1145/3481127.3481165,http://h-da.de/ml-ontology/time_series_forecasting,time series forecasting,0.37269264459609985,2
10.1145/3491101.3503554,http://h-da.de/ml-ontology/recommendation,recommendation,0.42810192704200745,1
10.1145/3497623.3497679,http://h-da.de/ml-ontology/feature_extraction,feature extraction,0.3735208809375763,1
10.1145/3503961.3503982,http://h-da.de/ml-ontology/action_recognition,action recognition,0.3780117630958557,1
10.1145/3508259.3508291,http://h-da.de/ml-ontology/image_classification,image classification,0.3991645574569702,1
10.1145/3508259.3508291,http://h-da.de/ml-ontology/classification,classification,0.38713279366493225,2
10.1145/3514221.3526141,http://h-da.de/ml-ontology/association_rule_learning,association rule learning,0.3509710431098938,1
10.1145/3519313,http://h-da.de/ml-ontology/feature_extraction,feature extraction,0.3712218403816223,1
10.1145/3520304.3529015,http://h-da.de/ml-ontology/association_rule_learning,association rule learning,0.4245139956474304,1
10.1145/3520304.3529015,http://h-da.de/ml-ontology/classification,classification,0.39627140760421753,2
10.1145/3520304.3529015,http://h-da.de/ml-ontology/feature_extraction,feature extraction,0.3917188048362732,3
10.1145/3534678.3539057,http://h-da.de/ml-ontology/time_series_classification,time series classification,0.37709736824035645,1
10.1145/3534678.3539057,http://h-da.de/ml-ontology/feature_extraction,feature extraction,0.3615453243255615,2
10.1145/3535782.3535831,http://h-da.de/ml-ontology/feature_extraction,feature extraction,0.38994932174682617,1
10.1145/3535782.3535831,http://h-da.de/ml-ontology/classification,classification,0.35481029748916626,2
10.1145/3543712.3543736,http://h-da.de/ml-ontology/feature_extraction,feature extraction,0.36684224009513855,1
10.1145/3544549.3585788,http://h-da.de/ml-ontology/clustering,clustering,0.394726037979126,1
10.1145/3544549.3585788,http://h-da.de/ml-ontology/tabular_clustering,tabular clustering,0.3936249017715454,2
10.1145/3548785.3548796,http://h-da.de/ml-ontology/time_series_forecasting,time series forecasting,0.38028401136398315,1
10.1145/3556677.3556697,http://h-da.de/ml-ontology/time_series_forecasting,time series forecasting,0.41676345467567444,1
10.1145/3556677.3556697,http://h-da.de/ml-ontology/time_series_analysis,time series analysis,0.36262989044189453,2
10.1145/3557738.3557841,http://h-da.de/ml-ontology/image_regression,image regression,0.38358306884765625,1
10.1145/3557738.3557841,http://h-da.de/ml-ontology/audio_regression,audio regression,0.3609393239021301,2
10.1145/3557738.3557841,http://h-da.de/ml-ontology/text_regression,text regression,0.35622963309288025,3
10.1145/3563357.3564079,http://h-da.de/ml-ontology/time_series_forecasting,time series forecasting,0.3928076922893524,1
10.1145/3568231.3568289,http://h-da.de/ml-ontology/sentiment_analysis,sentiment analysis,0.43955397605895996,1
10.1145/3568231.3568289,http://h-da.de/ml-ontology/recommendation,recommendation,0.391335666179657,2
10.1145/3568231.3568289,http://h-da.de/ml-ontology/text_classification,text classification,0.3799075484275818,3
10.1145/3570991.3570998,http://h-da.de/ml-ontology/feature_extraction,feature extraction,0.3826993405818939,1
10.1145/3570991.3570998,http://h-da.de/ml-ontology/time_series_forecasting,time series forecasting,0.3679308593273163,2
10.1145/3570991.3570998,http://h-da.de/ml-ontology/association_rule_learning,association rule learning,0.3565900921821594,3
10.1145/3571306.3571444,http://h-da.de/ml-ontology/image_classification,image classification,0.4596629738807678,1
10.1145/3571306.3571444,http://h-da.de/ml-ontology/classification,classification,0.41432905197143555,2
10.1145/3571306.3571444,http://h-da.de/ml-ontology/text_classification,text classification,0.3801816999912262,3
10.1145/3571306.3571444,http://h-da.de/ml-ontology/audio_classification,audio classification,0.3668704628944397,4
10.1145/3571306.3571444,http://h-da.de/ml-ontology/tabular_classification,tabular classification,0.3633357584476471,5
10.1145/3578245.3585335,http://h-da.de/ml-ontology/anomaly_detection,anomaly detection,0.40155744552612305,1
10.1145/3578245.3585335,http://h-da.de/ml-ontology/link_prediction,link prediction,0.3677976727485657,2
10.1145/3580305.3599880,http://h-da.de/ml-ontology/feature_extraction,feature extraction,0.3525720238685608,1
10.1145/3581784.3607076,http://h-da.de/ml-ontology/anomaly_detection,anomaly detection,0.46678781509399414,1
10.1145/3589883.3589890,http://h-da.de/ml-ontology/time_series_forecasting,time series forecasting,0.433855801820755,1
10.1145/3589883.3589897,http://h-da.de/ml-ontology/time_series_forecasting,time series forecasting,0.3510701358318329,1
10.1145/3590837.3590893,http://h-da.de/ml-ontology/anomaly_detection,anomaly detection,0.3855937719345093,1
10.1145/3605390.3610834,http://h-da.de/ml-ontology/feature_extraction,feature extraction,0.43050897121429443,1
10.1145/3605390.3610834,http://h-da.de/ml-ontology/association_rule_learning,association rule learning,0.3681412935256958,2
10.1145/3605390.3610834,http://h-da.de/ml-ontology/feature_reduction,feature reduction,0.35033494234085083,3
10.1145/3638584.3638630,http://h-da.de/ml-ontology/image_regression,image regression,0.3579690456390381,1
10.1145/3647444.3647928,http://h-da.de/ml-ontology/anomaly_detection,anomaly detection,0.4979998469352722,1
10.1145/3647444.3652471,http://h-da.de/ml-ontology/feature_extraction,feature extraction,0.39429301023483276,1
10.1145/3647444.3652471,http://h-da.de/ml-ontology/image_regression,image regression,0.3718131482601166,2
10.1145/3652037.3652049,http://h-da.de/ml-ontology/time_series_classification,time series classification,0.4745142459869385,1
10.1145/3652037.3652049,http://h-da.de/ml-ontology/time_series_forecasting,time series forecasting,0.38722291588783264,2
10.1145/3664647.3680919,http://h-da.de/ml-ontology/anomaly_detection,anomaly detection,0.3523663878440857,1
10.1145/3670414,http://h-da.de/ml-ontology/action_recognition,action recognition,0.3896389603614807,1
10.1145/3674029.3674038,http://h-da.de/ml-ontology/anomaly_detection,anomaly detection,0.4597436487674713,1
10.1145/3674029.3674038,http://h-da.de/ml-ontology/time_series_forecasting,time series forecasting,0.3711777329444885,2
10.1145/3674029.3674038,http://h-da.de/ml-ontology/time_series_classification,time series classification,0.36176592111587524,3
10.1145/3675417.3675500,http://h-da.de/ml-ontology/recommendation,recommendation,0.3555482029914856,1
10.1145/3677182.3677297,http://h-da.de/ml-ontology/object_detection,object detection,0.3704051375389099,1
10.1145/3686490.3686500,http://h-da.de/ml-ontology/object_detection,object detection,0.3585057854652405,1
10.1145/3689930.3695211,http://h-da.de/ml-ontology/anomaly_detection,anomaly detection,0.4772271513938904,1
10.1145/3696500.3696555,http://h-da.de/ml-ontology/association_rule_learning,association rule learning,0.35899677872657776,1
10.1145/3696500.3696555,http://h-da.de/ml-ontology/classification,classification,0.3573809862136841,2
10.1145/3701551.3703571,http://h-da.de/ml-ontology/link_prediction,link prediction,0.3962540328502655,1
10.1145/3701716.3719637,http://h-da.de/ml-ontology/time_series_classification,time series classification,0.45406121015548706,1
10.1145/3701716.3719637,http://h-da.de/ml-ontology/action_recognition,action recognition,0.3562263250350952,2
10.1145/3718491.3718674,http://h-da.de/ml-ontology/time_series_forecasting,time series forecasting,0.3611927032470703,1
10.1145/3719384.3719387,http://h-da.de/ml-ontology/feature_extraction,feature extraction,0.35666632652282715,1
10.1145/3744367.3744398,http://h-da.de/ml-ontology/feature_extraction,feature extraction,0.3563937842845917,1
10.1145/3758093,http://h-da.de/ml-ontology/text_classification,text classification,0.35008102655410767,1
10.1149/10701.14729ecst,http://h-da.de/ml-ontology/feature_extraction,feature extraction,0.3598770797252655,1
10.1155/2016/2041467,http://h-da.de/ml-ontology/action_recognition,action recognition,0.35639673471450806,1
10.1155/2018/8061514,http://h-da.de/ml-ontology/time_series_classification,time series classification,0.35978347063064575,1
10.1155/2020/6873891,http://h-da.de/ml-ontology/feature_extraction,feature extraction,0.36736223101615906,1
10.1155/2020/6873891,http://h-da.de/ml-ontology/association_rule_learning,association rule learning,0.35051876306533813,2
10.1155/2021/6515846,http://h-da.de/ml-ontology/feature_extraction,feature extraction,0.3731384873390198,1
10.1155/2021/6693617,http://h-da.de/ml-ontology/action_recognition,action recognition,0.4472985863685608,1
10.1155/2021/6777488,http://h-da.de/ml-ontology/time_series_forecasting,time series forecasting,0.39857393503189087,1
10.1155/2022/1558381,http://h-da.de/ml-ontology/anomaly_detection,anomaly detection,0.3904670178890228,1
10.1155/2022/1904158,http://h-da.de/ml-ontology/classification,classification,0.3793298900127411,1
10.1155/2022/2062944,http://h-da.de/ml-ontology/image_classification,image classification,0.4179416298866272,1
10.1155/2022/2062944,http://h-da.de/ml-ontology/video_classification,video classification,0.38645148277282715,2
10.1155/2022/2062944,http://h-da.de/ml-ontology/classification,classification,0.37143445014953613,3
10.1155/2022/2062944,http://h-da.de/ml-ontology/tabular_classification,tabular classification,0.3599766194820404,4
10.1155/2022/3222979,http://h-da.de/ml-ontology/feature_reduction,feature reduction,0.3563901484012604,1
10.1155/2022/3234375,http://h-da.de/ml-ontology/recommendation,recommendation,0.44793248176574707,1
10.1155/2022/3234375,http://h-da.de/ml-ontology/action_recognition,action recognition,0.3516005277633667,2
10.1155/2022/5067346,http://h-da.de/ml-ontology/action_recognition,action recognition,0.42150336503982544,1
10.1155/2022/6032255,http://h-da.de/ml-ontology/image_classification,image classification,0.39416325092315674,1
10.1155/2022/6293985,http://h-da.de/ml-ontology/feature_extraction,feature extraction,0.3841598331928253,1
10.1155/2022/6293985,http://h-da.de/ml-ontology/classification,classification,0.3660770058631897,2
10.1155/2022/7958932,http://h-da.de/ml-ontology/classification,classification,0.3886299133300781,1
10.1155/2022/7958932,http://h-da.de/ml-ontology/recommendation,recommendation,0.3789658844470978,2
10.1155/2022/9289320,http://h-da.de/ml-ontology/regression,regression,0.36872684955596924,1
10.1155/2022/9509167,http://h-da.de/ml-ontology/time_series_forecasting,time series forecasting,0.36139732599258423,1
10.1155/2022/9930176,http://h-da.de/ml-ontology/feature_extraction,feature extraction,0.4537200927734375,1
10.1155/2022/9930176,http://h-da.de/ml-ontology/feature_reduction,feature reduction,0.39998728036880493,2
10.1155/2022/9930176,http://h-da.de/ml-ontology/feature_selection,feature selection,0.3898264169692993,3
10.1155/2023/9991029,http://h-da.de/ml-ontology/action_recognition,action recognition,0.35837578773498535,1
10.1155/2024/4853773,http://h-da.de/ml-ontology/feature_extraction,feature extraction,0.3926149010658264,1
10.1155/acis/9961816,http://h-da.de/ml-ontology/image_regression,image regression,0.3574906289577484,1
10.1155/acis/9961816,http://h-da.de/ml-ontology/feature_extraction,feature extraction,0.35430580377578735,2
10.1155/stc/8852297,http://h-da.de/ml-ontology/feature_extraction,feature extraction,0.39086270332336426,1
10.1155/vib/7434412,http://h-da.de/ml-ontology/feature_extraction,feature extraction,0.4117082357406616,1
10.11591/eei.v11i5.3664,http://h-da.de/ml-ontology/feature_extraction,feature extraction,0.37643513083457947,1
10.11591/eei.v14i2.9343,http://h-da.de/ml-ontology/tabular_clustering,tabular clustering,0.3805069327354431,1
10.11591/eei.v14i2.9343,http://h-da.de/ml-ontology/clustering,clustering,0.3799856901168823,2
10.11591/ijai.v13.i1.pp850-862,http://h-da.de/ml-ontology/feature_extraction,feature extraction,0.3722298741340637,1
10.11591/ijai.v13.i3.pp2946-2955,http://h-da.de/ml-ontology/time_series_forecasting,time series forecasting,0.35209736227989197,1
10.11591/ijai.v14.i1.pp270-285,http://h-da.de/ml-ontology/classification,classification,0.3699291944503784,1
10.11591/ijai.v14.i1.pp270-285,http://h-da.de/ml-ontology/feature_extraction,feature extraction,0.36766383051872253,2
10.11591/ijece.v10i1.pp538-548,http://h-da.de/ml-ontology/action_recognition,action recognition,0.4432861804962158,1
10.11591/ijece.v14i2.pp2191-2201,http://h-da.de/ml-ontology/image_classification,image classification,0.3778582513332367,1
10.11591/ijece.v8i1.pp497-504,http://h-da.de/ml-ontology/time_series_forecasting,time series forecasting,0.3676331043243408,1
10.11591/ijeecs.v25.i2.pp1047-1058,http://h-da.de/ml-ontology/time_series_forecasting,time series forecasting,0.39626628160476685,1
10.11591/ijeecs.v30.i1.pp174-182,http://h-da.de/ml-ontology/association_rule_learning,association rule learning,0.39914828538894653,1
10.11591/ijeecs.v30.i1.pp174-182,http://h-da.de/ml-ontology/classification,classification,0.37917566299438477,2
10.11591/ijeecs.v31.i2.pp734-746,http://h-da.de/ml-ontology/feature_extraction,feature extraction,0.44265979528427124,1
10.11591/ijeecs.v31.i2.pp734-746,http://h-da.de/ml-ontology/time_series_classification,time series classification,0.3530663251876831,2
10.11591/ijeecs.v35.i2.pp1139-1150,http://h-da.de/ml-ontology/tabular_regression,tabular regression,0.3788008689880371,1
10.11591/ijeecs.v35.i2.pp1139-1150,http://h-da.de/ml-ontology/time_series_forecasting,time series forecasting,0.37061235308647156,2
10.11591/ijeecs.v35.i2.pp1139-1150,http://h-da.de/ml-ontology/regression,regression,0.36511680483818054,3
10.11591/ijeecs.v35.i2.pp1139-1150,http://h-da.de/ml-ontology/text_regression,text regression,0.36164313554763794,4
10.11591/ijeecs.v35.i2.pp1139-1150,http://h-da.de/ml-ontology/classification,classification,0.35611751675605774,5
10.11591/ijeecs.v37.i2.pp1376-1386,http://h-da.de/ml-ontology/regression,regression,0.3710929751396179,1
10.11591/ijeecs.v37.i2.pp1376-1386,http://h-da.de/ml-ontology/image_regression,image regression,0.3526184558868408,2
10.11591/ijpeds.v15.i3.pp1934-1941,http://h-da.de/ml-ontology/regression,regression,0.35062307119369507,1
10.1162/netn_a_00371,http://h-da.de/ml-ontology/feature_extraction,feature extraction,0.3650739789009094,1
10.1177/00219983241289494,http://h-da.de/ml-ontology/feature_extraction,feature extraction,0.3772057294845581,1
10.1177/00368504221148842,http://h-da.de/ml-ontology/tabular_regression,tabular regression,0.35314828157424927,1
10.1177/00405175221145571,http://h-da.de/ml-ontology/image_classification,image classification,0.4135587215423584,1
10.1177/00405175221145571,http://h-da.de/ml-ontology/video_classification,video classification,0.3611159920692444,2
10.1177/00405175221145571,http://h-da.de/ml-ontology/feature_extraction,feature extraction,0.3575558662414551,3
10.1177/0142331219898937,http://h-da.de/ml-ontology/feature_extraction,feature extraction,0.35144415497779846,1
10.1177/01423312211038288,http://h-da.de/ml-ontology/feature_extraction,feature extraction,0.35939180850982666,1
10.1177/01445987251318353,http://h-da.de/ml-ontology/classification,classification,0.3600447177886963,1
10.1177/01445987251318353,http://h-da.de/ml-ontology/regression,regression,0.35000041127204895,2
10.1177/09287329241301665,http://h-da.de/ml-ontology/feature_extraction,feature extraction,0.41924944519996643,1
10.1177/0954405419855224,http://h-da.de/ml-ontology/feature_extraction,feature extraction,0.3986549377441406,1
10.1177/0954405420958842,http://h-da.de/ml-ontology/feature_extraction,feature extraction,0.3892688453197479,1
10.1177/09544054221136510,http://h-da.de/ml-ontology/feature_extraction,feature extraction,0.36476171016693115,1
10.1177/09544054241302666,http://h-da.de/ml-ontology/feature_extraction,feature extraction,0.3547474145889282,1
10.1177/09544054251350507,http://h-da.de/ml-ontology/image_classification,image classification,0.3969501852989197,1
10.1177/09544054251350507,http://h-da.de/ml-ontology/tabular_classification,tabular classification,0.36436939239501953,2
10.1177/09544054251350507,http://h-da.de/ml-ontology/audio_classification,audio classification,0.3556070923805237,3
10.1177/09721509241234033,http://h-da.de/ml-ontology/time_series_forecasting,time series forecasting,0.40499788522720337,1
10.1177/14613484241287620,http://h-da.de/ml-ontology/time_series_classification,time series classification,0.47668296098709106,1
10.1177/14613484241287620,http://h-da.de/ml-ontology/time_series_analysis,time series analysis,0.438438355922699,2
10.1177/14613484241287620,http://h-da.de/ml-ontology/feature_extraction,feature extraction,0.4039306640625,3
10.1177/1475921719878259,http://h-da.de/ml-ontology/audio_classification,audio classification,0.3656042218208313,1
10.1177/14759217251324110,http://h-da.de/ml-ontology/feature_extraction,feature extraction,0.36528822779655457,1
10.1177/15589250241267000,http://h-da.de/ml-ontology/feature_extraction,feature extraction,0.3604268729686737,1
10.1177/16878132241229314,http://h-da.de/ml-ontology/feature_extraction,feature extraction,0.39835482835769653,1
10.1177/16878132241275750,http://h-da.de/ml-ontology/feature_extraction,feature extraction,0.3509148955345154,1
10.1177/16878132251384345,http://h-da.de/ml-ontology/time_series_forecasting,time series forecasting,0.4431731104850769,1
10.1177/16878132251384345,http://h-da.de/ml-ontology/time_series_classification,time series classification,0.3723266124725342,2
10.1177/16878132251384493,http://h-da.de/ml-ontology/feature_extraction,feature extraction,0.36168819665908813,1
10.1177/1687814018755519,http://h-da.de/ml-ontology/association_rule_learning,association rule learning,0.35664573311805725,1
10.1177/1687814018755519,http://h-da.de/ml-ontology/feature_extraction,feature extraction,0.3536641597747803,2
10.1177/1687814018755519,http://h-da.de/ml-ontology/classification,classification,0.35226869583129883,3
10.1177/16878140211009015,http://h-da.de/ml-ontology/audio_classification,audio classification,0.3696788251399994,1
10.1177/18479790251375827,http://h-da.de/ml-ontology/recommendation,recommendation,0.3780297338962555,1
10.1177/20414196231184581,http://h-da.de/ml-ontology/feature_extraction,feature extraction,0.36155784130096436,1
10.1177/21582440241262695,http://h-da.de/ml-ontology/time_series_forecasting,time series forecasting,0.4491487145423889,1
10.1177/23998083241312948,http://h-da.de/ml-ontology/named_entity_recognition,named entity recognition,0.36485034227371216,1
10.1177/25726668251348708,http://h-da.de/ml-ontology/feature_extraction,feature extraction,0.3540973365306854,1
10.1186/s12864-020-07238-x,http://h-da.de/ml-ontology/link_prediction,link prediction,0.4260396361351013,1
10.1186/s13326-019-0210-8,http://h-da.de/ml-ontology/named_entity_recognition,named entity recognition,0.38731706142425537,1
10.1186/s13326-019-0210-8,http://h-da.de/ml-ontology/text_classification,text classification,0.36485642194747925,2
10.1186/s13326-019-0210-8,http://h-da.de/ml-ontology/feature_extraction,feature extraction,0.36161693930625916,3
10.1186/s13326-019-0210-8,http://h-da.de/ml-ontology/text_regression,text regression,0.35985642671585083,4
10.1186/s13326-019-0210-8,http://h-da.de/ml-ontology/sentence_similarity,sentence similarity,0.35442060232162476,5
10.1186/s13567-023-01197-3,http://h-da.de/ml-ontology/anomaly_detection,anomaly detection,0.39633050560951233,1
10.1186/s13567-023-01197-3,http://h-da.de/ml-ontology/time_series_forecasting,time series forecasting,0.380448579788208,2
10.1186/s13567-023-01197-3,http://h-da.de/ml-ontology/time_series_analysis,time series analysis,0.380424439907074,3
10.1186/s13567-023-01197-3,http://h-da.de/ml-ontology/time_series_classification,time series classification,0.3699013292789459,4
10.1186/s40069-024-00703-x,http://h-da.de/ml-ontology/image_regression,image regression,0.36586934328079224,1
10.1186/s40537-020-00367-w,http://h-da.de/ml-ontology/feature_extraction,feature extraction,0.4554283618927002,1
10.1186/s40537-020-00367-w,http://h-da.de/ml-ontology/feature_selection,feature selection,0.3646065294742584,2
10.1186/s40537-020-00367-w,http://h-da.de/ml-ontology/feature_reduction,feature reduction,0.35784751176834106,3
10.1186/s40537-020-00367-w,http://h-da.de/ml-ontology/classification,classification,0.35433173179626465,4
10.1186/s40537-022-00612-4,http://h-da.de/ml-ontology/association_rule_learning,association rule learning,0.37171411514282227,1
10.1186/s40537-022-00644-w,http://h-da.de/ml-ontology/classification,classification,0.35791486501693726,1
10.1186/s40537-023-00706-7,http://h-da.de/ml-ontology/time_series_forecasting,time series forecasting,0.3677472472190857,1
10.1186/s40537-024-01030-4,http://h-da.de/ml-ontology/feature_extraction,feature extraction,0.36720961332321167,1
10.1186/s42162-024-00304-8,http://h-da.de/ml-ontology/feature_extraction,feature extraction,0.3680211305618286,1
10.1186/s42162-024-00304-8,http://h-da.de/ml-ontology/time_series_classification,time series classification,0.36385101079940796,2
10.1186/s42162-024-00459-4,http://h-da.de/ml-ontology/time_series_forecasting,time series forecasting,0.3843214511871338,1
10.1186/s42162-025-00565-x,http://h-da.de/ml-ontology/anomaly_detection,anomaly detection,0.3753716051578522,1
10.1186/s42825-022-00080-9,http://h-da.de/ml-ontology/image_classification,image classification,0.3513784110546112,1
10.1186/s43088-022-00327-8,http://h-da.de/ml-ontology/feature_extraction,feature extraction,0.3634962737560272,1
10.11885/j.issn.1674-5086.2020.05.29.02,http://h-da.de/ml-ontology/association_rule_learning,association rule learning,0.3502051830291748,1
10.11933/j.issn.1007-9289.20221008001,http://h-da.de/ml-ontology/image_classification,image classification,0.36993563175201416,1
10.11936/bjutxb2023040013,http://h-da.de/ml-ontology/classification,classification,0.3598347306251526,1
10.11947/j.AGCS.2015.F048,http://h-da.de/ml-ontology/action_recognition,action recognition,0.3917577862739563,1
10.11949/j.issn.0438-1157.20181355,http://h-da.de/ml-ontology/feature_extraction,feature extraction,0.37796688079833984,1
10.11975/j.issn.1002-6819.2021.21.025,http://h-da.de/ml-ontology/object_detection,object detection,0.3998488783836365,1
10.11975/j.issn.1002-6819.202406135,http://h-da.de/ml-ontology/image_classification,image classification,0.38397860527038574,1
10.1201/9781003119838,http://h-da.de/ml-ontology/action_recognition,action recognition,0.37864068150520325,1
10.1201/9781003202776-4,http://h-da.de/ml-ontology/time_series_forecasting,time series forecasting,0.4003782272338867,1
10.1201/9781003202776-4,http://h-da.de/ml-ontology/time_series_classification,time series classification,0.35089194774627686,2
10.1201/9781003202776-9,http://h-da.de/ml-ontology/association_rule_learning,association rule learning,0.38205790519714355,1
10.1201/9781003202776-9,http://h-da.de/ml-ontology/classification,classification,0.3525017499923706,2
10.1201/9781003326830-13,http://h-da.de/ml-ontology/time_series_forecasting,time series forecasting,0.37664926052093506,1
10.1201/9781003326830-13,http://h-da.de/ml-ontology/anomaly_detection,anomaly detection,0.3529570698738098,2
10.1201/9781003388449-1,http://h-da.de/ml-ontology/action_recognition,action recognition,0.3606535792350769,1
10.1201/9781003388449-1,http://h-da.de/ml-ontology/feature_extraction,feature extraction,0.3579452931880951,2
10.1201/9781003393580-27,http://h-da.de/ml-ontology/regression,regression,0.3912960886955261,1
10.1201/9781003393580-27,http://h-da.de/ml-ontology/time_series_forecasting,time series forecasting,0.38522568345069885,2
10.1201/9781003393580-27,http://h-da.de/ml-ontology/classification,classification,0.3838672637939453,3
10.1201/9781003393580-27,http://h-da.de/ml-ontology/image_regression,image regression,0.3818487524986267,4
10.1201/9781003393580-27,http://h-da.de/ml-ontology/text_regression,text regression,0.36231011152267456,5
10.1201/9781003433309-2,http://h-da.de/ml-ontology/feature_extraction,feature extraction,0.3585381507873535,1
10.1201/9781003433309-2,http://h-da.de/ml-ontology/feature_reduction,feature reduction,0.35568100214004517,2
10.1201/9781003433309-2,http://h-da.de/ml-ontology/action_recognition,action recognition,0.3505684435367584,3
10.1201/9781003473633-1,http://h-da.de/ml-ontology/action_recognition,action recognition,0.4264037013053894,1
10.1201/9781003473886-4,http://h-da.de/ml-ontology/classification,classification,0.4164888858795166,1
10.1201/9781003473886-4,http://h-da.de/ml-ontology/feature_extraction,feature extraction,0.3822847008705139,2
10.1201/9781003473886-4,http://h-da.de/ml-ontology/tabular_classification,tabular classification,0.3519476056098938,3
10.1201/9781003480822-6,http://h-da.de/ml-ontology/feature_extraction,feature extraction,0.41283026337623596,1
10.1201/9781003480860-3,http://h-da.de/ml-ontology/feature_extraction,feature extraction,0.36054527759552,1
10.1201/9781003480860-5,http://h-da.de/ml-ontology/time_series_forecasting,time series forecasting,0.369581937789917,1
10.1201/9781003498117-10,http://h-da.de/ml-ontology/action_recognition,action recognition,0.35272735357284546,1
10.1201/9781003500865-4,http://h-da.de/ml-ontology/association_rule_learning,association rule learning,0.3803161680698395,1
10.1201/9781003500865-4,http://h-da.de/ml-ontology/action_recognition,action recognition,0.35302335023880005,2
10.1201/9781003500865-4,http://h-da.de/ml-ontology/feature_reduction,feature reduction,0.35207486152648926,3
10.1201/9781003532699-3,http://h-da.de/ml-ontology/object_detection,object detection,0.3966921269893646,1
10.1201/9781003532699-3,http://h-da.de/ml-ontology/image_classification,image classification,0.3645152449607849,2
10.1201/9781003542506-8,http://h-da.de/ml-ontology/time_series_forecasting,time series forecasting,0.41878610849380493,1
10.1201/9781003596721-14,http://h-da.de/ml-ontology/time_series_forecasting,time series forecasting,0.3584521412849426,1
10.1201/9781003596721-75,http://h-da.de/ml-ontology/classification,classification,0.45070016384124756,1
10.1201/9781003596721-75,http://h-da.de/ml-ontology/time_series_classification,time series classification,0.4287928342819214,2
10.1201/9781003596721-75,http://h-da.de/ml-ontology/time_series_forecasting,time series forecasting,0.4001581072807312,3
10.1201/9781003596721-75,http://h-da.de/ml-ontology/text_classification,text classification,0.3903963565826416,4
10.1201/9781003596721-75,http://h-da.de/ml-ontology/image_classification,image classification,0.3614746034145355,5
10.1201/9781003606208-95,http://h-da.de/ml-ontology/action_recognition,action recognition,0.3742333650588989,1
10.1201/9781003606208-95,http://h-da.de/ml-ontology/feature_extraction,feature extraction,0.3737940788269043,2
10.1201/9781003628392-12,http://h-da.de/ml-ontology/feature_extraction,feature extraction,0.38475561141967773,1
10.1201/9781003628392-12,http://h-da.de/ml-ontology/classification,classification,0.37020260095596313,2
10.1201/9781003628392-12,http://h-da.de/ml-ontology/image_regression,image regression,0.35228174924850464,3
10.1201/9781003650010-144,http://h-da.de/ml-ontology/time_series_forecasting,time series forecasting,0.355264812707901,1
10.1201/9781032699806,http://h-da.de/ml-ontology/association_rule_learning,association rule learning,0.35505837202072144,1
10.1201/b23013-5,http://h-da.de/ml-ontology/time_series_forecasting,time series forecasting,0.38909608125686646,1
10.12073/j.cw.20220517001,http://h-da.de/ml-ontology/feature_extraction,feature extraction,0.3856956362724304,1
10.12073/j.cw.20220517001,http://h-da.de/ml-ontology/anomaly_detection,anomaly detection,0.36141717433929443,2
10.12073/j.cw.20220517001,http://h-da.de/ml-ontology/audio_classification,audio classification,0.35205820202827454,3
10.1208/s12249-023-02697-3,http://h-da.de/ml-ontology/feature_extraction,feature extraction,0.4033207893371582,1
10.1208/s12249-023-02697-3,http://h-da.de/ml-ontology/image_regression,image regression,0.3672139644622803,2
10.1208/s12249-023-02697-3,http://h-da.de/ml-ontology/regression,regression,0.36671531200408936,3
10.12454/j.jsuese.202400072,http://h-da.de/ml-ontology/video_classification,video classification,0.37190669775009155,1
10.1252/jcej.37.691,http://h-da.de/ml-ontology/association_rule_learning,association rule learning,0.3804260790348053,1
10.1252/jcej.37.691,http://h-da.de/ml-ontology/classification,classification,0.36369431018829346,2
10.12785/ijcds/140107,http://h-da.de/ml-ontology/sentiment_analysis,sentiment analysis,0.5079935789108276,1
10.12785/ijcds/140107,http://h-da.de/ml-ontology/text_classification,text classification,0.36607569456100464,2
10.12785/ijcds/140107,http://h-da.de/ml-ontology/recommendation,recommendation,0.3582204580307007,3
10.12785/ijcds/157103840,http://h-da.de/ml-ontology/video_classification,video classification,0.38407206535339355,1
10.12785/ijcds/1601103,http://h-da.de/ml-ontology/image_regression,image regression,0.36660802364349365,1
10.1287/ijoc.1050.0171,http://h-da.de/ml-ontology/feature_extraction,feature extraction,0.3565235733985901,1
10.1287/ijoc.2021.1147,http://h-da.de/ml-ontology/time_series_forecasting,time series forecasting,0.4603164792060852,1
10.1287/ijoc.2021.1147,http://h-da.de/ml-ontology/recommendation,recommendation,0.4064502716064453,2
10.1287/mksc.2015.0946,http://h-da.de/ml-ontology/recommendation,recommendation,0.49154964089393616,1
10.1287/mksc.2018.1123,http://h-da.de/ml-ontology/sentence_similarity,sentence similarity,0.39053523540496826,1
10.1287/mksc.2018.1123,http://h-da.de/ml-ontology/named_entity_recognition,named entity recognition,0.36166447401046753,2
10.1287/mksc.2018.1123,http://h-da.de/ml-ontology/text_regression,text regression,0.35865455865859985,3
10.1287/mksc.2018.1123,http://h-da.de/ml-ontology/text_analytics,text analytics,0.35778898000717163,4
10.1287/mksc.2018.1123,http://h-da.de/ml-ontology/recommendation,recommendation,0.3560337424278259,5
10.12913/22998624/196684,http://h-da.de/ml-ontology/feature_extraction,feature extraction,0.3652995526790619,1
10.12989/anr.2023.14.3.225,http://h-da.de/ml-ontology/classification,classification,0.392991840839386,1
10.12989/sss.2018.22.2.175,http://h-da.de/ml-ontology/time_series_classification,time series classification,0.37713944911956787,1
10.1299/jamdsm.2022jamdsm0055,http://h-da.de/ml-ontology/action_recognition,action recognition,0.4177406430244446,1
10.1299/jamdsm.2022jamdsm0055,http://h-da.de/ml-ontology/feature_extraction,feature extraction,0.351539671421051,2
10.13031/aim.202400774,http://h-da.de/ml-ontology/image_classification,image classification,0.38329774141311646,1
10.13031/aim.202400774,http://h-da.de/ml-ontology/image_segmentation,image segmentation,0.3822670578956604,2
10.13052/rp-9788770226639,http://h-da.de/ml-ontology/action_recognition,action recognition,0.3562106788158417,1
10.13053/CyS-28-4-4913,http://h-da.de/ml-ontology/time_series_classification,time series classification,0.3910258412361145,1
10.13053/CyS-28-4-4913,http://h-da.de/ml-ontology/feature_extraction,feature extraction,0.37477344274520874,2
10.13053/CyS-28-4-4913,http://h-da.de/ml-ontology/classification,classification,0.3688618540763855,3
10.13053/CyS-28-4-4913,http://h-da.de/ml-ontology/audio_classification,audio classification,0.35869595408439636,4
10.13053/CyS-29-3-5805,http://h-da.de/ml-ontology/recommendation,recommendation,0.3582674264907837,1
10.13182/M&C21-33945,http://h-da.de/ml-ontology/anomaly_detection,anomaly detection,0.402593731880188,1
10.13182/M&C21-33945,http://h-da.de/ml-ontology/feature_extraction,feature extraction,0.37968915700912476,2
10.13182/NPICHMIT23-41335,http://h-da.de/ml-ontology/audio_classification,audio classification,0.44328948855400085,1
10.13182/NPICHMIT23-41335,http://h-da.de/ml-ontology/time_series_classification,time series classification,0.4215960204601288,2
10.13182/NPICHMIT23-41335,http://h-da.de/ml-ontology/feature_extraction,feature extraction,0.4050144851207733,3
10.13182/T140-48139,http://h-da.de/ml-ontology/feature_extraction,feature extraction,0.40588459372520447,1
10.13335/j.1000-3673.pst.2020.0121,http://h-da.de/ml-ontology/time_series_classification,time series classification,0.37230509519577026,1
10.13374/j.issn2095-9389.2021.05.08.002,http://h-da.de/ml-ontology/classification,classification,0.3716663420200348,1
10.13374/j.issn2095-9389.2021.05.08.002,http://h-da.de/ml-ontology/feature_extraction,feature extraction,0.36645567417144775,2
10.13386/j.issn1002-0306.2023010132,http://h-da.de/ml-ontology/text_classification,text classification,0.3511420488357544,1
10.13475/j.fzxb.20230601001,http://h-da.de/ml-ontology/classification,classification,0.3636484146118164,1
10.13475/j.fzxb.20230601001,http://h-da.de/ml-ontology/feature_extraction,feature extraction,0.3634975552558899,2
10.13652/j.issn.1003-5788.2021.04.022,http://h-da.de/ml-ontology/anomaly_detection,anomaly detection,0.3585556149482727,1
10.13700/j.bh.1001-5965.2022.0154,http://h-da.de/ml-ontology/time_series_classification,time series classification,0.3840305805206299,1
10.13700/j.bh.1001-5965.2022.0154,http://h-da.de/ml-ontology/classification,classification,0.36629199981689453,2
10.1371/journal.pone.0210441,http://h-da.de/ml-ontology/topic_modeling,topic modeling,0.39150792360305786,1
10.1371/journal.pone.0220607,http://h-da.de/ml-ontology/feature_extraction,feature extraction,0.36978721618652344,1
10.1371/journal.pone.0233810,http://h-da.de/ml-ontology/feature_extraction,feature extraction,0.36270588636398315,1
10.1371/journal.pone.0245735,http://h-da.de/ml-ontology/object_detection,object detection,0.350586473941803,1
10.1371/journal.pone.0285410,http://h-da.de/ml-ontology/time_series_forecasting,time series forecasting,0.417680561542511,1
10.1371/journal.pone.0291721,http://h-da.de/ml-ontology/link_prediction,link prediction,0.45602864027023315,1
10.1371/journal.pone.0291721,http://h-da.de/ml-ontology/graph_matching,graph matching,0.37390875816345215,2
10.1371/journal.pone.0293309,http://h-da.de/ml-ontology/topic_modeling,topic modeling,0.41787344217300415,1
10.1371/journal.pone.0299147,http://h-da.de/ml-ontology/feature_reduction,feature reduction,0.3520459234714508,1
10.1371/journal.pone.0303883,http://h-da.de/ml-ontology/image_regression,image regression,0.37253373861312866,1
10.1371/journal.pone.0303883,http://h-da.de/ml-ontology/regression,regression,0.357681542634964,2
10.1371/journal.pone.0306987,http://h-da.de/ml-ontology/classification,classification,0.3522205948829651,1
10.1371/journal.pone.0314931,http://h-da.de/ml-ontology/feature_extraction,feature extraction,0.35530027747154236,1
10.1371/journal.pone.0321660,http://h-da.de/ml-ontology/time_series_forecasting,time series forecasting,0.39908885955810547,1
10.1371/journal.pone.0321660,http://h-da.de/ml-ontology/regression,regression,0.36409252882003784,2
10.13925/j.cnki.gsxb.20240309,http://h-da.de/ml-ontology/object_detection,object detection,0.41449785232543945,1
10.14311/AP.2019.59.0170,http://h-da.de/ml-ontology/feature_extraction,feature extraction,0.3879857063293457,1
10.14313/JAMRIS/3-2020/37,http://h-da.de/ml-ontology/time_series_forecasting,time series forecasting,0.36640307307243347,1
10.14419/ijet.v7i2.28.12952,http://h-da.de/ml-ontology/classification,classification,0.35912615060806274,1
10.14419/ijet.v7i2.28.12952,http://h-da.de/ml-ontology/time_series_classification,time series classification,0.35450851917266846,2
10.14419/mhv83077,http://h-da.de/ml-ontology/sentiment_analysis,sentiment analysis,0.4730279743671417,1
10.14445/22315381/IJETT-V70I1P217,http://h-da.de/ml-ontology/sentiment_analysis,sentiment analysis,0.5549525618553162,1
10.14445/22315381/IJETT-V70I1P217,http://h-da.de/ml-ontology/text_classification,text classification,0.4776512384414673,2
10.14445/22315381/IJETT-V71I7P212,http://h-da.de/ml-ontology/image_classification,image classification,0.3759140372276306,1
10.14445/22315381/IJETT-V71I8P238,http://h-da.de/ml-ontology/audio_classification,audio classification,0.36577630043029785,1
10.14445/22315381/IJETT-V71I9P234,http://h-da.de/ml-ontology/time_series_forecasting,time series forecasting,0.4023247957229614,1
10.14445/22315381/IJETT-V73I3P134,http://h-da.de/ml-ontology/image_classification,image classification,0.402464359998703,1
10.14445/22315381/IJETT-V73I8P108,http://h-da.de/ml-ontology/time_series_forecasting,time series forecasting,0.4500429630279541,1
10.14445/22315381/IJETT-V73I8P122,http://h-da.de/ml-ontology/feature_extraction,feature extraction,0.354343980550766,1
10.14445/23488352/IJCE-V11I3P107,http://h-da.de/ml-ontology/image_regression,image regression,0.3603661358356476,1
10.14445/23488360/IJME-V12I7P104,http://h-da.de/ml-ontology/feature_extraction,feature extraction,0.37391144037246704,1
10.14445/23488379/IJEEE-V10I8P104,http://h-da.de/ml-ontology/image_classification,image classification,0.4236670732498169,1
10.14445/23488379/IJEEE-V10I8P104,http://h-da.de/ml-ontology/video_classification,video classification,0.3983624279499054,2
10.14569/IJACSA.2018.091266,http://h-da.de/ml-ontology/recommendation,recommendation,0.4379497766494751,1
10.14569/IJACSA.2021.0120615,http://h-da.de/ml-ontology/time_series_classification,time series classification,0.3743082284927368,1
10.14569/IJACSA.2022.0130137,http://h-da.de/ml-ontology/recommendation,recommendation,0.42998385429382324,1
10.14569/IJACSA.2022.01305107,http://h-da.de/ml-ontology/anomaly_detection,anomaly detection,0.5624980926513672,1
10.14569/IJACSA.2022.0131246,http://h-da.de/ml-ontology/regression,regression,0.43822139501571655,1
10.14569/IJACSA.2022.0131246,http://h-da.de/ml-ontology/audio_regression,audio regression,0.373495876789093,2
10.14569/IJACSA.2022.0131246,http://h-da.de/ml-ontology/tabular_regression,tabular regression,0.3614964783191681,3
10.14569/IJACSA.2022.0131246,http://h-da.de/ml-ontology/image_regression,image regression,0.35064399242401123,4
10.14569/IJACSA.2022.0131246,http://h-da.de/ml-ontology/video_regression,video regression,0.35019344091415405,5
10.14569/IJACSA.2023.0140367,http://h-da.de/ml-ontology/image_classification,image classification,0.46578800678253174,1
10.14569/IJACSA.2023.0140367,http://h-da.de/ml-ontology/classification,classification,0.45241498947143555,2
10.14569/IJACSA.2023.0140367,http://h-da.de/ml-ontology/tabular_classification,tabular classification,0.4161217510700226,3
10.14569/IJACSA.2023.0140367,http://h-da.de/ml-ontology/video_classification,video classification,0.3935179114341736,4
10.14569/IJACSA.2023.0140367,http://h-da.de/ml-ontology/text_classification,text classification,0.37659043073654175,5
10.14569/IJACSA.2024.0150315,http://h-da.de/ml-ontology/time_series_forecasting,time series forecasting,0.4426056742668152,1
10.14569/IJACSA.2024.0151141,http://h-da.de/ml-ontology/feature_extraction,feature extraction,0.3770238161087036,1
10.14569/IJACSA.2025.0160171,http://h-da.de/ml-ontology/time_series_forecasting,time series forecasting,0.4197821617126465,1
10.14569/IJACSA.2025.01603108,http://h-da.de/ml-ontology/feature_extraction,feature extraction,0.3526034355163574,1
10.14716/ijtech.v16i2.7277,http://h-da.de/ml-ontology/classification,classification,0.3678707778453827,1
10.14719/pst.7933,http://h-da.de/ml-ontology/image_regression,image regression,0.3666223883628845,1
10.14719/pst.8760,http://h-da.de/ml-ontology/image_classification,image classification,0.36303991079330444,1
10.14744/sigma.2025.00107,http://h-da.de/ml-ontology/feature_extraction,feature extraction,0.3778679668903351,1
10.14744/sigma.2025.00107,http://h-da.de/ml-ontology/association_rule_learning,association rule learning,0.3712249994277954,2
10.14744/sigma.2025.00107,http://h-da.de/ml-ontology/classification,classification,0.3652147054672241,3
10.14800/IOGR.1190,http://h-da.de/ml-ontology/feature_extraction,feature extraction,0.38021260499954224,1
10.14800/IOGR.1190,http://h-da.de/ml-ontology/time_series_forecasting,time series forecasting,0.3616945743560791,2
10.1504/IJBIDM.2023.129881,http://h-da.de/ml-ontology/classification,classification,0.4297538995742798,1
10.1504/IJBIDM.2023.129881,http://h-da.de/ml-ontology/feature_extraction,feature extraction,0.3679977059364319,2
10.1504/IJBIDM.2023.129881,http://h-da.de/ml-ontology/tabular_classification,tabular classification,0.35923320055007935,3
10.1504/IJCSE.2025.143461,http://h-da.de/ml-ontology/time_series_forecasting,time series forecasting,0.3564716875553131,1
10.1504/IJIE.2025.147695,http://h-da.de/ml-ontology/text_classification,text classification,0.3671916723251343,1
10.1504/IJISE.2025.145064,http://h-da.de/ml-ontology/time_series_forecasting,time series forecasting,0.3717615604400635,1
10.1504/IJMIC.2020.110352,http://h-da.de/ml-ontology/feature_extraction,feature extraction,0.392844021320343,1
10.1504/IJMLO.2016.076187,http://h-da.de/ml-ontology/feature_extraction,feature extraction,0.4010203182697296,1
10.1504/IJOGCT.2024.136028,http://h-da.de/ml-ontology/time_series_forecasting,time series forecasting,0.38042962551116943,1
10.1504/IJOGCT.2025.146520,http://h-da.de/ml-ontology/time_series_forecasting,time series forecasting,0.37084847688674927,1
10.1504/IJPLM.2016.080983,http://h-da.de/ml-ontology/text_classification,text classification,0.3739714026451111,1
10.1504/IJPLM.2016.080983,http://h-da.de/ml-ontology/named_entity_recognition,named entity recognition,0.3734210729598999,2
10.1504/IJPLM.2016.080983,http://h-da.de/ml-ontology/text_analytics,text analytics,0.37309515476226807,3
10.1504/IJPLM.2016.080983,http://h-da.de/ml-ontology/topic_modeling,topic modeling,0.3500262498855591,4
10.1504/IJRM.2024.142325,http://h-da.de/ml-ontology/time_series_forecasting,time series forecasting,0.3962101340293884,1
10.1504/IJRM.2024.142325,http://h-da.de/ml-ontology/image_regression,image regression,0.37634074687957764,2
10.1504/IJRM.2024.142325,http://h-da.de/ml-ontology/regression,regression,0.36154526472091675,3
10.1504/IJRM.2024.142325,http://h-da.de/ml-ontology/time_series_classification,time series classification,0.3505672216415405,4
10.1504/IJSTL.2023.134736,http://h-da.de/ml-ontology/anomaly_detection,anomaly detection,0.4588071405887604,1
10.1504/IJSTL.2023.134736,http://h-da.de/ml-ontology/association_rule_learning,association rule learning,0.35410159826278687,2
10.1504/ijmms.2022.127211,http://h-da.de/ml-ontology/image_classification,image classification,0.36388465762138367,1
10.1504/ijmms.2022.127211,http://h-da.de/ml-ontology/audio_classification,audio classification,0.3586169183254242,2
10.1515/9781547401567,http://h-da.de/ml-ontology/association_rule_learning,association rule learning,0.3738816976547241,1
10.1515/aut-2023-0016,http://h-da.de/ml-ontology/recommendation,recommendation,0.3926807940006256,1
10.1515/auto-2025-0022,http://h-da.de/ml-ontology/feature_extraction,feature extraction,0.35169437527656555,1
10.1515/cclm-2024-0124,http://h-da.de/ml-ontology/feature_extraction,feature extraction,0.38722172379493713,1
10.1515/cclm-2024-0124,http://h-da.de/ml-ontology/anomaly_detection,anomaly detection,0.37749820947647095,2
10.1515/htm-2022-1029,http://h-da.de/ml-ontology/feature_extraction,feature extraction,0.3595946431159973,1
10.1515/ipp-2023-4457,http://h-da.de/ml-ontology/time_series_forecasting,time series forecasting,0.41295620799064636,1
10.1515/ipp-2023-4457,http://h-da.de/ml-ontology/feature_extraction,feature extraction,0.4124055504798889,2
10.1515/ipp-2023-4457,http://h-da.de/ml-ontology/time_series_classification,time series classification,0.4086981415748596,3
10.1515/ipp-2023-4457,http://h-da.de/ml-ontology/regression,regression,0.372822642326355,4
10.1515/ipp-2023-4457,http://h-da.de/ml-ontology/audio_regression,audio regression,0.3560072183609009,5
10.1515/nleng-2025-0110,http://h-da.de/ml-ontology/sentiment_analysis,sentiment analysis,0.511149525642395,1
10.1515/nleng-2025-0110,http://h-da.de/ml-ontology/text_classification,text classification,0.41431400179862976,2
10.1515/nleng-2025-0110,http://h-da.de/ml-ontology/text_regression,text regression,0.37196648120880127,3
10.1520/SSMS20160008,http://h-da.de/ml-ontology/feature_extraction,feature extraction,0.36928319931030273,1
10.1520/SSMS20180019,http://h-da.de/ml-ontology/audio_regression,audio regression,0.40467363595962524,1
10.1520/SSMS20180019,http://h-da.de/ml-ontology/feature_extraction,feature extraction,0.392564982175827,2
10.1520/SSMS20180019,http://h-da.de/ml-ontology/audio_classification,audio classification,0.3568252623081207,3
10.1520/SSMS20190032,http://h-da.de/ml-ontology/image_classification,image classification,0.3596273362636566,1
10.1520/SSMS20220023,http://h-da.de/ml-ontology/feature_extraction,feature extraction,0.35207289457321167,1
10.1520/STP164420210133,http://h-da.de/ml-ontology/image_regression,image regression,0.36286014318466187,1
10.15376/biores.18.4.7889-7904,http://h-da.de/ml-ontology/clustering,clustering,0.42846766114234924,1
10.15376/biores.18.4.7889-7904,http://h-da.de/ml-ontology/tabular_clustering,tabular clustering,0.4282694458961487,2
10.15376/biores.19.3.5523-5534,http://h-da.de/ml-ontology/audio_classification,audio classification,0.4732053577899933,1
10.15376/biores.19.3.5523-5534,http://h-da.de/ml-ontology/audio_regression,audio regression,0.4073561429977417,2
10.15376/biores.19.3.5523-5534,http://h-da.de/ml-ontology/feature_extraction,feature extraction,0.3511272072792053,3
10.15376/biores.20.4.9768-9784,http://h-da.de/ml-ontology/recommendation,recommendation,0.5797997117042542,1
10.15376/biores.20.4.9768-9784,http://h-da.de/ml-ontology/classification,classification,0.37988221645355225,2
10.15376/biores.20.4.9768-9784,http://h-da.de/ml-ontology/image_classification,image classification,0.3661169409751892,3
10.1541/ieejsmas.141.284,http://h-da.de/ml-ontology/action_recognition,action recognition,0.467883825302124,1
10.15439/2023F5263,http://h-da.de/ml-ontology/anomaly_detection,anomaly detection,0.4314059615135193,1
10.15439/2023F5263,http://h-da.de/ml-ontology/time_series_forecasting,time series forecasting,0.41560614109039307,2
10.15439/2023F5263,http://h-da.de/ml-ontology/time_series_classification,time series classification,0.4002947211265564,3
10.15439/2023F5263,http://h-da.de/ml-ontology/time_series_analysis,time series analysis,0.3647783398628235,4
10.15488/12177,http://h-da.de/ml-ontology/feature_extraction,feature extraction,0.4574631452560425,1
10.15488/12177,http://h-da.de/ml-ontology/time_series_classification,time series classification,0.35344254970550537,2
10.15488/12177,http://h-da.de/ml-ontology/association_rule_learning,association rule learning,0.35168513655662537,3
10.15488/17740,http://h-da.de/ml-ontology/time_series_forecasting,time series forecasting,0.4472295641899109,1
10.15488/17740,http://h-da.de/ml-ontology/anomaly_detection,anomaly detection,0.35950756072998047,2
10.15530/urtec-2019-47,http://h-da.de/ml-ontology/time_series_forecasting,time series forecasting,0.38789570331573486,1
10.15530/urtec-2021-5441,http://h-da.de/ml-ontology/feature_extraction,feature extraction,0.36414140462875366,1
10.15530/urtec-2022-3720494,http://h-da.de/ml-ontology/feature_extraction,feature extraction,0.3520703911781311,1
10.15530/urtec-2024-4033553,http://h-da.de/ml-ontology/feature_extraction,feature extraction,0.3559536039829254,1
10.15530/urtec-2024-4044181,http://h-da.de/ml-ontology/audio_classification,audio classification,0.4555990695953369,1
10.15530/urtec-2024-4055232,http://h-da.de/ml-ontology/feature_extraction,feature extraction,0.3593475818634033,1
10.15530/urtec-2025-4214380,http://h-da.de/ml-ontology/feature_extraction,feature extraction,0.369312584400177,1
10.1557/adv.2019.7,http://h-da.de/ml-ontology/image_segmentation,image segmentation,0.4308132827281952,1
10.1557/adv.2019.7,http://h-da.de/ml-ontology/image_classification,image classification,0.3768663704395294,2
10.15832/ankutbd.739230,http://h-da.de/ml-ontology/classification,classification,0.3643663823604584,1
10.15849/IJASCA.230320.02,http://h-da.de/ml-ontology/time_series_analysis,time series analysis,0.44137221574783325,1
10.15849/IJASCA.230320.02,http://h-da.de/ml-ontology/anomaly_detection,anomaly detection,0.43418365716934204,2
10.15849/IJASCA.230320.02,http://h-da.de/ml-ontology/time_series_forecasting,time series forecasting,0.4182858467102051,3
10.15849/IJASCA.230320.02,http://h-da.de/ml-ontology/time_series_classification,time series classification,0.41096192598342896,4
10.15849/IJASCA.230320.02,http://h-da.de/ml-ontology/association_rule_learning,association rule learning,0.35318344831466675,5
10.1590/1807-1929/agriambi.v29n4e285794,http://h-da.de/ml-ontology/image_regression,image regression,0.35961365699768066,1
10.1590/1809-4430-ENG.AGRIC.V42N5E20210239/2022,http://h-da.de/ml-ontology/classification,classification,0.44718465209007263,1
10.1590/1809-4430-ENG.AGRIC.V42N5E20210239/2022,http://h-da.de/ml-ontology/tabular_classification,tabular classification,0.38670265674591064,2
10.1590/1809-4430-ENG.AGRIC.V42N5E20210239/2022,http://h-da.de/ml-ontology/image_classification,image classification,0.37812405824661255,3
10.1590/1809-4430-ENG.AGRIC.V42N5E20210239/2022,http://h-da.de/ml-ontology/text_classification,text classification,0.3652353882789612,4
10.1590/1809-4430-ENG.AGRIC.V42N5E20210239/2022,http://h-da.de/ml-ontology/video_classification,video classification,0.3514903783798218,5
10.15918/j.tbit1001-0645.2019.261,http://h-da.de/ml-ontology/audio_classification,audio classification,0.35540771484375,1
10.1615/TFEC2024.ml.050649,http://h-da.de/ml-ontology/feature_extraction,feature extraction,0.409714937210083,1
10.16451/j.cnki.issn1003-6059.202501002,http://h-da.de/ml-ontology/link_prediction,link prediction,0.41412436962127686,1
10.17010/ijf/2024/v18i3/173615,http://h-da.de/ml-ontology/classification,classification,0.3731217384338379,1
10.17233/sosyoekonomi.2020.04.09,http://h-da.de/ml-ontology/classification,classification,0.3512358069419861,1
10.17270/J.LOG.2022.637,http://h-da.de/ml-ontology/time_series_forecasting,time series forecasting,0.4392516613006592,1
10.17270/J.LOG.2023.917,http://h-da.de/ml-ontology/time_series_forecasting,time series forecasting,0.4621569812297821,1
10.17323/2587-814X.2020.1.19.31,http://h-da.de/ml-ontology/topic_modeling,topic modeling,0.4106433093547821,1
10.17323/2587-814X.2020.1.19.31,http://h-da.de/ml-ontology/clustering,clustering,0.38187599182128906,2
10.17323/2587-814X.2020.1.19.31,http://h-da.de/ml-ontology/tabular_clustering,tabular clustering,0.37550610303878784,3
10.17531/EIN.2021.3.19,http://h-da.de/ml-ontology/feature_extraction,feature extraction,0.37333154678344727,1
10.17531/EIN.2021.3.19,http://h-da.de/ml-ontology/audio_classification,audio classification,0.35957157611846924,2
10.17531/ein/189323,http://h-da.de/ml-ontology/anomaly_detection,anomaly detection,0.3698696494102478,1
10.17531/ein/201372,http://h-da.de/ml-ontology/time_series_classification,time series classification,0.36865490674972534,1
10.17531/ein/201372,http://h-da.de/ml-ontology/classification,classification,0.356299489736557,2
10.17531/ein/201372,http://h-da.de/ml-ontology/image_classification,image classification,0.3521014451980591,3
10.17559/TV-20240318001408,http://h-da.de/ml-ontology/time_series_forecasting,time series forecasting,0.36002248525619507,1
10.17580/or.2024.06.09,http://h-da.de/ml-ontology/feature_extraction,feature extraction,0.3691178560256958,1
10.17582/journal.sja/2019/35.4.1054.1062,http://h-da.de/ml-ontology/time_series_forecasting,time series forecasting,0.4185337424278259,1
10.17582/journal.sja/2019/35.4.1054.1062,http://h-da.de/ml-ontology/regression,regression,0.36627110838890076,2
10.17973/MMSJ.2021_11_2021146,http://h-da.de/ml-ontology/time_series_forecasting,time series forecasting,0.3522176742553711,1
10.18178/IJEETC.9.6.420-428,http://h-da.de/ml-ontology/image_regression,image regression,0.35171136260032654,1
10.18178/ijiet.2022.12.1.1583,http://h-da.de/ml-ontology/classification,classification,0.48219823837280273,1
10.18178/ijiet.2022.12.1.1583,http://h-da.de/ml-ontology/association_rule_learning,association rule learning,0.3905918300151825,2
10.18178/ijmlc.2019.9.1.767,http://h-da.de/ml-ontology/recommendation,recommendation,0.3834999203681946,1
10.18178/ijmlc.2019.9.1.767,http://h-da.de/ml-ontology/classification,classification,0.3818255364894867,2
10.18280/MMEP.120324,http://h-da.de/ml-ontology/time_series_forecasting,time series forecasting,0.35625576972961426,1
10.18280/ijdne.190607,http://h-da.de/ml-ontology/feature_selection,feature selection,0.3897492289543152,1
10.18280/ijdne.190607,http://h-da.de/ml-ontology/feature_reduction,feature reduction,0.3793941140174866,2
10.18280/ijdne.190607,http://h-da.de/ml-ontology/feature_extraction,feature extraction,0.372319757938385,3
10.18280/ijdne.190607,http://h-da.de/ml-ontology/image_regression,image regression,0.35226762294769287,4
10.18280/isi.300222,http://h-da.de/ml-ontology/sentiment_analysis,sentiment analysis,0.4882277846336365,1
10.18280/isi.300222,http://h-da.de/ml-ontology/recommendation,recommendation,0.43861114978790283,2
10.18280/isi.300222,http://h-da.de/ml-ontology/text_classification,text classification,0.4131157398223877,3
10.18280/isi.300222,http://h-da.de/ml-ontology/text_regression,text regression,0.3933801054954529,4
10.18280/mmep.100220,http://h-da.de/ml-ontology/image_classification,image classification,0.3619769811630249,1
10.18280/ria.360603,http://h-da.de/ml-ontology/time_series_classification,time series classification,0.3635348677635193,1
10.18280/ria.360619,http://h-da.de/ml-ontology/anomaly_detection,anomaly detection,0.3984055519104004,1
10.18280/ria.360619,http://h-da.de/ml-ontology/feature_extraction,feature extraction,0.38316723704338074,2
10.18293/SEKE2020-113,http://h-da.de/ml-ontology/sentence_similarity,sentence similarity,0.35497158765792847,1
10.18293/SEKE2020-113,http://h-da.de/ml-ontology/topic_modeling,topic modeling,0.35306763648986816,2
10.18311/jmmf/2025/47464,http://h-da.de/ml-ontology/feature_extraction,feature extraction,0.36865973472595215,1
10.18420/inf2024_145,http://h-da.de/ml-ontology/anomaly_detection,anomaly detection,0.40561509132385254,1
10.18494/SAM3803,http://h-da.de/ml-ontology/image_segmentation,image segmentation,0.3628116250038147,1
10.18494/SAM5121,http://h-da.de/ml-ontology/action_recognition,action recognition,0.39607489109039307,1
10.18494/SAM5224,http://h-da.de/ml-ontology/anomaly_detection,anomaly detection,0.35976946353912354,1
10.18494/SAM5326,http://h-da.de/ml-ontology/feature_extraction,feature extraction,0.4426302909851074,1
10.18494/SAM5326,http://h-da.de/ml-ontology/action_recognition,action recognition,0.42343467473983765,2
10.18517/ijaseit.13.4.19020,http://h-da.de/ml-ontology/anomaly_detection,anomaly detection,0.43600916862487793,1
10.18517/ijaseit.13.4.19020,http://h-da.de/ml-ontology/object_detection,object detection,0.36656248569488525,2
10.18517/ijaseit.15.1.12407,http://h-da.de/ml-ontology/time_series_classification,time series classification,0.3601374626159668,1
10.18520/cs/v128/i8/776-784,http://h-da.de/ml-ontology/time_series_forecasting,time series forecasting,0.37340742349624634,1
10.18576/jsap/130414,http://h-da.de/ml-ontology/time_series_forecasting,time series forecasting,0.38084858655929565,1
10.18653/v1/2024.findings-emnlp.340,http://h-da.de/ml-ontology/sentiment_analysis,sentiment analysis,0.5194417238235474,1
10.18653/v1/2024.findings-emnlp.340,http://h-da.de/ml-ontology/text_classification,text classification,0.44587838649749756,2
10.18653/v1/2024.findings-emnlp.340,http://h-da.de/ml-ontology/text_regression,text regression,0.3955928683280945,3
10.18653/v1/2024.findings-emnlp.340,http://h-da.de/ml-ontology/named_entity_recognition,named entity recognition,0.3692507743835449,4
10.18653/v1/2024.findings-emnlp.340,http://h-da.de/ml-ontology/recommendation,recommendation,0.3593698740005493,5
10.18653/v1/2024.semeval-1.145,http://h-da.de/ml-ontology/text_classification,text classification,0.43413054943084717,1
10.18653/v1/2024.semeval-1.145,http://h-da.de/ml-ontology/text_regression,text regression,0.413688987493515,2
10.18653/v1/2024.semeval-1.145,http://h-da.de/ml-ontology/named_entity_recognition,named entity recognition,0.4104938507080078,3
10.18653/v1/2024.semeval-1.145,http://h-da.de/ml-ontology/text_analytics,text analytics,0.40865403413772583,4
10.18653/v1/2024.semeval-1.145,http://h-da.de/ml-ontology/sentence_similarity,sentence similarity,0.36962634325027466,5
10.18687/LACCEI2022.1.1.616,http://h-da.de/ml-ontology/feature_extraction,feature extraction,0.36330467462539673,1
10.18799/24131830/2021/10/3401,http://h-da.de/ml-ontology/feature_extraction,feature extraction,0.37895187735557556,1
10.18799/24131830/2021/10/3401,http://h-da.de/ml-ontology/audio_regression,audio regression,0.36027055978775024,2
10.19713/j.cnki.43-1423/u.T20241464,http://h-da.de/ml-ontology/time_series_forecasting,time series forecasting,0.36647242307662964,1
10.20508/ijsmartgrid.v6i3.250.g242,http://h-da.de/ml-ontology/time_series_forecasting,time series forecasting,0.40072113275527954,1
10.20508/ijsmartgrid.v6i3.250.g242,http://h-da.de/ml-ontology/classification,classification,0.3742552399635315,2
10.20508/ijsmartgrid.v6i3.250.g242,http://h-da.de/ml-ontology/association_rule_learning,association rule learning,0.3548773527145386,3
10.20965/ijat.2023.p0449,http://h-da.de/ml-ontology/anomaly_detection,anomaly detection,0.37570834159851074,1
10.20965/ijat.2025.p0879,http://h-da.de/ml-ontology/feature_extraction,feature extraction,0.3536719083786011,1
10.21123/bsj.2024.10099,http://h-da.de/ml-ontology/text_classification,text classification,0.4827738106250763,1
10.21123/bsj.2024.10099,http://h-da.de/ml-ontology/sentiment_analysis,sentiment analysis,0.44442740082740784,2
10.21123/bsj.2024.10099,http://h-da.de/ml-ontology/recommendation,recommendation,0.387693852186203,3
10.21123/bsj.2024.10099,http://h-da.de/ml-ontology/named_entity_recognition,named entity recognition,0.37676793336868286,4
10.21123/bsj.2024.10099,http://h-da.de/ml-ontology/classification,classification,0.37595421075820923,5
10.21163/GT_2024.191.09,http://h-da.de/ml-ontology/image_classification,image classification,0.35844725370407104,1
10.21177/1998-4502-2024-16-1-56-69,http://h-da.de/ml-ontology/feature_extraction,feature extraction,0.356270432472229,1
10.2118/1015-0087-JPT,http://h-da.de/ml-ontology/feature_extraction,feature extraction,0.3833141028881073,1
10.2118/170144-ms,http://h-da.de/ml-ontology/feature_extraction,feature extraction,0.3521985411643982,1
10.2118/173334-ms,http://h-da.de/ml-ontology/feature_extraction,feature extraction,0.3579908609390259,1
10.2118/175038-ms,http://h-da.de/ml-ontology/feature_extraction,feature extraction,0.3567098379135132,1
10.2118/190128-ms,http://h-da.de/ml-ontology/feature_extraction,feature extraction,0.3599931597709656,1
10.2118/191592-18rptc-ms,http://h-da.de/ml-ontology/feature_extraction,feature extraction,0.36166882514953613,1
10.2118/195022-ms,http://h-da.de/ml-ontology/feature_extraction,feature extraction,0.4107084274291992,1
10.2118/195022-ms,http://h-da.de/ml-ontology/association_rule_learning,association rule learning,0.3683149218559265,2
10.2118/196003-PA,http://h-da.de/ml-ontology/feature_extraction,feature extraction,0.3590077757835388,1
10.2118/197355-ms,http://h-da.de/ml-ontology/feature_extraction,feature extraction,0.3512498736381531,1
10.2118/198123-ms,http://h-da.de/ml-ontology/feature_extraction,feature extraction,0.37134912610054016,1
10.2118/200019-MS,http://h-da.de/ml-ontology/feature_extraction,feature extraction,0.3581620454788208,1
10.2118/201459-MS,http://h-da.de/ml-ontology/feature_extraction,feature extraction,0.36559751629829407,1
10.2118/201786-MS,http://h-da.de/ml-ontology/feature_extraction,feature extraction,0.35753971338272095,1
10.2118/206241-MS,http://h-da.de/ml-ontology/feature_extraction,feature extraction,0.366147518157959,1
10.2118/206276-MS,http://h-da.de/ml-ontology/feature_extraction,feature extraction,0.3802802562713623,1
10.2118/206525-PA,http://h-da.de/ml-ontology/regression,regression,0.36470097303390503,1
10.2118/208529-MS,http://h-da.de/ml-ontology/feature_extraction,feature extraction,0.39583539962768555,1
10.2118/208586-PA,http://h-da.de/ml-ontology/anomaly_detection,anomaly detection,0.3622056841850281,1
10.2118/208648-MS,http://h-da.de/ml-ontology/feature_extraction,feature extraction,0.3574991226196289,1
10.2118/208972-MS,http://h-da.de/ml-ontology/feature_extraction,feature extraction,0.3896505832672119,1
10.2118/209255-MS,http://h-da.de/ml-ontology/time_series_analysis,time series analysis,0.3849613666534424,1
10.2118/209958-MS,http://h-da.de/ml-ontology/feature_extraction,feature extraction,0.35076963901519775,1
10.2118/210235-MS,http://h-da.de/ml-ontology/feature_extraction,feature extraction,0.3573387861251831,1
10.2118/210712-MS,http://h-da.de/ml-ontology/feature_extraction,feature extraction,0.3717327117919922,1
10.2118/211108-MS,http://h-da.de/ml-ontology/feature_extraction,feature extraction,0.39799898862838745,1
10.2118/211956-MS,http://h-da.de/ml-ontology/time_series_forecasting,time series forecasting,0.4098110795021057,1
10.2118/211956-MS,http://h-da.de/ml-ontology/regression,regression,0.3912031054496765,2
10.2118/211956-MS,http://h-da.de/ml-ontology/audio_regression,audio regression,0.375987708568573,3
10.2118/211956-MS,http://h-da.de/ml-ontology/image_regression,image regression,0.3504175841808319,4
10.2118/212018-MS,http://h-da.de/ml-ontology/time_series_forecasting,time series forecasting,0.41536450386047363,1
10.2118/212290-PA,http://h-da.de/ml-ontology/time_series_forecasting,time series forecasting,0.3983074724674225,1
10.2118/212723-MS,http://h-da.de/ml-ontology/time_series_forecasting,time series forecasting,0.43750637769699097,1
10.2118/212967-MS,http://h-da.de/ml-ontology/time_series_forecasting,time series forecasting,0.393921434879303,1
10.2118/216430-MS,http://h-da.de/ml-ontology/feature_extraction,feature extraction,0.39429280161857605,1
10.2118/218825-MS,http://h-da.de/ml-ontology/community_detection,community detection,0.35613924264907837,1
10.2118/219232-MS,http://h-da.de/ml-ontology/feature_extraction,feature extraction,0.3714475631713867,1
10.2118/219749-PA,http://h-da.de/ml-ontology/time_series_forecasting,time series forecasting,0.35222336649894714,1
10.2118/220995-MS,http://h-da.de/ml-ontology/time_series_forecasting,time series forecasting,0.3879064917564392,1
10.2118/221532-MS,http://h-da.de/ml-ontology/feature_extraction,feature extraction,0.37503957748413086,1
10.2118/221543-MS,http://h-da.de/ml-ontology/feature_extraction,feature extraction,0.35310184955596924,1
10.2118/221665-MS,http://h-da.de/ml-ontology/time_series_forecasting,time series forecasting,0.39374521374702454,1
10.2118/222642-MS,http://h-da.de/ml-ontology/feature_extraction,feature extraction,0.3794777989387512,1
10.2118/224438-PA,http://h-da.de/ml-ontology/feature_extraction,feature extraction,0.37473034858703613,1
10.2118/225114-MS,http://h-da.de/ml-ontology/feature_extraction,feature extraction,0.3892759084701538,1
10.2118/225339-MS,http://h-da.de/ml-ontology/feature_extraction,feature extraction,0.4012141823768616,1
10.2118/226758-MS,http://h-da.de/ml-ontology/feature_extraction,feature extraction,0.4002906084060669,1
10.2118/228671-MS,http://h-da.de/ml-ontology/feature_extraction,feature extraction,0.37274783849716187,1
10.2118/228717-MS,http://h-da.de/ml-ontology/regression,regression,0.36488401889801025,1
10.2118/228717-MS,http://h-da.de/ml-ontology/feature_extraction,feature extraction,0.3643188178539276,2
10.2118/228783-MS,http://h-da.de/ml-ontology/time_series_forecasting,time series forecasting,0.35725682973861694,1
10.2118/SPE-206525-MS,http://h-da.de/ml-ontology/regression,regression,0.3638870120048523,1
10.21307/stattrans-2015-017,http://h-da.de/ml-ontology/recommendation,recommendation,0.5121123194694519,1
10.21307/stattrans-2015-017,http://h-da.de/ml-ontology/classification,classification,0.3953736424446106,2
10.21307/stattrans-2015-017,http://h-da.de/ml-ontology/association_rule_learning,association rule learning,0.37794825434684753,3
10.21307/stattrans-2015-017,http://h-da.de/ml-ontology/text_classification,text classification,0.35947179794311523,4
10.21437/interspeech.2010-465,http://h-da.de/ml-ontology/audio_regression,audio regression,0.4161084294319153,1
10.21512/commit.v13i1.5177,http://h-da.de/ml-ontology/classification,classification,0.35174912214279175,1
10.21595/vp.2019.20617,http://h-da.de/ml-ontology/feature_extraction,feature extraction,0.37264910340309143,1
10.21629/JSEE.2019.05.06,http://h-da.de/ml-ontology/multiclass_classification,multiclass classification,0.4149395823478699,1
10.21629/JSEE.2019.05.06,http://h-da.de/ml-ontology/video_classification,video classification,0.3606705665588379,2
10.21629/JSEE.2019.05.06,http://h-da.de/ml-ontology/classification,classification,0.35656118392944336,3
10.21629/JSEE.2019.05.06,http://h-da.de/ml-ontology/association_rule_learning,association rule learning,0.35574793815612793,4
10.21629/JSEE.2019.05.06,http://h-da.de/ml-ontology/image_classification,image classification,0.3554226756095886,5
10.2166/aqua.2023.062,http://h-da.de/ml-ontology/classification,classification,0.3582349419593811,1
10.2174/0115734056246146231018110415,http://h-da.de/ml-ontology/image_classification,image classification,0.41603124141693115,1
10.2174/0123520965380645250505070035,http://h-da.de/ml-ontology/recommendation,recommendation,0.4733825922012329,1
10.2174/0123520965380645250505070035,http://h-da.de/ml-ontology/classification,classification,0.393139511346817,2
10.2174/0123520965380645250505070035,http://h-da.de/ml-ontology/association_rule_learning,association rule learning,0.3642028570175171,3
10.2174/0126662558315287240910123803,http://h-da.de/ml-ontology/recommendation,recommendation,0.42021238803863525,1
10.2174/9789815136173123010010,http://h-da.de/ml-ontology/image_regression,image regression,0.3748222887516022,1
10.2174/9789815322583125010004,http://h-da.de/ml-ontology/action_recognition,action recognition,0.3956167697906494,1
10.21833/ijaas.2023.07.013,http://h-da.de/ml-ontology/time_series_forecasting,time series forecasting,0.5199755430221558,1
10.21833/ijaas.2023.07.013,http://h-da.de/ml-ontology/time_series_classification,time series classification,0.4017384946346283,2
10.21872/2023IISE_1479,http://h-da.de/ml-ontology/time_series_forecasting,time series forecasting,0.3547452688217163,1
10.21872/2023IISE_1718,http://h-da.de/ml-ontology/classification,classification,0.351489782333374,1
10.2196/28856,http://h-da.de/ml-ontology/feature_extraction,feature extraction,0.40465599298477173,1
10.2196/28856,http://h-da.de/ml-ontology/classification,classification,0.37301716208457947,2
10.22034/IJSOM.2023.109898.2722,http://h-da.de/ml-ontology/time_series_forecasting,time series forecasting,0.3734815716743469,1
10.22055/jacm.2025.48052.4943,http://h-da.de/ml-ontology/feature_extraction,feature extraction,0.35989850759506226,1
10.22055/jacm.2025.48052.4943,http://h-da.de/ml-ontology/time_series_classification,time series classification,0.35671693086624146,2
10.22068/ijiepr.35.3.2036,http://h-da.de/ml-ontology/feature_extraction,feature extraction,0.38026750087738037,1
10.22098/JOAPE.2023.13710.2049,http://h-da.de/ml-ontology/time_series_forecasting,time series forecasting,0.3763507604598999,1
10.22190/FUME210728071B,http://h-da.de/ml-ontology/feature_extraction,feature extraction,0.3582032322883606,1
10.22266/ijies2020.1031.01,http://h-da.de/ml-ontology/image_regression,image regression,0.3632054626941681,1
10.22266/ijies2022.0430.42,http://h-da.de/ml-ontology/time_series_forecasting,time series forecasting,0.43346619606018066,1
10.22266/ijies2023.0630.46,http://h-da.de/ml-ontology/time_series_forecasting,time series forecasting,0.355485200881958,1
10.22266/ijies2024.0430.10,http://h-da.de/ml-ontology/image_classification,image classification,0.35125914216041565,1
10.22266/ijies2024.1031.62,http://h-da.de/ml-ontology/sentiment_analysis,sentiment analysis,0.5491917133331299,1
10.22266/ijies2024.1031.62,http://h-da.de/ml-ontology/text_classification,text classification,0.44143766164779663,2
10.22266/ijies2024.1031.62,http://h-da.de/ml-ontology/topic_modeling,topic modeling,0.3725353479385376,3
10.22266/ijies2024.1031.62,http://h-da.de/ml-ontology/text_regression,text regression,0.35670146346092224,4
10.22266/ijies2024.1031.62,http://h-da.de/ml-ontology/named_entity_recognition,named entity recognition,0.3529796004295349,5
10.22320/s0718221x/2024.46,http://h-da.de/ml-ontology/feature_extraction,feature extraction,0.400784432888031,1
10.22399/ijcesen.233,http://h-da.de/ml-ontology/classification,classification,0.46880730986595154,1
10.22399/ijcesen.233,http://h-da.de/ml-ontology/text_classification,text classification,0.39046189188957214,2
10.22399/ijcesen.233,http://h-da.de/ml-ontology/image_classification,image classification,0.37603461742401123,3
10.22399/ijcesen.233,http://h-da.de/ml-ontology/tabular_classification,tabular classification,0.36273276805877686,4
10.22399/ijcesen.233,http://h-da.de/ml-ontology/time_series_classification,time series classification,0.3513026237487793,5
10.22489/CinC.2018.096,http://h-da.de/ml-ontology/feature_extraction,feature extraction,0.3692331612110138,1
10.2298/CICEQ0903175L,http://h-da.de/ml-ontology/feature_extraction,feature extraction,0.3708207607269287,1
10.2298/CICEQ0903175L,http://h-da.de/ml-ontology/regression,regression,0.35778966546058655,2
10.2298/TSCI230402150M,http://h-da.de/ml-ontology/time_series_forecasting,time series forecasting,0.3874253034591675,1
10.2298/TSCI230402150M,http://h-da.de/ml-ontology/image_regression,image regression,0.3624444007873535,2
10.2298/TSCI230718029Z,http://h-da.de/ml-ontology/feature_extraction,feature extraction,0.3665238618850708,1
10.2298/TSCI230726039Z,http://h-da.de/ml-ontology/feature_extraction,feature extraction,0.38730818033218384,1
10.23055/ijietap.2023.30.5.9009,http://h-da.de/ml-ontology/time_series_forecasting,time series forecasting,0.4515223205089569,1
10.23055/ijietap.2023.30.5.9009,http://h-da.de/ml-ontology/regression,regression,0.40463221073150635,2
10.23055/ijietap.2023.30.5.9009,http://h-da.de/ml-ontology/time_series_analysis,time series analysis,0.36172956228256226,3
10.23055/ijietap.2023.30.5.9009,http://h-da.de/ml-ontology/time_series_classification,time series classification,0.35476407408714294,4
10.2308/HORIZONS-19-125,http://h-da.de/ml-ontology/time_series_forecasting,time series forecasting,0.41805869340896606,1
10.2345/1943-5967-56.2.58,http://h-da.de/ml-ontology/anomaly_detection,anomaly detection,0.4421672821044922,1
10.2345/1943-5967-56.2.58,http://h-da.de/ml-ontology/feature_extraction,feature extraction,0.42124372720718384,2
10.2351/7.0001414,http://h-da.de/ml-ontology/image_regression,image regression,0.358356773853302,1
10.2352/EI.2023.35.1.VDA-404,http://h-da.de/ml-ontology/feature_extraction,feature extraction,0.4683152437210083,1
10.23762/FSO_VOL12_NO4_5,http://h-da.de/ml-ontology/time_series_forecasting,time series forecasting,0.4266623258590698,1
10.23762/FSO_VOL12_NO4_5,http://h-da.de/ml-ontology/text_regression,text regression,0.3707391321659088,2
10.23919/ACC.2018.8431901,http://h-da.de/ml-ontology/time_series_classification,time series classification,0.4387313723564148,1
10.23919/ACC.2018.8431901,http://h-da.de/ml-ontology/time_series_forecasting,time series forecasting,0.4091472029685974,2
10.23919/ACC60939.2024.10644659,http://h-da.de/ml-ontology/time_series_forecasting,time series forecasting,0.36481529474258423,1
10.23919/CISTI49556.2020.9140440,http://h-da.de/ml-ontology/action_recognition,action recognition,0.3570617437362671,1
10.23919/DATE64628.2025.10992909,http://h-da.de/ml-ontology/feature_extraction,feature extraction,0.36683714389801025,1
10.23919/EATS52162.2021.9704856,http://h-da.de/ml-ontology/time_series_forecasting,time series forecasting,0.36564627289772034,1
10.23919/ECC.2019.8796111,http://h-da.de/ml-ontology/feature_extraction,feature extraction,0.3849020004272461,1
10.23919/ECC.2019.8796111,http://h-da.de/ml-ontology/classification,classification,0.37416183948516846,2
10.23919/ECC54610.2021.9655083,http://h-da.de/ml-ontology/classification,classification,0.3873639702796936,1
10.23919/ECC54610.2021.9655083,http://h-da.de/ml-ontology/feature_extraction,feature extraction,0.35438767075538635,2
10.23919/ECC54610.2021.9655083,http://h-da.de/ml-ontology/association_rule_learning,association rule learning,0.35010507702827454,3
10.23919/FUSION45008.2020.9190216,http://h-da.de/ml-ontology/time_series_forecasting,time series forecasting,0.4158618748188019,1
10.23919/FUSION45008.2020.9190216,http://h-da.de/ml-ontology/time_series_classification,time series classification,0.37845033407211304,2
10.23919/ICAC50006.2021.9594141,http://h-da.de/ml-ontology/feature_extraction,feature extraction,0.3743683099746704,1
10.23919/ICACT63878.2025.10936772,http://h-da.de/ml-ontology/feature_extraction,feature extraction,0.35777223110198975,1
10.23919/ICCAS52745.2021.9649784,http://h-da.de/ml-ontology/graph_matching,graph matching,0.3778548836708069,1
10.23919/ICCAS52745.2021.9649784,http://h-da.de/ml-ontology/vertex_classification,vertex classification,0.3656540811061859,2
10.23919/INDIACom66777.2025.11115572,http://h-da.de/ml-ontology/anomaly_detection,anomaly detection,0.3798035979270935,1
10.23919/IST-Africa67297.2025.11060541,http://h-da.de/ml-ontology/audio_classification,audio classification,0.3538467586040497,1
10.23919/MIPRO48935.2020.9245213,http://h-da.de/ml-ontology/regression,regression,0.4114439785480499,1
10.23919/MIPRO48935.2020.9245213,http://h-da.de/ml-ontology/image_regression,image regression,0.39659398794174194,2
10.23919/MIPRO48935.2020.9245213,http://h-da.de/ml-ontology/classification,classification,0.383171021938324,3
10.23919/MIPRO48935.2020.9245213,http://h-da.de/ml-ontology/tabular_regression,tabular regression,0.3639320135116577,4
10.23919/MIPRO48935.2020.9245213,http://h-da.de/ml-ontology/text_regression,text regression,0.3552839159965515,5
10.23919/eusipco63174.2024.10715367,http://h-da.de/ml-ontology/time_series_forecasting,time series forecasting,0.39660751819610596,1
10.23919/eusipco63174.2024.10715367,http://h-da.de/ml-ontology/time_series_classification,time series classification,0.39602863788604736,2
10.23940/ijpe.25.08.p2.422428,http://h-da.de/ml-ontology/time_series_classification,time series classification,0.35460981726646423,1
10.23940/ijpe.25.08.p3.429437,http://h-da.de/ml-ontology/anomaly_detection,anomaly detection,0.3597591519355774,1
10.23967/wccm-eccomas.2020.144,http://h-da.de/ml-ontology/feature_extraction,feature extraction,0.36397674679756165,1
10.23967/wccm-eccomas.2020.144,http://h-da.de/ml-ontology/anomaly_detection,anomaly detection,0.3579941987991333,2
10.24132/JWSCG.2024.10,http://h-da.de/ml-ontology/anomaly_detection,anomaly detection,0.5539417266845703,1
10.24200/SCI.2019.50377.1667,http://h-da.de/ml-ontology/feature_extraction,feature extraction,0.35656803846359253,1
10.24200/SCI.2019.50377.1667,http://h-da.de/ml-ontology/time_series_classification,time series classification,0.3558245301246643,2
10.24200/sci.2022.58636.5825,http://h-da.de/ml-ontology/time_series_forecasting,time series forecasting,0.3686392903327942,1
10.24251/hicss.2025.081,http://h-da.de/ml-ontology/named_entity_recognition,named entity recognition,0.37607860565185547,1
10.24251/hicss.2025.081,http://h-da.de/ml-ontology/sentiment_analysis,sentiment analysis,0.3575441241264343,2
10.24412/1932-2321-2021-264-176-187,http://h-da.de/ml-ontology/anomaly_detection,anomaly detection,0.43982601165771484,1
10.24412/1932-2321-2023-476-657-669,http://h-da.de/ml-ontology/audio_classification,audio classification,0.3533526062965393,1
10.24507/icicelb.13.06.639,http://h-da.de/ml-ontology/feature_extraction,feature extraction,0.3998714089393616,1
10.24507/icicelb.13.06.639,http://h-da.de/ml-ontology/feature_reduction,feature reduction,0.3771398365497589,2
10.24507/icicelb.13.06.639,http://h-da.de/ml-ontology/feature_selection,feature selection,0.3749611973762512,3
10.24507/icicelb.13.06.639,http://h-da.de/ml-ontology/association_rule_learning,association rule learning,0.363311767578125,4
10.24507/ijicic.20.01.47,http://h-da.de/ml-ontology/sentiment_analysis,sentiment analysis,0.48285073041915894,1
10.24507/ijicic.20.01.47,http://h-da.de/ml-ontology/text_classification,text classification,0.360959529876709,2
10.24507/ijicic.20.01.47,http://h-da.de/ml-ontology/recommendation,recommendation,0.35628870129585266,3
10.2472/jsms.71.296,http://h-da.de/ml-ontology/anomaly_detection,anomaly detection,0.3796878755092621,1
10.2478/bsrj-2020-0014,http://h-da.de/ml-ontology/time_series_forecasting,time series forecasting,0.3543528914451599,1
10.2478/jee-2024-0029,http://h-da.de/ml-ontology/time_series_forecasting,time series forecasting,0.4277914762496948,1
10.2478/mspe-2025-0007,http://h-da.de/ml-ontology/recommendation,recommendation,0.42400169372558594,1
10.2478/mspe-2025-0007,http://h-da.de/ml-ontology/feature_extraction,feature extraction,0.3795780539512634,2
10.2478/mspe-2025-0007,http://h-da.de/ml-ontology/association_rule_learning,association rule learning,0.37380409240722656,3
10.2478/mspe-2025-0007,http://h-da.de/ml-ontology/classification,classification,0.36675333976745605,4
10.2478/s11532-012-0038-x,http://h-da.de/ml-ontology/image_regression,image regression,0.4093325138092041,1
10.2478/s11532-012-0038-x,http://h-da.de/ml-ontology/regression,regression,0.37977975606918335,2
10.2478/s11532-012-0038-x,http://h-da.de/ml-ontology/feature_extraction,feature extraction,0.3606833815574646,3
10.2478/s11532-012-0038-x,http://h-da.de/ml-ontology/tabular_regression,tabular regression,0.35739195346832275,4
10.24874/ti.1749.09.24.12,http://h-da.de/ml-ontology/audio_classification,audio classification,0.3707451820373535,1
10.24874/ti.1749.09.24.12,http://h-da.de/ml-ontology/feature_extraction,feature extraction,0.3545899987220764,2
10.24887/0028-2448-2021-7-23-27,http://h-da.de/ml-ontology/regression,regression,0.3776954710483551,1
10.24887/0028-2448-2021-7-23-27,http://h-da.de/ml-ontology/time_series_forecasting,time series forecasting,0.36299431324005127,2
10.2493/jjspe.90.662,http://h-da.de/ml-ontology/object_detection,object detection,0.3603864908218384,1
10.2493/jjspe.91.597,http://h-da.de/ml-ontology/anomaly_detection,anomaly detection,0.4315972924232483,1
10.2495/Intelsys130181,http://h-da.de/ml-ontology/feature_extraction,feature extraction,0.3554614782333374,1
10.25018/0236_1493_2023_51_0_157,http://h-da.de/ml-ontology/time_series_forecasting,time series forecasting,0.4114089608192444,1
10.25103/jestr.166.11,http://h-da.de/ml-ontology/time_series_forecasting,time series forecasting,0.3989260494709015,1
10.25103/jestr.171.01,http://h-da.de/ml-ontology/time_series_forecasting,time series forecasting,0.387340784072876,1
10.25103/jestr.171.01,http://h-da.de/ml-ontology/audio_regression,audio regression,0.3512592315673828,2
10.25103/jestr.171.01,http://h-da.de/ml-ontology/regression,regression,0.3500591814517975,3
10.2514/1.I010971,http://h-da.de/ml-ontology/time_series_forecasting,time series forecasting,0.42162227630615234,1
10.2514/1.I010971,http://h-da.de/ml-ontology/multiclass_classification,multiclass classification,0.3809431195259094,2
10.2514/1.I010971,http://h-da.de/ml-ontology/time_series_classification,time series classification,0.365283727645874,3
10.2514/1.I010971,http://h-da.de/ml-ontology/association_rule_learning,association rule learning,0.35963159799575806,4
10.2514/6.2022-3867,http://h-da.de/ml-ontology/time_series_forecasting,time series forecasting,0.35998326539993286,1
10.2514/6.2024-0783,http://h-da.de/ml-ontology/time_series_forecasting,time series forecasting,0.37939900159835815,1
10.2514/6.2024-0783,http://h-da.de/ml-ontology/time_series_analysis,time series analysis,0.3517482876777649,2
10.2514/6.2025-0710,http://h-da.de/ml-ontology/feature_extraction,feature extraction,0.3746919631958008,1
10.2523/IPTC-21493-MS,http://h-da.de/ml-ontology/feature_extraction,feature extraction,0.35023441910743713,1
10.2523/IPTC-24210-MS,http://h-da.de/ml-ontology/time_series_classification,time series classification,0.3854646384716034,1
10.2523/IPTC-24210-MS,http://h-da.de/ml-ontology/feature_extraction,feature extraction,0.37108129262924194,2
10.2523/IPTC-24308-MS,http://h-da.de/ml-ontology/time_series_forecasting,time series forecasting,0.3971158266067505,1
10.2523/IPTC-24492-EA,http://h-da.de/ml-ontology/feature_extraction,feature extraction,0.3785181939601898,1
10.2523/IPTC-24850-MS,http://h-da.de/ml-ontology/feature_extraction,feature extraction,0.3662424087524414,1
10.2523/IPTC-25039-MS,http://h-da.de/ml-ontology/feature_extraction,feature extraction,0.3523373305797577,1
10.2523/iptc-19864-abstract,http://h-da.de/ml-ontology/time_series_forecasting,time series forecasting,0.37955257296562195,1
10.26555/ijain.v8i3.951,http://h-da.de/ml-ontology/image_classification,image classification,0.3782115578651428,1
10.26599/BDMA.2022.9020032,http://h-da.de/ml-ontology/anomaly_detection,anomaly detection,0.355224609375,1
10.26848/rbgf.v17.3.p1434-1456,http://h-da.de/ml-ontology/regression,regression,0.37585893273353577,1
10.28991/ESJ-2023-07-04-02,http://h-da.de/ml-ontology/time_series_forecasting,time series forecasting,0.3904912769794464,1
10.28991/ESJ-2023-07-04-02,http://h-da.de/ml-ontology/image_regression,image regression,0.3613184690475464,2
10.28991/HEF-2022-03-03-01,http://h-da.de/ml-ontology/feature_extraction,feature extraction,0.3679317831993103,1
10.29207/resti.v8i5.5990,http://h-da.de/ml-ontology/time_series_forecasting,time series forecasting,0.44177770614624023,1
10.29207/resti.v8i5.5990,http://h-da.de/ml-ontology/time_series_classification,time series classification,0.4171738624572754,2
10.29207/resti.v8i5.5990,http://h-da.de/ml-ontology/classification,classification,0.37214672565460205,3
10.29284/ijasis.7.2.2021.40-48,http://h-da.de/ml-ontology/object_detection,object detection,0.38396120071411133,1
10.30521/jes.1549293,http://h-da.de/ml-ontology/time_series_forecasting,time series forecasting,0.3530009388923645,1
10.3103/S8756699020060023,http://h-da.de/ml-ontology/time_series_classification,time series classification,0.3904654383659363,1
10.31127/tuje.1682299,http://h-da.de/ml-ontology/recommendation,recommendation,0.375695139169693,1
10.3130/aijt.30.1606,http://h-da.de/ml-ontology/image_regression,image regression,0.3831177353858948,1
10.3139/O999.02052018,http://h-da.de/ml-ontology/anomaly_detection,anomaly detection,0.43696656823158264,1
10.31449/inf.v48i12.5762,http://h-da.de/ml-ontology/image_classification,image classification,0.4039025902748108,1
10.31449/inf.v48i14.5800,http://h-da.de/ml-ontology/feature_extraction,feature extraction,0.3760308027267456,1
10.31449/inf.v48i20.6255,http://h-da.de/ml-ontology/recommendation,recommendation,0.4161710739135742,1
10.31449/inf.v48i7.5726,http://h-da.de/ml-ontology/feature_extraction,feature extraction,0.3836659789085388,1
10.31449/inf.v48i7.5726,http://h-da.de/ml-ontology/time_series_classification,time series classification,0.3792814612388611,2
10.31449/inf.v48i7.5726,http://h-da.de/ml-ontology/audio_classification,audio classification,0.35272425413131714,3
10.3168/jds.2024-25889,http://h-da.de/ml-ontology/feature_extraction,feature extraction,0.3814147114753723,1
10.3168/jds.2024-25889,http://h-da.de/ml-ontology/anomaly_detection,anomaly detection,0.35914552211761475,2
10.31763/ijrcs.v4i3.1260,http://h-da.de/ml-ontology/anomaly_detection,anomaly detection,0.4447788596153259,1
10.3182/20070821-3-ca-2919.00014,http://h-da.de/ml-ontology/multiclass_classification,multiclass classification,0.35685211420059204,1
10.3182/20090603-3-RU-2001.0466,http://h-da.de/ml-ontology/association_rule_learning,association rule learning,0.45327773690223694,1
10.3182/20090603-3-RU-2001.0466,http://h-da.de/ml-ontology/time_series_classification,time series classification,0.36882126331329346,2
10.3182/20090603-3-RU-2001.0466,http://h-da.de/ml-ontology/feature_extraction,feature extraction,0.3567161560058594,3
10.31893/multirev.2026127,http://h-da.de/ml-ontology/time_series_forecasting,time series forecasting,0.42047232389450073,1
10.31893/multirev.2026127,http://h-da.de/ml-ontology/classification,classification,0.37038496136665344,2
10.31893/multirev.2026127,http://h-da.de/ml-ontology/recommendation,recommendation,0.36597687005996704,3
10.31893/multirev.2026127,http://h-da.de/ml-ontology/regression,regression,0.35235849022865295,4
10.31893/multiscience.2023ss0107,http://h-da.de/ml-ontology/feature_extraction,feature extraction,0.3871186375617981,1
10.31893/multiscience.2023ss0314,http://h-da.de/ml-ontology/audio_classification,audio classification,0.3927660584449768,1
10.31893/multiscience.2023ss0314,http://h-da.de/ml-ontology/time_series_classification,time series classification,0.35034239292144775,2
10.31893/multiscience.2024168,http://h-da.de/ml-ontology/time_series_forecasting,time series forecasting,0.380079060792923,1
10.31893/multiscience.2024168,http://h-da.de/ml-ontology/image_regression,image regression,0.35078051686286926,2
10.3233/978-1-61499-902-7-63,http://h-da.de/ml-ontology/image_classification,image classification,0.4265788495540619,1
10.3233/978-1-61499-902-7-63,http://h-da.de/ml-ontology/object_detection,object detection,0.3826148808002472,2
10.3233/978-1-61499-902-7-63,http://h-da.de/ml-ontology/video_classification,video classification,0.35626286268234253,3
10.3233/ATDE190127,http://h-da.de/ml-ontology/action_recognition,action recognition,0.41598236560821533,1
10.3233/ATDE190127,http://h-da.de/ml-ontology/feature_extraction,feature extraction,0.4139831066131592,2
10.3233/ATDE190159,http://h-da.de/ml-ontology/time_series_classification,time series classification,0.3631613850593567,1
10.3233/ATDE210065,http://h-da.de/ml-ontology/classification,classification,0.39437752962112427,1
10.3233/ATDE210065,http://h-da.de/ml-ontology/feature_extraction,feature extraction,0.3770923614501953,2
10.3233/ATDE220148,http://h-da.de/ml-ontology/classification,classification,0.38369977474212646,1
10.3233/ATDE220148,http://h-da.de/ml-ontology/association_rule_learning,association rule learning,0.37059348821640015,2
10.3233/ATDE220148,http://h-da.de/ml-ontology/time_series_classification,time series classification,0.3651738166809082,3
10.3233/ATDE220601,http://h-da.de/ml-ontology/regression,regression,0.3942604064941406,1
10.3233/ATDE220601,http://h-da.de/ml-ontology/image_regression,image regression,0.3642694354057312,2
10.3233/ATDE230636,http://h-da.de/ml-ontology/feature_extraction,feature extraction,0.35356783866882324,1
10.3233/ATDE230678,http://h-da.de/ml-ontology/object_detection,object detection,0.39324092864990234,1
10.3233/ATDE240865,http://h-da.de/ml-ontology/feature_extraction,feature extraction,0.3585781157016754,1
10.3233/ATDE250122,http://h-da.de/ml-ontology/time_series_forecasting,time series forecasting,0.44373053312301636,1
10.3233/FAIA240407,http://h-da.de/ml-ontology/time_series_forecasting,time series forecasting,0.3619515895843506,1
10.3233/FAIA240407,http://h-da.de/ml-ontology/time_series_classification,time series classification,0.3586653470993042,2
10.3233/FAIA241096,http://h-da.de/ml-ontology/classification,classification,0.4995537996292114,1
10.3233/FAIA241096,http://h-da.de/ml-ontology/time_series_classification,time series classification,0.3798532783985138,2
10.3233/FAIA241096,http://h-da.de/ml-ontology/tabular_classification,tabular classification,0.351759135723114,3
10.3233/FAIA241420,http://h-da.de/ml-ontology/text_classification,text classification,0.37626582384109497,1
10.3233/FAIA241420,http://h-da.de/ml-ontology/topic_modeling,topic modeling,0.3604588508605957,2
10.3233/FAIA241420,http://h-da.de/ml-ontology/named_entity_recognition,named entity recognition,0.3533164858818054,3
10.3233/JIFS-210595,http://h-da.de/ml-ontology/image_classification,image classification,0.3968226909637451,1
10.3233/JIFS-210595,http://h-da.de/ml-ontology/feature_extraction,feature extraction,0.3914695084095001,2
10.3233/JIFS-220636,http://h-da.de/ml-ontology/recommendation,recommendation,0.42128366231918335,1
10.3233/JIFS-222656,http://h-da.de/ml-ontology/feature_extraction,feature extraction,0.3786003589630127,1
10.3233/JIFS-222656,http://h-da.de/ml-ontology/sentiment_analysis,sentiment analysis,0.3588358461856842,2
10.32479/ijeep.17766,http://h-da.de/ml-ontology/time_series_forecasting,time series forecasting,0.37538382411003113,1
10.32604/cmc.2022.019135,http://h-da.de/ml-ontology/time_series_forecasting,time series forecasting,0.44861483573913574,1
10.32604/cmc.2022.019135,http://h-da.de/ml-ontology/time_series_classification,time series classification,0.383891761302948,2
10.32604/cmc.2022.019135,http://h-da.de/ml-ontology/regression,regression,0.3799579441547394,3
10.32604/cmc.2022.019135,http://h-da.de/ml-ontology/image_regression,image regression,0.35898900032043457,4
10.32604/cmc.2022.030895,http://h-da.de/ml-ontology/anomaly_detection,anomaly detection,0.371074914932251,1
10.32604/cmc.2023.031949,http://h-da.de/ml-ontology/image_classification,image classification,0.48740971088409424,1
10.32604/cmc.2023.031949,http://h-da.de/ml-ontology/video_classification,video classification,0.3700031042098999,2
10.32604/cmc.2023.031949,http://h-da.de/ml-ontology/image_segmentation,image segmentation,0.35704270005226135,3
10.32604/cmc.2023.033417,http://h-da.de/ml-ontology/image_classification,image classification,0.351618230342865,1
10.32604/cmc.2024.046897,http://h-da.de/ml-ontology/sentiment_analysis,sentiment analysis,0.5866886377334595,1
10.32604/cmc.2024.046897,http://h-da.de/ml-ontology/text_classification,text classification,0.45983678102493286,2
10.32604/cmc.2024.046897,http://h-da.de/ml-ontology/text_regression,text regression,0.37249070405960083,3
10.32604/cmc.2024.056542,http://h-da.de/ml-ontology/time_series_forecasting,time series forecasting,0.38374054431915283,1
10.32604/cmes.2025.065461,http://h-da.de/ml-ontology/time_series_classification,time series classification,0.3973134458065033,1
10.32604/cmes.2025.065461,http://h-da.de/ml-ontology/time_series_forecasting,time series forecasting,0.39441972970962524,2
10.32604/csse.2023.028083,http://h-da.de/ml-ontology/classification,classification,0.4167020320892334,1
10.32604/csse.2023.033596,http://h-da.de/ml-ontology/association_rule_learning,association rule learning,0.42358604073524475,1
10.32604/csse.2023.033596,http://h-da.de/ml-ontology/feature_selection,feature selection,0.3825514316558838,2
10.32604/csse.2023.033596,http://h-da.de/ml-ontology/feature_extraction,feature extraction,0.37976551055908203,3
10.32604/csse.2023.033596,http://h-da.de/ml-ontology/classification,classification,0.3645675480365753,4
10.32604/csse.2023.033596,http://h-da.de/ml-ontology/audio_classification,audio classification,0.3640035390853882,5
10.32604/iasc.2025.058976,http://h-da.de/ml-ontology/sentiment_analysis,sentiment analysis,0.4210243821144104,1
10.32604/sdhm.2021.016975,http://h-da.de/ml-ontology/time_series_classification,time series classification,0.39331650733947754,1
10.32604/sdhm.2021.016975,http://h-da.de/ml-ontology/time_series_analysis,time series analysis,0.36697837710380554,2
10.3303/CET23103108,http://h-da.de/ml-ontology/feature_extraction,feature extraction,0.364591121673584,1
10.3311/PPme.21320,http://h-da.de/ml-ontology/classification,classification,0.3629271984100342,1
10.3311/PPme.22302,http://h-da.de/ml-ontology/regression,regression,0.3904688358306885,1
10.3311/PPme.22302,http://h-da.de/ml-ontology/feature_extraction,feature extraction,0.3537867069244385,2
10.33462/jotaf.1300122,http://h-da.de/ml-ontology/regression,regression,0.3970418870449066,1
10.33462/jotaf.1300122,http://h-da.de/ml-ontology/time_series_forecasting,time series forecasting,0.3946271240711212,2
10.33462/jotaf.1300122,http://h-da.de/ml-ontology/feature_extraction,feature extraction,0.37977927923202515,3
10.3354/meps13912,http://h-da.de/ml-ontology/audio_classification,audio classification,0.3784925639629364,1
10.33599/nasampe/s.25.0260,http://h-da.de/ml-ontology/anomaly_detection,anomaly detection,0.35495150089263916,1
10.3389/fbioe.2020.00851,http://h-da.de/ml-ontology/feature_extraction,feature extraction,0.36793187260627747,1
10.3389/fbioe.2022.935481,http://h-da.de/ml-ontology/feature_extraction,feature extraction,0.38840895891189575,1
10.3389/fenrg.2023.1122638,http://h-da.de/ml-ontology/tabular_regression,tabular regression,0.3504996597766876,1
10.3389/fenrg.2023.1221006,http://h-da.de/ml-ontology/time_series_forecasting,time series forecasting,0.3621301054954529,1
10.3389/fmech.2025.1608067,http://h-da.de/ml-ontology/audio_regression,audio regression,0.38660764694213867,1
10.3389/fmech.2025.1608067,http://h-da.de/ml-ontology/feature_extraction,feature extraction,0.37150663137435913,2
10.3389/fmech.2025.1608067,http://h-da.de/ml-ontology/audio_classification,audio classification,0.3519743084907532,3
10.3389/fnbot.2020.616775,http://h-da.de/ml-ontology/object_detection,object detection,0.4114747643470764,1
10.3389/fneur.2018.00975,http://h-da.de/ml-ontology/audio_classification,audio classification,0.3756906986236572,1
10.3389/fnins.2022.858377,http://h-da.de/ml-ontology/feature_extraction,feature extraction,0.35314497351646423,1
10.3389/fphy.2024.1439180,http://h-da.de/ml-ontology/time_series_forecasting,time series forecasting,0.43663686513900757,1
10.3389/fpls.2023.1114852,http://h-da.de/ml-ontology/feature_extraction,feature extraction,0.3833200931549072,1
10.3389/fpls.2023.1114852,http://h-da.de/ml-ontology/image_regression,image regression,0.3691865801811218,2
10.3389/frobt.2020.573096,http://h-da.de/ml-ontology/action_recognition,action recognition,0.4278825521469116,1
10.3389/fsoil.2025.1661097,http://h-da.de/ml-ontology/time_series_classification,time series classification,0.36179637908935547,1
10.3389/fsufs.2025.1613616,http://h-da.de/ml-ontology/time_series_forecasting,time series forecasting,0.4045938551425934,1
10.3390/A13090219,http://h-da.de/ml-ontology/association_rule_learning,association rule learning,0.37489259243011475,1
10.3390/AEROSPACE7090132,http://h-da.de/ml-ontology/feature_reduction,feature reduction,0.3519274592399597,1
10.3390/AEROSPACE7090132,http://h-da.de/ml-ontology/feature_selection,feature selection,0.35018056631088257,2
10.3390/INFO11040202,http://h-da.de/ml-ontology/time_series_forecasting,time series forecasting,0.3522530794143677,1
10.3390/JMMP4030088,http://h-da.de/ml-ontology/time_series_classification,time series classification,0.4643758535385132,1
10.3390/JMMP4030088,http://h-da.de/ml-ontology/time_series_forecasting,time series forecasting,0.4336445927619934,2
10.3390/JMMP4030088,http://h-da.de/ml-ontology/time_series_analysis,time series analysis,0.3963845372200012,3
10.3390/JMMP4030088,http://h-da.de/ml-ontology/feature_extraction,feature extraction,0.3718690872192383,4
10.3390/JMMP4030088,http://h-da.de/ml-ontology/association_rule_learning,association rule learning,0.3685605525970459,5
10.3390/PR8030371,http://h-da.de/ml-ontology/feature_extraction,feature extraction,0.3673870265483856,1
10.3390/a13110274,http://h-da.de/ml-ontology/time_series_forecasting,time series forecasting,0.3516276478767395,1
10.3390/a14060188,http://h-da.de/ml-ontology/action_recognition,action recognition,0.36519762873649597,1
10.3390/a14100299,http://h-da.de/ml-ontology/time_series_forecasting,time series forecasting,0.40692955255508423,1
10.3390/a18080521,http://h-da.de/ml-ontology/time_series_classification,time series classification,0.3660246729850769,1
10.3390/act12040158,http://h-da.de/ml-ontology/feature_extraction,feature extraction,0.38129347562789917,1
10.3390/act14080410,http://h-da.de/ml-ontology/feature_extraction,feature extraction,0.351443886756897,1
10.3390/aerospace12070602,http://h-da.de/ml-ontology/feature_extraction,feature extraction,0.36263740062713623,1
10.3390/aerospace6110117,http://h-da.de/ml-ontology/anomaly_detection,anomaly detection,0.5000690817832947,1
10.3390/aerospace6110117,http://h-da.de/ml-ontology/time_series_forecasting,time series forecasting,0.3929389715194702,2
10.3390/aerospace6110117,http://h-da.de/ml-ontology/time_series_analysis,time series analysis,0.385076642036438,3
10.3390/aerospace6110117,http://h-da.de/ml-ontology/time_series_classification,time series classification,0.3577862083911896,4
10.3390/aerospace8040103,http://h-da.de/ml-ontology/anomaly_detection,anomaly detection,0.41953182220458984,1
10.3390/agriculture14112084,http://h-da.de/ml-ontology/time_series_classification,time series classification,0.36105918884277344,1
10.3390/agriengineering3020012,http://h-da.de/ml-ontology/regression,regression,0.38438284397125244,1
10.3390/agriengineering3020012,http://h-da.de/ml-ontology/image_regression,image regression,0.38143935799598694,2
10.3390/agriengineering3020012,http://h-da.de/ml-ontology/classification,classification,0.38001886010169983,3
10.3390/agriengineering4020030,http://h-da.de/ml-ontology/regression,regression,0.36754441261291504,1
10.3390/agriengineering5040125,http://h-da.de/ml-ontology/feature_extraction,feature extraction,0.35117679834365845,1
10.3390/agriengineering7060187,http://h-da.de/ml-ontology/feature_extraction,feature extraction,0.35993772745132446,1
10.3390/agronomy11122502,http://h-da.de/ml-ontology/time_series_analysis,time series analysis,0.4122623801231384,1
10.3390/agronomy11122502,http://h-da.de/ml-ontology/time_series_forecasting,time series forecasting,0.3936332166194916,2
10.3390/agronomy12040799,http://h-da.de/ml-ontology/regression,regression,0.353302925825119,1
10.3390/agronomy12092133,http://h-da.de/ml-ontology/time_series_forecasting,time series forecasting,0.4005087614059448,1
10.3390/agronomy12123194,http://h-da.de/ml-ontology/time_series_forecasting,time series forecasting,0.35263264179229736,1
10.3390/agronomy14061313,http://h-da.de/ml-ontology/feature_extraction,feature extraction,0.3916584551334381,1
10.3390/agronomy9040203,http://h-da.de/ml-ontology/image_regression,image regression,0.389151394367218,1
10.3390/ai3020032,http://h-da.de/ml-ontology/feature_extraction,feature extraction,0.38273143768310547,1
10.3390/ani13010165,http://h-da.de/ml-ontology/audio_regression,audio regression,0.356953501701355,1
10.3390/ani15091291,http://h-da.de/ml-ontology/feature_extraction,feature extraction,0.3540961444377899,1
10.3390/ani15121773,http://h-da.de/ml-ontology/classification,classification,0.3551497161388397,1
10.3390/ani15121773,http://h-da.de/ml-ontology/regression,regression,0.35211634635925293,2
10.3390/app10030829,http://h-da.de/ml-ontology/time_series_forecasting,time series forecasting,0.4140532612800598,1
10.3390/app10196856,http://h-da.de/ml-ontology/object_detection,object detection,0.3808981478214264,1
10.3390/app11167428,http://h-da.de/ml-ontology/time_series_classification,time series classification,0.3829357624053955,1
10.3390/app11209769,http://h-da.de/ml-ontology/image_classification,image classification,0.3930586576461792,1
10.3390/app112110105,http://h-da.de/ml-ontology/time_series_forecasting,time series forecasting,0.3921094536781311,1
10.3390/app112210897,http://h-da.de/ml-ontology/feature_extraction,feature extraction,0.3751225471496582,1
10.3390/app12010023,http://h-da.de/ml-ontology/feature_extraction,feature extraction,0.379065603017807,1
10.3390/app12020787,http://h-da.de/ml-ontology/time_series_classification,time series classification,0.3999113440513611,1
10.3390/app12020787,http://h-da.de/ml-ontology/feature_extraction,feature extraction,0.35715433955192566,2
10.3390/app12052287,http://h-da.de/ml-ontology/time_series_classification,time series classification,0.40665769577026367,1
10.3390/app12052287,http://h-da.de/ml-ontology/audio_classification,audio classification,0.3634415566921234,2
10.3390/app12052380,http://h-da.de/ml-ontology/time_series_forecasting,time series forecasting,0.4543810486793518,1
10.3390/app12094136,http://h-da.de/ml-ontology/audio_classification,audio classification,0.37054574489593506,1
10.3390/app12094136,http://h-da.de/ml-ontology/feature_extraction,feature extraction,0.3698509633541107,2
10.3390/app12094136,http://h-da.de/ml-ontology/time_series_classification,time series classification,0.3568538427352905,3
10.3390/app12094252,http://h-da.de/ml-ontology/image_regression,image regression,0.35558807849884033,1
10.3390/app12105238,http://h-da.de/ml-ontology/feature_extraction,feature extraction,0.3966218829154968,1
10.3390/app12157757,http://h-da.de/ml-ontology/regression,regression,0.41340136528015137,1
10.3390/app12157757,http://h-da.de/ml-ontology/image_regression,image regression,0.3745230436325073,2
10.3390/app12157757,http://h-da.de/ml-ontology/audio_regression,audio regression,0.37283581495285034,3
10.3390/app12157757,http://h-da.de/ml-ontology/feature_extraction,feature extraction,0.35154783725738525,4
10.3390/app12168003,http://h-da.de/ml-ontology/time_series_classification,time series classification,0.37470459938049316,1
10.3390/app12168003,http://h-da.de/ml-ontology/time_series_analysis,time series analysis,0.3534286320209503,2
10.3390/app13042660,http://h-da.de/ml-ontology/feature_extraction,feature extraction,0.4025908410549164,1
10.3390/app13042660,http://h-da.de/ml-ontology/feature_reduction,feature reduction,0.3538772463798523,2
10.3390/app13063725,http://h-da.de/ml-ontology/anomaly_detection,anomaly detection,0.3928271234035492,1
10.3390/app13063725,http://h-da.de/ml-ontology/time_series_analysis,time series analysis,0.36121195554733276,2
10.3390/app13064056,http://h-da.de/ml-ontology/named_entity_recognition,named entity recognition,0.37803974747657776,1
10.3390/app13064056,http://h-da.de/ml-ontology/sentiment_analysis,sentiment analysis,0.36096322536468506,2
10.3390/app13074136,http://h-da.de/ml-ontology/time_series_classification,time series classification,0.3567742109298706,1
10.3390/app13074136,http://h-da.de/ml-ontology/time_series_forecasting,time series forecasting,0.3536233603954315,2
10.3390/app13074558,http://h-da.de/ml-ontology/action_recognition,action recognition,0.3579692244529724,1
10.3390/app13074646,http://h-da.de/ml-ontology/feature_extraction,feature extraction,0.38315069675445557,1
10.3390/app13137415,http://h-da.de/ml-ontology/feature_selection,feature selection,0.3865652084350586,1
10.3390/app13137415,http://h-da.de/ml-ontology/feature_extraction,feature extraction,0.35434097051620483,2
10.3390/app13137775,http://h-da.de/ml-ontology/time_series_forecasting,time series forecasting,0.45001715421676636,1
10.3390/app13137775,http://h-da.de/ml-ontology/time_series_classification,time series classification,0.3657616972923279,2
10.3390/app13137829,http://h-da.de/ml-ontology/time_series_forecasting,time series forecasting,0.42371752858161926,1
10.3390/app13148087,http://h-da.de/ml-ontology/image_classification,image classification,0.3578213155269623,1
10.3390/app132111841,http://h-da.de/ml-ontology/image_regression,image regression,0.36627817153930664,1
10.3390/app132312697,http://h-da.de/ml-ontology/classification,classification,0.36912235617637634,1
10.3390/app132312778,http://h-da.de/ml-ontology/association_rule_learning,association rule learning,0.3917408585548401,1
10.3390/app14010267,http://h-da.de/ml-ontology/time_series_classification,time series classification,0.3522849678993225,1
10.3390/app14052046,http://h-da.de/ml-ontology/image_regression,image regression,0.39445576071739197,1
10.3390/app14083337,http://h-da.de/ml-ontology/feature_selection,feature selection,0.38794827461242676,1
10.3390/app14083337,http://h-da.de/ml-ontology/feature_extraction,feature extraction,0.3684543967247009,2
10.3390/app14104207,http://h-da.de/ml-ontology/action_recognition,action recognition,0.3508075475692749,1
10.3390/app14114426,http://h-da.de/ml-ontology/image_regression,image regression,0.35502493381500244,1
10.3390/app14114899,http://h-da.de/ml-ontology/feature_reduction,feature reduction,0.35035669803619385,1
10.3390/app14124978,http://h-da.de/ml-ontology/feature_extraction,feature extraction,0.3549259305000305,1
10.3390/app14135454,http://h-da.de/ml-ontology/action_recognition,action recognition,0.35129550099372864,1
10.3390/app14156679,http://h-da.de/ml-ontology/classification,classification,0.37459397315979004,1
10.3390/app14156763,http://h-da.de/ml-ontology/time_series_forecasting,time series forecasting,0.3564864993095398,1
10.3390/app14167009,http://h-da.de/ml-ontology/image_regression,image regression,0.36834976077079773,1
10.3390/app14167183,http://h-da.de/ml-ontology/audio_classification,audio classification,0.3880355954170227,1
10.3390/app14167183,http://h-da.de/ml-ontology/time_series_classification,time series classification,0.386644184589386,2
10.3390/app14209461,http://h-da.de/ml-ontology/link_prediction,link prediction,0.4426928162574768,1
10.3390/app14209472,http://h-da.de/ml-ontology/recommendation,recommendation,0.40261274576187134,1
10.3390/app15010129,http://h-da.de/ml-ontology/feature_extraction,feature extraction,0.35251325368881226,1
10.3390/app15010287,http://h-da.de/ml-ontology/time_series_forecasting,time series forecasting,0.4152592420578003,1
10.3390/app15020655,http://h-da.de/ml-ontology/anomaly_detection,anomaly detection,0.47279906272888184,1
10.3390/app15020655,http://h-da.de/ml-ontology/time_series_forecasting,time series forecasting,0.3800513446331024,2
10.3390/app15020655,http://h-da.de/ml-ontology/association_rule_learning,association rule learning,0.35151100158691406,3
10.3390/app15020770,http://h-da.de/ml-ontology/time_series_forecasting,time series forecasting,0.39290910959243774,1
10.3390/app15031018,http://h-da.de/ml-ontology/feature_extraction,feature extraction,0.3523542284965515,1
10.3390/app15052336,http://h-da.de/ml-ontology/feature_extraction,feature extraction,0.3509523570537567,1
10.3390/app15063020,http://h-da.de/ml-ontology/feature_extraction,feature extraction,0.3792215585708618,1
10.3390/app15073774,http://h-da.de/ml-ontology/feature_extraction,feature extraction,0.41509810090065,1
10.3390/app15073774,http://h-da.de/ml-ontology/time_series_classification,time series classification,0.4098496437072754,2
10.3390/app15073774,http://h-da.de/ml-ontology/audio_classification,audio classification,0.36245158314704895,3
10.3390/app15073799,http://h-da.de/ml-ontology/feature_extraction,feature extraction,0.3531724214553833,1
10.3390/app15084395,http://h-da.de/ml-ontology/sentiment_analysis,sentiment analysis,0.3981461524963379,1
10.3390/app15084395,http://h-da.de/ml-ontology/text_classification,text classification,0.3902968168258667,2
10.3390/app15084395,http://h-da.de/ml-ontology/named_entity_recognition,named entity recognition,0.3860687017440796,3
10.3390/app15084395,http://h-da.de/ml-ontology/text_regression,text regression,0.3597870469093323,4
10.3390/app15084395,http://h-da.de/ml-ontology/topic_modeling,topic modeling,0.3587462306022644,5
10.3390/app15115879,http://h-da.de/ml-ontology/feature_extraction,feature extraction,0.3930550813674927,1
10.3390/app15115879,http://h-da.de/ml-ontology/classification,classification,0.372121125459671,2
10.3390/app15115879,http://h-da.de/ml-ontology/regression,regression,0.3647800087928772,3
10.3390/app15116335,http://h-da.de/ml-ontology/audio_classification,audio classification,0.46848246455192566,1
10.3390/app15126917,http://h-da.de/ml-ontology/feature_extraction,feature extraction,0.4151740074157715,1
10.3390/app15137580,http://h-da.de/ml-ontology/audio_classification,audio classification,0.38599729537963867,1
10.3390/app15137580,http://h-da.de/ml-ontology/time_series_classification,time series classification,0.3758924901485443,2
10.3390/app15137580,http://h-da.de/ml-ontology/feature_extraction,feature extraction,0.35503697395324707,3
10.3390/app15148035,http://h-da.de/ml-ontology/feature_extraction,feature extraction,0.35778701305389404,1
10.3390/app15189947,http://h-da.de/ml-ontology/feature_extraction,feature extraction,0.35572880506515503,1
10.3390/app151910836,http://h-da.de/ml-ontology/feature_extraction,feature extraction,0.3935661315917969,1
10.3390/app9122407,http://h-da.de/ml-ontology/feature_extraction,feature extraction,0.38894322514533997,1
10.3390/app9204241,http://h-da.de/ml-ontology/feature_extraction,feature extraction,0.3581985533237457,1
10.3390/applmech4020034,http://h-da.de/ml-ontology/feature_extraction,feature extraction,0.36352232098579407,1
10.3390/asi6040065,http://h-da.de/ml-ontology/classification,classification,0.38749292492866516,1
10.3390/asi6040065,http://h-da.de/ml-ontology/feature_extraction,feature extraction,0.36064010858535767,2
10.3390/asi6050088,http://h-da.de/ml-ontology/feature_extraction,feature extraction,0.4357262849807739,1
10.3390/asi7020018,http://h-da.de/ml-ontology/anomaly_detection,anomaly detection,0.42091822624206543,1
10.3390/asi8050131,http://h-da.de/ml-ontology/feature_extraction,feature extraction,0.356688916683197,1
10.3390/atmos11121305,http://h-da.de/ml-ontology/time_series_forecasting,time series forecasting,0.359011173248291,1
10.3390/atmos13081208,http://h-da.de/ml-ontology/time_series_forecasting,time series forecasting,0.36749324202537537,1
10.3390/atmos16070760,http://h-da.de/ml-ontology/image_regression,image regression,0.35768136382102966,1
10.3390/automation5030021,http://h-da.de/ml-ontology/time_series_forecasting,time series forecasting,0.3910210430622101,1
10.3390/batteries9070346,http://h-da.de/ml-ontology/anomaly_detection,anomaly detection,0.4230605959892273,1
10.3390/bdcc2040030,http://h-da.de/ml-ontology/feature_selection,feature selection,0.41545426845550537,1
10.3390/bdcc2040030,http://h-da.de/ml-ontology/feature_reduction,feature reduction,0.364398717880249,2
10.3390/bdcc2040030,http://h-da.de/ml-ontology/association_rule_learning,association rule learning,0.3631901144981384,3
10.3390/buildings15091511,http://h-da.de/ml-ontology/feature_extraction,feature extraction,0.40324532985687256,1
10.3390/cancers15030843,http://h-da.de/ml-ontology/image_classification,image classification,0.3735952079296112,1
10.3390/cleantechnol3040050,http://h-da.de/ml-ontology/time_series_forecasting,time series forecasting,0.3800032436847687,1
10.3390/computation12020019,http://h-da.de/ml-ontology/video_classification,video classification,0.41658568382263184,1
10.3390/computation12020019,http://h-da.de/ml-ontology/anomaly_detection,anomaly detection,0.4121776819229126,2
10.3390/computation12020019,http://h-da.de/ml-ontology/action_recognition,action recognition,0.37861740589141846,3
10.3390/computation12020019,http://h-da.de/ml-ontology/video_regression,video regression,0.37404415011405945,4
10.3390/computers14020032,http://h-da.de/ml-ontology/recommendation,recommendation,0.36125701665878296,1
10.3390/computers14030093,http://h-da.de/ml-ontology/feature_extraction,feature extraction,0.35919123888015747,1
10.3390/curroncol30070452,http://h-da.de/ml-ontology/feature_extraction,feature extraction,0.3523238003253937,1
10.3390/data7120173,http://h-da.de/ml-ontology/topic_modeling,topic modeling,0.3610660433769226,1
10.3390/e23091123,http://h-da.de/ml-ontology/feature_extraction,feature extraction,0.4325258135795593,1
10.3390/e23091123,http://h-da.de/ml-ontology/classification,classification,0.40420183539390564,2
10.3390/e23091123,http://h-da.de/ml-ontology/audio_classification,audio classification,0.38901880383491516,3
10.3390/e23091123,http://h-da.de/ml-ontology/audio_regression,audio regression,0.3642774224281311,4
10.3390/e23091123,http://h-da.de/ml-ontology/association_rule_learning,association rule learning,0.35211658477783203,5
10.3390/e24060759,http://h-da.de/ml-ontology/time_series_analysis,time series analysis,0.3921234607696533,1
10.3390/e24060759,http://h-da.de/ml-ontology/anomaly_detection,anomaly detection,0.38429737091064453,2
10.3390/e24060759,http://h-da.de/ml-ontology/time_series_forecasting,time series forecasting,0.3694913387298584,3
10.3390/ecsa-10-16024,http://h-da.de/ml-ontology/image_classification,image classification,0.35351914167404175,1
10.3390/electronics10101166,http://h-da.de/ml-ontology/time_series_classification,time series classification,0.499715119600296,1
10.3390/electronics10101166,http://h-da.de/ml-ontology/time_series_analysis,time series analysis,0.4612976312637329,2
10.3390/electronics10101166,http://h-da.de/ml-ontology/time_series_forecasting,time series forecasting,0.38773733377456665,3
10.3390/electronics10101166,http://h-da.de/ml-ontology/tabular_clustering,tabular clustering,0.38468098640441895,4
10.3390/electronics10101166,http://h-da.de/ml-ontology/clustering,clustering,0.3743737041950226,5
10.3390/electronics10222787,http://h-da.de/ml-ontology/classification,classification,0.38901153206825256,1
10.3390/electronics11030477,http://h-da.de/ml-ontology/feature_extraction,feature extraction,0.3661767840385437,1
10.3390/electronics11030477,http://h-da.de/ml-ontology/feature_reduction,feature reduction,0.36348411440849304,2
10.3390/electronics11234014,http://h-da.de/ml-ontology/feature_extraction,feature extraction,0.3701801896095276,1
10.3390/electronics11234014,http://h-da.de/ml-ontology/time_series_classification,time series classification,0.35232582688331604,2
10.3390/electronics12030580,http://h-da.de/ml-ontology/feature_extraction,feature extraction,0.4261561632156372,1
10.3390/electronics12030580,http://h-da.de/ml-ontology/audio_regression,audio regression,0.3806415796279907,2
10.3390/electronics12030621,http://h-da.de/ml-ontology/object_detection,object detection,0.4488879144191742,1
10.3390/electronics13101799,http://h-da.de/ml-ontology/feature_extraction,feature extraction,0.3739437162876129,1
10.3390/electronics13122242,http://h-da.de/ml-ontology/feature_selection,feature selection,0.4315512180328369,1
10.3390/electronics13122242,http://h-da.de/ml-ontology/feature_reduction,feature reduction,0.3941623568534851,2
10.3390/electronics13122242,http://h-da.de/ml-ontology/association_rule_learning,association rule learning,0.3833494782447815,3
10.3390/electronics13122242,http://h-da.de/ml-ontology/feature_extraction,feature extraction,0.366925984621048,4
10.3390/electronics13122242,http://h-da.de/ml-ontology/anomaly_detection,anomaly detection,0.35012638568878174,5
10.3390/electronics14051010,http://h-da.de/ml-ontology/time_series_classification,time series classification,0.38088205456733704,1
10.3390/electronics14051010,http://h-da.de/ml-ontology/time_series_forecasting,time series forecasting,0.3683277666568756,2
10.3390/electronics14101976,http://h-da.de/ml-ontology/feature_extraction,feature extraction,0.4050094187259674,1
10.3390/electronics14101976,http://h-da.de/ml-ontology/image_classification,image classification,0.3880235552787781,2
10.3390/electronics14101976,http://h-da.de/ml-ontology/audio_classification,audio classification,0.352033793926239,3
10.3390/electronics14122497,http://h-da.de/ml-ontology/time_series_classification,time series classification,0.35393694043159485,1
10.3390/electronics14142913,http://h-da.de/ml-ontology/time_series_classification,time series classification,0.358437716960907,1
10.3390/electronics14204083,http://h-da.de/ml-ontology/image_regression,image regression,0.35179227590560913,1
10.3390/en11071636,http://h-da.de/ml-ontology/time_series_forecasting,time series forecasting,0.4278334379196167,1
10.3390/en11071636,http://h-da.de/ml-ontology/time_series_classification,time series classification,0.35205769538879395,2
10.3390/en12050801,http://h-da.de/ml-ontology/feature_extraction,feature extraction,0.38518357276916504,1
10.3390/en12132530,http://h-da.de/ml-ontology/feature_extraction,feature extraction,0.41684675216674805,1
10.3390/en12132530,http://h-da.de/ml-ontology/feature_reduction,feature reduction,0.40345561504364014,2
10.3390/en12132530,http://h-da.de/ml-ontology/feature_selection,feature selection,0.38011103868484497,3
10.3390/en12132530,http://h-da.de/ml-ontology/classification,classification,0.37318065762519836,4
10.3390/en12132530,http://h-da.de/ml-ontology/association_rule_learning,association rule learning,0.3703919053077698,5
10.3390/en13020391,http://h-da.de/ml-ontology/time_series_forecasting,time series forecasting,0.3700787425041199,1
10.3390/en14010184,http://h-da.de/ml-ontology/time_series_forecasting,time series forecasting,0.3832523226737976,1
10.3390/en14051225,http://h-da.de/ml-ontology/time_series_forecasting,time series forecasting,0.37949138879776,1
10.3390/en14154424,http://h-da.de/ml-ontology/image_regression,image regression,0.38052719831466675,1
10.3390/en14154424,http://h-da.de/ml-ontology/time_series_forecasting,time series forecasting,0.36393803358078003,2
10.3390/en14196297,http://h-da.de/ml-ontology/image_regression,image regression,0.3761383891105652,1
10.3390/en14196297,http://h-da.de/ml-ontology/regression,regression,0.36716777086257935,2
10.3390/en14206527,http://h-da.de/ml-ontology/feature_extraction,feature extraction,0.3708654046058655,1
10.3390/en14238116,http://h-da.de/ml-ontology/feature_extraction,feature extraction,0.38610026240348816,1
10.3390/en14238116,http://h-da.de/ml-ontology/image_regression,image regression,0.36537814140319824,2
10.3390/en15030826,http://h-da.de/ml-ontology/feature_extraction,feature extraction,0.35710668563842773,1
10.3390/en15093317,http://h-da.de/ml-ontology/feature_extraction,feature extraction,0.37901195883750916,1
10.3390/en15093317,http://h-da.de/ml-ontology/audio_classification,audio classification,0.37574538588523865,2
10.3390/en15093317,http://h-da.de/ml-ontology/time_series_classification,time series classification,0.36822983622550964,3
10.3390/en15093382,http://h-da.de/ml-ontology/time_series_forecasting,time series forecasting,0.3754403591156006,1
10.3390/en16031370,http://h-da.de/ml-ontology/time_series_forecasting,time series forecasting,0.37596920132637024,1
10.3390/en16041603,http://h-da.de/ml-ontology/image_regression,image regression,0.35920584201812744,1
10.3390/en16093653,http://h-da.de/ml-ontology/feature_extraction,feature extraction,0.36393463611602783,1
10.3390/en16093707,http://h-da.de/ml-ontology/time_series_forecasting,time series forecasting,0.3838980495929718,1
10.3390/en16114294,http://h-da.de/ml-ontology/time_series_forecasting,time series forecasting,0.3817060589790344,1
10.3390/en16134849,http://h-da.de/ml-ontology/feature_extraction,feature extraction,0.3648715615272522,1
10.3390/en16145312,http://h-da.de/ml-ontology/feature_extraction,feature extraction,0.3809165358543396,1
10.3390/en16145312,http://h-da.de/ml-ontology/audio_classification,audio classification,0.37082529067993164,2
10.3390/en16207094,http://h-da.de/ml-ontology/feature_extraction,feature extraction,0.38558411598205566,1
10.3390/en16207094,http://h-da.de/ml-ontology/time_series_classification,time series classification,0.36781030893325806,2
10.3390/en16207094,http://h-da.de/ml-ontology/time_series_forecasting,time series forecasting,0.36582016944885254,3
10.3390/en17102346,http://h-da.de/ml-ontology/time_series_forecasting,time series forecasting,0.36247509717941284,1
10.3390/en17102346,http://h-da.de/ml-ontology/image_regression,image regression,0.359524667263031,2
10.3390/en18010002,http://h-da.de/ml-ontology/time_series_forecasting,time series forecasting,0.4507420063018799,1
10.3390/en18010099,http://h-da.de/ml-ontology/feature_extraction,feature extraction,0.3944408595561981,1
10.3390/en18010099,http://h-da.de/ml-ontology/feature_selection,feature selection,0.36276015639305115,2
10.3390/en18010099,http://h-da.de/ml-ontology/association_rule_learning,association rule learning,0.3559262156486511,3
10.3390/en18051187,http://h-da.de/ml-ontology/time_series_forecasting,time series forecasting,0.41396158933639526,1
10.3390/en18051187,http://h-da.de/ml-ontology/regression,regression,0.37152209877967834,2
10.3390/en18164285,http://h-da.de/ml-ontology/time_series_forecasting,time series forecasting,0.3622865378856659,1
10.3390/en18164403,http://h-da.de/ml-ontology/time_series_forecasting,time series forecasting,0.3831784725189209,1
10.3390/en18184998,http://h-da.de/ml-ontology/time_series_forecasting,time series forecasting,0.4550938606262207,1
10.3390/eng6080172,http://h-da.de/ml-ontology/time_series_forecasting,time series forecasting,0.37831270694732666,1
10.3390/engproc2021005007,http://h-da.de/ml-ontology/time_series_classification,time series classification,0.389024555683136,1
10.3390/engproc2023059092,http://h-da.de/ml-ontology/image_classification,image classification,0.4212098717689514,1
10.3390/engproc2023059092,http://h-da.de/ml-ontology/feature_extraction,feature extraction,0.3638152480125427,2
10.3390/engproc2024065008,http://h-da.de/ml-ontology/object_detection,object detection,0.36403128504753113,1
10.3390/engproc2024067031,http://h-da.de/ml-ontology/feature_extraction,feature extraction,0.38607072830200195,1
10.3390/engproc2024067031,http://h-da.de/ml-ontology/classification,classification,0.3751605153083801,2
10.3390/engproc2025089030,http://h-da.de/ml-ontology/object_detection,object detection,0.37301281094551086,1
10.3390/engproc2025104010,http://h-da.de/ml-ontology/feature_extraction,feature extraction,0.38238269090652466,1
10.3390/f14020205,http://h-da.de/ml-ontology/feature_extraction,feature extraction,0.358816921710968,1
10.3390/fermentation8020065,http://h-da.de/ml-ontology/regression,regression,0.35120975971221924,1
10.3390/fermentation9030243,http://h-da.de/ml-ontology/image_regression,image regression,0.3634090721607208,1
10.3390/fi15060206,http://h-da.de/ml-ontology/anomaly_detection,anomaly detection,0.4420965313911438,1
10.3390/fi16020044,http://h-da.de/ml-ontology/image_regression,image regression,0.4038452208042145,1
10.3390/fi17020058,http://h-da.de/ml-ontology/action_recognition,action recognition,0.37573686242103577,1
10.3390/fishes8100505,http://h-da.de/ml-ontology/feature_extraction,feature extraction,0.3563636839389801,1
10.3390/foods12010210,http://h-da.de/ml-ontology/feature_extraction,feature extraction,0.37007570266723633,1
10.3390/foods12010210,http://h-da.de/ml-ontology/image_classification,image classification,0.3681489825248718,2
10.3390/foods13233755,http://h-da.de/ml-ontology/recommendation,recommendation,0.4236009120941162,1
10.3390/foods14030429,http://h-da.de/ml-ontology/recommendation,recommendation,0.3546273708343506,1
10.3390/forecast5010014,http://h-da.de/ml-ontology/time_series_forecasting,time series forecasting,0.4080582857131958,1
10.3390/forecast6040054,http://h-da.de/ml-ontology/tabular_regression,tabular regression,0.38252729177474976,1
10.3390/forecast6040054,http://h-da.de/ml-ontology/feature_extraction,feature extraction,0.3533497154712677,2
10.3390/forecast6040054,http://h-da.de/ml-ontology/text_regression,text regression,0.35143330693244934,3
10.3390/forecast6040054,http://h-da.de/ml-ontology/image_regression,image regression,0.3502758741378784,4
10.3390/forecast7020019,http://h-da.de/ml-ontology/time_series_forecasting,time series forecasting,0.3819386065006256,1
10.3390/horticulturae10020142,http://h-da.de/ml-ontology/feature_extraction,feature extraction,0.4004303216934204,1
10.3390/horticulturae10020142,http://h-da.de/ml-ontology/image_regression,image regression,0.3947780132293701,2
10.3390/horticulturae10020142,http://h-da.de/ml-ontology/image_classification,image classification,0.36558565497398376,3
10.3390/horticulturae9050549,http://h-da.de/ml-ontology/time_series_forecasting,time series forecasting,0.40204331278800964,1
10.3390/horticulturae9050549,http://h-da.de/ml-ontology/regression,regression,0.4013844132423401,2
10.3390/ijfs13030170,http://h-da.de/ml-ontology/image_regression,image regression,0.3612038791179657,1
10.3390/ijtpp10030014,http://h-da.de/ml-ontology/anomaly_detection,anomaly detection,0.39672696590423584,1
10.3390/info12020050,http://h-da.de/ml-ontology/time_series_forecasting,time series forecasting,0.38909247517585754,1
10.3390/info13060272,http://h-da.de/ml-ontology/image_classification,image classification,0.3709831237792969,1
10.3390/info13060272,http://h-da.de/ml-ontology/classification,classification,0.37095314264297485,2
10.3390/info13060272,http://h-da.de/ml-ontology/feature_extraction,feature extraction,0.3644741177558899,3
10.3390/info14070361,http://h-da.de/ml-ontology/text_classification,text classification,0.4143214225769043,1
10.3390/info14070361,http://h-da.de/ml-ontology/named_entity_recognition,named entity recognition,0.35067954659461975,2
10.3390/info16020079,http://h-da.de/ml-ontology/feature_extraction,feature extraction,0.3917519152164459,1
10.3390/info16020079,http://h-da.de/ml-ontology/clustering,clustering,0.35887011885643005,2
10.3390/info16020079,http://h-da.de/ml-ontology/tabular_clustering,tabular clustering,0.3549589216709137,3
10.3390/info16060494,http://h-da.de/ml-ontology/audio_regression,audio regression,0.5381191968917847,1
10.3390/info16060494,http://h-da.de/ml-ontology/audio_classification,audio classification,0.5183112621307373,2
10.3390/informatics11040087,http://h-da.de/ml-ontology/image_classification,image classification,0.3807888925075531,1
10.3390/informatics11040087,http://h-da.de/ml-ontology/object_detection,object detection,0.35891276597976685,2
10.3390/informatics8030058,http://h-da.de/ml-ontology/feature_extraction,feature extraction,0.39000117778778076,1
10.3390/informatics8040085,http://h-da.de/ml-ontology/feature_extraction,feature extraction,0.4461304843425751,1
10.3390/informatics8040085,http://h-da.de/ml-ontology/anomaly_detection,anomaly detection,0.37496045231819153,2
10.3390/inventions8010032,http://h-da.de/ml-ontology/regression,regression,0.4267905354499817,1
10.3390/inventions8010032,http://h-da.de/ml-ontology/feature_extraction,feature extraction,0.36928385496139526,2
10.3390/jcs9090461,http://h-da.de/ml-ontology/image_regression,image regression,0.35387635231018066,1
10.3390/jmmp5040135,http://h-da.de/ml-ontology/audio_classification,audio classification,0.37618035078048706,1
10.3390/jmmp6030059,http://h-da.de/ml-ontology/classification,classification,0.3659881353378296,1
10.3390/jmmp6050108,http://h-da.de/ml-ontology/feature_extraction,feature extraction,0.3918203115463257,1
10.3390/jmmp7050164,http://h-da.de/ml-ontology/time_series_classification,time series classification,0.43396687507629395,1
10.3390/jmse13081476,http://h-da.de/ml-ontology/time_series_forecasting,time series forecasting,0.3801039755344391,1
10.3390/land7010004,http://h-da.de/ml-ontology/feature_extraction,feature extraction,0.36403483152389526,1
10.3390/lubricants11090382,http://h-da.de/ml-ontology/feature_extraction,feature extraction,0.35396608710289,1
10.3390/ma13235570,http://h-da.de/ml-ontology/feature_extraction,feature extraction,0.38344693183898926,1
10.3390/ma13235570,http://h-da.de/ml-ontology/tabular_regression,tabular regression,0.3815043866634369,2
10.3390/ma13235570,http://h-da.de/ml-ontology/image_regression,image regression,0.365869402885437,3
10.3390/ma13235570,http://h-da.de/ml-ontology/audio_regression,audio regression,0.35444676876068115,4
10.3390/ma14071747,http://h-da.de/ml-ontology/audio_regression,audio regression,0.35427427291870117,1
10.3390/ma15134582,http://h-da.de/ml-ontology/classification,classification,0.3500531315803528,1
10.3390/ma16083251,http://h-da.de/ml-ontology/image_regression,image regression,0.3572751581668854,1
10.3390/ma16083251,http://h-da.de/ml-ontology/regression,regression,0.3509666323661804,2
10.3390/ma16186242,http://h-da.de/ml-ontology/image_classification,image classification,0.3859154284000397,1
10.3390/ma17071456,http://h-da.de/ml-ontology/feature_extraction,feature extraction,0.40651315450668335,1
10.3390/ma18010148,http://h-da.de/ml-ontology/feature_extraction,feature extraction,0.3943902552127838,1
10.3390/ma18040826,http://h-da.de/ml-ontology/feature_extraction,feature extraction,0.3937174677848816,1
10.3390/machines10121233,http://h-da.de/ml-ontology/feature_extraction,feature extraction,0.35531681776046753,1
10.3390/machines11040451,http://h-da.de/ml-ontology/anomaly_detection,anomaly detection,0.38530004024505615,1
10.3390/machines12010060,http://h-da.de/ml-ontology/feature_extraction,feature extraction,0.361817330121994,1
10.3390/machines12050309,http://h-da.de/ml-ontology/anomaly_detection,anomaly detection,0.36609721183776855,1
10.3390/machines12060357,http://h-da.de/ml-ontology/time_series_classification,time series classification,0.4551197290420532,1
10.3390/machines12060357,http://h-da.de/ml-ontology/time_series_forecasting,time series forecasting,0.43997007608413696,2
10.3390/machines12060380,http://h-da.de/ml-ontology/time_series_forecasting,time series forecasting,0.46394550800323486,1
10.3390/machines13040313,http://h-da.de/ml-ontology/anomaly_detection,anomaly detection,0.4129308760166168,1
10.3390/machines13050372,http://h-da.de/ml-ontology/audio_classification,audio classification,0.3629414141178131,1
10.3390/machines13060467,http://h-da.de/ml-ontology/feature_extraction,feature extraction,0.35559219121932983,1
10.3390/machines6030035,http://h-da.de/ml-ontology/feature_extraction,feature extraction,0.3550047278404236,1
10.3390/make7030096,http://h-da.de/ml-ontology/feature_extraction,feature extraction,0.35062485933303833,1
10.3390/math10081329,http://h-da.de/ml-ontology/time_series_forecasting,time series forecasting,0.44093596935272217,1
10.3390/math10132158,http://h-da.de/ml-ontology/time_series_forecasting,time series forecasting,0.46397635340690613,1
10.3390/math11041014,http://h-da.de/ml-ontology/feature_extraction,feature extraction,0.3794602155685425,1
10.3390/math11163566,http://h-da.de/ml-ontology/feature_extraction,feature extraction,0.4458036720752716,1
10.3390/math11224602,http://h-da.de/ml-ontology/classification,classification,0.3643912076950073,1
10.3390/math11224602,http://h-da.de/ml-ontology/feature_extraction,feature extraction,0.3637223243713379,2
10.3390/math11224602,http://h-da.de/ml-ontology/anomaly_detection,anomaly detection,0.35700899362564087,3
10.3390/math11224602,http://h-da.de/ml-ontology/time_series_classification,time series classification,0.3541520833969116,4
10.3390/math12203179,http://h-da.de/ml-ontology/image_regression,image regression,0.42596378922462463,1
10.3390/math12213414,http://h-da.de/ml-ontology/anomaly_detection,anomaly detection,0.40763258934020996,1
10.3390/math12213414,http://h-da.de/ml-ontology/feature_extraction,feature extraction,0.36101657152175903,2
10.3390/math13040555,http://h-da.de/ml-ontology/feature_extraction,feature extraction,0.36029237508773804,1
10.3390/math13040592,http://h-da.de/ml-ontology/feature_extraction,feature extraction,0.39164140820503235,1
10.3390/math13081264,http://h-da.de/ml-ontology/audio_classification,audio classification,0.3684156537055969,1
10.3390/math13081264,http://h-da.de/ml-ontology/feature_extraction,feature extraction,0.3660147786140442,2
10.3390/math13101613,http://h-da.de/ml-ontology/time_series_forecasting,time series forecasting,0.4400314688682556,1
10.3390/math8010102,http://h-da.de/ml-ontology/feature_extraction,feature extraction,0.3956076204776764,1
10.3390/math9192405,http://h-da.de/ml-ontology/regression,regression,0.36468690633773804,1
10.3390/met11081287,http://h-da.de/ml-ontology/image_classification,image classification,0.35942378640174866,1
10.3390/met12020172,http://h-da.de/ml-ontology/feature_extraction,feature extraction,0.3784317076206207,1
10.3390/met13081459,http://h-da.de/ml-ontology/classification,classification,0.3695383667945862,1
10.3390/met13081459,http://h-da.de/ml-ontology/audio_classification,audio classification,0.3641875386238098,2
10.3390/met15090932,http://h-da.de/ml-ontology/regression,regression,0.3643791675567627,1
10.3390/mi11121092,http://h-da.de/ml-ontology/feature_extraction,feature extraction,0.358792245388031,1
10.3390/min13111360,http://h-da.de/ml-ontology/time_series_classification,time series classification,0.3545464873313904,1
10.3390/min14010076,http://h-da.de/ml-ontology/feature_extraction,feature extraction,0.4294183552265167,1
10.3390/min14090925,http://h-da.de/ml-ontology/anomaly_detection,anomaly detection,0.45130544900894165,1
10.3390/min14090925,http://h-da.de/ml-ontology/feature_extraction,feature extraction,0.3720949590206146,2
10.3390/min15070702,http://h-da.de/ml-ontology/time_series_forecasting,time series forecasting,0.36694785952568054,1
10.3390/nitrogen6020029,http://h-da.de/ml-ontology/feature_extraction,feature extraction,0.35845357179641724,1
10.3390/pharmaceutics15082153,http://h-da.de/ml-ontology/audio_classification,audio classification,0.42886799573898315,1
10.3390/pharmaceutics15082153,http://h-da.de/ml-ontology/audio_regression,audio regression,0.40410900115966797,2
10.3390/pharmaceutics15082153,http://h-da.de/ml-ontology/feature_extraction,feature extraction,0.3650766611099243,3
10.3390/pharmaceutics16081082,http://h-da.de/ml-ontology/feature_extraction,feature extraction,0.4473647475242615,1
10.3390/pharmaceutics16081082,http://h-da.de/ml-ontology/feature_reduction,feature reduction,0.3668184280395508,2
10.3390/pharmaceutics16081082,http://h-da.de/ml-ontology/feature_selection,feature selection,0.3551451563835144,3
10.3390/plants13091270,http://h-da.de/ml-ontology/feature_extraction,feature extraction,0.37048134207725525,1
10.3390/plants14010037,http://h-da.de/ml-ontology/feature_extraction,feature extraction,0.36989885568618774,1
10.3390/polym13030353,http://h-da.de/ml-ontology/feature_extraction,feature extraction,0.37173664569854736,1
10.3390/polym14173500,http://h-da.de/ml-ontology/image_regression,image regression,0.3663831949234009,1
10.3390/polym16182680,http://h-da.de/ml-ontology/feature_extraction,feature extraction,0.37290629744529724,1
10.3390/pr10051012,http://h-da.de/ml-ontology/regression,regression,0.35720306634902954,1
10.3390/pr10061158,http://h-da.de/ml-ontology/image_regression,image regression,0.37235796451568604,1
10.3390/pr10061158,http://h-da.de/ml-ontology/feature_extraction,feature extraction,0.3552042543888092,2
10.3390/pr11041115,http://h-da.de/ml-ontology/feature_extraction,feature extraction,0.4145176410675049,1
10.3390/pr11061629,http://h-da.de/ml-ontology/time_series_forecasting,time series forecasting,0.35076403617858887,1
10.3390/pr11072096,http://h-da.de/ml-ontology/feature_extraction,feature extraction,0.3549497723579407,1
10.3390/pr12020251,http://h-da.de/ml-ontology/feature_extraction,feature extraction,0.3673279881477356,1
10.3390/pr12061068,http://h-da.de/ml-ontology/feature_extraction,feature extraction,0.3543732762336731,1
10.3390/pr13041195,http://h-da.de/ml-ontology/feature_extraction,feature extraction,0.3883824348449707,1
10.3390/pr13041229,http://h-da.de/ml-ontology/feature_extraction,feature extraction,0.3692544102668762,1
10.3390/pr13061624,http://h-da.de/ml-ontology/audio_classification,audio classification,0.3821637034416199,1
10.3390/pr13061624,http://h-da.de/ml-ontology/time_series_classification,time series classification,0.3661150634288788,2
10.3390/pr13072237,http://h-da.de/ml-ontology/time_series_forecasting,time series forecasting,0.42098909616470337,1
10.3390/pr5030038,http://h-da.de/ml-ontology/feature_extraction,feature extraction,0.42746201157569885,1
10.3390/pr9071157,http://h-da.de/ml-ontology/time_series_forecasting,time series forecasting,0.47228968143463135,1
10.3390/pr9081450,http://h-da.de/ml-ontology/time_series_classification,time series classification,0.3840861916542053,1
10.3390/pr9081450,http://h-da.de/ml-ontology/audio_classification,audio classification,0.3787265419960022,2
10.3390/pr9091484,http://h-da.de/ml-ontology/feature_extraction,feature extraction,0.3848525881767273,1
10.3390/pr9122121,http://h-da.de/ml-ontology/feature_extraction,feature extraction,0.42080700397491455,1
10.3390/prosthesis3040027,http://h-da.de/ml-ontology/feature_extraction,feature extraction,0.36689603328704834,1
10.3390/rs12203420,http://h-da.de/ml-ontology/image_regression,image regression,0.37844622135162354,1
10.3390/rs12203420,http://h-da.de/ml-ontology/time_series_forecasting,time series forecasting,0.35259756445884705,2
10.3390/rs13132555,http://h-da.de/ml-ontology/feature_extraction,feature extraction,0.3590996265411377,1
10.3390/rs13214314,http://h-da.de/ml-ontology/feature_extraction,feature extraction,0.3536061644554138,1
10.3390/rs13214314,http://h-da.de/ml-ontology/image_regression,image regression,0.3504987359046936,2
10.3390/rs15010100,http://h-da.de/ml-ontology/image_regression,image regression,0.3838619589805603,1
10.3390/rs15010100,http://h-da.de/ml-ontology/regression,regression,0.3811068832874298,2
10.3390/rs15010100,http://h-da.de/ml-ontology/feature_extraction,feature extraction,0.3758189082145691,3
10.3390/rs15071899,http://h-da.de/ml-ontology/image_regression,image regression,0.36773261427879333,1
10.3390/rs15071899,http://h-da.de/ml-ontology/feature_extraction,feature extraction,0.3586652874946594,2
10.3390/rs15092374,http://h-da.de/ml-ontology/image_regression,image regression,0.37981948256492615,1
10.3390/rs16040683,http://h-da.de/ml-ontology/image_regression,image regression,0.3783799707889557,1
10.3390/rs16040683,http://h-da.de/ml-ontology/feature_extraction,feature extraction,0.3714683949947357,2
10.3390/s18103554,http://h-da.de/ml-ontology/action_recognition,action recognition,0.420255184173584,1
10.3390/s20071813,http://h-da.de/ml-ontology/feature_extraction,feature extraction,0.3609306812286377,1
10.3390/s20071813,http://h-da.de/ml-ontology/audio_regression,audio regression,0.35675328969955444,2
10.3390/s20071957,http://h-da.de/ml-ontology/feature_extraction,feature extraction,0.38373440504074097,1
10.3390/s20143919,http://h-da.de/ml-ontology/feature_extraction,feature extraction,0.4580409824848175,1
10.3390/s20143919,http://h-da.de/ml-ontology/image_classification,image classification,0.41109710931777954,2
10.3390/s20143919,http://h-da.de/ml-ontology/audio_classification,audio classification,0.3943853974342346,3
10.3390/s20143919,http://h-da.de/ml-ontology/video_classification,video classification,0.38465189933776855,4
10.3390/s20143919,http://h-da.de/ml-ontology/action_recognition,action recognition,0.36848974227905273,5
10.3390/s20195505,http://h-da.de/ml-ontology/action_recognition,action recognition,0.35716286301612854,1
10.3390/s20247087,http://h-da.de/ml-ontology/feature_extraction,feature extraction,0.3514176607131958,1
10.3390/s21030932,http://h-da.de/ml-ontology/feature_extraction,feature extraction,0.3504664897918701,1
10.3390/s21051636,http://h-da.de/ml-ontology/action_recognition,action recognition,0.44774115085601807,1
10.3390/s21093298,http://h-da.de/ml-ontology/anomaly_detection,anomaly detection,0.4174448251724243,1
10.3390/s21093298,http://h-da.de/ml-ontology/feature_extraction,feature extraction,0.35704463720321655,2
10.3390/s21113699,http://h-da.de/ml-ontology/image_classification,image classification,0.3819326162338257,1
10.3390/s21175984,http://h-da.de/ml-ontology/feature_extraction,feature extraction,0.3924998939037323,1
10.3390/s21175984,http://h-da.de/ml-ontology/audio_regression,audio regression,0.3666263222694397,2
10.3390/s21206772,http://h-da.de/ml-ontology/feature_extraction,feature extraction,0.3613916039466858,1
10.3390/s21206844,http://h-da.de/ml-ontology/video_regression,video regression,0.35522782802581787,1
10.3390/s21217309,http://h-da.de/ml-ontology/object_detection,object detection,0.3636758327484131,1
10.3390/s22010213,http://h-da.de/ml-ontology/feature_extraction,feature extraction,0.35869109630584717,1
10.3390/s22010291,http://h-da.de/ml-ontology/feature_extraction,feature extraction,0.3514516353607178,1
10.3390/s22103734,http://h-da.de/ml-ontology/feature_extraction,feature extraction,0.3774116337299347,1
10.3390/s22103734,http://h-da.de/ml-ontology/audio_regression,audio regression,0.36811086535453796,2
10.3390/s22103734,http://h-da.de/ml-ontology/regression,regression,0.35659998655319214,3
10.3390/s22103734,http://h-da.de/ml-ontology/image_regression,image regression,0.3549221158027649,4
10.3390/s22103734,http://h-da.de/ml-ontology/tabular_regression,tabular regression,0.35215556621551514,5
10.3390/s22103881,http://h-da.de/ml-ontology/feature_extraction,feature extraction,0.36947208642959595,1
10.3390/s22166165,http://h-da.de/ml-ontology/time_series_classification,time series classification,0.41809338331222534,1
10.3390/s22166165,http://h-da.de/ml-ontology/feature_extraction,feature extraction,0.37964314222335815,2
10.3390/s22166165,http://h-da.de/ml-ontology/action_recognition,action recognition,0.3679051995277405,3
10.3390/s22197239,http://h-da.de/ml-ontology/feature_extraction,feature extraction,0.3593221604824066,1
10.3390/s22239195,http://h-da.de/ml-ontology/audio_classification,audio classification,0.35866355895996094,1
10.3390/s23020785,http://h-da.de/ml-ontology/object_detection,object detection,0.41297563910484314,1
10.3390/s23031283,http://h-da.de/ml-ontology/action_recognition,action recognition,0.4641973078250885,1
10.3390/s23083833,http://h-da.de/ml-ontology/feature_extraction,feature extraction,0.3561535179615021,1
10.3390/s23083977,http://h-da.de/ml-ontology/image_classification,image classification,0.37770071625709534,1
10.3390/s23114997,http://h-da.de/ml-ontology/time_series_forecasting,time series forecasting,0.40775132179260254,1
10.3390/s23115013,http://h-da.de/ml-ontology/anomaly_detection,anomaly detection,0.43499451875686646,1
10.3390/s23115013,http://h-da.de/ml-ontology/time_series_forecasting,time series forecasting,0.36754584312438965,2
10.3390/s23115057,http://h-da.de/ml-ontology/action_recognition,action recognition,0.39317014813423157,1
10.3390/s23125599,http://h-da.de/ml-ontology/feature_extraction,feature extraction,0.37315210700035095,1
10.3390/s23156719,http://h-da.de/ml-ontology/feature_extraction,feature extraction,0.3856182098388672,1
10.3390/s23156719,http://h-da.de/ml-ontology/time_series_classification,time series classification,0.36978840827941895,2
10.3390/s23156719,http://h-da.de/ml-ontology/classification,classification,0.36770138144493103,3
10.3390/s23156899,http://h-da.de/ml-ontology/feature_extraction,feature extraction,0.3593202233314514,1
10.3390/s23167152,http://h-da.de/ml-ontology/time_series_classification,time series classification,0.37382596731185913,1
10.3390/s23177524,http://h-da.de/ml-ontology/feature_extraction,feature extraction,0.3540407419204712,1
10.3390/s23187681,http://h-da.de/ml-ontology/feature_extraction,feature extraction,0.35367047786712646,1
10.3390/s23187874,http://h-da.de/ml-ontology/action_recognition,action recognition,0.3667435050010681,1
10.3390/s23187874,http://h-da.de/ml-ontology/time_series_forecasting,time series forecasting,0.3538086414337158,2
10.3390/s23208455,http://h-da.de/ml-ontology/audio_classification,audio classification,0.3526797294616699,1
10.3390/s23218671,http://h-da.de/ml-ontology/feature_extraction,feature extraction,0.40152421593666077,1
10.3390/s23218671,http://h-da.de/ml-ontology/image_classification,image classification,0.39360660314559937,2
10.3390/s23218671,http://h-da.de/ml-ontology/classification,classification,0.3669637143611908,3
10.3390/s23218671,http://h-da.de/ml-ontology/tabular_classification,tabular classification,0.3540489673614502,4
10.3390/s23218926,http://h-da.de/ml-ontology/feature_extraction,feature extraction,0.37708789110183716,1
10.3390/s23239346,http://h-da.de/ml-ontology/regression,regression,0.38485196232795715,1
10.3390/s24082456,http://h-da.de/ml-ontology/time_series_forecasting,time series forecasting,0.3532494306564331,1
10.3390/s24092817,http://h-da.de/ml-ontology/feature_extraction,feature extraction,0.36747029423713684,1
10.3390/s24092821,http://h-da.de/ml-ontology/image_classification,image classification,0.35865890979766846,1
10.3390/s24113682,http://h-da.de/ml-ontology/classification,classification,0.3646533191204071,1
10.3390/s24154864,http://h-da.de/ml-ontology/audio_regression,audio regression,0.35248667001724243,1
10.3390/s24165189,http://h-da.de/ml-ontology/feature_extraction,feature extraction,0.35488563776016235,1
10.3390/s24175461,http://h-da.de/ml-ontology/feature_reduction,feature reduction,0.3973326086997986,1
10.3390/s24175461,http://h-da.de/ml-ontology/feature_extraction,feature extraction,0.3766735792160034,2
10.3390/s24175461,http://h-da.de/ml-ontology/classification,classification,0.36523860692977905,3
10.3390/s24175461,http://h-da.de/ml-ontology/feature_selection,feature selection,0.35291606187820435,4
10.3390/s24175461,http://h-da.de/ml-ontology/association_rule_learning,association rule learning,0.35051631927490234,5
10.3390/s24175675,http://h-da.de/ml-ontology/feature_extraction,feature extraction,0.3608487844467163,1
10.3390/s24196401,http://h-da.de/ml-ontology/regression,regression,0.40166011452674866,1
10.3390/s24196401,http://h-da.de/ml-ontology/feature_extraction,feature extraction,0.3871501088142395,2
10.3390/s24196401,http://h-da.de/ml-ontology/tabular_regression,tabular regression,0.36940085887908936,3
10.3390/s24196401,http://h-da.de/ml-ontology/audio_regression,audio regression,0.35712236166000366,4
10.3390/s24237436,http://h-da.de/ml-ontology/action_recognition,action recognition,0.39474499225616455,1
10.3390/s24248111,http://h-da.de/ml-ontology/feature_extraction,feature extraction,0.38187044858932495,1
10.3390/s25010169,http://h-da.de/ml-ontology/feature_extraction,feature extraction,0.3686762750148773,1
10.3390/s25113532,http://h-da.de/ml-ontology/anomaly_detection,anomaly detection,0.41035372018814087,1
10.3390/s25113532,http://h-da.de/ml-ontology/feature_extraction,feature extraction,0.36365851759910583,2
10.3390/s25196183,http://h-da.de/ml-ontology/image_classification,image classification,0.3554937243461609,1
10.3390/signals6010009,http://h-da.de/ml-ontology/audio_classification,audio classification,0.5203359723091125,1
10.3390/signals6010009,http://h-da.de/ml-ontology/audio_regression,audio regression,0.415473073720932,2
10.3390/stats7030050,http://h-da.de/ml-ontology/topic_modeling,topic modeling,0.44028350710868835,1
10.3390/stats7030050,http://h-da.de/ml-ontology/named_entity_recognition,named entity recognition,0.40758922696113586,2
10.3390/stats7030050,http://h-da.de/ml-ontology/text_classification,text classification,0.3876456320285797,3
10.3390/stats7030050,http://h-da.de/ml-ontology/text_analytics,text analytics,0.3599729835987091,4
10.3390/stats7030050,http://h-da.de/ml-ontology/association_rule_learning,association rule learning,0.35551947355270386,5
10.3390/su11030913,http://h-da.de/ml-ontology/sentiment_analysis,sentiment analysis,0.47947487235069275,1
10.3390/su11030913,http://h-da.de/ml-ontology/recommendation,recommendation,0.43933960795402527,2
10.3390/su11030913,http://h-da.de/ml-ontology/text_regression,text regression,0.4170631766319275,3
10.3390/su11030913,http://h-da.de/ml-ontology/text_classification,text classification,0.39996761083602905,4
10.3390/su11030913,http://h-da.de/ml-ontology/topic_modeling,topic modeling,0.3888982832431793,5
10.3390/su12114663,http://h-da.de/ml-ontology/classification,classification,0.4063568711280823,1
10.3390/su12114663,http://h-da.de/ml-ontology/feature_extraction,feature extraction,0.3603287637233734,2
10.3390/su13074013,http://h-da.de/ml-ontology/classification,classification,0.35176822543144226,1
10.3390/su13084120,http://h-da.de/ml-ontology/feature_extraction,feature extraction,0.36984387040138245,1
10.3390/su14073984,http://h-da.de/ml-ontology/time_series_forecasting,time series forecasting,0.38047683238983154,1
10.3390/su14074033,http://h-da.de/ml-ontology/time_series_forecasting,time series forecasting,0.4210250675678253,1
10.3390/su14159139,http://h-da.de/ml-ontology/image_classification,image classification,0.35822591185569763,1
10.3390/su15021060,http://h-da.de/ml-ontology/recommendation,recommendation,0.3669406771659851,1
10.3390/su15042951,http://h-da.de/ml-ontology/feature_extraction,feature extraction,0.39059925079345703,1
10.3390/su15119093,http://h-da.de/ml-ontology/sentiment_analysis,sentiment analysis,0.39845573902130127,1
10.3390/su151512015,http://h-da.de/ml-ontology/named_entity_recognition,named entity recognition,0.4002538323402405,1
10.3390/su151512015,http://h-da.de/ml-ontology/text_classification,text classification,0.36357414722442627,2
10.3390/su151813782,http://h-da.de/ml-ontology/time_series_forecasting,time series forecasting,0.36393800377845764,1
10.3390/su16104161,http://h-da.de/ml-ontology/regression,regression,0.3555324077606201,1
10.3390/su16166907,http://h-da.de/ml-ontology/time_series_forecasting,time series forecasting,0.3919139504432678,1
10.3390/su16198426,http://h-da.de/ml-ontology/time_series_forecasting,time series forecasting,0.41007375717163086,1
10.3390/su162210084,http://h-da.de/ml-ontology/image_classification,image classification,0.3843696713447571,1
10.3390/su16229610,http://h-da.de/ml-ontology/sentiment_analysis,sentiment analysis,0.4472060203552246,1
10.3390/su16229681,http://h-da.de/ml-ontology/sentiment_analysis,sentiment analysis,0.45770418643951416,1
10.3390/su16229681,http://h-da.de/ml-ontology/text_classification,text classification,0.37986546754837036,2
10.3390/su16229909,http://h-da.de/ml-ontology/feature_extraction,feature extraction,0.3522719144821167,1
10.3390/su162310400,http://h-da.de/ml-ontology/time_series_forecasting,time series forecasting,0.35648006200790405,1
10.3390/su17031049,http://h-da.de/ml-ontology/time_series_forecasting,time series forecasting,0.35004666447639465,1
10.3390/su17062629,http://h-da.de/ml-ontology/image_classification,image classification,0.41946202516555786,1
10.3390/su17062629,http://h-da.de/ml-ontology/classification,classification,0.3936867117881775,2
10.3390/su17062629,http://h-da.de/ml-ontology/tabular_classification,tabular classification,0.3659971356391907,3
10.3390/su17062629,http://h-da.de/ml-ontology/video_classification,video classification,0.35299718379974365,4
10.3390/su17104429,http://h-da.de/ml-ontology/time_series_forecasting,time series forecasting,0.36658138036727905,1
10.3390/su17104624,http://h-da.de/ml-ontology/image_regression,image regression,0.37207311391830444,1
10.3390/su17167192,http://h-da.de/ml-ontology/time_series_forecasting,time series forecasting,0.4088767170906067,1
10.3390/su17198654,http://h-da.de/ml-ontology/time_series_forecasting,time series forecasting,0.4380398392677307,1
10.3390/su17198654,http://h-da.de/ml-ontology/time_series_classification,time series classification,0.36712801456451416,2
10.3390/sym12030454,http://h-da.de/ml-ontology/feature_selection,feature selection,0.3636593818664551,1
10.3390/sym13010110,http://h-da.de/ml-ontology/time_series_classification,time series classification,0.397438108921051,1
10.3390/sym13010110,http://h-da.de/ml-ontology/feature_extraction,feature extraction,0.36900943517684937,2
10.3390/sym13081545,http://h-da.de/ml-ontology/recommendation,recommendation,0.38366323709487915,1
10.3390/sym13091579,http://h-da.de/ml-ontology/time_series_forecasting,time series forecasting,0.35849571228027344,1
10.3390/sym14081599,http://h-da.de/ml-ontology/time_series_forecasting,time series forecasting,0.36180663108825684,1
10.3390/sym15010086,http://h-da.de/ml-ontology/time_series_classification,time series classification,0.37316542863845825,1
10.3390/sym15010086,http://h-da.de/ml-ontology/feature_extraction,feature extraction,0.3564298748970032,2
10.3390/sym15010086,http://h-da.de/ml-ontology/audio_classification,audio classification,0.35589754581451416,3
10.3390/technologies11020055,http://h-da.de/ml-ontology/action_recognition,action recognition,0.5242109298706055,1
10.3390/technologies12090148,http://h-da.de/ml-ontology/time_series_forecasting,time series forecasting,0.37211358547210693,1
10.3390/technologies13020075,http://h-da.de/ml-ontology/feature_extraction,feature extraction,0.3883943557739258,1
10.3390/technologies13020075,http://h-da.de/ml-ontology/audio_regression,audio regression,0.3602559566497803,2
10.3390/vibration7040054,http://h-da.de/ml-ontology/feature_extraction,feature extraction,0.37493154406547546,1
10.3390/w14020222,http://h-da.de/ml-ontology/object_detection,object detection,0.42366519570350647,1
10.3390/w14243993,http://h-da.de/ml-ontology/regression,regression,0.3618747591972351,1
10.3390/w14243993,http://h-da.de/ml-ontology/feature_extraction,feature extraction,0.35283946990966797,2
10.3390/w17091347,http://h-da.de/ml-ontology/feature_extraction,feature extraction,0.35825198888778687,1
10.34133/jbioxresearch.0008,http://h-da.de/ml-ontology/image_regression,image regression,0.37215787172317505,1
10.34302/CRPJFST/2022.14.3.9,http://h-da.de/ml-ontology/image_regression,image regression,0.3672018051147461,1
10.35377/saucis...1579599,http://h-da.de/ml-ontology/time_series_forecasting,time series forecasting,0.3553723990917206,1
10.35377/saucis...1641393,http://h-da.de/ml-ontology/anomaly_detection,anomaly detection,0.36287227272987366,1
10.35530/IT.075.02.20234,http://h-da.de/ml-ontology/time_series_forecasting,time series forecasting,0.4134823977947235,1
10.35530/IT.075.02.20234,http://h-da.de/ml-ontology/regression,regression,0.40803617238998413,2
10.35530/IT.075.02.20234,http://h-da.de/ml-ontology/tabular_regression,tabular regression,0.3694480061531067,3
10.35530/IT.075.02.20234,http://h-da.de/ml-ontology/classification,classification,0.3637850284576416,4
10.35530/IT.075.02.20234,http://h-da.de/ml-ontology/time_series_classification,time series classification,0.3583435118198395,5
10.35633/inmateh-74-12,http://h-da.de/ml-ontology/image_regression,image regression,0.38903504610061646,1
10.35633/inmateh-74-12,http://h-da.de/ml-ontology/feature_extraction,feature extraction,0.3780294954776764,2
10.35633/inmateh-74-12,http://h-da.de/ml-ontology/regression,regression,0.37259232997894287,3
10.35633/inmateh-74-12,http://h-da.de/ml-ontology/classification,classification,0.36102136969566345,4
10.35633/inmateh-75-79,http://h-da.de/ml-ontology/feature_extraction,feature extraction,0.37852466106414795,1
10.35784/acs-2023-18,http://h-da.de/ml-ontology/feature_selection,feature selection,0.4014524221420288,1
10.35784/acs-2023-18,http://h-da.de/ml-ontology/feature_reduction,feature reduction,0.36377543210983276,2
10.35784/acs_7299,http://h-da.de/ml-ontology/time_series_classification,time series classification,0.3646008372306824,1
10.35784/acs_7299,http://h-da.de/ml-ontology/audio_classification,audio classification,0.35234320163726807,2
10.35784/acs_7299,http://h-da.de/ml-ontology/feature_extraction,feature extraction,0.35153162479400635,3
10.35940/ijeat.F8255.088619,http://h-da.de/ml-ontology/feature_reduction,feature reduction,0.40814900398254395,1
10.35940/ijeat.F8255.088619,http://h-da.de/ml-ontology/association_rule_learning,association rule learning,0.4053465723991394,2
10.35940/ijeat.F8255.088619,http://h-da.de/ml-ontology/recommendation,recommendation,0.3997196555137634,3
10.35940/ijeat.F8255.088619,http://h-da.de/ml-ontology/classification,classification,0.39720964431762695,4
10.35940/ijeat.F8255.088619,http://h-da.de/ml-ontology/feature_selection,feature selection,0.3827110528945923,5
10.35940/ijrte.B2290.078219,http://h-da.de/ml-ontology/classification,classification,0.46200698614120483,1
10.35940/ijrte.B2290.078219,http://h-da.de/ml-ontology/tabular_classification,tabular classification,0.39884936809539795,2
10.35940/ijrte.B2290.078219,http://h-da.de/ml-ontology/recommendation,recommendation,0.391867458820343,3
10.35940/ijrte.B2290.078219,http://h-da.de/ml-ontology/audio_classification,audio classification,0.391768217086792,4
10.35940/ijrte.B2290.078219,http://h-da.de/ml-ontology/time_series_classification,time series classification,0.3746918737888336,5
10.36001/IJPHM.2023.v14i2.3417,http://h-da.de/ml-ontology/feature_extraction,feature extraction,0.37951648235321045,1
10.36001/IJPHM.2023.v14i2.3417,http://h-da.de/ml-ontology/regression,regression,0.37800827622413635,2
10.36001/ijphm.2022.v13i2.3267,http://h-da.de/ml-ontology/feature_extraction,feature extraction,0.38703083992004395,1
10.36001/ijphm.2023.v14i3.3125,http://h-da.de/ml-ontology/feature_extraction,feature extraction,0.3800037205219269,1
10.36001/ijphm.2025.v16i1.4222,http://h-da.de/ml-ontology/time_series_classification,time series classification,0.39084893465042114,1
10.36001/ijphm.2025.v16i1.4222,http://h-da.de/ml-ontology/feature_extraction,feature extraction,0.3873409628868103,2
10.36001/ijphm.2025.v16i1.4222,http://h-da.de/ml-ontology/time_series_forecasting,time series forecasting,0.38106095790863037,3
10.36001/ijphm.2025.v16i1.4222,http://h-da.de/ml-ontology/time_series_analysis,time series analysis,0.3683786690235138,4
10.36001/phmconf.2019.v11i1.815,http://h-da.de/ml-ontology/anomaly_detection,anomaly detection,0.43571537733078003,1
10.36001/phmconf.2022.v14i1.3261,http://h-da.de/ml-ontology/time_series_forecasting,time series forecasting,0.3590982258319855,1
10.36001/phmconf.2024.v16i1.4124,http://h-da.de/ml-ontology/feature_extraction,feature extraction,0.3686015009880066,1
10.36001/phmconf.2024.v16i1.4124,http://h-da.de/ml-ontology/time_series_forecasting,time series forecasting,0.35809189081192017,2
10.36897/jme/171432,http://h-da.de/ml-ontology/feature_extraction,feature extraction,0.393208771944046,1
10.36897/jme/171432,http://h-da.de/ml-ontology/time_series_classification,time series classification,0.3608963191509247,2
10.36899/JAPS.2025.2.0043,http://h-da.de/ml-ontology/time_series_forecasting,time series forecasting,0.4134199619293213,1
10.36899/JAPS.2025.2.0050,http://h-da.de/ml-ontology/image_classification,image classification,0.38458502292633057,1
10.37190/e-Inf230104,http://h-da.de/ml-ontology/text_regression,text regression,0.380045622587204,1
10.37256/cm.5420244481,http://h-da.de/ml-ontology/feature_extraction,feature extraction,0.36275798082351685,1
10.37385/jaets.v6i2.6417,http://h-da.de/ml-ontology/feature_extraction,feature extraction,0.3654641807079315,1
10.37385/jaets.v6i2.6417,http://h-da.de/ml-ontology/time_series_classification,time series classification,0.3573912978172302,2
10.37394/23208.2024.21.1,http://h-da.de/ml-ontology/feature_extraction,feature extraction,0.3658849596977234,1
10.3778/j.issn.1002-8331.2404-0133,http://h-da.de/ml-ontology/feature_selection,feature selection,0.36520570516586304,1
10.3778/j.issn.1002-8331.2405-0396,http://h-da.de/ml-ontology/image_classification,image classification,0.3691589832305908,1
10.3788/CJL231289,http://h-da.de/ml-ontology/audio_classification,audio classification,0.36486202478408813,1
10.3788/CJL231289,http://h-da.de/ml-ontology/audio_regression,audio regression,0.359485924243927,2
10.37934/ard.127.1.6783,http://h-da.de/ml-ontology/image_classification,image classification,0.40862172842025757,1
10.37934/ard.127.1.6783,http://h-da.de/ml-ontology/video_classification,video classification,0.35597044229507446,2
10.37936/ecti-cit.2024181.253854,http://h-da.de/ml-ontology/object_detection,object detection,0.362457275390625,1
10.37936/ecti-cit.2024181.253854,http://h-da.de/ml-ontology/image_classification,image classification,0.355926513671875,2
10.37936/ecti-eec.2525232.255644,http://h-da.de/ml-ontology/object_detection,object detection,0.38102987408638,1
10.3808/jeil.202400142,http://h-da.de/ml-ontology/image_regression,image regression,0.3736976981163025,1
10.3808/jeil.202400142,http://h-da.de/ml-ontology/feature_extraction,feature extraction,0.357549250125885,2
10.3808/jeil.202400142,http://h-da.de/ml-ontology/regression,regression,0.3534305691719055,3
10.3837/tiis.2024.05.009,http://h-da.de/ml-ontology/anomaly_detection,anomaly detection,0.4551001787185669,1
10.3844/ajbbsp.2015.149.159,http://h-da.de/ml-ontology/regression,regression,0.3705490827560425,1
10.3844/jcssp.2012.506.514,http://h-da.de/ml-ontology/audio_classification,audio classification,0.3638971149921417,1
10.3844/jcssp.2012.506.514,http://h-da.de/ml-ontology/classification,classification,0.35887765884399414,2
10.3844/jcssp.2012.506.514,http://h-da.de/ml-ontology/tabular_classification,tabular classification,0.35349351167678833,3
10.3844/jcssp.2024.495.510,http://h-da.de/ml-ontology/time_series_classification,time series classification,0.35897213220596313,1
10.3850/978-981-14-8593-0_3831-cd,http://h-da.de/ml-ontology/time_series_forecasting,time series forecasting,0.3602858781814575,1
10.3850/978-981-14-8593-0_4266-cd,http://h-da.de/ml-ontology/feature_extraction,feature extraction,0.3662561774253845,1
10.3850/978-981-18-2016-8_105-cd,http://h-da.de/ml-ontology/time_series_forecasting,time series forecasting,0.3731890320777893,1
10.3850/978-981-18-2016-8_105-cd,http://h-da.de/ml-ontology/time_series_classification,time series classification,0.3682502210140228,2
10.3850/978-981-18-2016-8_105-cd,http://h-da.de/ml-ontology/time_series_analysis,time series analysis,0.36520642042160034,3
10.3850/978-981-18-5183-4_R16-02-524-cd,http://h-da.de/ml-ontology/feature_extraction,feature extraction,0.39392128586769104,1
10.3850/978-981-18-5183-4_R16-02-524-cd,http://h-da.de/ml-ontology/clustering,clustering,0.3647955060005188,2
10.3850/978-981-18-5183-4_R16-02-524-cd,http://h-da.de/ml-ontology/tabular_clustering,tabular clustering,0.3563621938228607,3
10.3850/978-981-18-5183-4_R22-07-121-cd,http://h-da.de/ml-ontology/time_series_forecasting,time series forecasting,0.3731173872947693,1
10.3850/978-981-18-5183-4_S29-03-225-cd,http://h-da.de/ml-ontology/feature_extraction,feature extraction,0.3796231150627136,1
10.3850/IAHR-39WC2521716X20221774,http://h-da.de/ml-ontology/image_regression,image regression,0.3831457793712616,1
10.3850/IAHR-39WC2521716X20221774,http://h-da.de/ml-ontology/time_series_forecasting,time series forecasting,0.37171170115470886,2
10.3901/JME.2019.15.048,http://h-da.de/ml-ontology/image_regression,image regression,0.39140379428863525,1
10.3901/JME.2020.08.250,http://h-da.de/ml-ontology/time_series_classification,time series classification,0.3632693886756897,1
10.3901/JME.2021.03.185,http://h-da.de/ml-ontology/feature_extraction,feature extraction,0.36191326379776,1
10.3923/jeasci.2018.552.556,http://h-da.de/ml-ontology/recommendation,recommendation,0.4376242160797119,1
10.3923/jeasci.2018.552.556,http://h-da.de/ml-ontology/association_rule_learning,association rule learning,0.4336715638637543,2
10.3923/jeasci.2018.552.556,http://h-da.de/ml-ontology/classification,classification,0.37301260232925415,3
10.3923/jeasci.2018.552.556,http://h-da.de/ml-ontology/text_classification,text classification,0.3556339144706726,4
10.3926/jiem.3928,http://h-da.de/ml-ontology/time_series_forecasting,time series forecasting,0.4348520338535309,1
10.3926/jiem.3928,http://h-da.de/ml-ontology/regression,regression,0.3641546666622162,2
10.3926/jiem.3928,http://h-da.de/ml-ontology/image_regression,image regression,0.3503683805465698,3
10.3934/AGRFOOD.2023057,http://h-da.de/ml-ontology/time_series_forecasting,time series forecasting,0.42994701862335205,1
10.3934/AGRFOOD.2023057,http://h-da.de/ml-ontology/regression,regression,0.3759593665599823,2
10.3934/AGRFOOD.2023057,http://h-da.de/ml-ontology/image_regression,image regression,0.36971724033355713,3
10.3934/AGRFOOD.2023057,http://h-da.de/ml-ontology/time_series_classification,time series classification,0.35174620151519775,4
10.3934/math.20231237,http://h-da.de/ml-ontology/time_series_forecasting,time series forecasting,0.43552595376968384,1
10.3934/math.20231237,http://h-da.de/ml-ontology/time_series_classification,time series classification,0.3616594672203064,2
10.3934/math.20231237,http://h-da.de/ml-ontology/image_regression,image regression,0.3615819215774536,3
10.3934/mbe.2020379,http://h-da.de/ml-ontology/audio_regression,audio regression,0.3750098943710327,1
10.3964/j.issn.1000-0593(2024)06-1584-07,http://h-da.de/ml-ontology/image_classification,image classification,0.3748878836631775,1
10.3969/j.issn.0258-2724.20190528,http://h-da.de/ml-ontology/feature_extraction,feature extraction,0.3735363781452179,1
10.3969/j.issn.1001-7003.2024.07.012,http://h-da.de/ml-ontology/regression,regression,0.37231093645095825,1
10.3969/j.issn.1001-7003.2024.07.012,http://h-da.de/ml-ontology/time_series_forecasting,time series forecasting,0.36947786808013916,2
10.3969/j.issn.1008-0821.2019.01.014,http://h-da.de/ml-ontology/topic_modeling,topic modeling,0.3661051392555237,1
10.3991/ijim.v16i24.35493,http://h-da.de/ml-ontology/sentiment_analysis,sentiment analysis,0.5498218536376953,1
10.3991/ijim.v16i24.35493,http://h-da.de/ml-ontology/text_classification,text classification,0.404663622379303,2
10.3991/ijim.v16i24.35493,http://h-da.de/ml-ontology/text_regression,text regression,0.3593024015426636,3
10.3991/ijim.v16i24.35493,http://h-da.de/ml-ontology/recommendation,recommendation,0.35346031188964844,4
10.3991/ijoe.v16i04.11873,http://h-da.de/ml-ontology/regression,regression,0.3612944781780243,1
10.3997/2214-4609.201803016,http://h-da.de/ml-ontology/time_series_forecasting,time series forecasting,0.4349589943885803,1
10.3997/2214-4609.201900548,http://h-da.de/ml-ontology/time_series_analysis,time series analysis,0.39062583446502686,1
10.3997/2214-4609.202239012,http://h-da.de/ml-ontology/regression,regression,0.3555300235748291,1
10.3997/2214-4609.202239012,http://h-da.de/ml-ontology/audio_regression,audio regression,0.3504306674003601,2
10.3997/2214-4609.202332067,http://h-da.de/ml-ontology/audio_regression,audio regression,0.3561018705368042,1
10.3997/2214-4609.202332067,http://h-da.de/ml-ontology/feature_extraction,feature extraction,0.3541809916496277,2
10.3997/2214-4609.202539016,http://h-da.de/ml-ontology/feature_extraction,feature extraction,0.38875681161880493,1
10.3997/2214-4609.202539041,http://h-da.de/ml-ontology/feature_extraction,feature extraction,0.3820035457611084,1
10.3997/2214-4609.202571013,http://h-da.de/ml-ontology/audio_regression,audio regression,0.3636874854564667,1
10.4018/978-1-60566-144-5.ch018,http://h-da.de/ml-ontology/time_series_forecasting,time series forecasting,0.43215319514274597,1
10.4018/978-1-60566-908-3.ch017,http://h-da.de/ml-ontology/feature_extraction,feature extraction,0.418806254863739,1
10.4018/978-1-60566-908-3.ch017,http://h-da.de/ml-ontology/association_rule_learning,association rule learning,0.4001816213130951,2
10.4018/978-1-60566-908-3.ch017,http://h-da.de/ml-ontology/classification,classification,0.3987259268760681,3
10.4018/978-1-60566-908-3.ch017,http://h-da.de/ml-ontology/tabular_classification,tabular classification,0.367659330368042,4
10.4018/978-1-60960-818-7.ch6.9,http://h-da.de/ml-ontology/time_series_forecasting,time series forecasting,0.43251681327819824,1
10.4018/979-8-3373-0290-4.ch004,http://h-da.de/ml-ontology/anomaly_detection,anomaly detection,0.45601528882980347,1
10.4018/979-8-3373-0442-7.ch022,http://h-da.de/ml-ontology/feature_extraction,feature extraction,0.3584122657775879,1
10.4018/979-8-3373-0442-7.ch022,http://h-da.de/ml-ontology/action_recognition,action recognition,0.3567132353782654,2
10.4018/979-8-3373-0442-7.ch023,http://h-da.de/ml-ontology/action_recognition,action recognition,0.3579620122909546,1
10.4018/979-8-3373-0923-1.ch005,http://h-da.de/ml-ontology/time_series_forecasting,time series forecasting,0.38986194133758545,1
10.4018/979-8-3693-4276-3.ch010,http://h-da.de/ml-ontology/image_classification,image classification,0.3677073121070862,1
10.4018/979-8-3693-5271-7.ch008,http://h-da.de/ml-ontology/image_classification,image classification,0.3923126757144928,1
10.4018/979-8-3693-6864-0,http://h-da.de/ml-ontology/feature_extraction,feature extraction,0.42797306180000305,1
10.4018/979-8-3693-6864-0,http://h-da.de/ml-ontology/classification,classification,0.42475807666778564,2
10.4018/979-8-3693-6864-0,http://h-da.de/ml-ontology/association_rule_learning,association rule learning,0.4079816937446594,3
10.4018/979-8-3693-7525-9.ch002,http://h-da.de/ml-ontology/feature_extraction,feature extraction,0.35340237617492676,1
10.4018/9798369326152.ch007,http://h-da.de/ml-ontology/action_recognition,action recognition,0.355085551738739,1
10.4018/IJAEIS.20210101.oa1,http://h-da.de/ml-ontology/recommendation,recommendation,0.4783351421356201,1
10.4018/IJAEIS.20210101.oa1,http://h-da.de/ml-ontology/classification,classification,0.37817466259002686,2
10.4018/IJAEIS.20210101.oa1,http://h-da.de/ml-ontology/image_regression,image regression,0.37422603368759155,3
10.4018/IJAEIS.20210101.oa1,http://h-da.de/ml-ontology/text_regression,text regression,0.3615843653678894,4
10.4018/IJAEIS.20210101.oa1,http://h-da.de/ml-ontology/regression,regression,0.3545053005218506,5
10.4018/IJERTCS.302112,http://h-da.de/ml-ontology/anomaly_detection,anomaly detection,0.46579429507255554,1
10.4018/IJGHPC.2020100103,http://h-da.de/ml-ontology/image_regression,image regression,0.38085034489631653,1
10.4018/IJGHPC.2020100103,http://h-da.de/ml-ontology/regression,regression,0.36432456970214844,2
10.4018/IJeC.304041,http://h-da.de/ml-ontology/feature_selection,feature selection,0.4241015315055847,1
10.4018/IJeC.304041,http://h-da.de/ml-ontology/feature_reduction,feature reduction,0.3570604920387268,2
10.4018/jiit.2007100103,http://h-da.de/ml-ontology/time_series_forecasting,time series forecasting,0.41732364892959595,1
10.4028/p-1yH6uE,http://h-da.de/ml-ontology/image_regression,image regression,0.3665130138397217,1
10.4028/p-54j053,http://h-da.de/ml-ontology/time_series_classification,time series classification,0.35031646490097046,1
10.4028/www.scientific.net/AMM.120.190,http://h-da.de/ml-ontology/audio_classification,audio classification,0.366238534450531,1
10.4028/www.scientific.net/AMM.548-549.703,http://h-da.de/ml-ontology/association_rule_learning,association rule learning,0.4031147062778473,1
10.4043/29288-ms,http://h-da.de/ml-ontology/feature_extraction,feature extraction,0.35424691438674927,1
10.4043/29503-ms,http://h-da.de/ml-ontology/feature_extraction,feature extraction,0.38814014196395874,1
10.4043/31297-MS,http://h-da.de/ml-ontology/feature_extraction,feature extraction,0.4600875973701477,1
10.4043/31297-MS,http://h-da.de/ml-ontology/anomaly_detection,anomaly detection,0.42545944452285767,2
10.4043/31297-MS,http://h-da.de/ml-ontology/association_rule_learning,association rule learning,0.39818277955055237,3
10.4043/31297-MS,http://h-da.de/ml-ontology/time_series_classification,time series classification,0.3559267818927765,4
10.4043/31631-MS,http://h-da.de/ml-ontology/feature_extraction,feature extraction,0.3738787770271301,1
10.4043/31781-MS,http://h-da.de/ml-ontology/audio_regression,audio regression,0.35635316371917725,1
10.4043/31892-MS,http://h-da.de/ml-ontology/feature_extraction,feature extraction,0.37381410598754883,1
10.4043/31892-MS,http://h-da.de/ml-ontology/audio_classification,audio classification,0.3503219783306122,2
10.4043/31955-MS,http://h-da.de/ml-ontology/feature_extraction,feature extraction,0.3577350080013275,1
10.4043/32304-MS,http://h-da.de/ml-ontology/feature_extraction,feature extraction,0.4227779507637024,1
10.4043/32447-MS,http://h-da.de/ml-ontology/feature_extraction,feature extraction,0.3564348816871643,1
10.4043/34778-MS,http://h-da.de/ml-ontology/feature_extraction,feature extraction,0.4048762917518616,1
10.4043/34778-MS,http://h-da.de/ml-ontology/image_classification,image classification,0.3657885789871216,2
10.4043/35533-MS,http://h-da.de/ml-ontology/feature_extraction,feature extraction,0.41342663764953613,1
10.4043/35892-MS,http://h-da.de/ml-ontology/feature_extraction,feature extraction,0.3510567545890808,1
10.4108/eetiot.6936,http://h-da.de/ml-ontology/image_classification,image classification,0.36407601833343506,1
10.4156/jcit.vol7.issue23.13,http://h-da.de/ml-ontology/time_series_classification,time series classification,0.35194462537765503,1
10.4156/jcit.vol7.issue23.13,http://h-da.de/ml-ontology/feature_extraction,feature extraction,0.3513628840446472,2
10.4186/ej.2025.29.2.27,http://h-da.de/ml-ontology/time_series_forecasting,time series forecasting,0.45715153217315674,1
10.4271/2017-01-1625,http://h-da.de/ml-ontology/feature_extraction,feature extraction,0.4468998312950134,1
10.4271/2017-01-1625,http://h-da.de/ml-ontology/time_series_classification,time series classification,0.39245420694351196,2
10.4271/2020-01-0221,http://h-da.de/ml-ontology/object_detection,object detection,0.35558897256851196,1
10.4271/2020-01-0221,http://h-da.de/ml-ontology/image_classification,image classification,0.35554373264312744,2
10.4271/2020-01-0260,http://h-da.de/ml-ontology/time_series_classification,time series classification,0.4176393747329712,1
10.4271/2022-36-0067,http://h-da.de/ml-ontology/feature_extraction,feature extraction,0.4005575180053711,1
10.4271/2025-28-0151,http://h-da.de/ml-ontology/feature_extraction,feature extraction,0.35397806763648987,1
10.4271/2025-28-0152,http://h-da.de/ml-ontology/feature_extraction,feature extraction,0.38656654953956604,1
10.4273/ijvss.17.1.28,http://h-da.de/ml-ontology/feature_extraction,feature extraction,0.36647024750709534,1
10.4315/JFP-20-431,http://h-da.de/ml-ontology/feature_extraction,feature extraction,0.35595643520355225,1
10.46338/IJETAE0621_02,http://h-da.de/ml-ontology/time_series_forecasting,time series forecasting,0.39739102125167847,1
10.46338/IJETAE0621_02,http://h-da.de/ml-ontology/classification,classification,0.38451844453811646,2
10.46338/IJETAE0621_02,http://h-da.de/ml-ontology/recommendation,recommendation,0.371290385723114,3
10.46338/IJETAE0621_02,http://h-da.de/ml-ontology/regression,regression,0.3568273186683655,4
10.46338/ijetae1022_14,http://h-da.de/ml-ontology/feature_extraction,feature extraction,0.35192328691482544,1
10.46354/i3m.2021.emss.001,http://h-da.de/ml-ontology/time_series_forecasting,time series forecasting,0.388581246137619,1
10.46793/tribomat.2025.009,http://h-da.de/ml-ontology/audio_classification,audio classification,0.3599355220794678,1
10.46855/energy-proceedings-11469,http://h-da.de/ml-ontology/time_series_forecasting,time series forecasting,0.3804565966129303,1
10.47367/0021-3497_2025_2_243,http://h-da.de/ml-ontology/feature_extraction,feature extraction,0.35804110765457153,1
10.47738/jads.v5i2.187,http://h-da.de/ml-ontology/sentiment_analysis,sentiment analysis,0.5353096723556519,1
10.47738/jads.v5i2.187,http://h-da.de/ml-ontology/recommendation,recommendation,0.45935946702957153,2
10.47738/jads.v5i2.187,http://h-da.de/ml-ontology/text_classification,text classification,0.43149006366729736,3
10.47738/jads.v5i2.187,http://h-da.de/ml-ontology/text_regression,text regression,0.37005364894866943,4
10.47852/bonviewAIA3202798,http://h-da.de/ml-ontology/object_detection,object detection,0.3986918032169342,1
10.48084/etasr.11845,http://h-da.de/ml-ontology/time_series_forecasting,time series forecasting,0.42760902643203735,1
10.48084/etasr.5950,http://h-da.de/ml-ontology/classification,classification,0.3811407685279846,1
10.48084/etasr.5950,http://h-da.de/ml-ontology/video_classification,video classification,0.35724198818206787,2
10.48084/etasr.6813,http://h-da.de/ml-ontology/audio_classification,audio classification,0.400193989276886,1
10.48084/etasr.6813,http://h-da.de/ml-ontology/feature_extraction,feature extraction,0.38704776763916016,2
10.48084/etasr.6813,http://h-da.de/ml-ontology/time_series_classification,time series classification,0.3575771450996399,3
10.48084/etasr.9733,http://h-da.de/ml-ontology/image_regression,image regression,0.3573949933052063,1
10.48084/etasr.9733,http://h-da.de/ml-ontology/feature_extraction,feature extraction,0.3526044189929962,2
10.48165/abr.2024.26.01.23,http://h-da.de/ml-ontology/time_series_forecasting,time series forecasting,0.41483667492866516,1
10.5004/dwt.2018.22095,http://h-da.de/ml-ontology/regression,regression,0.3730209469795227,1
10.5004/dwt.2018.22095,http://h-da.de/ml-ontology/classification,classification,0.35923224687576294,2
10.5109/6793658,http://h-da.de/ml-ontology/time_series_forecasting,time series forecasting,0.36298835277557373,1
10.5194/isprs-archives-XLIII-B1-2022-293-2022,http://h-da.de/ml-ontology/image_classification,image classification,0.36684638261795044,1
10.5194/jsss-10-233-2021,http://h-da.de/ml-ontology/feature_extraction,feature extraction,0.35234129428863525,1
10.51983/ijiss-2025.IJISS.15.2.42,http://h-da.de/ml-ontology/time_series_forecasting,time series forecasting,0.41901957988739014,1
10.5220/0005866701660173,http://h-da.de/ml-ontology/action_recognition,action recognition,0.3680275082588196,1
10.5220/0005866701660173,http://h-da.de/ml-ontology/time_series_forecasting,time series forecasting,0.3659539222717285,2
10.5220/0005866701660173,http://h-da.de/ml-ontology/recommendation,recommendation,0.3520893454551697,3
10.5220/0006761104730480,http://h-da.de/ml-ontology/recommendation,recommendation,0.4271715581417084,1
10.5220/0006894600240032,http://h-da.de/ml-ontology/feature_extraction,feature extraction,0.40533149242401123,1
10.5220/0006911506280635,http://h-da.de/ml-ontology/feature_extraction,feature extraction,0.35346949100494385,1
10.5220/0007725304150422,http://h-da.de/ml-ontology/feature_extraction,feature extraction,0.35434719920158386,1
10.5220/0007725304150422,http://h-da.de/ml-ontology/feature_reduction,feature reduction,0.35090371966362,2
10.5220/0007830700400050,http://h-da.de/ml-ontology/feature_extraction,feature extraction,0.37629395723342896,1
10.5220/0007932802670274,http://h-da.de/ml-ontology/feature_extraction,feature extraction,0.4045723080635071,1
10.5220/0007932802670274,http://h-da.de/ml-ontology/anomaly_detection,anomaly detection,0.3577428460121155,2
10.5220/0009350002310238,http://h-da.de/ml-ontology/action_recognition,action recognition,0.36955535411834717,1
10.5220/0010130300870092,http://h-da.de/ml-ontology/anomaly_detection,anomaly detection,0.5257949233055115,1
10.5220/0010540807310738,http://h-da.de/ml-ontology/image_regression,image regression,0.3702157139778137,1
10.5220/0010540807310738,http://h-da.de/ml-ontology/feature_extraction,feature extraction,0.3684747815132141,2
10.5220/0010578402850291,http://h-da.de/ml-ontology/time_series_classification,time series classification,0.4134148359298706,1
10.5220/0010578402850291,http://h-da.de/ml-ontology/classification,classification,0.37564951181411743,2
10.5220/0010578402850291,http://h-da.de/ml-ontology/feature_extraction,feature extraction,0.36121201515197754,3
10.5220/0010578402850291,http://h-da.de/ml-ontology/tabular_classification,tabular classification,0.3540753126144409,4
10.5220/0010903800003116,http://h-da.de/ml-ontology/feature_extraction,feature extraction,0.370016872882843,1
10.5220/0010903800003116,http://h-da.de/ml-ontology/association_rule_learning,association rule learning,0.3517579436302185,2
10.5220/0011037200003179,http://h-da.de/ml-ontology/feature_extraction,feature extraction,0.4415380358695984,1
10.5220/0011037200003179,http://h-da.de/ml-ontology/time_series_classification,time series classification,0.3723606765270233,2
10.5220/0011379800003329,http://h-da.de/ml-ontology/regression,regression,0.35766512155532837,1
10.5220/0011380300003329,http://h-da.de/ml-ontology/feature_extraction,feature extraction,0.3587085008621216,1
10.5220/0011543300003323,http://h-da.de/ml-ontology/recommendation,recommendation,0.46175724267959595,1
10.5220/0011548000003329,http://h-da.de/ml-ontology/feature_extraction,feature extraction,0.4169149100780487,1
10.5220/0011548000003329,http://h-da.de/ml-ontology/time_series_classification,time series classification,0.3527262508869171,2
10.5220/0012186100003595,http://h-da.de/ml-ontology/time_series_forecasting,time series forecasting,0.5143654346466064,1
10.5220/0012186100003595,http://h-da.de/ml-ontology/time_series_classification,time series classification,0.3580898642539978,2
10.5220/0012369600003654,http://h-da.de/ml-ontology/feature_extraction,feature extraction,0.4055745303630829,1
10.5220/0012369600003654,http://h-da.de/ml-ontology/feature_selection,feature selection,0.387442022562027,2
10.5220/0012369600003654,http://h-da.de/ml-ontology/feature_reduction,feature reduction,0.38587623834609985,3
10.5220/0012621300003705,http://h-da.de/ml-ontology/anomaly_detection,anomaly detection,0.4570571184158325,1
10.5220/0012626100003690,http://h-da.de/ml-ontology/time_series_forecasting,time series forecasting,0.41809728741645813,1
10.5220/0012734000003705,http://h-da.de/ml-ontology/feature_reduction,feature reduction,0.4038580060005188,1
10.5220/0012734000003705,http://h-da.de/ml-ontology/feature_selection,feature selection,0.3610735535621643,2
10.5220/0013276400003929,http://h-da.de/ml-ontology/text_classification,text classification,0.35310935974121094,1
10.5220/0013276400003929,http://h-da.de/ml-ontology/text_regression,text regression,0.3510725796222687,2
10.5220/0013343700003893,http://h-da.de/ml-ontology/time_series_forecasting,time series forecasting,0.36563539505004883,1
10.5220/0013437800003944,http://h-da.de/ml-ontology/anomaly_detection,anomaly detection,0.5479879379272461,1
10.5220/0013437800003944,http://h-da.de/ml-ontology/time_series_forecasting,time series forecasting,0.4141000509262085,2
10.5220/0013437800003944,http://h-da.de/ml-ontology/time_series_analysis,time series analysis,0.4138938784599304,3
10.5220/0013437800003944,http://h-da.de/ml-ontology/time_series_classification,time series classification,0.370635986328125,4
10.52305/EQAW2533,http://h-da.de/ml-ontology/time_series_forecasting,time series forecasting,0.36285871267318726,1
10.52549/ijeei.v10i2.3730,http://h-da.de/ml-ontology/feature_selection,feature selection,0.43533310294151306,1
10.52549/ijeei.v10i2.3730,http://h-da.de/ml-ontology/feature_extraction,feature extraction,0.3993256688117981,2
10.52549/ijeei.v10i2.3730,http://h-da.de/ml-ontology/association_rule_learning,association rule learning,0.3911879062652588,3
10.52549/ijeei.v10i2.3730,http://h-da.de/ml-ontology/feature_reduction,feature reduction,0.37616175413131714,4
10.52783/jes.655,http://h-da.de/ml-ontology/image_classification,image classification,0.4412093162536621,1
10.5302/J.ICROS.2013.13.9041,http://h-da.de/ml-ontology/object_detection,object detection,0.40897709131240845,1
10.5302/J.ICROS.2019.18.0194,http://h-da.de/ml-ontology/object_detection,object detection,0.3791310787200928,1
10.5370/KIEE.2025.74.3.500,http://h-da.de/ml-ontology/time_series_forecasting,time series forecasting,0.3760848939418793,1
10.53759/7669/jmc202404027,http://h-da.de/ml-ontology/anomaly_detection,anomaly detection,0.3681431710720062,1
10.54216/FPA.060203,http://h-da.de/ml-ontology/recommendation,recommendation,0.5011679530143738,1
10.54216/FPA.060203,http://h-da.de/ml-ontology/classification,classification,0.360848069190979,2
10.54216/JISIoT.160107,http://h-da.de/ml-ontology/feature_extraction,feature extraction,0.4132351279258728,1
10.5424/sjar/2017152-9090,http://h-da.de/ml-ontology/classification,classification,0.4094049334526062,1
10.5424/sjar/2017152-9090,http://h-da.de/ml-ontology/image_regression,image regression,0.3873293995857239,2
10.5424/sjar/2017152-9090,http://h-da.de/ml-ontology/regression,regression,0.3838803768157959,3
10.5424/sjar/2017152-9090,http://h-da.de/ml-ontology/image_classification,image classification,0.3740742802619934,4
10.5424/sjar/2017152-9090,http://h-da.de/ml-ontology/feature_extraction,feature extraction,0.37008070945739746,5
10.54392/irjmt2552,http://h-da.de/ml-ontology/time_series_forecasting,time series forecasting,0.3796728849411011,1
10.54614/ELECTR.2022.21160,http://h-da.de/ml-ontology/tabular_clustering,tabular clustering,0.37528902292251587,1
10.54808/CICIC2025.01.299,http://h-da.de/ml-ontology/object_detection,object detection,0.3659633696079254,1
10.55092/am20240006,http://h-da.de/ml-ontology/feature_extraction,feature extraction,0.3842273950576782,1
10.55092/am20240006,http://h-da.de/ml-ontology/clustering,clustering,0.35899999737739563,2
10.5552/drvind.2025.0217,http://h-da.de/ml-ontology/image_classification,image classification,0.4122229516506195,1
10.5552/drvind.2025.0217,http://h-da.de/ml-ontology/video_classification,video classification,0.35910817980766296,2
10.55549/epstem.1598444,http://h-da.de/ml-ontology/classification,classification,0.393698513507843,1
10.55670/fpll.futech.3.3.5,http://h-da.de/ml-ontology/classification,classification,0.3906784653663635,1
10.55670/fpll.futech.3.3.5,http://h-da.de/ml-ontology/feature_extraction,feature extraction,0.3620116114616394,2
10.55670/fpll.futech.3.3.5,http://h-da.de/ml-ontology/time_series_classification,time series classification,0.3574063181877136,3
10.5573/IEIESPC.2021.10.3.227,http://h-da.de/ml-ontology/association_rule_learning,association rule learning,0.35231277346611023,1
10.5593/sgem2024/1.1/s06.84,http://h-da.de/ml-ontology/feature_extraction,feature extraction,0.3895759582519531,1
10.56042/jsir.v81i12.69310,http://h-da.de/ml-ontology/time_series_forecasting,time series forecasting,0.4034903645515442,1
10.56042/jsir.v81i12.69310,http://h-da.de/ml-ontology/time_series_classification,time series classification,0.3690343499183655,2
10.56294/saludcyt20251505,http://h-da.de/ml-ontology/time_series_classification,time series classification,0.3727587163448334,1
10.56294/saludcyt20251505,http://h-da.de/ml-ontology/feature_extraction,feature extraction,0.3668510317802429,2
10.56294/saludcyt20251505,http://h-da.de/ml-ontology/audio_classification,audio classification,0.35852348804473877,3
10.56952/ARMA-2024-0921,http://h-da.de/ml-ontology/feature_extraction,feature extraction,0.3719031810760498,1
10.5750/ijme.v165iA3.1212,http://h-da.de/ml-ontology/time_series_forecasting,time series forecasting,0.43568629026412964,1
10.5750/ijme.v165iA3.1212,http://h-da.de/ml-ontology/text_regression,text regression,0.376428484916687,2
10.5755/j02.eie.30740,http://h-da.de/ml-ontology/time_series_forecasting,time series forecasting,0.3595401644706726,1
10.5771/2192-4007-2024-1-72,http://h-da.de/ml-ontology/text_classification,text classification,0.3896788954734802,1
10.5771/2192-4007-2024-1-72,http://h-da.de/ml-ontology/text_regression,text regression,0.37536492943763733,2
10.5771/2192-4007-2024-1-72,http://h-da.de/ml-ontology/named_entity_recognition,named entity recognition,0.3715953528881073,3
10.5771/2192-4007-2024-1-72,http://h-da.de/ml-ontology/sentiment_analysis,sentiment analysis,0.35414472222328186,4
10.5829/ije.2026.39.05b.14,http://h-da.de/ml-ontology/feature_extraction,feature extraction,0.38253623247146606,1
10.58346/JISIS.2025.I2.051,http://h-da.de/ml-ontology/image_classification,image classification,0.40355774760246277,1
10.58346/JISIS.2025.I2.051,http://h-da.de/ml-ontology/object_detection,object detection,0.38909661769866943,2
10.58346/JOWUA.2023.I3.013,http://h-da.de/ml-ontology/recommendation,recommendation,0.4615607261657715,1
10.58346/JOWUA.2023.I3.013,http://h-da.de/ml-ontology/text_classification,text classification,0.3580275774002075,2
10.58346/JOWUA.2023.I3.013,http://h-da.de/ml-ontology/association_rule_learning,association rule learning,0.35066986083984375,3
10.58346/JOWUA.2025.I1.033,http://h-da.de/ml-ontology/time_series_forecasting,time series forecasting,0.41000092029571533,1
10.59018/112470,http://h-da.de/ml-ontology/time_series_forecasting,time series forecasting,0.41248685121536255,1
10.59018/112470,http://h-da.de/ml-ontology/image_regression,image regression,0.3526500463485718,2
10.5935/jetia.v11i51.1267,http://h-da.de/ml-ontology/regression,regression,0.3502172827720642,1
10.5935/jetia.v11i51.1525,http://h-da.de/ml-ontology/image_classification,image classification,0.401760995388031,1
10.5935/jetia.v11i55.2513,http://h-da.de/ml-ontology/time_series_forecasting,time series forecasting,0.3700663447380066,1
10.59400/sv2022,http://h-da.de/ml-ontology/audio_regression,audio regression,0.3833305239677429,1
10.5957/SOME-2023-025,http://h-da.de/ml-ontology/time_series_classification,time series classification,0.3894515335559845,1
10.5957/SOME-2023-025,http://h-da.de/ml-ontology/audio_classification,audio classification,0.35623857378959656,2
10.59796/jcst.V15N1.2025.78,http://h-da.de/ml-ontology/feature_extraction,feature extraction,0.38159480690956116,1
10.59893/abud.24(2).007,http://h-da.de/ml-ontology/image_regression,image regression,0.3613826036453247,1
10.59953/paperasia.v41i4b.601,http://h-da.de/ml-ontology/feature_extraction,feature extraction,0.36184459924697876,1
10.6047/j.issn.1000-8241.2023.04.006,http://h-da.de/ml-ontology/anomaly_detection,anomaly detection,0.4205407500267029,1
10.6047/j.issn.1000-8241.2025.03.011,http://h-da.de/ml-ontology/feature_extraction,feature extraction,0.35987481474876404,1
10.61186/shefa.12.2.10,http://h-da.de/ml-ontology/recommendation,recommendation,0.42498543858528137,1
10.61186/shefa.12.2.10,http://h-da.de/ml-ontology/image_classification,image classification,0.4210241734981537,2
10.61186/shefa.12.2.10,http://h-da.de/ml-ontology/video_classification,video classification,0.3882371783256531,3
10.61186/shefa.12.2.10,http://h-da.de/ml-ontology/image_regression,image regression,0.37616679072380066,4
10.61186/shefa.12.2.10,http://h-da.de/ml-ontology/video_regression,video regression,0.37448498606681824,5
10.61435/ijred.2025.61086,http://h-da.de/ml-ontology/time_series_forecasting,time series forecasting,0.41547641158103943,1
10.6180/jase.202503_28(3).0010,http://h-da.de/ml-ontology/time_series_forecasting,time series forecasting,0.3573033809661865,1
10.62110/sciencein.jist.2025.v13.1166,http://h-da.de/ml-ontology/topic_modeling,topic modeling,0.5072892904281616,1
10.62110/sciencein.jist.2025.v13.1166,http://h-da.de/ml-ontology/sentiment_analysis,sentiment analysis,0.5003095865249634,2
10.62110/sciencein.jist.2025.v13.1166,http://h-da.de/ml-ontology/sentence_similarity,sentence similarity,0.39420682191848755,3
10.62110/sciencein.jist.2025.v13.1166,http://h-da.de/ml-ontology/text_classification,text classification,0.37602612376213074,4
10.62110/sciencein.jist.2025.v13.1166,http://h-da.de/ml-ontology/named_entity_recognition,named entity recognition,0.36466729640960693,5
10.6220/joq.201802_25(1).0001,http://h-da.de/ml-ontology/time_series_classification,time series classification,0.3987599015235901,1
10.6220/joq.201802_25(1).0001,http://h-da.de/ml-ontology/feature_extraction,feature extraction,0.38968801498413086,2
10.62441/nano-ntp.v20iS1.77,http://h-da.de/ml-ontology/sentiment_analysis,sentiment analysis,0.5084787607192993,1
10.62441/nano-ntp.v20iS1.77,http://h-da.de/ml-ontology/text_classification,text classification,0.4088883399963379,2
10.62441/nano-ntp.v20iS1.77,http://h-da.de/ml-ontology/named_entity_recognition,named entity recognition,0.3961852192878723,3
10.62441/nano-ntp.v20iS1.77,http://h-da.de/ml-ontology/text_regression,text regression,0.3742859661579132,4
10.62441/nano-ntp.v20iS1.77,http://h-da.de/ml-ontology/recommendation,recommendation,0.36246728897094727,5
10.62441/nano-ntp.v20iS7.5,http://h-da.de/ml-ontology/recommendation,recommendation,0.44132518768310547,1
10.62441/nano-ntp.v20iS7.5,http://h-da.de/ml-ontology/action_recognition,action recognition,0.36383214592933655,2
10.62527/joiv.9.3.4245,http://h-da.de/ml-ontology/time_series_forecasting,time series forecasting,0.425536572933197,1
10.63040/25827510.2024.03.020,http://h-da.de/ml-ontology/time_series_forecasting,time series forecasting,0.40890195965766907,1
10.63665/jta.v86i2.10,http://h-da.de/ml-ontology/image_classification,image classification,0.3596717119216919,1
10.6937/TWC.202309_71(3).0003,http://h-da.de/ml-ontology/image_regression,image regression,0.3639090657234192,1
10.69598/sehs.18.24020002,http://h-da.de/ml-ontology/text_classification,text classification,0.4070688486099243,1
10.69598/sehs.18.24020002,http://h-da.de/ml-ontology/classification,classification,0.39534497261047363,2
10.69598/sehs.18.24020002,http://h-da.de/ml-ontology/audio_classification,audio classification,0.3653560280799866,3
10.69598/sehs.18.24020002,http://h-da.de/ml-ontology/association_rule_learning,association rule learning,0.3635231852531433,4
10.6977/IJoSI.202203_7(1).0004,http://h-da.de/ml-ontology/association_rule_learning,association rule learning,0.4087574779987335,1
10.7148/2023-0373,http://h-da.de/ml-ontology/action_recognition,action recognition,0.37442246079444885,1
10.71720/joie.2025.1127133,http://h-da.de/ml-ontology/time_series_forecasting,time series forecasting,0.3983893394470215,1
10.7494/csci.2021.22.4.3773,http://h-da.de/ml-ontology/association_rule_learning,association rule learning,0.389876127243042,1
10.7494/csci.2021.22.4.3773,http://h-da.de/ml-ontology/link_prediction,link prediction,0.360191285610199,2
10.7527/S1000-6893.2023.29038,http://h-da.de/ml-ontology/feature_extraction,feature extraction,0.3632192313671112,1
10.7584/JKTAPPI.2023.8.55.4.57,http://h-da.de/ml-ontology/image_classification,image classification,0.3671231269836426,1
10.7641/CTA.2023.20871,http://h-da.de/ml-ontology/feature_extraction,feature extraction,0.36067259311676025,1
10.7717/PEERJ-CS.1304,http://h-da.de/ml-ontology/time_series_forecasting,time series forecasting,0.38621142506599426,1
10.7736/JKSPE.024.008,http://h-da.de/ml-ontology/action_recognition,action recognition,0.38905590772628784,1
10.9713/kcer.2023.61.4.542,http://h-da.de/ml-ontology/feature_extraction,feature extraction,0.3514808416366577,1
