doi,task,taskLabel,score,rank
10.1002/9781118462706,http://h-da.de/ml-ontology/regression,regression,0.41648679971694946,1
10.1002/9781119836780.ch7,http://h-da.de/ml-ontology/binary_classification,binary classification,0.35596898198127747,1
10.1002/9781119847717.ch7,http://h-da.de/ml-ontology/time_series_classification,time series classification,0.4025927782058716,1
10.1002/9781119865605.ch3,http://h-da.de/ml-ontology/feature_extraction,feature extraction,0.38642001152038574,1
10.1002/9781394155408,http://h-da.de/ml-ontology/association_rule_learning,association rule learning,0.489374041557312,1
10.1002/9781394195336.ch7,http://h-da.de/ml-ontology/binary_classification,binary classification,0.39563053846359253,1
10.1002/9781394204878.ch13,http://h-da.de/ml-ontology/image_classification,image classification,0.4229496717453003,1
10.1002/9781394214259,http://h-da.de/ml-ontology/feature_extraction,feature extraction,0.4478945732116699,1
10.1002/9781394216147,http://h-da.de/ml-ontology/feature_extraction,feature extraction,0.3546242117881775,1
10.1002/9781394220649,http://h-da.de/ml-ontology/feature_extraction,feature extraction,0.4192717671394348,1
10.1002/9781394234271,http://h-da.de/ml-ontology/feature_extraction,feature extraction,0.4515562057495117,1
10.1002/9781394248506.ch17,http://h-da.de/ml-ontology/feature_extraction,feature extraction,0.36642175912857056,1
10.1002/9781394249466.ch10,http://h-da.de/ml-ontology/feature_extraction,feature extraction,0.4095456600189209,1
10.1002/9781394270804.ch10,http://h-da.de/ml-ontology/feature_extraction,feature extraction,0.39092883467674255,1
10.1002/9781394272587.ch13,http://h-da.de/ml-ontology/feature_extraction,feature extraction,0.36948806047439575,1
10.1002/9781394275076.ch8,http://h-da.de/ml-ontology/feature_extraction,feature extraction,0.41878318786621094,1
10.1002/9781394275359.ch28,http://h-da.de/ml-ontology/image_classification,image classification,0.4393225908279419,1
10.1002/9781394287109.ch2,http://h-da.de/ml-ontology/feature_extraction,feature extraction,0.48611390590667725,1
10.1002/9781394301287.ch11,http://h-da.de/ml-ontology/regression,regression,0.36484184861183167,1
10.1002/9781394301287.ch6,http://h-da.de/ml-ontology/feature_extraction,feature extraction,0.3909420073032379,1
10.1002/9781394302932.ch1,http://h-da.de/ml-ontology/translation,translation,0.3769703507423401,1
10.1002/9781394316977.ch7,http://h-da.de/ml-ontology/regression,regression,0.5157331824302673,1
10.1002/adem.202300740,http://h-da.de/ml-ontology/image_regression,image regression,0.350446879863739,1
10.1002/adma.202005713,http://h-da.de/ml-ontology/image_regression,image regression,0.36039453744888306,1
10.1002/admt.201800136,http://h-da.de/ml-ontology/image_regression,image regression,0.3611980676651001,1
10.1002/admt.201800653,http://h-da.de/ml-ontology/image_classification,image classification,0.38851916790008545,1
10.1002/adsu.202200416,http://h-da.de/ml-ontology/feature_extraction,feature extraction,0.3622913360595703,1
10.1002/adts.202500086,http://h-da.de/ml-ontology/image_regression,image regression,0.3603905439376831,1
10.1002/advs.202404212,http://h-da.de/ml-ontology/translation,translation,0.35047170519828796,1
10.1002/aesr.202300160,http://h-da.de/ml-ontology/feature_extraction,feature extraction,0.3516296148300171,1
10.1002/aic.17210,http://h-da.de/ml-ontology/image_regression,image regression,0.44266796112060547,1
10.1002/aic.17715,http://h-da.de/ml-ontology/feature_extraction,feature extraction,0.46979624032974243,1
10.1002/aic.18076,http://h-da.de/ml-ontology/feature_extraction,feature extraction,0.3768669366836548,1
10.1002/aic.18259,http://h-da.de/ml-ontology/translation,translation,0.4583088159561157,1
10.1002/aic.18356,http://h-da.de/ml-ontology/time_series_forecasting,time series forecasting,0.35669684410095215,1
10.1002/aic.18621,http://h-da.de/ml-ontology/feature_extraction,feature extraction,0.3650595545768738,1
10.1002/aisy.202500279,http://h-da.de/ml-ontology/feature_extraction,feature extraction,0.3549981713294983,1
10.1002/aisy.202500427,http://h-da.de/ml-ontology/feature_extraction,feature extraction,0.40420371294021606,1
10.1002/amp2.10079,http://h-da.de/ml-ontology/feature_extraction,feature extraction,0.3541025221347809,1
10.1002/amp2.10130,http://h-da.de/ml-ontology/action_recognition,action recognition,0.38183343410491943,1
10.1002/amp2.10148,http://h-da.de/ml-ontology/classification,classification,0.35247373580932617,1
10.1002/ansa.202000122,http://h-da.de/ml-ontology/feature_extraction,feature extraction,0.3735784888267517,1
10.1002/asmb.2803,http://h-da.de/ml-ontology/feature_selection,feature selection,0.4010222852230072,1
10.1002/biot.201400790,http://h-da.de/ml-ontology/feature_extraction,feature extraction,0.36199241876602173,1
10.1002/biot.202400212,http://h-da.de/ml-ontology/feature_extraction,feature extraction,0.35699212551116943,1
10.1002/bit.28239,http://h-da.de/ml-ontology/feature_extraction,feature extraction,0.36747342348098755,1
10.1002/bit.28486,http://h-da.de/ml-ontology/regression,regression,0.40284937620162964,1
10.1002/bit.28499,http://h-da.de/ml-ontology/feature_extraction,feature extraction,0.40305012464523315,1
10.1002/bit.28903,http://h-da.de/ml-ontology/regression,regression,0.42455634474754333,1
10.1002/bit.28943,http://h-da.de/ml-ontology/binary_classification,binary classification,0.36198991537094116,1
10.1002/bit.29040,http://h-da.de/ml-ontology/feature_extraction,feature extraction,0.36846470832824707,1
10.1002/bit.70005,http://h-da.de/ml-ontology/image_regression,image regression,0.40091264247894287,1
10.1002/btpr.2945,http://h-da.de/ml-ontology/clustering,clustering,0.4090448021888733,1
10.1002/btpr.3249,http://h-da.de/ml-ontology/feature_extraction,feature extraction,0.3960150480270386,1
10.1002/btpr.3252,http://h-da.de/ml-ontology/feature_extraction,feature extraction,0.39288583397865295,1
10.1002/btpr.3493,http://h-da.de/ml-ontology/image_regression,image regression,0.3754148483276367,1
10.1002/btpr.3520,http://h-da.de/ml-ontology/image_regression,image regression,0.4676555395126343,1
10.1002/btpr.70013,http://h-da.de/ml-ontology/image_regression,image regression,0.4058273434638977,1
10.1002/cae.70048,http://h-da.de/ml-ontology/feature_extraction,feature extraction,0.38568955659866333,1
10.1002/ceat.202300191,http://h-da.de/ml-ontology/audio_regression,audio regression,0.44033777713775635,1
10.1002/ceat.202300197,http://h-da.de/ml-ontology/feature_selection,feature selection,0.43338191509246826,1
10.1002/ceat.70076,http://h-da.de/ml-ontology/feature_selection,feature selection,0.36626821756362915,1
10.1002/cjce.23669,http://h-da.de/ml-ontology/feature_extraction,feature extraction,0.46436652541160583,1
10.1002/cjce.24831,http://h-da.de/ml-ontology/audio_regression,audio regression,0.4268534779548645,1
10.1002/cjce.25054,http://h-da.de/ml-ontology/feature_extraction,feature extraction,0.3977942168712616,1
10.1002/cjce.25433,http://h-da.de/ml-ontology/binary_classification,binary classification,0.398342490196228,1
10.1002/cjce.70016,http://h-da.de/ml-ontology/feature_extraction,feature extraction,0.367192804813385,1
10.1002/cjce.70024,http://h-da.de/ml-ontology/time_series_forecasting,time series forecasting,0.3828776478767395,1
10.1002/cjce.70032,http://h-da.de/ml-ontology/feature_extraction,feature extraction,0.4128257632255554,1
10.1002/col.22769,http://h-da.de/ml-ontology/regression,regression,0.3547998070716858,1
10.1002/cpe.6316,http://h-da.de/ml-ontology/association_rule_learning,association rule learning,0.35707855224609375,1
10.1002/cpe.6460,http://h-da.de/ml-ontology/regression,regression,0.433699369430542,1
10.1002/cpe.7277,http://h-da.de/ml-ontology/binary_classification,binary classification,0.4323984682559967,1
10.1002/dac.4780,http://h-da.de/ml-ontology/sentiment_analysis,sentiment analysis,0.4456448554992676,1
10.1002/eng2.12291,http://h-da.de/ml-ontology/feature_extraction,feature extraction,0.46265411376953125,1
10.1002/eqe.70032,http://h-da.de/ml-ontology/audio_regression,audio regression,0.3697502315044403,1
10.1002/er.6217,http://h-da.de/ml-ontology/feature_extraction,feature extraction,0.38084307312965393,1
10.1002/er.6631,http://h-da.de/ml-ontology/regression,regression,0.4546179175376892,1
10.1002/ese3.1297,http://h-da.de/ml-ontology/feature_extraction,feature extraction,0.39170050621032715,1
10.1002/ese3.1412,http://h-da.de/ml-ontology/regression,regression,0.35507118701934814,1
10.1002/ese3.1911,http://h-da.de/ml-ontology/time_series_classification,time series classification,0.3769650459289551,1
10.1002/ese3.70253,http://h-da.de/ml-ontology/regression,regression,0.356855183839798,1
10.1002/ett.3947,http://h-da.de/ml-ontology/feature_extraction,feature extraction,0.3790775537490845,1
10.1002/for.2970,http://h-da.de/ml-ontology/regression,regression,0.40353748202323914,1
10.1002/hcs2.90,http://h-da.de/ml-ontology/clustering,clustering,0.5481172800064087,1
10.1002/hyp.13740,http://h-da.de/ml-ontology/feature_extraction,feature extraction,0.4309160113334656,1
10.1002/int.22368,http://h-da.de/ml-ontology/regression,regression,0.3562784492969513,1
10.1002/jmri.28353,http://h-da.de/ml-ontology/image_regression,image regression,0.3794724941253662,1
10.1002/jsid.1180,http://h-da.de/ml-ontology/image_classification,image classification,0.47164881229400635,1
10.1002/mma.9835,http://h-da.de/ml-ontology/feature_extraction,feature extraction,0.44491511583328247,1
10.1002/nem.2154,http://h-da.de/ml-ontology/anomaly_detection,anomaly detection,0.44375157356262207,1
10.1002/nvsm.1724,http://h-da.de/ml-ontology/classification,classification,0.38547033071517944,1
10.1002/pc.26881,http://h-da.de/ml-ontology/image_regression,image regression,0.35843250155448914,1
10.1002/pc.27891,http://h-da.de/ml-ontology/audio_regression,audio regression,0.36062657833099365,1
10.1002/pc.27963,http://h-da.de/ml-ontology/regression,regression,0.35055965185165405,1
10.1002/pc.28238,http://h-da.de/ml-ontology/image_regression,image regression,0.37876391410827637,1
10.1002/pc.29648,http://h-da.de/ml-ontology/audio_regression,audio regression,0.37011587619781494,1
10.1002/pen.25765,http://h-da.de/ml-ontology/feature_extraction,feature extraction,0.3554137349128723,1
10.1002/pen.27007,http://h-da.de/ml-ontology/tabular_regression,tabular regression,0.3510943651199341,1
10.1002/pol.20240586,http://h-da.de/ml-ontology/image_regression,image regression,0.3936205506324768,1
10.1002/polb.24837,http://h-da.de/ml-ontology/feature_extraction,feature extraction,0.41265231370925903,1
10.1002/pro.70026,http://h-da.de/ml-ontology/feature_extraction,feature extraction,0.3647610545158386,1
10.1002/prot.25899,http://h-da.de/ml-ontology/classification,classification,0.3545653223991394,1
10.1002/qre.1377,http://h-da.de/ml-ontology/binary_classification,binary classification,0.39360666275024414,1
10.1002/qre.2538,http://h-da.de/ml-ontology/anomaly_detection,anomaly detection,0.4034495949745178,1
10.1002/qre.2980,http://h-da.de/ml-ontology/image_regression,image regression,0.4804075062274933,1
10.1002/qre.3256,http://h-da.de/ml-ontology/time_series_classification,time series classification,0.43982434272766113,1
10.1002/qre.3356,http://h-da.de/ml-ontology/time_series_analysis,time series analysis,0.4418763518333435,1
10.1002/qre.3398,http://h-da.de/ml-ontology/feature_selection,feature selection,0.5386244654655457,1
10.1002/qre.3760,http://h-da.de/ml-ontology/image_regression,image regression,0.39462852478027344,1
10.1002/qre.3797,http://h-da.de/ml-ontology/regression,regression,0.40419772267341614,1
10.1002/qre.70014,http://h-da.de/ml-ontology/image_regression,image regression,0.35215362906455994,1
10.1002/rob.22089,http://h-da.de/ml-ontology/image_classification,image classification,0.4074786305427551,1
10.1002/sdtp.15656,http://h-da.de/ml-ontology/image_classification,image classification,0.38365375995635986,1
10.1002/sdtp.16228,http://h-da.de/ml-ontology/image_regression,image regression,0.402691125869751,1
10.1002/sdtp.17866,http://h-da.de/ml-ontology/image_classification,image classification,0.47546690702438354,1
10.1002/sdtp.17872,http://h-da.de/ml-ontology/image_classification,image classification,0.5687323808670044,1
10.1002/sdtp.18143,http://h-da.de/ml-ontology/feature_extraction,feature extraction,0.43389594554901123,1
10.1002/sdtp.18351,http://h-da.de/ml-ontology/feature_extraction,feature extraction,0.39042186737060547,1
10.1002/smr.2163,http://h-da.de/ml-ontology/association_rule_learning,association rule learning,0.47973209619522095,1
10.1002/solr.202100477,http://h-da.de/ml-ontology/feature_extraction,feature extraction,0.38535064458847046,1
10.1002/solr.202400473,http://h-da.de/ml-ontology/anomaly_detection,anomaly detection,0.387281209230423,1
10.1002/solr.202500576,http://h-da.de/ml-ontology/regression,regression,0.38797521591186523,1
10.1002/srin.202100813,http://h-da.de/ml-ontology/feature_extraction,feature extraction,0.45577797293663025,1
10.1002/srin.202100820,http://h-da.de/ml-ontology/feature_extraction,feature extraction,0.4412444829940796,1
10.1002/srin.202400551,http://h-da.de/ml-ontology/feature_extraction,feature extraction,0.4367247223854065,1
10.1002/srin.202400713,http://h-da.de/ml-ontology/regression,regression,0.39380043745040894,1
10.1002/sta4.252,http://h-da.de/ml-ontology/anomaly_detection,anomaly detection,0.46547621488571167,1
10.1002/stc.2451,http://h-da.de/ml-ontology/time_series_classification,time series classification,0.4012466073036194,1
10.1002/stc.2911,http://h-da.de/ml-ontology/tabular_classification,tabular classification,0.36323094367980957,1
10.1002/we.2290,http://h-da.de/ml-ontology/time_series_classification,time series classification,0.38763564825057983,1
10.1002/wer.11136,http://h-da.de/ml-ontology/feature_selection,feature selection,0.45991644263267517,1
10.1007/0-387-34403-9_36,http://h-da.de/ml-ontology/tabular_classification,tabular classification,0.3893786668777466,1
10.1007/3-540-48035-8_63,http://h-da.de/ml-ontology/feature_extraction,feature extraction,0.40955841541290283,1
10.1007/3-540-60923-7_21,http://h-da.de/ml-ontology/action_recognition,action recognition,0.393117219209671,1
10.1007/978-1-4842-5887-3,http://h-da.de/ml-ontology/image_classification,image classification,0.5115029215812683,1
10.1007/978-1-4842-5992-4,http://h-da.de/ml-ontology/time_series_analysis,time series analysis,0.4664398431777954,1
10.1007/978-3-030-03003-2_3,http://h-da.de/ml-ontology/feature_extraction,feature extraction,0.39404618740081787,1
10.1007/978-3-030-03405-4_4,http://h-da.de/ml-ontology/anomaly_detection,anomaly detection,0.4895978569984436,1
10.1007/978-3-030-04164-9_77,http://h-da.de/ml-ontology/image_classification,image classification,0.4371970295906067,1
10.1007/978-3-030-10997-4_30,http://h-da.de/ml-ontology/feature_extraction,feature extraction,0.3782772421836853,1
10.1007/978-3-030-14156-1_14,http://h-da.de/ml-ontology/feature_extraction,feature extraction,0.3902755081653595,1
10.1007/978-3-030-14680-1_40,http://h-da.de/ml-ontology/association_rule_learning,association rule learning,0.42454957962036133,1
10.1007/978-3-030-15628-2_16,http://h-da.de/ml-ontology/association_rule_learning,association rule learning,0.4454180896282196,1
10.1007/978-3-030-19651-6_38,http://h-da.de/ml-ontology/feature_extraction,feature extraction,0.41446471214294434,1
10.1007/978-3-030-19823-7_45,http://h-da.de/ml-ontology/feature_selection,feature selection,0.3584684133529663,1
10.1007/978-3-030-23597-0_38,http://h-da.de/ml-ontology/binary_classification,binary classification,0.41077491641044617,1
10.1007/978-3-030-26474-1_24,http://h-da.de/ml-ontology/recommendation,recommendation,0.5566372871398926,1
10.1007/978-3-030-27477-1_19,http://h-da.de/ml-ontology/binary_classification,binary classification,0.4082771837711334,1
10.1007/978-3-030-29513-4_88,http://h-da.de/ml-ontology/anomaly_detection,anomaly detection,0.5312069654464722,1
10.1007/978-3-030-29859-3_43,http://h-da.de/ml-ontology/feature_extraction,feature extraction,0.37427812814712524,1
10.1007/978-3-030-30244-3_10,http://h-da.de/ml-ontology/feature_extraction,feature extraction,0.4220139682292938,1
10.1007/978-3-030-30436-2_10,http://h-da.de/ml-ontology/image_regression,image regression,0.40321576595306396,1
10.1007/978-3-030-30490-4_54,http://h-da.de/ml-ontology/anomaly_detection,anomaly detection,0.5425314903259277,1
10.1007/978-3-030-30949-7_28,http://h-da.de/ml-ontology/time_series_classification,time series classification,0.3816157579421997,1
10.1007/978-3-030-30967-1_13,http://h-da.de/ml-ontology/feature_extraction,feature extraction,0.3944299817085266,1
10.1007/978-3-030-31343-2_31,http://h-da.de/ml-ontology/binary_classification,binary classification,0.49348384141921997,1
10.1007/978-3-030-34032-2_25,http://h-da.de/ml-ontology/feature_extraction,feature extraction,0.3916442394256592,1
10.1007/978-3-030-35653-8_3,http://h-da.de/ml-ontology/time_series_classification,time series classification,0.4613971710205078,1
10.1007/978-3-030-35653-8_54,http://h-da.de/ml-ontology/image_classification,image classification,0.48679018020629883,1
10.1007/978-3-030-36375-8,http://h-da.de/ml-ontology/feature_extraction,feature extraction,0.45640018582344055,1
10.1007/978-3-030-36664-3_7,http://h-da.de/ml-ontology/feature_extraction,feature extraction,0.4125772714614868,1
10.1007/978-3-030-36671-1_67,http://h-da.de/ml-ontology/feature_extraction,feature extraction,0.4286710023880005,1
10.1007/978-3-030-36671-1_68,http://h-da.de/ml-ontology/feature_extraction,feature extraction,0.36037757992744446,1
10.1007/978-3-030-43887-6_27,http://h-da.de/ml-ontology/feature_extraction,feature extraction,0.40876466035842896,1
10.1007/978-3-030-47713-4_21,http://h-da.de/ml-ontology/time_series_classification,time series classification,0.41974860429763794,1
10.1007/978-3-030-49165-9_1,http://h-da.de/ml-ontology/feature_extraction,feature extraction,0.4284466505050659,1
10.1007/978-3-030-49186-4_11,http://h-da.de/ml-ontology/audio_classification,audio classification,0.5610635876655579,1
10.1007/978-3-030-51156-2_130,http://h-da.de/ml-ontology/anomaly_detection,anomaly detection,0.47197818756103516,1
10.1007/978-3-030-54407-2_17,http://h-da.de/ml-ontology/image_classification,image classification,0.43804335594177246,1
10.1007/978-3-030-54595-6_3,http://h-da.de/ml-ontology/binary_classification,binary classification,0.4626837968826294,1
10.1007/978-3-030-57115-3_5,http://h-da.de/ml-ontology/image_classification,image classification,0.4048175513744354,1
10.1007/978-3-030-57745-2_6,http://h-da.de/ml-ontology/time_series_classification,time series classification,0.38818931579589844,1
10.1007/978-3-030-57997-5_8,http://h-da.de/ml-ontology/binary_classification,binary classification,0.39881980419158936,1
10.1007/978-3-030-59851-8_15,http://h-da.de/ml-ontology/anomaly_detection,anomaly detection,0.4278576374053955,1
10.1007/978-3-030-59851-8_18,http://h-da.de/ml-ontology/anomaly_detection,anomaly detection,0.48305967450141907,1
10.1007/978-3-030-62472-9_10,http://h-da.de/ml-ontology/image_classification,image classification,0.49819472432136536,1
10.1007/978-3-030-63823-8_65,http://h-da.de/ml-ontology/association_rule_learning,association rule learning,0.3811572790145874,1
10.1007/978-3-030-64058-3_58,http://h-da.de/ml-ontology/feature_extraction,feature extraction,0.41105562448501587,1
10.1007/978-3-030-64580-9_10,http://h-da.de/ml-ontology/feature_extraction,feature extraction,0.3871385455131531,1
10.1007/978-3-030-64580-9_11,http://h-da.de/ml-ontology/regression,regression,0.49728551506996155,1
10.1007/978-3-030-64580-9_21,http://h-da.de/ml-ontology/regression,regression,0.46718835830688477,1
10.1007/978-3-030-64594-6_71,http://h-da.de/ml-ontology/time_series_classification,time series classification,0.4113868176937103,1
10.1007/978-3-030-65596-9_67,http://h-da.de/ml-ontology/feature_extraction,feature extraction,0.3737269341945648,1
10.1007/978-3-030-65796-3_13,http://h-da.de/ml-ontology/feature_extraction,feature extraction,0.41451334953308105,1
10.1007/978-3-030-66770-2_4,http://h-da.de/ml-ontology/time_series_classification,time series classification,0.5646825432777405,1
10.1007/978-3-030-66770-2_6,http://h-da.de/ml-ontology/time_series_classification,time series classification,0.4440630078315735,1
10.1007/978-3-030-67667-4_28,http://h-da.de/ml-ontology/time_series_forecasting,time series forecasting,0.40236619114875793,1
10.1007/978-3-030-67670-4_24,http://h-da.de/ml-ontology/feature_extraction,feature extraction,0.4262218773365021,1
10.1007/978-3-030-68799-1_41,http://h-da.de/ml-ontology/feature_extraction,feature extraction,0.4992538094520569,1
10.1007/978-3-030-68799-1_45,http://h-da.de/ml-ontology/feature_extraction,feature extraction,0.4076600670814514,1
10.1007/978-3-030-68799-1_52,http://h-da.de/ml-ontology/image_classification,image classification,0.5413049459457397,1
10.1007/978-3-030-71119-1_13,http://h-da.de/ml-ontology/image_classification,image classification,0.4231547713279724,1
10.1007/978-3-030-71593-9_22,http://h-da.de/ml-ontology/time_series_classification,time series classification,0.35189366340637207,1
10.1007/978-3-030-72693-5_11,http://h-da.de/ml-ontology/binary_classification,binary classification,0.37681394815444946,1
10.1007/978-3-030-72693-5_14,http://h-da.de/ml-ontology/binary_classification,binary classification,0.41268986463546753,1
10.1007/978-3-030-73050-5_64,http://h-da.de/ml-ontology/feature_extraction,feature extraction,0.3994886875152588,1
10.1007/978-3-030-73280-6_15,http://h-da.de/ml-ontology/regression,regression,0.46369391679763794,1
10.1007/978-3-030-73671-2_7,http://h-da.de/ml-ontology/feature_reduction,feature reduction,0.37936830520629883,1
10.1007/978-3-030-76653-5_20,http://h-da.de/ml-ontology/feature_extraction,feature extraction,0.36605000495910645,1
10.1007/978-3-030-77074-7_34,http://h-da.de/ml-ontology/sentiment_analysis,sentiment analysis,0.385689914226532,1
10.1007/978-3-030-77641-1_4,http://h-da.de/ml-ontology/feature_extraction,feature extraction,0.3838014006614685,1
10.1007/978-3-030-77696-1_12,http://h-da.de/ml-ontology/regression,regression,0.45036572217941284,1
10.1007/978-3-030-77696-1_17,http://h-da.de/ml-ontology/association_rule_learning,association rule learning,0.3617441654205322,1
10.1007/978-3-030-78114-9_21,http://h-da.de/ml-ontology/feature_extraction,feature extraction,0.3807298541069031,1
10.1007/978-3-030-78361-7_26,http://h-da.de/ml-ontology/feature_selection,feature selection,0.38755059242248535,1
10.1007/978-3-030-78361-7_28,http://h-da.de/ml-ontology/association_rule_learning,association rule learning,0.4510691165924072,1
10.1007/978-3-030-79022-6_13,http://h-da.de/ml-ontology/time_series_classification,time series classification,0.45568573474884033,1
10.1007/978-3-030-79150-6_18,http://h-da.de/ml-ontology/image_classification,image classification,0.5716152787208557,1
10.1007/978-3-030-81716-9_3,http://h-da.de/ml-ontology/time_series_classification,time series classification,0.37120938301086426,1
10.1007/978-3-030-82099-2_6,http://h-da.de/ml-ontology/anomaly_detection,anomaly detection,0.4164051413536072,1
10.1007/978-3-030-82196-8_20,http://h-da.de/ml-ontology/anomaly_detection,anomaly detection,0.5628204941749573,1
10.1007/978-3-030-82926-1_6,http://h-da.de/ml-ontology/time_series_forecasting,time series forecasting,0.3720877170562744,1
10.1007/978-3-030-84148-5_11,http://h-da.de/ml-ontology/clustering,clustering,0.546412467956543,1
10.1007/978-3-030-84337-3_2,http://h-da.de/ml-ontology/anomaly_detection,anomaly detection,0.5368986129760742,1
10.1007/978-3-030-85082-1_2,http://h-da.de/ml-ontology/binary_classification,binary classification,0.3788580000400543,1
10.1007/978-3-030-85540-6_103,http://h-da.de/ml-ontology/feature_extraction,feature extraction,0.3838716149330139,1
10.1007/978-3-030-85577-2_31,http://h-da.de/ml-ontology/image_classification,image classification,0.5060956478118896,1
10.1007/978-3-030-85874-2_4,http://h-da.de/ml-ontology/feature_extraction,feature extraction,0.39676976203918457,1
10.1007/978-3-030-85914-5_60,http://h-da.de/ml-ontology/feature_extraction,feature extraction,0.4347662329673767,1
10.1007/978-3-030-86230-5_44,http://h-da.de/ml-ontology/binary_classification,binary classification,0.4221227467060089,1
10.1007/978-3-030-86261-9_18,http://h-da.de/ml-ontology/anomaly_detection,anomaly detection,0.5537887811660767,1
10.1007/978-3-030-86261-9_7,http://h-da.de/ml-ontology/feature_extraction,feature extraction,0.4883365035057068,1
10.1007/978-3-030-86737-9_7,http://h-da.de/ml-ontology/image_classification,image classification,0.45035290718078613,1
10.1007/978-3-030-86960-1_34,http://h-da.de/ml-ontology/anomaly_detection,anomaly detection,0.5078258514404297,1
10.1007/978-3-030-88081-1_28,http://h-da.de/ml-ontology/binary_classification,binary classification,0.41224128007888794,1
10.1007/978-3-030-88259-4_4,http://h-da.de/ml-ontology/anomaly_detection,anomaly detection,0.49883657693862915,1
10.1007/978-3-030-90119-6_20,http://h-da.de/ml-ontology/anomaly_detection,anomaly detection,0.3825589120388031,1
10.1007/978-3-030-91100-3_19,http://h-da.de/ml-ontology/regression,regression,0.42935264110565186,1
10.1007/978-3-030-91431-8_48,http://h-da.de/ml-ontology/feature_extraction,feature extraction,0.3687554895877838,1
10.1007/978-3-030-91608-4_1,http://h-da.de/ml-ontology/binary_classification,binary classification,0.4522384703159332,1
10.1007/978-3-030-92426-3_17,http://h-da.de/ml-ontology/image_classification,image classification,0.48063620924949646,1
10.1007/978-3-030-92544-4_11,http://h-da.de/ml-ontology/regression,regression,0.4440820813179016,1
10.1007/978-3-030-92563-5_56,http://h-da.de/ml-ontology/audio_regression,audio regression,0.4642871618270874,1
10.1007/978-3-030-94245-8_5,http://h-da.de/ml-ontology/regression,regression,0.3960030674934387,1
10.1007/978-3-030-94343-1_3,http://h-da.de/ml-ontology/link_prediction,link prediction,0.429470032453537,1
10.1007/978-3-030-95502-1_4,http://h-da.de/ml-ontology/image_classification,image classification,0.39677393436431885,1
10.1007/978-3-030-96196-1_20,http://h-da.de/ml-ontology/image_classification,image classification,0.3954010605812073,1
10.1007/978-3-030-96302-6_28,http://h-da.de/ml-ontology/image_classification,image classification,0.5275700092315674,1
10.1007/978-3-030-96308-8_105,http://h-da.de/ml-ontology/sentiment_analysis,sentiment analysis,0.35125982761383057,1
10.1007/978-3-030-98581-3_15,http://h-da.de/ml-ontology/feature_selection,feature selection,0.41049742698669434,1
10.1007/978-3-030-99108-1_34,http://h-da.de/ml-ontology/feature_extraction,feature extraction,0.379489541053772,1
10.1007/978-3-030-99619-2_9,http://h-da.de/ml-ontology/feature_extraction,feature extraction,0.3945947289466858,1
10.1007/978-3-031-00218-2_8,http://h-da.de/ml-ontology/image_classification,image classification,0.4045557379722595,1
10.1007/978-3-031-00218-2_9,http://h-da.de/ml-ontology/feature_extraction,feature extraction,0.3677693009376526,1
10.1007/978-3-031-02447-4_18,http://h-da.de/ml-ontology/regression,regression,0.42146065831184387,1
10.1007/978-3-031-03758-0_6,http://h-da.de/ml-ontology/feature_extraction,feature extraction,0.4638676047325134,1
10.1007/978-3-031-03918-8_15,http://h-da.de/ml-ontology/feature_extraction,feature extraction,0.36302852630615234,1
10.1007/978-3-031-03948-5_26,http://h-da.de/ml-ontology/image_classification,image classification,0.4666161835193634,1
10.1007/978-3-031-04122-8_11,http://h-da.de/ml-ontology/time_series_classification,time series classification,0.43539589643478394,1
10.1007/978-3-031-04424-3_6,http://h-da.de/ml-ontology/feature_extraction,feature extraction,0.398957222700119,1
10.1007/978-3-031-04435-9_19,http://h-da.de/ml-ontology/image_classification,image classification,0.46249139308929443,1
10.1007/978-3-031-05491-4_23,http://h-da.de/ml-ontology/feature_extraction,feature extraction,0.44983232021331787,1
10.1007/978-3-031-06391-6_66,http://h-da.de/ml-ontology/feature_extraction,feature extraction,0.4182514548301697,1
10.1007/978-3-031-06527-9_35,http://h-da.de/ml-ontology/image_classification,image classification,0.5292572975158691,1
10.1007/978-3-031-07155-3_4,http://h-da.de/ml-ontology/community_detection,community detection,0.4358409643173218,1
10.1007/978-3-031-07322-9_36,http://h-da.de/ml-ontology/anomaly_detection,anomaly detection,0.46262478828430176,1
10.1007/978-3-031-07322-9_40,http://h-da.de/ml-ontology/image_regression,image regression,0.356270968914032,1
10.1007/978-3-031-07969-6_22,http://h-da.de/ml-ontology/anomaly_detection,anomaly detection,0.3986705541610718,1
10.1007/978-3-031-08136-1_37,http://h-da.de/ml-ontology/anomaly_detection,anomaly detection,0.4571499824523926,1
10.1007/978-3-031-08333-4_8,http://h-da.de/ml-ontology/anomaly_detection,anomaly detection,0.4234652519226074,1
10.1007/978-3-031-08337-2_7,http://h-da.de/ml-ontology/binary_classification,binary classification,0.4424106776714325,1
10.1007/978-3-031-08760-8_40,http://h-da.de/ml-ontology/feature_selection,feature selection,0.37390047311782837,1
10.1007/978-3-031-09176-6_13,http://h-da.de/ml-ontology/regression,regression,0.4472249746322632,1
10.1007/978-3-031-09385-2_2,http://h-da.de/ml-ontology/anomaly_detection,anomaly detection,0.520319402217865,1
10.1007/978-3-031-10536-4_9,http://h-da.de/ml-ontology/binary_classification,binary classification,0.5004538297653198,1
10.1007/978-3-031-10539-5_16,http://h-da.de/ml-ontology/feature_extraction,feature extraction,0.3626929223537445,1
10.1007/978-3-031-12402-0,http://h-da.de/ml-ontology/feature_selection,feature selection,0.45886218547821045,1
10.1007/978-3-031-13074-8,http://h-da.de/ml-ontology/feature_extraction,feature extraction,0.36146485805511475,1
10.1007/978-3-031-15602-1_36,http://h-da.de/ml-ontology/binary_classification,binary classification,0.40028172731399536,1
10.1007/978-3-031-15602-1_46,http://h-da.de/ml-ontology/feature_extraction,feature extraction,0.4823299050331116,1
10.1007/978-3-031-15934-3_46,http://h-da.de/ml-ontology/time_series_forecasting,time series forecasting,0.4212936460971832,1
10.1007/978-3-031-16620-4_6,http://h-da.de/ml-ontology/time_series_classification,time series classification,0.3784632682800293,1
10.1007/978-3-031-17629-6_38,http://h-da.de/ml-ontology/audio_regression,audio regression,0.43866583704948425,1
10.1007/978-3-031-18050-7_2,http://h-da.de/ml-ontology/image_classification,image classification,0.38578784465789795,1
10.1007/978-3-031-18318-8_55,http://h-da.de/ml-ontology/anomaly_detection,anomaly detection,0.40742582082748413,1
10.1007/978-3-031-18326-3_29,http://h-da.de/ml-ontology/feature_extraction,feature extraction,0.35990411043167114,1
10.1007/978-3-031-19496-2_19,http://h-da.de/ml-ontology/time_series_classification,time series classification,0.4504387676715851,1
10.1007/978-3-031-19502-0,http://h-da.de/ml-ontology/feature_extraction,feature extraction,0.4904497563838959,1
10.1007/978-3-031-20319-0_27,http://h-da.de/ml-ontology/anomaly_detection,anomaly detection,0.35087257623672485,1
10.1007/978-3-031-21753-1_31,http://h-da.de/ml-ontology/feature_extraction,feature extraction,0.4531251788139343,1
10.1007/978-3-031-22061-6_1,http://h-da.de/ml-ontology/image_classification,image classification,0.5180251598358154,1
10.1007/978-3-031-22419-5_33,http://h-da.de/ml-ontology/regression,regression,0.42723798751831055,1
10.1007/978-3-031-22524-6_54,http://h-da.de/ml-ontology/image_regression,image regression,0.3840927481651306,1
10.1007/978-3-031-22695-3_36,http://h-da.de/ml-ontology/tabular_classification,tabular classification,0.46426987648010254,1
10.1007/978-3-031-22938-1_30,http://h-da.de/ml-ontology/anomaly_detection,anomaly detection,0.4798935353755951,1
10.1007/978-3-031-22938-1_6,http://h-da.de/ml-ontology/image_classification,image classification,0.5527544617652893,1
10.1007/978-3-031-24291-5_30,http://h-da.de/ml-ontology/feature_extraction,feature extraction,0.4006752371788025,1
10.1007/978-3-031-25271-6_5,http://h-da.de/ml-ontology/regression,regression,0.4749915897846222,1
10.1007/978-3-031-25312-6_70,http://h-da.de/ml-ontology/association_rule_learning,association rule learning,0.4699728488922119,1
10.1007/978-3-031-26384-2_19,http://h-da.de/ml-ontology/association_rule_learning,association rule learning,0.42754536867141724,1
10.1007/978-3-031-26390-3_7,http://h-da.de/ml-ontology/link_prediction,link prediction,0.407775342464447,1
10.1007/978-3-031-27099-4_29,http://h-da.de/ml-ontology/binary_classification,binary classification,0.4338940382003784,1
10.1007/978-3-031-27815-0_14,http://h-da.de/ml-ontology/feature_selection,feature selection,0.3773217797279358,1
10.1007/978-3-031-27961-4_2,http://h-da.de/ml-ontology/feature_extraction,feature extraction,0.43873006105422974,1
10.1007/978-3-031-28073-3_29,http://h-da.de/ml-ontology/feature_extraction,feature extraction,0.3885684013366699,1
10.1007/978-3-031-29515-7_8,http://h-da.de/ml-ontology/binary_classification,binary classification,0.36329206824302673,1
10.1007/978-3-031-30047-9_33,http://h-da.de/ml-ontology/anomaly_detection,anomaly detection,0.5824587345123291,1
10.1007/978-3-031-30694-5_4,http://h-da.de/ml-ontology/regression,regression,0.39014899730682373,1
10.1007/978-3-031-30694-5_6,http://h-da.de/ml-ontology/regression,regression,0.49989593029022217,1
10.1007/978-3-031-31407-0_14,http://h-da.de/ml-ontology/image_classification,image classification,0.46624353528022766,1
10.1007/978-3-031-32511-3_64,http://h-da.de/ml-ontology/tabular_regression,tabular regression,0.39295846223831177,1
10.1007/978-3-031-33890-8_18,http://h-da.de/ml-ontology/feature_extraction,feature extraction,0.37325742840766907,1
10.1007/978-3-031-34107-6_27,http://h-da.de/ml-ontology/anomaly_detection,anomaly detection,0.4529663920402527,1
10.1007/978-3-031-34190-8_34,http://h-da.de/ml-ontology/anomaly_detection,anomaly detection,0.5595345497131348,1
10.1007/978-3-031-34190-8_49,http://h-da.de/ml-ontology/time_series_classification,time series classification,0.41021591424942017,1
10.1007/978-3-031-34204-2_40,http://h-da.de/ml-ontology/feature_extraction,feature extraction,0.43254366517066956,1
10.1007/978-3-031-35245-4_19,http://h-da.de/ml-ontology/anomaly_detection,anomaly detection,0.4114803671836853,1
10.1007/978-3-031-35314-7_29,http://h-da.de/ml-ontology/feature_extraction,feature extraction,0.43536442518234253,1
10.1007/978-3-031-35883-8_5,http://h-da.de/ml-ontology/regression,regression,0.4516144096851349,1
10.1007/978-3-031-35883-8_6,http://h-da.de/ml-ontology/topic_modeling,topic modeling,0.539853572845459,1
10.1007/978-3-031-36021-3_53,http://h-da.de/ml-ontology/anomaly_detection,anomaly detection,0.408128023147583,1
10.1007/978-3-031-36030-5_33,http://h-da.de/ml-ontology/feature_selection,feature selection,0.45948368310928345,1
10.1007/978-3-031-36030-5_36,http://h-da.de/ml-ontology/feature_extraction,feature extraction,0.37348830699920654,1
10.1007/978-3-031-36115-9_15,http://h-da.de/ml-ontology/feature_extraction,feature extraction,0.3808511197566986,1
10.1007/978-3-031-36121-0_34,http://h-da.de/ml-ontology/regression,regression,0.483346551656723,1
10.1007/978-3-031-36246-0_30,http://h-da.de/ml-ontology/regression,regression,0.4781892001628876,1
10.1007/978-3-031-36246-0_31,http://h-da.de/ml-ontology/feature_extraction,feature extraction,0.442565381526947,1
10.1007/978-3-031-36805-9_38,http://h-da.de/ml-ontology/text_analytics,text analytics,0.4251883029937744,1
10.1007/978-3-031-37007-6_16,http://h-da.de/ml-ontology/audio_regression,audio regression,0.3840378224849701,1
10.1007/978-3-031-38165-2_135,http://h-da.de/ml-ontology/feature_selection,feature selection,0.3695451617240906,1
10.1007/978-3-031-38165-2_67,http://h-da.de/ml-ontology/regression,regression,0.35729271173477173,1
10.1007/978-3-031-38241-3_37,http://h-da.de/ml-ontology/image_classification,image classification,0.39893847703933716,1
10.1007/978-3-031-38274-1_46,http://h-da.de/ml-ontology/clustering,clustering,0.4691644310951233,1
10.1007/978-3-031-38325-0_12,http://h-da.de/ml-ontology/binary_classification,binary classification,0.37477099895477295,1
10.1007/978-3-031-38616-9_3,http://h-da.de/ml-ontology/time_series_classification,time series classification,0.41516298055648804,1
10.1007/978-3-031-39619-9_17,http://h-da.de/ml-ontology/feature_extraction,feature extraction,0.41880518198013306,1
10.1007/978-3-031-39619-9_47,http://h-da.de/ml-ontology/binary_classification,binary classification,0.43621593713760376,1
10.1007/978-3-031-40920-2_28,http://h-da.de/ml-ontology/anomaly_detection,anomaly detection,0.5084162950515747,1
10.1007/978-3-031-42532-5_9,http://h-da.de/ml-ontology/clustering,clustering,0.40762898325920105,1
10.1007/978-3-031-42983-5_21,http://h-da.de/ml-ontology/text_analytics,text analytics,0.5534112453460693,1
10.1007/978-3-031-43430-3_15,http://h-da.de/ml-ontology/anomaly_detection,anomaly detection,0.4762360453605652,1
10.1007/978-3-031-43430-3_16,http://h-da.de/ml-ontology/feature_extraction,feature extraction,0.374475359916687,1
10.1007/978-3-031-43524-9_3,http://h-da.de/ml-ontology/feature_extraction,feature extraction,0.3886985778808594,1
10.1007/978-3-031-43601-7_21,http://h-da.de/ml-ontology/feature_selection,feature selection,0.40272510051727295,1
10.1007/978-3-031-43666-6_46,http://h-da.de/ml-ontology/binary_classification,binary classification,0.420082688331604,1
10.1007/978-3-031-43670-3_34,http://h-da.de/ml-ontology/regression,regression,0.4046989679336548,1
10.1007/978-3-031-43789-2_32,http://h-da.de/ml-ontology/feature_extraction,feature extraction,0.47528091073036194,1
10.1007/978-3-031-44070-0_26,http://h-da.de/ml-ontology/feature_extraction,feature extraction,0.5270131230354309,1
10.1007/978-3-031-44097-7_27,http://h-da.de/ml-ontology/regression,regression,0.3871001601219177,1
10.1007/978-3-031-44282-7_15,http://h-da.de/ml-ontology/image_classification,image classification,0.35981661081314087,1
10.1007/978-3-031-45642-8_45,http://h-da.de/ml-ontology/feature_extraction,feature extraction,0.3782826066017151,1
10.1007/978-3-031-46452-2_10,http://h-da.de/ml-ontology/binary_classification,binary classification,0.3735961318016052,1
10.1007/978-3-031-46452-2_20,http://h-da.de/ml-ontology/anomaly_detection,anomaly detection,0.6325076818466187,1
10.1007/978-3-031-46452-2_24,http://h-da.de/ml-ontology/feature_extraction,feature extraction,0.39337581396102905,1
10.1007/978-3-031-46452-2_26,http://h-da.de/ml-ontology/feature_extraction,feature extraction,0.36989665031433105,1
10.1007/978-3-031-46573-4_21,http://h-da.de/ml-ontology/feature_extraction,feature extraction,0.35590073466300964,1
10.1007/978-3-031-46849-0_5,http://h-da.de/ml-ontology/clustering,clustering,0.4854821562767029,1
10.1007/978-3-031-47394-4_9,http://h-da.de/ml-ontology/image_classification,image classification,0.5224341154098511,1
10.1007/978-3-031-47451-4_39,http://h-da.de/ml-ontology/classification,classification,0.4202454090118408,1
10.1007/978-3-031-47715-7_25,http://h-da.de/ml-ontology/binary_classification,binary classification,0.4211841821670532,1
10.1007/978-3-031-47715-7_32,http://h-da.de/ml-ontology/regression,regression,0.4937053918838501,1
10.1007/978-3-031-47718-8_11,http://h-da.de/ml-ontology/action_recognition,action recognition,0.4360363781452179,1
10.1007/978-3-031-48888-7_18,http://h-da.de/ml-ontology/regression,regression,0.452326238155365,1
10.1007/978-3-031-49252-5_3,http://h-da.de/ml-ontology/audio_regression,audio regression,0.3819187879562378,1
10.1007/978-3-031-49413-0_96,http://h-da.de/ml-ontology/time_series_classification,time series classification,0.4368381202220917,1
10.1007/978-3-031-50151-7_11,http://h-da.de/ml-ontology/feature_selection,feature selection,0.42387157678604126,1
10.1007/978-3-031-50349-8_70,http://h-da.de/ml-ontology/feature_extraction,feature extraction,0.3720710873603821,1
10.1007/978-3-031-50485-3_34,http://h-da.de/ml-ontology/feature_extraction,feature extraction,0.36534351110458374,1
10.1007/978-3-031-51579-8_33,http://h-da.de/ml-ontology/image_classification,image classification,0.3700403571128845,1
10.1007/978-3-031-52255-0_15,http://h-da.de/ml-ontology/regression,regression,0.4230484664440155,1
10.1007/978-3-031-52255-0_20,http://h-da.de/ml-ontology/regression,regression,0.41706037521362305,1
10.1007/978-3-031-53036-4_22,http://h-da.de/ml-ontology/clustering,clustering,0.4735437035560608,1
10.1007/978-3-031-53401-0_27,http://h-da.de/ml-ontology/time_series_forecasting,time series forecasting,0.3897935748100281,1
10.1007/978-3-031-54318-0_29,http://h-da.de/ml-ontology/binary_classification,binary classification,0.36745685338974,1
10.1007/978-3-031-54521-4_1,http://h-da.de/ml-ontology/audio_classification,audio classification,0.5515982508659363,1
10.1007/978-3-031-55048-5_11,http://h-da.de/ml-ontology/image_classification,image classification,0.3706921637058258,1
10.1007/978-3-031-55221-2_13,http://h-da.de/ml-ontology/feature_extraction,feature extraction,0.4870542287826538,1
10.1007/978-3-031-56107-8_12,http://h-da.de/ml-ontology/feature_selection,feature selection,0.396359920501709,1
10.1007/978-3-031-56998-2_2,http://h-da.de/ml-ontology/regression,regression,0.444782555103302,1
10.1007/978-3-031-57496-2_8,http://h-da.de/ml-ontology/time_series_classification,time series classification,0.483089417219162,1
10.1007/978-3-031-58113-7_10,http://h-da.de/ml-ontology/tabular_regression,tabular regression,0.411467045545578,1
10.1007/978-3-031-58553-1_22,http://h-da.de/ml-ontology/feature_extraction,feature extraction,0.39628803730010986,1
10.1007/978-3-031-58561-6_3,http://h-da.de/ml-ontology/image_regression,image regression,0.3778179883956909,1
10.1007/978-3-031-58665-1_19,http://h-da.de/ml-ontology/image_classification,image classification,0.4823980927467346,1
10.1007/978-3-031-60027-2_7,http://h-da.de/ml-ontology/action_recognition,action recognition,0.5533699989318848,1
10.1007/978-3-031-60591-8_3,http://h-da.de/ml-ontology/binary_classification,binary classification,0.4219883382320404,1
10.1007/978-3-031-60840-7_8,http://h-da.de/ml-ontology/anomaly_detection,anomaly detection,0.6282467842102051,1
10.1007/978-3-031-61221-3_38,http://h-da.de/ml-ontology/association_rule_learning,association rule learning,0.374731183052063,1
10.1007/978-3-031-61221-3_9,http://h-da.de/ml-ontology/feature_selection,feature selection,0.4453890919685364,1
10.1007/978-3-031-61575-7_24,http://h-da.de/ml-ontology/regression,regression,0.4172162115573883,1
10.1007/978-3-031-61582-5_16,http://h-da.de/ml-ontology/binary_classification,binary classification,0.4740537703037262,1
10.1007/978-3-031-61797-3_32,http://h-da.de/ml-ontology/binary_classification,binary classification,0.41055190563201904,1
10.1007/978-3-031-62217-5_6,http://h-da.de/ml-ontology/regression,regression,0.46743297576904297,1
10.1007/978-3-031-62700-2_1,http://h-da.de/ml-ontology/image_regression,image regression,0.42545992136001587,1
10.1007/978-3-031-63451-2_9,http://h-da.de/ml-ontology/feature_extraction,feature extraction,0.35526788234710693,1
10.1007/978-3-031-63772-8_27,http://h-da.de/ml-ontology/feature_selection,feature selection,0.4794442653656006,1
10.1007/978-3-031-63775-9_24,http://h-da.de/ml-ontology/anomaly_detection,anomaly detection,0.475972980260849,1
10.1007/978-3-031-63783-4_15,http://h-da.de/ml-ontology/anomaly_detection,anomaly detection,0.4541543126106262,1
10.1007/978-3-031-63787-2_22,http://h-da.de/ml-ontology/feature_selection,feature selection,0.4007354974746704,1
10.1007/978-3-031-63803-9_19,http://h-da.de/ml-ontology/feature_selection,feature selection,0.4713520407676697,1
10.1007/978-3-031-64070-4_10,http://h-da.de/ml-ontology/image_segmentation,image segmentation,0.38308534026145935,1
10.1007/978-3-031-64070-4_7,http://h-da.de/ml-ontology/time_series_forecasting,time series forecasting,0.4071698486804962,1
10.1007/978-3-031-64776-5_24,http://h-da.de/ml-ontology/binary_classification,binary classification,0.48747119307518005,1
10.1007/978-3-031-65007-9_43,http://h-da.de/ml-ontology/feature_extraction,feature extraction,0.41062986850738525,1
10.1007/978-3-031-65038-3_31,http://h-da.de/ml-ontology/feature_extraction,feature extraction,0.4013909697532654,1
10.1007/978-3-031-65392-6_4,http://h-da.de/ml-ontology/regression,regression,0.42548608779907227,1
10.1007/978-3-031-65522-7_9,http://h-da.de/ml-ontology/binary_classification,binary classification,0.4247685968875885,1
10.1007/978-3-031-66253-9_2,http://h-da.de/ml-ontology/image_classification,image classification,0.48186245560646057,1
10.1007/978-3-031-67195-1_76,http://h-da.de/ml-ontology/audio_regression,audio regression,0.46308034658432007,1
10.1007/978-3-031-68323-7_3,http://h-da.de/ml-ontology/feature_extraction,feature extraction,0.4999276399612427,1
10.1007/978-3-031-68617-7_4,http://h-da.de/ml-ontology/audio_classification,audio classification,0.48718440532684326,1
10.1007/978-3-031-68694-8_13,http://h-da.de/ml-ontology/feature_extraction,feature extraction,0.3939104974269867,1
10.1007/978-3-031-68775-4_60,http://h-da.de/ml-ontology/audio_regression,audio regression,0.4147329032421112,1
10.1007/978-3-031-69228-4_6,http://h-da.de/ml-ontology/binary_classification,binary classification,0.3970538377761841,1
10.1007/978-3-031-69336-6_8,http://h-da.de/ml-ontology/feature_extraction,feature extraction,0.41073286533355713,1
10.1007/978-3-031-69457-8_35,http://h-da.de/ml-ontology/feature_extraction,feature extraction,0.41594457626342773,1
10.1007/978-3-031-69626-8_120,http://h-da.de/ml-ontology/regression,regression,0.36704352498054504,1
10.1007/978-3-031-69626-8_78,http://h-da.de/ml-ontology/feature_extraction,feature extraction,0.40057212114334106,1
10.1007/978-3-031-70341-6_6,http://h-da.de/ml-ontology/sentence_similarity,sentence similarity,0.4812292456626892,1
10.1007/978-3-031-70381-2_8,http://h-da.de/ml-ontology/image_classification,image classification,0.5579502582550049,1
10.1007/978-3-031-70670-7_3,http://h-da.de/ml-ontology/image_classification,image classification,0.5035223960876465,1
10.1007/978-3-031-70684-4_11,http://h-da.de/ml-ontology/feature_extraction,feature extraction,0.46842294931411743,1
10.1007/978-3-031-70687-5_14,http://h-da.de/ml-ontology/image_classification,image classification,0.4950745105743408,1
10.1007/978-3-031-70687-5_6,http://h-da.de/ml-ontology/image_classification,image classification,0.5282691121101379,1
10.1007/978-3-031-70906-7_27,http://h-da.de/ml-ontology/image_classification,image classification,0.4970446228981018,1
10.1007/978-3-031-70981-4_40,http://h-da.de/ml-ontology/image_classification,image classification,0.5279095768928528,1
10.1007/978-3-031-71360-6_16,http://h-da.de/ml-ontology/image_classification,image classification,0.48411285877227783,1
10.1007/978-3-031-71495-5_5,http://h-da.de/ml-ontology/feature_extraction,feature extraction,0.3825211822986603,1
10.1007/978-3-031-71629-4_3,http://h-da.de/ml-ontology/feature_selection,feature selection,0.4264238476753235,1
10.1007/978-3-031-71633-1_8,http://h-da.de/ml-ontology/feature_extraction,feature extraction,0.4130690395832062,1
10.1007/978-3-031-72356-8_22,http://h-da.de/ml-ontology/feature_extraction,feature extraction,0.3753436505794525,1
10.1007/978-3-031-73510-3_17,http://h-da.de/ml-ontology/anomaly_detection,anomaly detection,0.5660333633422852,1
10.1007/978-3-031-73617-9_26,http://h-da.de/ml-ontology/feature_selection,feature selection,0.39729762077331543,1
10.1007/978-3-031-73921-7_55,http://h-da.de/ml-ontology/image_classification,image classification,0.43331873416900635,1
10.1007/978-3-031-74482-2_10,http://h-da.de/ml-ontology/feature_selection,feature selection,0.3729593753814697,1
10.1007/978-3-031-74482-2_49,http://h-da.de/ml-ontology/image_classification,image classification,0.47038504481315613,1
10.1007/978-3-031-74485-3_47,http://h-da.de/ml-ontology/feature_extraction,feature extraction,0.40099093317985535,1
10.1007/978-3-031-74633-8_5,http://h-da.de/ml-ontology/feature_selection,feature selection,0.5288295745849609,1
10.1007/978-3-031-75010-6_6,http://h-da.de/ml-ontology/anomaly_detection,anomaly detection,0.49859195947647095,1
10.1007/978-3-031-75013-7_15,http://h-da.de/ml-ontology/feature_selection,feature selection,0.44542551040649414,1
10.1007/978-3-031-75013-7_3,http://h-da.de/ml-ontology/classification,classification,0.3810769319534302,1
10.1007/978-3-031-75329-9_31,http://h-da.de/ml-ontology/binary_classification,binary classification,0.4175902009010315,1
10.1007/978-3-031-75923-9_7,http://h-da.de/ml-ontology/text_analytics,text analytics,0.39789849519729614,1
10.1007/978-3-031-77426-3_11,http://h-da.de/ml-ontology/image_classification,image classification,0.4305383265018463,1
10.1007/978-3-031-77571-0_78,http://h-da.de/ml-ontology/anomaly_detection,anomaly detection,0.4195871949195862,1
10.1007/978-3-031-77738-7_19,http://h-da.de/ml-ontology/anomaly_detection,anomaly detection,0.5048073530197144,1
10.1007/978-3-031-78373-9_4,http://h-da.de/ml-ontology/feature_selection,feature selection,0.3634929656982422,1
10.1007/978-3-031-78925-0_32,http://h-da.de/ml-ontology/feature_extraction,feature extraction,0.3614579439163208,1
10.1007/978-3-031-80084-9_14,http://h-da.de/ml-ontology/image_regression,image regression,0.4481249451637268,1
10.1007/978-3-031-80154-9_7,http://h-da.de/ml-ontology/feature_extraction,feature extraction,0.44411247968673706,1
10.1007/978-3-031-80154-9_8,http://h-da.de/ml-ontology/feature_extraction,feature extraction,0.41672831773757935,1
10.1007/978-3-031-80301-7_61,http://h-da.de/ml-ontology/anomaly_detection,anomaly detection,0.4824918508529663,1
10.1007/978-3-031-80512-7_73,http://h-da.de/ml-ontology/feature_extraction,feature extraction,0.3927290439605713,1
10.1007/978-3-031-80785-5_27,http://h-da.de/ml-ontology/binary_classification,binary classification,0.3801361918449402,1
10.1007/978-3-031-81339-9_9,http://h-da.de/ml-ontology/image_classification,image classification,0.5300256609916687,1
10.1007/978-3-031-81455-6_6,http://h-da.de/ml-ontology/binary_classification,binary classification,0.3995410203933716,1
10.1007/978-3-031-81619-2_3,http://h-da.de/ml-ontology/feature_extraction,feature extraction,0.38039422035217285,1
10.1007/978-3-031-81900-1_2,http://h-da.de/ml-ontology/anomaly_detection,anomaly detection,0.3769242763519287,1
10.1007/978-3-031-82073-1_15,http://h-da.de/ml-ontology/binary_classification,binary classification,0.38130560517311096,1
10.1007/978-3-031-82073-1_27,http://h-da.de/ml-ontology/feature_extraction,feature extraction,0.36152976751327515,1
10.1007/978-3-031-82334-3_61,http://h-da.de/ml-ontology/regression,regression,0.3699474334716797,1
10.1007/978-3-031-82494-4_22,http://h-da.de/ml-ontology/time_series_forecasting,time series forecasting,0.5067044496536255,1
10.1007/978-3-031-82706-8_30,http://h-da.de/ml-ontology/feature_selection,feature selection,0.3917534053325653,1
10.1007/978-3-031-82907-9_38,http://h-da.de/ml-ontology/binary_classification,binary classification,0.41108763217926025,1
10.1007/978-3-031-83266-6_4,http://h-da.de/ml-ontology/feature_selection,feature selection,0.35547059774398804,1
10.1007/978-3-031-83472-1_18,http://h-da.de/ml-ontology/feature_selection,feature selection,0.39865219593048096,1
10.1007/978-3-031-83796-8_8,http://h-da.de/ml-ontology/feature_selection,feature selection,0.4500114321708679,1
10.1007/978-3-031-83911-5_57,http://h-da.de/ml-ontology/tabular_classification,tabular classification,0.3756934404373169,1
10.1007/978-3-031-84228-3_8,http://h-da.de/ml-ontology/recommendation,recommendation,0.3658813536167145,1
10.1007/978-3-031-84628-1_64,http://h-da.de/ml-ontology/image_regression,image regression,0.37381014227867126,1
10.1007/978-3-031-85252-7_9,http://h-da.de/ml-ontology/time_series_forecasting,time series forecasting,0.47616344690322876,1
10.1007/978-3-031-85284-8_5,http://h-da.de/ml-ontology/image_classification,image classification,0.5179883241653442,1
10.1007/978-3-031-85316-6_23,http://h-da.de/ml-ontology/feature_extraction,feature extraction,0.3781506419181824,1
10.1007/978-3-031-85666-2_5,http://h-da.de/ml-ontology/feature_extraction,feature extraction,0.36180245876312256,1
10.1007/978-3-031-85666-2_6,http://h-da.de/ml-ontology/feature_extraction,feature extraction,0.3614349365234375,1
10.1007/978-3-031-85902-1_13,http://h-da.de/ml-ontology/classification,classification,0.44649866223335266,1
10.1007/978-3-031-86302-8_17,http://h-da.de/ml-ontology/clustering,clustering,0.4441090524196625,1
10.1007/978-3-031-86489-6_10,http://h-da.de/ml-ontology/image_classification,image classification,0.3817129135131836,1
10.1007/978-3-031-86489-6_15,http://h-da.de/ml-ontology/object_detection,object detection,0.4613455832004547,1
10.1007/978-3-031-86489-6_22,http://h-da.de/ml-ontology/anomaly_detection,anomaly detection,0.49613887071609497,1
10.1007/978-3-031-86489-6_28,http://h-da.de/ml-ontology/feature_extraction,feature extraction,0.39745599031448364,1
10.1007/978-3-031-86489-6_3,http://h-da.de/ml-ontology/image_classification,image classification,0.3921387195587158,1
10.1007/978-3-031-86489-6_5,http://h-da.de/ml-ontology/image_classification,image classification,0.43464523553848267,1
10.1007/978-3-031-86493-3_27,http://h-da.de/ml-ontology/regression,regression,0.4206305146217346,1
10.1007/978-3-031-86705-7_11,http://h-da.de/ml-ontology/time_series_classification,time series classification,0.4586963355541229,1
10.1007/978-3-031-86893-1_25,http://h-da.de/ml-ontology/time_series_classification,time series classification,0.4340604543685913,1
10.1007/978-3-031-86893-1_31,http://h-da.de/ml-ontology/image_classification,image classification,0.40022948384284973,1
10.1007/978-3-031-87620-2_28,http://h-da.de/ml-ontology/time_series_classification,time series classification,0.4536712169647217,1
10.1007/978-3-031-88095-7_4,http://h-da.de/ml-ontology/regression,regression,0.3572678565979004,1
10.1007/978-3-031-88653-9_54,http://h-da.de/ml-ontology/regression,regression,0.44600728154182434,1
10.1007/978-3-031-88992-9_41,http://h-da.de/ml-ontology/regression,regression,0.4078948497772217,1
10.1007/978-3-031-89175-5_16,http://h-da.de/ml-ontology/video_regression,video regression,0.3952273726463318,1
10.1007/978-3-031-90203-1_1,http://h-da.de/ml-ontology/anomaly_detection,anomaly detection,0.4382706880569458,1
10.1007/978-3-031-90735-7_9,http://h-da.de/ml-ontology/regression,regression,0.45905202627182007,1
10.1007/978-3-031-90921-4_31,http://h-da.de/ml-ontology/regression,regression,0.40013235807418823,1
10.1007/978-3-031-90921-4_51,http://h-da.de/ml-ontology/binary_classification,binary classification,0.4804408550262451,1
10.1007/978-3-031-91334-1_30,http://h-da.de/ml-ontology/binary_classification,binary classification,0.36457115411758423,1
10.1007/978-3-031-91337-2_55,http://h-da.de/ml-ontology/time_series_forecasting,time series forecasting,0.43565601110458374,1
10.1007/978-3-031-91337-2_66,http://h-da.de/ml-ontology/time_series_forecasting,time series forecasting,0.38700199127197266,1
10.1007/978-3-031-92041-7_17,http://h-da.de/ml-ontology/time_series_classification,time series classification,0.4210505485534668,1
10.1007/978-3-031-92082-0_17,http://h-da.de/ml-ontology/binary_classification,binary classification,0.5138952732086182,1
10.1007/978-3-031-92184-1_7,http://h-da.de/ml-ontology/feature_extraction,feature extraction,0.36986297369003296,1
10.1007/978-3-031-92651-8_19,http://h-da.de/ml-ontology/image_classification,image classification,0.4417339563369751,1
10.1007/978-3-031-93327-1_35,http://h-da.de/ml-ontology/anomaly_detection,anomaly detection,0.45549333095550537,1
10.1007/978-3-031-93598-5_4,http://h-da.de/ml-ontology/feature_extraction,feature extraction,0.3771738111972809,1
10.1007/978-3-031-93601-2_21,http://h-da.de/ml-ontology/sentiment_analysis,sentiment analysis,0.5885907411575317,1
10.1007/978-3-031-93631-9_15,http://h-da.de/ml-ontology/anomaly_detection,anomaly detection,0.47416409850120544,1
10.1007/978-3-031-93887-0_15,http://h-da.de/ml-ontology/image_classification,image classification,0.45285528898239136,1
10.1007/978-3-031-93995-2_3,http://h-da.de/ml-ontology/feature_selection,feature selection,0.4667244553565979,1
10.1007/978-3-031-94223-5_10,http://h-da.de/ml-ontology/feature_extraction,feature extraction,0.3507143259048462,1
10.1007/978-3-031-94223-5_2,http://h-da.de/ml-ontology/image_classification,image classification,0.500391960144043,1
10.1007/978-3-031-94223-5_5,http://h-da.de/ml-ontology/binary_classification,binary classification,0.38609492778778076,1
10.1007/978-3-031-94895-4_4,http://h-da.de/ml-ontology/image_classification,image classification,0.3543623089790344,1
10.1007/978-3-031-94940-1_21,http://h-da.de/ml-ontology/image_classification,image classification,0.4052940905094147,1
10.1007/978-3-031-95111-4_8,http://h-da.de/ml-ontology/tabular_regression,tabular regression,0.39587461948394775,1
10.1007/978-3-031-95194-7_26,http://h-da.de/ml-ontology/image_regression,image regression,0.3805515170097351,1
10.1007/978-3-031-95197-8_14,http://h-da.de/ml-ontology/binary_classification,binary classification,0.5193121433258057,1
10.1007/978-3-031-96775-7_34,http://h-da.de/ml-ontology/binary_classification,binary classification,0.4252074360847473,1
10.1007/978-3-031-96962-1_3,http://h-da.de/ml-ontology/regression,regression,0.3866952359676361,1
10.1007/978-3-031-97352-9_4,http://h-da.de/ml-ontology/feature_extraction,feature extraction,0.37955042719841003,1
10.1007/978-3-031-97564-6_21,http://h-da.de/ml-ontology/feature_extraction,feature extraction,0.4030698835849762,1
10.1007/978-3-031-97567-7_3,http://h-da.de/ml-ontology/feature_selection,feature selection,0.47395503520965576,1
10.1007/978-3-031-98161-6_11,http://h-da.de/ml-ontology/regression,regression,0.4185655117034912,1
10.1007/978-3-031-98304-7_43,http://h-da.de/ml-ontology/audio_regression,audio regression,0.44243544340133667,1
10.1007/978-3-031-98364-1_13,http://h-da.de/ml-ontology/anomaly_detection,anomaly detection,0.4406503438949585,1
10.1007/978-3-031-99159-2_28,http://h-da.de/ml-ontology/regression,regression,0.3995780944824219,1
10.1007/978-3-031-99353-4_31,http://h-da.de/ml-ontology/binary_classification,binary classification,0.3672524690628052,1
10.1007/978-3-032-00118-4_6,http://h-da.de/ml-ontology/time_series_classification,time series classification,0.45710867643356323,1
10.1007/978-3-032-00267-9_21,http://h-da.de/ml-ontology/time_series_classification,time series classification,0.4424166679382324,1
10.1007/978-3-032-00284-6_2,http://h-da.de/ml-ontology/clustering,clustering,0.43227478861808777,1
10.1007/978-3-032-00930-2_15,http://h-da.de/ml-ontology/audio_regression,audio regression,0.36517587304115295,1
10.1007/978-3-032-01948-6_1,http://h-da.de/ml-ontology/regression,regression,0.35081133246421814,1
10.1007/978-3-032-02003-1_8,http://h-da.de/ml-ontology/feature_extraction,feature extraction,0.4105801582336426,1
10.1007/978-3-032-02106-9_56,http://h-da.de/ml-ontology/action_recognition,action recognition,0.40637823939323425,1
10.1007/978-3-032-02867-9_21,http://h-da.de/ml-ontology/binary_classification,binary classification,0.3833601176738739,1
10.1007/978-3-032-03515-8_22,http://h-da.de/ml-ontology/tabular_classification,tabular classification,0.37539857625961304,1
10.1007/978-3-032-03534-9_4,http://h-da.de/ml-ontology/feature_extraction,feature extraction,0.3910651206970215,1
10.1007/978-3-032-03538-7_7,http://h-da.de/ml-ontology/anomaly_detection,anomaly detection,0.5230938196182251,1
10.1007/978-3-032-03550-9_22,http://h-da.de/ml-ontology/feature_extraction,feature extraction,0.38745999336242676,1
10.1007/978-3-032-03751-0_15,http://h-da.de/ml-ontology/feature_selection,feature selection,0.3667284846305847,1
10.1007/978-3-032-04200-2_5,http://h-da.de/ml-ontology/image_classification,image classification,0.49334707856178284,1
10.1007/978-3-032-04225-5_5,http://h-da.de/ml-ontology/feature_extraction,feature extraction,0.3729906678199768,1
10.1007/978-3-032-04774-8_8,http://h-da.de/ml-ontology/regression,regression,0.45231303572654724,1
10.1007/978-3-032-05373-2_22,http://h-da.de/ml-ontology/binary_classification,binary classification,0.42703741788864136,1
10.1007/978-3-032-05610-8_5,http://h-da.de/ml-ontology/feature_extraction,feature extraction,0.38077616691589355,1
10.1007/978-3-032-05610-8_51,http://h-da.de/ml-ontology/image_classification,image classification,0.5051218271255493,1
10.1007/978-3-032-05610-8_7,http://h-da.de/ml-ontology/regression,regression,0.413887619972229,1
10.1007/978-3-319-07173-2_53,http://h-da.de/ml-ontology/binary_classification,binary classification,0.41539210081100464,1
10.1007/978-3-319-07617-1_8,http://h-da.de/ml-ontology/binary_classification,binary classification,0.5010700225830078,1
10.1007/978-3-319-10380-8_63,http://h-da.de/ml-ontology/object_detection,object detection,0.3656739294528961,1
10.1007/978-3-319-26690-9_18,http://h-da.de/ml-ontology/feature_extraction,feature extraction,0.35391634702682495,1
10.1007/978-3-319-27926-8_11,http://h-da.de/ml-ontology/tabular_regression,tabular regression,0.3713770806789398,1
10.1007/978-3-319-41697-7_20,http://h-da.de/ml-ontology/action_recognition,action recognition,0.52978515625,1
10.1007/978-3-319-41962-6_43,http://h-da.de/ml-ontology/image_classification,image classification,0.39700573682785034,1
10.1007/978-3-319-44742-1,http://h-da.de/ml-ontology/time_series_forecasting,time series forecasting,0.3618084192276001,1
10.1007/978-3-319-48743-4_31,http://h-da.de/ml-ontology/feature_selection,feature selection,0.4346649944782257,1
10.1007/978-3-319-49109-7_69,http://h-da.de/ml-ontology/image_classification,image classification,0.41224515438079834,1
10.1007/978-3-319-56994-9_59,http://h-da.de/ml-ontology/recommendation,recommendation,0.502037525177002,1
10.1007/978-3-319-59153-7_57,http://h-da.de/ml-ontology/regression,regression,0.3878745436668396,1
10.1007/978-3-319-62701-4_23,http://h-da.de/ml-ontology/binary_classification,binary classification,0.5741380453109741,1
10.1007/978-3-319-66790-4_4,http://h-da.de/ml-ontology/feature_extraction,feature extraction,0.4515002965927124,1
10.1007/978-3-319-74421-6_30,http://h-da.de/ml-ontology/feature_extraction,feature extraction,0.3540462851524353,1
10.1007/978-3-319-78437-3_3,http://h-da.de/ml-ontology/binary_classification,binary classification,0.4290168583393097,1
10.1007/978-3-319-89563-5_2,http://h-da.de/ml-ontology/time_series_classification,time series classification,0.43090128898620605,1
10.1007/978-3-319-91479-4_21,http://h-da.de/ml-ontology/feature_extraction,feature extraction,0.5325580835342407,1
10.1007/978-3-319-91635-4_2,http://h-da.de/ml-ontology/feature_extraction,feature extraction,0.43844133615493774,1
10.1007/978-3-319-92294-2_1,http://h-da.de/ml-ontology/image_classification,image classification,0.4625888466835022,1
10.1007/978-3-319-98204-5_14,http://h-da.de/ml-ontology/image_classification,image classification,0.4135131239891052,1
10.1007/978-3-319-99268-6_6,http://h-da.de/ml-ontology/time_series_classification,time series classification,0.4316849708557129,1
10.1007/978-3-319-99411-6_4,http://h-da.de/ml-ontology/association_rule_learning,association rule learning,0.38772639632225037,1
10.1007/978-3-319-99626-4_13,http://h-da.de/ml-ontology/anomaly_detection,anomaly detection,0.46557849645614624,1
10.1007/978-3-319-99695-0_15,http://h-da.de/ml-ontology/feature_extraction,feature extraction,0.3534559905529022,1
10.1007/978-3-540-48765-4_67,http://h-da.de/ml-ontology/feature_extraction,feature extraction,0.4701756238937378,1
10.1007/978-3-540-75271-4_11,http://h-da.de/ml-ontology/ranking,ranking,0.5224158763885498,1
10.1007/978-3-540-78246-9_23,http://h-da.de/ml-ontology/image_regression,image regression,0.3577007055282593,1
10.1007/978-3-540-78246-9_24,http://h-da.de/ml-ontology/image_regression,image regression,0.3902474641799927,1
10.1007/978-3-540-88192-6_45,http://h-da.de/ml-ontology/feature_extraction,feature extraction,0.46743783354759216,1
10.1007/978-3-642-04798-5_11,http://h-da.de/ml-ontology/anomaly_detection,anomaly detection,0.5715142488479614,1
10.1007/978-3-642-12214-9_61,http://h-da.de/ml-ontology/association_rule_learning,association rule learning,0.3708576261997223,1
10.1007/978-3-642-15364-8_15,http://h-da.de/ml-ontology/tabular_classification,tabular classification,0.36250343918800354,1
10.1007/978-3-642-30359-3_22,http://h-da.de/ml-ontology/tabular_classification,tabular classification,0.37608373165130615,1
10.1007/978-3-662-62138-7_50,http://h-da.de/ml-ontology/feature_extraction,feature extraction,0.3514058589935303,1
10.1007/978-3-662-66509-1_16,http://h-da.de/ml-ontology/feature_extraction,feature extraction,0.37122493982315063,1
10.1007/978-81-322-2208-8_48,http://h-da.de/ml-ontology/audio_regression,audio regression,0.3852412700653076,1
10.1007/978-90-481-9419-3_6,http://h-da.de/ml-ontology/regression,regression,0.3557549715042114,1
10.1007/978-981-10-6502-6_6,http://h-da.de/ml-ontology/feature_extraction,feature extraction,0.36643561720848083,1
10.1007/978-981-10-8240-5_18,http://h-da.de/ml-ontology/classification,classification,0.45350274443626404,1
10.1007/978-981-13-2375-1_31,http://h-da.de/ml-ontology/feature_extraction,feature extraction,0.358052134513855,1
10.1007/978-981-13-2375-1_63,http://h-da.de/ml-ontology/image_classification,image classification,0.4446297287940979,1
10.1007/978-981-13-2826-8_44,http://h-da.de/ml-ontology/feature_extraction,feature extraction,0.3976130187511444,1
10.1007/978-981-13-8668-8_7,http://h-da.de/ml-ontology/image_regression,image regression,0.3557298183441162,1
10.1007/978-981-15-1307-7_39,http://h-da.de/ml-ontology/time_series_classification,time series classification,0.44927912950515747,1
10.1007/978-981-15-2696-1_43,http://h-da.de/ml-ontology/feature_extraction,feature extraction,0.38297319412231445,1
10.1007/978-981-15-3125-5_50,http://h-da.de/ml-ontology/association_rule_learning,association rule learning,0.4487553834915161,1
10.1007/978-981-15-3380-8_5,http://h-da.de/ml-ontology/feature_extraction,feature extraction,0.3662939667701721,1
10.1007/978-981-15-3514-7_43,http://h-da.de/ml-ontology/association_rule_learning,association rule learning,0.45842841267585754,1
10.1007/978-981-15-4474-3_31,http://h-da.de/ml-ontology/feature_extraction,feature extraction,0.3698655068874359,1
10.1007/978-981-15-4680-8_45,http://h-da.de/ml-ontology/audio_regression,audio regression,0.38833117485046387,1
10.1007/978-981-15-4745-4_45,http://h-da.de/ml-ontology/audio_classification,audio classification,0.4083736538887024,1
10.1007/978-981-15-5329-5_48,http://h-da.de/ml-ontology/sentiment_analysis,sentiment analysis,0.6801238059997559,1
10.1007/978-981-15-5519-0_31,http://h-da.de/ml-ontology/regression,regression,0.45633411407470703,1
10.1007/978-981-15-6113-9_8,http://h-da.de/ml-ontology/feature_extraction,feature extraction,0.41554611921310425,1
10.1007/978-981-15-7675-1_4,http://h-da.de/ml-ontology/time_series_classification,time series classification,0.40055209398269653,1
10.1007/978-981-15-8289-9_5,http://h-da.de/ml-ontology/regression,regression,0.3854767978191376,1
10.1007/978-981-15-8319-3_14,http://h-da.de/ml-ontology/image_classification,image classification,0.35553207993507385,1
10.1007/978-981-15-8366-7_2,http://h-da.de/ml-ontology/binary_classification,binary classification,0.46437832713127136,1
10.1007/978-981-15-8603-3_24,http://h-da.de/ml-ontology/clustering,clustering,0.36127904057502747,1
10.1007/978-981-15-8677-4_22,http://h-da.de/ml-ontology/binary_classification,binary classification,0.39211681485176086,1
10.1007/978-981-16-0695-3_63,http://h-da.de/ml-ontology/feature_extraction,feature extraction,0.3720241189002991,1
10.1007/978-981-16-0761-5_11,http://h-da.de/ml-ontology/feature_extraction,feature extraction,0.4447193741798401,1
10.1007/978-981-16-1089-9_14,http://h-da.de/ml-ontology/feature_extraction,feature extraction,0.3777380585670471,1
10.1007/978-981-16-1089-9_20,http://h-da.de/ml-ontology/audio_regression,audio regression,0.36545491218566895,1
10.1007/978-981-16-2183-3_65,http://h-da.de/ml-ontology/association_rule_learning,association rule learning,0.45778805017471313,1
10.1007/978-981-16-2422-3_32,http://h-da.de/ml-ontology/regression,regression,0.42542850971221924,1
10.1007/978-981-16-2540-4_19,http://h-da.de/ml-ontology/feature_extraction,feature extraction,0.46844857931137085,1
10.1007/978-981-16-2857-3_32,http://h-da.de/ml-ontology/feature_extraction,feature extraction,0.41704171895980835,1
10.1007/978-981-16-3153-5_60,http://h-da.de/ml-ontology/regression,regression,0.36131322383880615,1
10.1007/978-981-16-3690-5_87,http://h-da.de/ml-ontology/feature_extraction,feature extraction,0.4260646402835846,1
10.1007/978-981-16-4222-7_52,http://h-da.de/ml-ontology/image_classification,image classification,0.47832977771759033,1
10.1007/978-981-16-4244-9_30,http://h-da.de/ml-ontology/regression,regression,0.3815062344074249,1
10.1007/978-981-16-6289-8_24,http://h-da.de/ml-ontology/action_recognition,action recognition,0.5191483497619629,1
10.1007/978-981-16-6723-7_37,http://h-da.de/ml-ontology/anomaly_detection,anomaly detection,0.4052942991256714,1
10.1007/978-981-16-7059-6_20,http://h-da.de/ml-ontology/feature_extraction,feature extraction,0.4046940803527832,1
10.1007/978-981-16-7952-0_55,http://h-da.de/ml-ontology/classification,classification,0.43340227007865906,1
10.1007/978-981-16-7996-4_21,http://h-da.de/ml-ontology/classification,classification,0.37021470069885254,1
10.1007/978-981-16-8515-6_4,http://h-da.de/ml-ontology/feature_extraction,feature extraction,0.35507428646087646,1
10.1007/978-981-16-8763-1_35,http://h-da.de/ml-ontology/regression,regression,0.45705413818359375,1
10.1007/978-981-16-8862-1_22,http://h-da.de/ml-ontology/regression,regression,0.38525351881980896,1
10.1007/978-981-19-0011-2_42,http://h-da.de/ml-ontology/feature_extraction,feature extraction,0.4153488874435425,1
10.1007/978-981-19-0240-6_7,http://h-da.de/ml-ontology/time_series_forecasting,time series forecasting,0.47322922945022583,1
10.1007/978-981-19-0468-4_10,http://h-da.de/ml-ontology/anomaly_detection,anomaly detection,0.3903985023498535,1
10.1007/978-981-19-0852-1_57,http://h-da.de/ml-ontology/image_classification,image classification,0.43605470657348633,1
10.1007/978-981-19-1111-8_12,http://h-da.de/ml-ontology/sentiment_analysis,sentiment analysis,0.5572820901870728,1
10.1007/978-981-19-1111-8_13,http://h-da.de/ml-ontology/regression,regression,0.4527707099914551,1
10.1007/978-981-19-1111-8_22,http://h-da.de/ml-ontology/binary_classification,binary classification,0.40983033180236816,1
10.1007/978-981-19-1610-6_31,http://h-da.de/ml-ontology/anomaly_detection,anomaly detection,0.5479847192764282,1
10.1007/978-981-19-1746-2_3,http://h-da.de/ml-ontology/feature_extraction,feature extraction,0.36059749126434326,1
10.1007/978-981-19-2130-8_81,http://h-da.de/ml-ontology/time_series_forecasting,time series forecasting,0.35265547037124634,1
10.1007/978-981-19-2445-3_13,http://h-da.de/ml-ontology/regression,regression,0.4171772301197052,1
10.1007/978-981-19-4453-6_13,http://h-da.de/ml-ontology/recommendation,recommendation,0.4220741093158722,1
10.1007/978-981-19-4863-3_14,http://h-da.de/ml-ontology/binary_classification,binary classification,0.41451090574264526,1
10.1007/978-981-19-5868-7_39,http://h-da.de/ml-ontology/regression,regression,0.42107295989990234,1
10.1007/978-981-19-7126-6_6,http://h-da.de/ml-ontology/feature_extraction,feature extraction,0.4398711919784546,1
10.1007/978-981-19-7455-7_61,http://h-da.de/ml-ontology/image_segmentation,image segmentation,0.3590000867843628,1
10.1007/978-981-19-9285-8_44,http://h-da.de/ml-ontology/binary_classification,binary classification,0.39942649006843567,1
10.1007/978-981-19-9338-1_32,http://h-da.de/ml-ontology/feature_extraction,feature extraction,0.43048420548439026,1
10.1007/978-981-33-4866-0_5,http://h-da.de/ml-ontology/image_classification,image classification,0.47551143169403076,1
10.1007/978-981-33-4909-4_26,http://h-da.de/ml-ontology/translation,translation,0.40167492628097534,1
10.1007/978-981-33-6029-7_51,http://h-da.de/ml-ontology/regression,regression,0.37786275148391724,1
10.1007/978-981-33-6081-5_17,http://h-da.de/ml-ontology/anomaly_detection,anomaly detection,0.4243246912956238,1
10.1007/978-981-33-6311-3_3,http://h-da.de/ml-ontology/feature_extraction,feature extraction,0.3956233263015747,1
10.1007/978-981-96-1348-9_6,http://h-da.de/ml-ontology/regression,regression,0.36691126227378845,1
10.1007/978-981-96-2329-7_5,http://h-da.de/ml-ontology/feature_selection,feature selection,0.37794825434684753,1
10.1007/978-981-96-2363-1_98,http://h-da.de/ml-ontology/feature_extraction,feature extraction,0.3698125183582306,1
10.1007/978-981-96-2540-6_8,http://h-da.de/ml-ontology/feature_selection,feature selection,0.371670663356781,1
10.1007/978-981-96-2625-0_19,http://h-da.de/ml-ontology/image_classification,image classification,0.37834620475769043,1
10.1007/978-981-96-2694-6_7,http://h-da.de/ml-ontology/binary_classification,binary classification,0.41943901777267456,1
10.1007/978-981-96-2700-4_13,http://h-da.de/ml-ontology/time_series_forecasting,time series forecasting,0.39499330520629883,1
10.1007/978-981-96-3105-6_24,http://h-da.de/ml-ontology/sentiment_analysis,sentiment analysis,0.6763655543327332,1
10.1007/978-981-96-3105-6_3,http://h-da.de/ml-ontology/regression,regression,0.43856245279312134,1
10.1007/978-981-96-3244-2_23,http://h-da.de/ml-ontology/binary_classification,binary classification,0.3910598158836365,1
10.1007/978-981-96-3355-5_13,http://h-da.de/ml-ontology/binary_classification,binary classification,0.4136931896209717,1
10.1007/978-981-96-3355-5_43,http://h-da.de/ml-ontology/binary_classification,binary classification,0.42611825466156006,1
10.1007/978-981-96-3814-7_36,http://h-da.de/ml-ontology/binary_classification,binary classification,0.38776564598083496,1
10.1007/978-981-96-3942-7_37,http://h-da.de/ml-ontology/recommendation,recommendation,0.40666285157203674,1
10.1007/978-981-96-3949-6_29,http://h-da.de/ml-ontology/feature_extraction,feature extraction,0.4335383176803589,1
10.1007/978-981-96-3949-6_37,http://h-da.de/ml-ontology/image_classification,image classification,0.4243623614311218,1
10.1007/978-981-96-3949-6_60,http://h-da.de/ml-ontology/image_classification,image classification,0.4838368892669678,1
10.1007/978-981-96-3949-6_64,http://h-da.de/ml-ontology/action_recognition,action recognition,0.5410012602806091,1
10.1007/978-981-96-4145-1_10,http://h-da.de/ml-ontology/regression,regression,0.3740541338920593,1
10.1007/978-981-96-4467-4_14,http://h-da.de/ml-ontology/object_detection,object detection,0.47219187021255493,1
10.1007/978-981-96-4613-5_7,http://h-da.de/ml-ontology/image_classification,image classification,0.37425652146339417,1
10.1007/978-981-96-4759-0_15,http://h-da.de/ml-ontology/feature_extraction,feature extraction,0.396324098110199,1
10.1007/978-981-96-4759-0_20,http://h-da.de/ml-ontology/feature_extraction,feature extraction,0.3731739819049835,1
10.1007/978-981-96-4898-6_10,http://h-da.de/ml-ontology/regression,regression,0.43490105867385864,1
10.1007/978-981-96-4933-4_7,http://h-da.de/ml-ontology/regression,regression,0.37486743927001953,1
10.1007/978-981-96-5217-4_2,http://h-da.de/ml-ontology/feature_extraction,feature extraction,0.36993902921676636,1
10.1007/978-981-96-5223-5_17,http://h-da.de/ml-ontology/regression,regression,0.39692872762680054,1
10.1007/978-981-96-5226-6_2,http://h-da.de/ml-ontology/regression,regression,0.35834696888923645,1
10.1007/978-981-96-5370-6_27,http://h-da.de/ml-ontology/binary_classification,binary classification,0.4413225054740906,1
10.1007/978-981-96-5585-4_5,http://h-da.de/ml-ontology/time_series_classification,time series classification,0.40901029109954834,1
10.1007/978-981-96-5690-5_11,http://h-da.de/ml-ontology/regression,regression,0.3900008201599121,1
10.1007/978-981-96-5784-1_38,http://h-da.de/ml-ontology/feature_extraction,feature extraction,0.426668643951416,1
10.1007/978-981-96-5791-9_26,http://h-da.de/ml-ontology/time_series_classification,time series classification,0.4269792437553406,1
10.1007/978-981-96-5856-5_31,http://h-da.de/ml-ontology/regression,regression,0.42881399393081665,1
10.1007/978-981-96-6066-7_40,http://h-da.de/ml-ontology/regression,regression,0.5354351997375488,1
10.1007/978-981-96-6348-4_21,http://h-da.de/ml-ontology/time_series_forecasting,time series forecasting,0.3852549195289612,1
10.1007/978-981-96-6534-1_9,http://h-da.de/ml-ontology/association_rule_learning,association rule learning,0.37154626846313477,1
10.1007/978-981-96-6732-1_27,http://h-da.de/ml-ontology/time_series_classification,time series classification,0.46465450525283813,1
10.1007/978-981-96-6932-5_39,http://h-da.de/ml-ontology/binary_classification,binary classification,0.45951521396636963,1
10.1007/978-981-96-7134-2_40,http://h-da.de/ml-ontology/feature_extraction,feature extraction,0.39762791991233826,1
10.1007/978-981-96-7380-3_23,http://h-da.de/ml-ontology/image_classification,image classification,0.3552008271217346,1
10.1007/978-981-96-8003-0_24,http://h-da.de/ml-ontology/binary_classification,binary classification,0.4434351325035095,1
10.1007/978-981-96-8058-0_14,http://h-da.de/ml-ontology/tabular_regression,tabular regression,0.37077128887176514,1
10.1007/978-981-96-8834-0_1,http://h-da.de/ml-ontology/image_regression,image regression,0.3821178078651428,1
10.1007/978-981-96-8908-8_69,http://h-da.de/ml-ontology/binary_classification,binary classification,0.35463395714759827,1
10.1007/978-981-97-0072-1_5,http://h-da.de/ml-ontology/audio_regression,audio regression,0.3513911962509155,1
10.1007/978-981-97-0072-1_6,http://h-da.de/ml-ontology/audio_regression,audio regression,0.39345672726631165,1
10.1007/978-981-97-0169-8_4,http://h-da.de/ml-ontology/text_analytics,text analytics,0.49142664670944214,1
10.1007/978-981-97-0268-8_25,http://h-da.de/ml-ontology/time_series_classification,time series classification,0.45558518171310425,1
10.1007/978-981-97-0272-5_14,http://h-da.de/ml-ontology/feature_extraction,feature extraction,0.5084304809570312,1
10.1007/978-981-97-0272-5_2,http://h-da.de/ml-ontology/regression,regression,0.42084407806396484,1
10.1007/978-981-97-0272-5_43,http://h-da.de/ml-ontology/feature_extraction,feature extraction,0.4187561869621277,1
10.1007/978-981-97-0483-5_5,http://h-da.de/ml-ontology/feature_extraction,feature extraction,0.3712220788002014,1
10.1007/978-981-97-0573-3_17,http://h-da.de/ml-ontology/regression,regression,0.41512784361839294,1
10.1007/978-981-97-0888-8_16,http://h-da.de/ml-ontology/tabular_classification,tabular classification,0.3547017574310303,1
10.1007/978-981-97-0975-5_28,http://h-da.de/ml-ontology/binary_classification,binary classification,0.40299808979034424,1
10.1007/978-981-97-1323-3_16,http://h-da.de/ml-ontology/regression,regression,0.41983258724212646,1
10.1007/978-981-97-1682-1_18,http://h-da.de/ml-ontology/feature_extraction,feature extraction,0.3990519642829895,1
10.1007/978-981-97-2211-2_11,http://h-da.de/ml-ontology/topic_modeling,topic modeling,0.4654277563095093,1
10.1007/978-981-97-2508-3_36,http://h-da.de/ml-ontology/association_rule_learning,association rule learning,0.44291573762893677,1
10.1007/978-981-97-3180-0_33,http://h-da.de/ml-ontology/binary_classification,binary classification,0.4376716613769531,1
10.1007/978-981-97-3210-4_25,http://h-da.de/ml-ontology/image_classification,image classification,0.38546139001846313,1
10.1007/978-981-97-3289-0_49,http://h-da.de/ml-ontology/feature_extraction,feature extraction,0.42956221103668213,1
10.1007/978-981-97-3320-0_9,http://h-da.de/ml-ontology/image_classification,image classification,0.3741287589073181,1
10.1007/978-981-97-3442-9_46,http://h-da.de/ml-ontology/association_rule_learning,association rule learning,0.5442360639572144,1
10.1007/978-981-97-3523-5_21,http://h-da.de/ml-ontology/regression,regression,0.4431375563144684,1
10.1007/978-981-97-3745-1_15,http://h-da.de/ml-ontology/regression,regression,0.44519925117492676,1
10.1007/978-981-97-3937-0_39,http://h-da.de/ml-ontology/feature_extraction,feature extraction,0.3826083540916443,1
10.1007/978-981-97-4677-4_16,http://h-da.de/ml-ontology/anomaly_detection,anomaly detection,0.5436414480209351,1
10.1007/978-981-97-4700-9_21,http://h-da.de/ml-ontology/image_classification,image classification,0.46221643686294556,1
10.1007/978-981-97-4799-3_29,http://h-da.de/ml-ontology/feature_extraction,feature extraction,0.38172754645347595,1
10.1007/978-981-97-5489-2_8,http://h-da.de/ml-ontology/anomaly_detection,anomaly detection,0.43850377202033997,1
10.1007/978-981-97-5672-8_3,http://h-da.de/ml-ontology/feature_selection,feature selection,0.3952321410179138,1
10.1007/978-981-97-5799-2_17,http://h-da.de/ml-ontology/classification,classification,0.38079118728637695,1
10.1007/978-981-97-6036-7_14,http://h-da.de/ml-ontology/feature_extraction,feature extraction,0.3988228440284729,1
10.1007/978-981-97-6036-7_47,http://h-da.de/ml-ontology/classification,classification,0.3505985140800476,1
10.1007/978-981-97-6176-0_6,http://h-da.de/ml-ontology/regression,regression,0.37916988134384155,1
10.1007/978-981-97-6802-8_21,http://h-da.de/ml-ontology/regression,regression,0.4881139397621155,1
10.1007/978-981-97-6934-6_55,http://h-da.de/ml-ontology/image_classification,image classification,0.512001633644104,1
10.1007/978-981-97-7001-4_12,http://h-da.de/ml-ontology/time_series_classification,time series classification,0.43212056159973145,1
10.1007/978-981-97-7004-5_10,http://h-da.de/ml-ontology/feature_selection,feature selection,0.4314494729042053,1
10.1007/978-981-97-7139-4_74,http://h-da.de/ml-ontology/time_series_classification,time series classification,0.42715179920196533,1
10.1007/978-981-97-7178-3_18,http://h-da.de/ml-ontology/association_rule_learning,association rule learning,0.41023218631744385,1
10.1007/978-981-97-7360-2_23,http://h-da.de/ml-ontology/regression,regression,0.4488380551338196,1
10.1007/978-981-97-7371-8_11,http://h-da.de/ml-ontology/classification,classification,0.41630589962005615,1
10.1007/978-981-97-7371-8_29,http://h-da.de/ml-ontology/feature_extraction,feature extraction,0.37309038639068604,1
10.1007/978-981-97-7467-8_26,http://h-da.de/ml-ontology/regression,regression,0.39787358045578003,1
10.1007/978-981-97-7494-4_7,http://h-da.de/ml-ontology/feature_extraction,feature extraction,0.44614022970199585,1
10.1007/978-981-97-7846-1_5,http://h-da.de/ml-ontology/feature_extraction,feature extraction,0.37627917528152466,1
10.1007/978-981-97-8031-0_109,http://h-da.de/ml-ontology/image_classification,image classification,0.38216644525527954,1
10.1007/978-981-97-8090-7_9,http://h-da.de/ml-ontology/image_segmentation,image segmentation,0.43798279762268066,1
10.1007/978-981-97-8836-1_34,http://h-da.de/ml-ontology/feature_extraction,feature extraction,0.4017215371131897,1
10.1007/978-981-97-8865-1_10,http://h-da.de/ml-ontology/action_recognition,action recognition,0.3608202338218689,1
10.1007/978-981-97-9262-7_78,http://h-da.de/ml-ontology/feature_extraction,feature extraction,0.4027007222175598,1
10.1007/978-981-99-0063-3_45,http://h-da.de/ml-ontology/anomaly_detection,anomaly detection,0.366962730884552,1
10.1007/978-981-99-0252-1_2,http://h-da.de/ml-ontology/anomaly_detection,anomaly detection,0.5549203157424927,1
10.1007/978-981-99-0301-6_32,http://h-da.de/ml-ontology/feature_extraction,feature extraction,0.5119133591651917,1
10.1007/978-981-99-0838-7_66,http://h-da.de/ml-ontology/feature_extraction,feature extraction,0.35292720794677734,1
10.1007/978-981-99-0981-0_18,http://h-da.de/ml-ontology/binary_classification,binary classification,0.4646874964237213,1
10.1007/978-981-99-1203-2_31,http://h-da.de/ml-ontology/regression,regression,0.39655616879463196,1
10.1007/978-981-99-1252-0_69,http://h-da.de/ml-ontology/feature_extraction,feature extraction,0.3597838878631592,1
10.1007/978-981-99-1256-8_29,http://h-da.de/ml-ontology/sentiment_analysis,sentiment analysis,0.39127588272094727,1
10.1007/978-981-99-1288-9_38,http://h-da.de/ml-ontology/image_classification,image classification,0.46508216857910156,1
10.1007/978-981-99-1288-9_47,http://h-da.de/ml-ontology/time_series_classification,time series classification,0.45942234992980957,1
10.1007/978-981-99-1428-9_52,http://h-da.de/ml-ontology/recommendation,recommendation,0.5253549218177795,1
10.1007/978-981-99-1479-1_42,http://h-da.de/ml-ontology/anomaly_detection,anomaly detection,0.39955276250839233,1
10.1007/978-981-99-1964-2_576,http://h-da.de/ml-ontology/feature_extraction,feature extraction,0.37990209460258484,1
10.1007/978-981-99-2150-8_17,http://h-da.de/ml-ontology/feature_extraction,feature extraction,0.3712696433067322,1
10.1007/978-981-99-2602-2_40,http://h-da.de/ml-ontology/time_series_classification,time series classification,0.47799932956695557,1
10.1007/978-981-99-2742-5_58,http://h-da.de/ml-ontology/feature_extraction,feature extraction,0.37690573930740356,1
10.1007/978-981-99-3250-4_23,http://h-da.de/ml-ontology/regression,regression,0.39398840069770813,1
10.1007/978-981-99-4634-1_37,http://h-da.de/ml-ontology/image_classification,image classification,0.45729589462280273,1
10.1007/978-981-99-4882-6_46,http://h-da.de/ml-ontology/image_regression,image regression,0.3661523461341858,1
10.1007/978-981-99-5180-2_21,http://h-da.de/ml-ontology/binary_classification,binary classification,0.36232516169548035,1
10.1007/978-981-99-5974-7_1,http://h-da.de/ml-ontology/feature_reduction,feature reduction,0.5155681371688843,1
10.1007/978-981-99-6062-0_21,http://h-da.de/ml-ontology/time_series_classification,time series classification,0.5505295991897583,1
10.1007/978-981-99-6062-0_54,http://h-da.de/ml-ontology/binary_classification,binary classification,0.4081035852432251,1
10.1007/978-981-99-6062-0_59,http://h-da.de/ml-ontology/binary_classification,binary classification,0.4445444345474243,1
10.1007/978-981-99-6187-0_54,http://h-da.de/ml-ontology/feature_extraction,feature extraction,0.42074477672576904,1
10.1007/978-981-99-6303-4_10,http://h-da.de/ml-ontology/image_classification,image classification,0.49406537413597107,1
10.1007/978-981-99-6547-2_16,http://h-da.de/ml-ontology/feature_extraction,feature extraction,0.3605571389198303,1
10.1007/978-981-99-6550-2_47,http://h-da.de/ml-ontology/anomaly_detection,anomaly detection,0.36042746901512146,1
10.1007/978-981-99-7383-5_29,http://h-da.de/ml-ontology/regression,regression,0.48514246940612793,1
10.1007/978-981-99-7409-2_4,http://h-da.de/ml-ontology/regression,regression,0.37462741136550903,1
10.1007/978-981-99-8031-4_46,http://h-da.de/ml-ontology/regression,regression,0.46844756603240967,1
10.1007/978-981-99-8135-9_18,http://h-da.de/ml-ontology/regression,regression,0.43978455662727356,1
10.1007/978-981-99-8476-3_1,http://h-da.de/ml-ontology/video_regression,video regression,0.396444708108902,1
10.1007/978-981-99-8498-5_36,http://h-da.de/ml-ontology/image_classification,image classification,0.49590617418289185,1
10.1007/978-981-99-8498-5_7,http://h-da.de/ml-ontology/time_series_classification,time series classification,0.4835159182548523,1
10.1007/978-981-99-8612-5_12,http://h-da.de/ml-ontology/feature_selection,feature selection,0.3540160059928894,1
10.1007/978-981-99-8819-8_37,http://h-da.de/ml-ontology/image_classification,image classification,0.4912579655647278,1
10.1007/978-981-99-9037-5_24,http://h-da.de/ml-ontology/time_series_classification,time series classification,0.43539494276046753,1
10.1007/978-981-99-9521-9_36,http://h-da.de/ml-ontology/feature_extraction,feature extraction,0.39287132024765015,1
10.1007/978-981-99-9562-2_6,http://h-da.de/ml-ontology/regression,regression,0.497794508934021,1
10.1007/978-981-99-9592-9_20,http://h-da.de/ml-ontology/regression,regression,0.49020346999168396,1
10.1007/978-981-99-9833-3_12,http://h-da.de/ml-ontology/time_series_forecasting,time series forecasting,0.43852752447128296,1
10.1007/978-981-99-9833-3_3,http://h-da.de/ml-ontology/image_classification,image classification,0.3739323616027832,1
10.1007/9783030924959,http://h-da.de/ml-ontology/regression,regression,0.36325493454933167,1
10.1007/BF00872093,http://h-da.de/ml-ontology/association_rule_learning,association rule learning,0.5433537364006042,1
10.1007/BF01751099,http://h-da.de/ml-ontology/binary_classification,binary classification,0.49883419275283813,1
10.1007/JHEP04(2022)156,http://h-da.de/ml-ontology/anomaly_detection,anomaly detection,0.3779221177101135,1
10.1007/s00034-025-03081-1,http://h-da.de/ml-ontology/binary_classification,binary classification,0.4162302017211914,1
10.1007/s00107-020-01621-x,http://h-da.de/ml-ontology/image_regression,image regression,0.36446624994277954,1
10.1007/s00107-022-01826-2,http://h-da.de/ml-ontology/image_regression,image regression,0.4845741093158722,1
10.1007/s00107-024-02059-1,http://h-da.de/ml-ontology/tabular_classification,tabular classification,0.3651646375656128,1
10.1007/s00107-024-02177-w,http://h-da.de/ml-ontology/feature_extraction,feature extraction,0.3807310461997986,1
10.1007/s00138-006-0022-6,http://h-da.de/ml-ontology/object_detection,object detection,0.45832425355911255,1
10.1007/s00158-024-03800-3,http://h-da.de/ml-ontology/audio_regression,audio regression,0.4366925358772278,1
10.1007/s00158-025-04173-x,http://h-da.de/ml-ontology/image_classification,image classification,0.425814688205719,1
10.1007/s00170-015-7213-0,http://h-da.de/ml-ontology/image_classification,image classification,0.570640504360199,1
10.1007/s00170-016-8418-6,http://h-da.de/ml-ontology/classification,classification,0.44294413924217224,1
10.1007/s00170-016-9693-y,http://h-da.de/ml-ontology/time_series_classification,time series classification,0.42884892225265503,1
10.1007/s00170-017-1039-x,http://h-da.de/ml-ontology/binary_classification,binary classification,0.3912174701690674,1
10.1007/s00170-017-1460-1,http://h-da.de/ml-ontology/audio_classification,audio classification,0.4543880224227905,1
10.1007/s00170-018-2674-6,http://h-da.de/ml-ontology/time_series_classification,time series classification,0.3756338059902191,1
10.1007/s00170-018-3022-6,http://h-da.de/ml-ontology/image_classification,image classification,0.5685940384864807,1
10.1007/s00170-019-03306-z,http://h-da.de/ml-ontology/feature_extraction,feature extraction,0.42959704995155334,1
10.1007/s00170-019-03794-z,http://h-da.de/ml-ontology/image_classification,image classification,0.5107148885726929,1
10.1007/s00170-019-04170-7,http://h-da.de/ml-ontology/audio_regression,audio regression,0.4344794750213623,1
10.1007/s00170-020-05505-5,http://h-da.de/ml-ontology/feature_extraction,feature extraction,0.41551947593688965,1
10.1007/s00170-020-05695-y,http://h-da.de/ml-ontology/image_classification,image classification,0.47747233510017395,1
10.1007/s00170-020-05887-6,http://h-da.de/ml-ontology/image_classification,image classification,0.4660807251930237,1
10.1007/s00170-020-05995-3,http://h-da.de/ml-ontology/image_classification,image classification,0.5241732597351074,1
10.1007/s00170-020-06078-z,http://h-da.de/ml-ontology/binary_classification,binary classification,0.39305049180984497,1
10.1007/s00170-020-06165-1,http://h-da.de/ml-ontology/time_series_classification,time series classification,0.4861374795436859,1
10.1007/s00170-020-06389-1,http://h-da.de/ml-ontology/recommendation,recommendation,0.4600086212158203,1
10.1007/s00170-020-06511-3,http://h-da.de/ml-ontology/feature_extraction,feature extraction,0.39102572202682495,1
10.1007/s00170-021-06833-w,http://h-da.de/ml-ontology/image_regression,image regression,0.4385484457015991,1
10.1007/s00170-021-07252-7,http://h-da.de/ml-ontology/feature_extraction,feature extraction,0.3689568340778351,1
10.1007/s00170-021-07253-6,http://h-da.de/ml-ontology/binary_classification,binary classification,0.43894529342651367,1
10.1007/s00170-021-07305-x,http://h-da.de/ml-ontology/audio_classification,audio classification,0.4399131238460541,1
10.1007/s00170-021-07325-7,http://h-da.de/ml-ontology/feature_extraction,feature extraction,0.46054914593696594,1
10.1007/s00170-021-07721-z,http://h-da.de/ml-ontology/feature_extraction,feature extraction,0.38491755723953247,1
10.1007/s00170-021-08109-9,http://h-da.de/ml-ontology/feature_extraction,feature extraction,0.3554251790046692,1
10.1007/s00170-021-08551-9,http://h-da.de/ml-ontology/image_classification,image classification,0.4489734470844269,1
10.1007/s00170-021-08632-9,http://h-da.de/ml-ontology/feature_extraction,feature extraction,0.37265533208847046,1
10.1007/s00170-022-08671-w,http://h-da.de/ml-ontology/image_classification,image classification,0.36997970938682556,1
10.1007/s00170-022-08722-2,http://h-da.de/ml-ontology/image_classification,image classification,0.3714040517807007,1
10.1007/s00170-022-08884-z,http://h-da.de/ml-ontology/image_classification,image classification,0.38559800386428833,1
10.1007/s00170-022-08973-z,http://h-da.de/ml-ontology/image_classification,image classification,0.445537269115448,1
10.1007/s00170-022-08995-7,http://h-da.de/ml-ontology/image_classification,image classification,0.44917067885398865,1
10.1007/s00170-022-09003-8,http://h-da.de/ml-ontology/image_regression,image regression,0.37532252073287964,1
10.1007/s00170-022-09141-z,http://h-da.de/ml-ontology/image_classification,image classification,0.48731356859207153,1
10.1007/s00170-022-09452-1,http://h-da.de/ml-ontology/feature_extraction,feature extraction,0.35343629121780396,1
10.1007/s00170-022-09555-9,http://h-da.de/ml-ontology/feature_extraction,feature extraction,0.37151286005973816,1
10.1007/s00170-022-09591-5,http://h-da.de/ml-ontology/feature_extraction,feature extraction,0.4480268359184265,1
10.1007/s00170-022-09608-z,http://h-da.de/ml-ontology/feature_extraction,feature extraction,0.44292593002319336,1
10.1007/s00170-022-09930-6,http://h-da.de/ml-ontology/binary_classification,binary classification,0.44321224093437195,1
10.1007/s00170-022-10032-6,http://h-da.de/ml-ontology/audio_regression,audio regression,0.37272700667381287,1
10.1007/s00170-022-10249-5,http://h-da.de/ml-ontology/image_regression,image regression,0.46621787548065186,1
10.1007/s00170-022-10260-w,http://h-da.de/ml-ontology/feature_extraction,feature extraction,0.43896788358688354,1
10.1007/s00170-022-10470-2,http://h-da.de/ml-ontology/feature_extraction,feature extraction,0.3674708306789398,1
10.1007/s00170-022-10649-7,http://h-da.de/ml-ontology/image_regression,image regression,0.3717431128025055,1
10.1007/s00170-023-10847-x,http://h-da.de/ml-ontology/binary_classification,binary classification,0.4340863525867462,1
10.1007/s00170-023-10918-z,http://h-da.de/ml-ontology/audio_regression,audio regression,0.44932496547698975,1
10.1007/s00170-023-10928-x,http://h-da.de/ml-ontology/clustering,clustering,0.47883495688438416,1
10.1007/s00170-023-11035-7,http://h-da.de/ml-ontology/feature_extraction,feature extraction,0.4503287672996521,1
10.1007/s00170-023-11173-y,http://h-da.de/ml-ontology/image_classification,image classification,0.39412152767181396,1
10.1007/s00170-023-11281-9,http://h-da.de/ml-ontology/image_classification,image classification,0.4591973125934601,1
10.1007/s00170-023-11507-w,http://h-da.de/ml-ontology/image_classification,image classification,0.438374400138855,1
10.1007/s00170-023-11563-2,http://h-da.de/ml-ontology/regression,regression,0.39558541774749756,1
10.1007/s00170-023-11582-z,http://h-da.de/ml-ontology/image_regression,image regression,0.3667546510696411,1
10.1007/s00170-023-11768-5,http://h-da.de/ml-ontology/image_classification,image classification,0.46404069662094116,1
10.1007/s00170-023-11834-y,http://h-da.de/ml-ontology/association_rule_learning,association rule learning,0.37685340642929077,1
10.1007/s00170-023-11906-z,http://h-da.de/ml-ontology/image_regression,image regression,0.417383074760437,1
10.1007/s00170-023-11939-4,http://h-da.de/ml-ontology/audio_regression,audio regression,0.41867363452911377,1
10.1007/s00170-023-12020-w,http://h-da.de/ml-ontology/binary_classification,binary classification,0.44102075695991516,1
10.1007/s00170-023-12070-0,http://h-da.de/ml-ontology/feature_extraction,feature extraction,0.37532201409339905,1
10.1007/s00170-023-12071-z,http://h-da.de/ml-ontology/regression,regression,0.3971300721168518,1
10.1007/s00170-023-12290-4,http://h-da.de/ml-ontology/image_classification,image classification,0.45930418372154236,1
10.1007/s00170-023-12329-6,http://h-da.de/ml-ontology/image_regression,image regression,0.4275568425655365,1
10.1007/s00170-023-12375-0,http://h-da.de/ml-ontology/audio_regression,audio regression,0.44217225909233093,1
10.1007/s00170-023-12624-2,http://h-da.de/ml-ontology/binary_classification,binary classification,0.39363715052604675,1
10.1007/s00170-023-12700-7,http://h-da.de/ml-ontology/audio_regression,audio regression,0.4039430320262909,1
10.1007/s00170-023-12798-9,http://h-da.de/ml-ontology/anomaly_detection,anomaly detection,0.562751054763794,1
10.1007/s00170-023-12830-y,http://h-da.de/ml-ontology/feature_extraction,feature extraction,0.40250223875045776,1
10.1007/s00170-024-13124-7,http://h-da.de/ml-ontology/image_classification,image classification,0.5453187227249146,1
10.1007/s00170-024-13165-y,http://h-da.de/ml-ontology/image_regression,image regression,0.4030342698097229,1
10.1007/s00170-024-13543-6,http://h-da.de/ml-ontology/image_regression,image regression,0.41179561614990234,1
10.1007/s00170-024-13590-z,http://h-da.de/ml-ontology/time_series_classification,time series classification,0.44154149293899536,1
10.1007/s00170-024-13781-8,http://h-da.de/ml-ontology/image_classification,image classification,0.38444003462791443,1
10.1007/s00170-024-14000-0,http://h-da.de/ml-ontology/feature_extraction,feature extraction,0.4305175542831421,1
10.1007/s00170-024-14044-2,http://h-da.de/ml-ontology/tabular_regression,tabular regression,0.4119494557380676,1
10.1007/s00170-024-14097-3,http://h-da.de/ml-ontology/binary_classification,binary classification,0.45799413323402405,1
10.1007/s00170-024-14155-w,http://h-da.de/ml-ontology/image_classification,image classification,0.373887836933136,1
10.1007/s00170-024-14273-5,http://h-da.de/ml-ontology/feature_extraction,feature extraction,0.4257378578186035,1
10.1007/s00170-024-14305-0,http://h-da.de/ml-ontology/binary_classification,binary classification,0.41143864393234253,1
10.1007/s00170-024-14322-z,http://h-da.de/ml-ontology/time_series_classification,time series classification,0.42102235555648804,1
10.1007/s00170-024-14470-2,http://h-da.de/ml-ontology/feature_selection,feature selection,0.41315406560897827,1
10.1007/s00170-024-14500-z,http://h-da.de/ml-ontology/feature_extraction,feature extraction,0.3816951513290405,1
10.1007/s00170-024-14505-8,http://h-da.de/ml-ontology/time_series_forecasting,time series forecasting,0.44868555665016174,1
10.1007/s00170-024-14648-8,http://h-da.de/ml-ontology/anomaly_detection,anomaly detection,0.44572728872299194,1
10.1007/s00170-024-14686-2,http://h-da.de/ml-ontology/feature_extraction,feature extraction,0.3655860424041748,1
10.1007/s00170-024-14689-z,http://h-da.de/ml-ontology/audio_regression,audio regression,0.3805021047592163,1
10.1007/s00170-024-14717-y,http://h-da.de/ml-ontology/feature_extraction,feature extraction,0.38696131110191345,1
10.1007/s00170-024-14779-y,http://h-da.de/ml-ontology/feature_extraction,feature extraction,0.3912454843521118,1
10.1007/s00170-024-14860-6,http://h-da.de/ml-ontology/audio_regression,audio regression,0.4337848424911499,1
10.1007/s00170-024-14868-y,http://h-da.de/ml-ontology/feature_extraction,feature extraction,0.4169349670410156,1
10.1007/s00170-025-15008-w,http://h-da.de/ml-ontology/image_classification,image classification,0.4595925509929657,1
10.1007/s00170-025-15134-5,http://h-da.de/ml-ontology/image_regression,image regression,0.362600713968277,1
10.1007/s00170-025-15328-x,http://h-da.de/ml-ontology/feature_extraction,feature extraction,0.3803451657295227,1
10.1007/s00170-025-15381-6,http://h-da.de/ml-ontology/image_regression,image regression,0.3640885055065155,1
10.1007/s00170-025-15416-y,http://h-da.de/ml-ontology/image_regression,image regression,0.41187340021133423,1
10.1007/s00170-025-15472-4,http://h-da.de/ml-ontology/audio_regression,audio regression,0.40377524495124817,1
10.1007/s00170-025-15473-3,http://h-da.de/ml-ontology/anomaly_detection,anomaly detection,0.5481016039848328,1
10.1007/s00170-025-15534-7,http://h-da.de/ml-ontology/feature_extraction,feature extraction,0.4186825156211853,1
10.1007/s00170-025-15591-y,http://h-da.de/ml-ontology/image_classification,image classification,0.35657835006713867,1
10.1007/s00170-025-15611-x,http://h-da.de/ml-ontology/feature_extraction,feature extraction,0.4238694906234741,1
10.1007/s00170-025-15616-6,http://h-da.de/ml-ontology/image_classification,image classification,0.5390360355377197,1
10.1007/s00170-025-15746-x,http://h-da.de/ml-ontology/feature_extraction,feature extraction,0.3993820250034332,1
10.1007/s00170-025-15748-9,http://h-da.de/ml-ontology/regression,regression,0.37092161178588867,1
10.1007/s00170-025-15767-6,http://h-da.de/ml-ontology/audio_regression,audio regression,0.3773871660232544,1
10.1007/s00170-025-15772-9,http://h-da.de/ml-ontology/audio_regression,audio regression,0.4230508506298065,1
10.1007/s00170-025-15786-3,http://h-da.de/ml-ontology/binary_classification,binary classification,0.43409639596939087,1
10.1007/s00170-025-15788-1,http://h-da.de/ml-ontology/feature_extraction,feature extraction,0.4516308307647705,1
10.1007/s00170-025-15841-z,http://h-da.de/ml-ontology/image_classification,image classification,0.4332730174064636,1
10.1007/s00170-025-15844-w,http://h-da.de/ml-ontology/binary_classification,binary classification,0.37580156326293945,1
10.1007/s00170-025-15870-8,http://h-da.de/ml-ontology/time_series_classification,time series classification,0.36751246452331543,1
10.1007/s00170-025-15958-1,http://h-da.de/ml-ontology/feature_extraction,feature extraction,0.35634157061576843,1
10.1007/s00170-025-16170-x,http://h-da.de/ml-ontology/time_series_classification,time series classification,0.4389682412147522,1
10.1007/s00170-025-16232-0,http://h-da.de/ml-ontology/tabular_regression,tabular regression,0.3502804934978485,1
10.1007/s00170-025-16376-z,http://h-da.de/ml-ontology/feature_extraction,feature extraction,0.3874279856681824,1
10.1007/s00170-025-16491-x,http://h-da.de/ml-ontology/feature_extraction,feature extraction,0.39259999990463257,1
10.1007/s00170-025-16554-z,http://h-da.de/ml-ontology/audio_regression,audio regression,0.4110652804374695,1
10.1007/s00170-025-16572-x,http://h-da.de/ml-ontology/audio_regression,audio regression,0.41629183292388916,1
10.1007/s00170-025-16758-3,http://h-da.de/ml-ontology/feature_extraction,feature extraction,0.38018083572387695,1
10.1007/s00202-020-01153-w,http://h-da.de/ml-ontology/regression,regression,0.3834802806377411,1
10.1007/s00202-024-02440-6,http://h-da.de/ml-ontology/regression,regression,0.3973749876022339,1
10.1007/s00202-025-02987-y,http://h-da.de/ml-ontology/binary_classification,binary classification,0.36807680130004883,1
10.1007/s00202-025-03277-3,http://h-da.de/ml-ontology/time_series_forecasting,time series forecasting,0.37826913595199585,1
10.1007/s00216-020-02687-5,http://h-da.de/ml-ontology/feature_extraction,feature extraction,0.4154894948005676,1
10.1007/s00217-023-04436-1,http://h-da.de/ml-ontology/image_classification,image classification,0.43881574273109436,1
10.1007/s00339-020-3363-5,http://h-da.de/ml-ontology/feature_extraction,feature extraction,0.39863890409469604,1
10.1007/s00340-021-07725-3,http://h-da.de/ml-ontology/image_classification,image classification,0.4462287425994873,1
10.1007/s00371-023-02811-3,http://h-da.de/ml-ontology/image_classification,image classification,0.45904695987701416,1
10.1007/s00432-023-05238-4,http://h-da.de/ml-ontology/feature_selection,feature selection,0.42766639590263367,1
10.1007/s00449-019-02165-y,http://h-da.de/ml-ontology/regression,regression,0.3874308168888092,1
10.1007/s00449-021-02529-3,http://h-da.de/ml-ontology/image_regression,image regression,0.3640446066856384,1
10.1007/s00477-021-02075-0,http://h-da.de/ml-ontology/time_series_forecasting,time series forecasting,0.4202926754951477,1
10.1007/s00477-023-02490-5,http://h-da.de/ml-ontology/regression,regression,0.4643724262714386,1
10.1007/s00500-016-2232-9,http://h-da.de/ml-ontology/feature_extraction,feature extraction,0.4352821111679077,1
10.1007/s00500-019-04556-5,http://h-da.de/ml-ontology/feature_extraction,feature extraction,0.4121586084365845,1
10.1007/s00500-020-05348-y,http://h-da.de/ml-ontology/regression,regression,0.44669806957244873,1
10.1007/s00500-022-06955-7,http://h-da.de/ml-ontology/time_series_classification,time series classification,0.44804561138153076,1
10.1007/s00500-023-07895-6,http://h-da.de/ml-ontology/regression,regression,0.38355720043182373,1
10.1007/s00500-023-08512-2,http://h-da.de/ml-ontology/image_classification,image classification,0.4277190864086151,1
10.1007/s00500-023-08993-1,http://h-da.de/ml-ontology/time_series_classification,time series classification,0.47765982151031494,1
10.1007/s00500-023-09047-2,http://h-da.de/ml-ontology/anomaly_detection,anomaly detection,0.3618711233139038,1
10.1007/s00500-023-09048-1,http://h-da.de/ml-ontology/image_classification,image classification,0.3601072132587433,1
10.1007/s00521-019-04411-6,http://h-da.de/ml-ontology/regression,regression,0.3795228898525238,1
10.1007/s00521-021-05976-x,http://h-da.de/ml-ontology/feature_extraction,feature extraction,0.3617503046989441,1
10.1007/s00521-021-06397-6,http://h-da.de/ml-ontology/image_classification,image classification,0.43590444326400757,1
10.1007/s00521-021-06799-6,http://h-da.de/ml-ontology/feature_extraction,feature extraction,0.39806389808654785,1
10.1007/s00521-022-06956-5,http://h-da.de/ml-ontology/association_rule_learning,association rule learning,0.4382607936859131,1
10.1007/s00521-022-06962-7,http://h-da.de/ml-ontology/time_series_analysis,time series analysis,0.39543554186820984,1
10.1007/s00521-022-07465-1,http://h-da.de/ml-ontology/binary_classification,binary classification,0.5216391086578369,1
10.1007/s00521-022-07667-7,http://h-da.de/ml-ontology/time_series_classification,time series classification,0.387686550617218,1
10.1007/s00521-022-07901-2,http://h-da.de/ml-ontology/anomaly_detection,anomaly detection,0.5338855981826782,1
10.1007/s00521-022-07988-7,http://h-da.de/ml-ontology/image_regression,image regression,0.3901115655899048,1
10.1007/s00521-022-08017-3,http://h-da.de/ml-ontology/feature_extraction,feature extraction,0.42095571756362915,1
10.1007/s00521-023-08257-x,http://h-da.de/ml-ontology/binary_classification,binary classification,0.36781781911849976,1
10.1007/s00521-023-08605-x,http://h-da.de/ml-ontology/time_series_classification,time series classification,0.36386266350746155,1
10.1007/s00521-024-09834-4,http://h-da.de/ml-ontology/feature_extraction,feature extraction,0.38462337851524353,1
10.1007/s00521-024-10605-4,http://h-da.de/ml-ontology/feature_extraction,feature extraction,0.4347107410430908,1
10.1007/s00521-024-10618-z,http://h-da.de/ml-ontology/time_series_forecasting,time series forecasting,0.3916711211204529,1
10.1007/s00521-024-10750-w,http://h-da.de/ml-ontology/image_classification,image classification,0.37410005927085876,1
10.1007/s00521-025-11194-6,http://h-da.de/ml-ontology/sentiment_analysis,sentiment analysis,0.5878093838691711,1
10.1007/s00521-025-11318-y,http://h-da.de/ml-ontology/feature_extraction,feature extraction,0.41386133432388306,1
10.1007/s00521-025-11453-6,http://h-da.de/ml-ontology/image_regression,image regression,0.44926536083221436,1
10.1007/s00521-025-11570-2,http://h-da.de/ml-ontology/time_series_classification,time series classification,0.4790659546852112,1
10.1007/s00542-023-05449-2,http://h-da.de/ml-ontology/image_classification,image classification,0.373016893863678,1
10.1007/s00607-021-00941-x,http://h-da.de/ml-ontology/anomaly_detection,anomaly detection,0.5308635234832764,1
10.1007/s00607-022-01057-6,http://h-da.de/ml-ontology/association_rule_learning,association rule learning,0.43240922689437866,1
10.1007/s00704-022-03983-z,http://h-da.de/ml-ontology/regression,regression,0.4620092213153839,1
10.1007/s00704-024-05051-0,http://h-da.de/ml-ontology/regression,regression,0.3540112376213074,1
10.1007/s00704-025-05716-4,http://h-da.de/ml-ontology/regression,regression,0.3583342730998993,1
10.1007/s00704-025-05759-7,http://h-da.de/ml-ontology/regression,regression,0.43290647864341736,1
10.1007/s00704-025-05803-6,http://h-da.de/ml-ontology/regression,regression,0.3602827191352844,1
10.1007/s00773-022-00914-5,http://h-da.de/ml-ontology/feature_extraction,feature extraction,0.3977460563182831,1
10.1007/s10009-025-00806-0,http://h-da.de/ml-ontology/audio_regression,audio regression,0.4250295162200928,1
10.1007/s10044-018-0748-6,http://h-da.de/ml-ontology/feature_extraction,feature extraction,0.43994128704071045,1
10.1007/s10064-023-03138-y,http://h-da.de/ml-ontology/feature_extraction,feature extraction,0.3502107262611389,1
10.1007/s10064-024-03896-3,http://h-da.de/ml-ontology/audio_regression,audio regression,0.3991633653640747,1
10.1007/s10098-020-01883-2,http://h-da.de/ml-ontology/feature_extraction,feature extraction,0.38089025020599365,1
10.1007/s10098-022-02321-1,http://h-da.de/ml-ontology/regression,regression,0.38875216245651245,1
10.1007/s10098-023-02584-2,http://h-da.de/ml-ontology/regression,regression,0.43329891562461853,1
10.1007/s10100-013-0322-7,http://h-da.de/ml-ontology/binary_classification,binary classification,0.35945388674736023,1
10.1007/s10118-025-3306-x,http://h-da.de/ml-ontology/image_regression,image regression,0.3559918999671936,1
10.1007/s10207-022-00626-2,http://h-da.de/ml-ontology/translation,translation,0.3655620813369751,1
10.1007/s10236-024-01657-0,http://h-da.de/ml-ontology/audio_regression,audio regression,0.35136550664901733,1
10.1007/s10257-019-00438-3,http://h-da.de/ml-ontology/sentiment_analysis,sentiment analysis,0.4799574613571167,1
10.1007/s10287-023-00448-0,http://h-da.de/ml-ontology/time_series_forecasting,time series forecasting,0.4625221788883209,1
10.1007/s10291-025-01892-y,http://h-da.de/ml-ontology/feature_extraction,feature extraction,0.40547090768814087,1
10.1007/s10341-025-01639-6,http://h-da.de/ml-ontology/regression,regression,0.5016224384307861,1
10.1007/s10443-025-10342-4,http://h-da.de/ml-ontology/image_classification,image classification,0.37167757749557495,1
10.1007/s10462-022-10246-w,http://h-da.de/ml-ontology/feature_extraction,feature extraction,0.3599764108657837,1
10.1007/s10462-022-10323-0,http://h-da.de/ml-ontology/regression,regression,0.3912951946258545,1
10.1007/s10462-025-11140-x,http://h-da.de/ml-ontology/time_series_forecasting,time series forecasting,0.3642891049385071,1
10.1007/s10479-021-04505-2,http://h-da.de/ml-ontology/feature_extraction,feature extraction,0.4027649462223053,1
10.1007/s10479-022-05089-1,http://h-da.de/ml-ontology/binary_classification,binary classification,0.42308154702186584,1
10.1007/s10479-023-05336-z,http://h-da.de/ml-ontology/sentiment_analysis,sentiment analysis,0.5802005529403687,1
10.1007/s10479-024-05943-4,http://h-da.de/ml-ontology/feature_selection,feature selection,0.3883122205734253,1
10.1007/s10488-021-01150-6,http://h-da.de/ml-ontology/regression,regression,0.4147612750530243,1
10.1007/s10489-009-0203-x,http://h-da.de/ml-ontology/regression,regression,0.3858301043510437,1
10.1007/s10489-016-0829-4,http://h-da.de/ml-ontology/binary_classification,binary classification,0.44039931893348694,1
10.1007/s10489-023-05005-5,http://h-da.de/ml-ontology/regression,regression,0.37729087471961975,1
10.1007/s10489-023-05092-4,http://h-da.de/ml-ontology/feature_extraction,feature extraction,0.4072471261024475,1
10.1007/s10489-023-05121-2,http://h-da.de/ml-ontology/feature_selection,feature selection,0.40745052695274353,1
10.1007/s10489-024-05273-9,http://h-da.de/ml-ontology/time_series_forecasting,time series forecasting,0.40802955627441406,1
10.1007/s10489-024-05728-z,http://h-da.de/ml-ontology/feature_reduction,feature reduction,0.35632580518722534,1
10.1007/s10489-024-06118-1,http://h-da.de/ml-ontology/time_series_classification,time series classification,0.43783727288246155,1
10.1007/s10489-025-06431-3,http://h-da.de/ml-ontology/link_prediction,link prediction,0.5778722167015076,1
10.1007/s10489-025-06603-1,http://h-da.de/ml-ontology/anomaly_detection,anomaly detection,0.6431786417961121,1
10.1007/s10489-025-06643-7,http://h-da.de/ml-ontology/regression,regression,0.394360214471817,1
10.1007/s10533-023-01029-8,http://h-da.de/ml-ontology/feature_extraction,feature extraction,0.3617716133594513,1
10.1007/s10579-025-09870-z,http://h-da.de/ml-ontology/sentiment_analysis,sentiment analysis,0.4823351502418518,1
10.1007/s10586-025-05349-2,http://h-da.de/ml-ontology/recommendation,recommendation,0.37154436111450195,1
10.1007/s10596-022-10146-6,http://h-da.de/ml-ontology/feature_extraction,feature extraction,0.3791934847831726,1
10.1007/s10596-023-10221-6,http://h-da.de/ml-ontology/regression,regression,0.3784438967704773,1
10.1007/s10614-025-10984-3,http://h-da.de/ml-ontology/regression,regression,0.39277201890945435,1
10.1007/s10618-024-01041-y,http://h-da.de/ml-ontology/feature_selection,feature selection,0.4671158790588379,1
10.1007/s10658-023-02791-z,http://h-da.de/ml-ontology/image_classification,image classification,0.4993153214454651,1
10.1007/s10661-019-7572-3,http://h-da.de/ml-ontology/feature_extraction,feature extraction,0.41753822565078735,1
10.1007/s10661-022-10529-3,http://h-da.de/ml-ontology/regression,regression,0.3551923334598541,1
10.1007/s10661-023-11463-8,http://h-da.de/ml-ontology/feature_extraction,feature extraction,0.4574105143547058,1
10.1007/s10661-024-12388-6,http://h-da.de/ml-ontology/time_series_forecasting,time series forecasting,0.42231035232543945,1
10.1007/s10661-025-14553-x,http://h-da.de/ml-ontology/regression,regression,0.3762616515159607,1
10.1007/s10668-025-06762-8,http://h-da.de/ml-ontology/regression,regression,0.3639211654663086,1
10.1007/s10696-024-09537-x,http://h-da.de/ml-ontology/association_rule_learning,association rule learning,0.387569785118103,1
10.1007/s10723-024-09764-4,http://h-da.de/ml-ontology/anomaly_detection,anomaly detection,0.39109086990356445,1
10.1007/s10772-010-9077-x,http://h-da.de/ml-ontology/audio_regression,audio regression,0.45402204990386963,1
10.1007/s10791-024-09481-2,http://h-da.de/ml-ontology/image_classification,image classification,0.3697330355644226,1
10.1007/s10796-014-9502-9,http://h-da.de/ml-ontology/link_prediction,link prediction,0.36741912364959717,1
10.1007/s10796-024-10515-9,http://h-da.de/ml-ontology/tabular_regression,tabular regression,0.3623218238353729,1
10.1007/s10800-022-01786-8,http://h-da.de/ml-ontology/feature_extraction,feature extraction,0.3718833327293396,1
10.1007/s10845-011-0577-6,http://h-da.de/ml-ontology/regression,regression,0.44428402185440063,1
10.1007/s10845-013-0847-6,http://h-da.de/ml-ontology/time_series_classification,time series classification,0.4700687527656555,1
10.1007/s10845-014-0920-9,http://h-da.de/ml-ontology/feature_extraction,feature extraction,0.3832227289676666,1
10.1007/s10845-014-0968-6,http://h-da.de/ml-ontology/feature_extraction,feature extraction,0.3608970642089844,1
10.1007/s10845-016-1244-8,http://h-da.de/ml-ontology/binary_classification,binary classification,0.45299553871154785,1
10.1007/s10845-017-1315-5,http://h-da.de/ml-ontology/anomaly_detection,anomaly detection,0.37092500925064087,1
10.1007/s10845-018-01462-9,http://h-da.de/ml-ontology/binary_classification,binary classification,0.3957090675830841,1
10.1007/s10845-018-1431-x,http://h-da.de/ml-ontology/anomaly_detection,anomaly detection,0.43261879682540894,1
10.1007/s10845-018-1437-4,http://h-da.de/ml-ontology/feature_extraction,feature extraction,0.42649829387664795,1
10.1007/s10845-019-01473-0,http://h-da.de/ml-ontology/feature_extraction,feature extraction,0.44687163829803467,1
10.1007/s10845-019-01508-6,http://h-da.de/ml-ontology/image_classification,image classification,0.5082505941390991,1
10.1007/s10845-020-01567-0,http://h-da.de/ml-ontology/image_regression,image regression,0.42608094215393066,1
10.1007/s10845-020-01571-4,http://h-da.de/ml-ontology/image_classification,image classification,0.505075216293335,1
10.1007/s10845-020-01687-7,http://h-da.de/ml-ontology/binary_classification,binary classification,0.4098433256149292,1
10.1007/s10845-020-01715-6,http://h-da.de/ml-ontology/feature_extraction,feature extraction,0.3885241150856018,1
10.1007/s10845-020-01718-3,http://h-da.de/ml-ontology/feature_extraction,feature extraction,0.44059765338897705,1
10.1007/s10845-021-01749-4,http://h-da.de/ml-ontology/sentence_similarity,sentence similarity,0.49767473340034485,1
10.1007/s10845-021-01789-w,http://h-da.de/ml-ontology/image_classification,image classification,0.39584505558013916,1
10.1007/s10845-021-01792-1,http://h-da.de/ml-ontology/image_classification,image classification,0.43167123198509216,1
10.1007/s10845-021-01795-y,http://h-da.de/ml-ontology/feature_extraction,feature extraction,0.3618510961532593,1
10.1007/s10845-021-01807-x,http://h-da.de/ml-ontology/named_entity_recognition,named entity recognition,0.6179338693618774,1
10.1007/s10845-021-01829-5,http://h-da.de/ml-ontology/image_classification,image classification,0.4232095777988434,1
10.1007/s10845-021-01842-8,http://h-da.de/ml-ontology/feature_extraction,feature extraction,0.4260980784893036,1
10.1007/s10845-021-01873-1,http://h-da.de/ml-ontology/time_series_classification,time series classification,0.3966217041015625,1
10.1007/s10845-021-01879-9,http://h-da.de/ml-ontology/feature_extraction,feature extraction,0.3807741105556488,1
10.1007/s10845-021-01892-y,http://h-da.de/ml-ontology/feature_extraction,feature extraction,0.49916744232177734,1
10.1007/s10845-021-01907-8,http://h-da.de/ml-ontology/feature_extraction,feature extraction,0.4348711669445038,1
10.1007/s10845-022-01973-6,http://h-da.de/ml-ontology/feature_extraction,feature extraction,0.45520785450935364,1
10.1007/s10845-022-01994-1,http://h-da.de/ml-ontology/image_classification,image classification,0.418048620223999,1
10.1007/s10845-022-02030-y,http://h-da.de/ml-ontology/feature_extraction,feature extraction,0.42411214113235474,1
10.1007/s10845-023-02117-0,http://h-da.de/ml-ontology/feature_extraction,feature extraction,0.40068671107292175,1
10.1007/s10845-023-02118-z,http://h-da.de/ml-ontology/anomaly_detection,anomaly detection,0.47821447253227234,1
10.1007/s10845-023-02175-4,http://h-da.de/ml-ontology/feature_extraction,feature extraction,0.41793733835220337,1
10.1007/s10845-023-02245-7,http://h-da.de/ml-ontology/association_rule_learning,association rule learning,0.4873208999633789,1
10.1007/s10845-023-02266-2,http://h-da.de/ml-ontology/feature_extraction,feature extraction,0.4781009554862976,1
10.1007/s10845-023-02272-4,http://h-da.de/ml-ontology/image_classification,image classification,0.5226433277130127,1
10.1007/s10845-023-02281-3,http://h-da.de/ml-ontology/binary_classification,binary classification,0.45708638429641724,1
10.1007/s10845-023-02287-x,http://h-da.de/ml-ontology/image_classification,image classification,0.3627769351005554,1
10.1007/s10845-023-02307-w,http://h-da.de/ml-ontology/feature_extraction,feature extraction,0.35602691769599915,1
10.1007/s10845-024-02355-w,http://h-da.de/ml-ontology/feature_extraction,feature extraction,0.42663809657096863,1
10.1007/s10845-024-02356-9,http://h-da.de/ml-ontology/feature_extraction,feature extraction,0.39557549357414246,1
10.1007/s10845-024-02357-8,http://h-da.de/ml-ontology/regression,regression,0.40304261445999146,1
10.1007/s10845-024-02359-6,http://h-da.de/ml-ontology/anomaly_detection,anomaly detection,0.4410852789878845,1
10.1007/s10845-024-02385-4,http://h-da.de/ml-ontology/image_classification,image classification,0.39575257897377014,1
10.1007/s10845-024-02415-1,http://h-da.de/ml-ontology/image_classification,image classification,0.5064303874969482,1
10.1007/s10845-024-02416-0,http://h-da.de/ml-ontology/image_classification,image classification,0.49275708198547363,1
10.1007/s10845-024-02420-4,http://h-da.de/ml-ontology/clustering,clustering,0.3517919182777405,1
10.1007/s10845-024-02442-y,http://h-da.de/ml-ontology/time_series_forecasting,time series forecasting,0.39319857954978943,1
10.1007/s10845-024-02507-y,http://h-da.de/ml-ontology/anomaly_detection,anomaly detection,0.4673975110054016,1
10.1007/s10845-024-02512-1,http://h-da.de/ml-ontology/feature_extraction,feature extraction,0.376298725605011,1
10.1007/s10845-024-02514-z,http://h-da.de/ml-ontology/feature_extraction,feature extraction,0.3709447383880615,1
10.1007/s10845-024-02521-0,http://h-da.de/ml-ontology/image_classification,image classification,0.47372058033943176,1
10.1007/s10845-024-02528-7,http://h-da.de/ml-ontology/feature_extraction,feature extraction,0.3639245629310608,1
10.1007/s10845-024-02532-x,http://h-da.de/ml-ontology/feature_extraction,feature extraction,0.36327052116394043,1
10.1007/s10845-024-02534-9,http://h-da.de/ml-ontology/time_series_forecasting,time series forecasting,0.4437689185142517,1
10.1007/s10845-024-02540-x,http://h-da.de/ml-ontology/audio_regression,audio regression,0.36788564920425415,1
10.1007/s10845-024-02547-4,http://h-da.de/ml-ontology/image_classification,image classification,0.4089919328689575,1
10.1007/s10845-024-02554-5,http://h-da.de/ml-ontology/feature_extraction,feature extraction,0.35173431038856506,1
10.1007/s10845-024-02562-5,http://h-da.de/ml-ontology/feature_extraction,feature extraction,0.4649854302406311,1
10.1007/s10845-025-02576-7,http://h-da.de/ml-ontology/feature_extraction,feature extraction,0.3561851978302002,1
10.1007/s10845-025-02594-5,http://h-da.de/ml-ontology/image_regression,image regression,0.40348175168037415,1
10.1007/s10845-025-02617-1,http://h-da.de/ml-ontology/binary_classification,binary classification,0.46853068470954895,1
10.1007/s10845-025-02618-0,http://h-da.de/ml-ontology/feature_extraction,feature extraction,0.42905569076538086,1
10.1007/s10845-025-02641-1,http://h-da.de/ml-ontology/feature_extraction,feature extraction,0.3732161521911621,1
10.1007/s10845-025-02647-9,http://h-da.de/ml-ontology/feature_extraction,feature extraction,0.41786277294158936,1
10.1007/s10845-025-02663-9,http://h-da.de/ml-ontology/feature_extraction,feature extraction,0.35735994577407837,1
10.1007/s10845-025-02698-y,http://h-da.de/ml-ontology/image_classification,image classification,0.362409770488739,1
10.1007/s10846-020-01293-y,http://h-da.de/ml-ontology/binary_classification,binary classification,0.41828060150146484,1
10.1007/s10846-024-02132-0,http://h-da.de/ml-ontology/object_detection,object detection,0.411247581243515,1
10.1007/s10853-022-07441-z,http://h-da.de/ml-ontology/image_regression,image regression,0.3699670433998108,1
10.1007/s10853-024-10276-5,http://h-da.de/ml-ontology/feature_extraction,feature extraction,0.36285600066185,1
10.1007/s10921-024-01088-3,http://h-da.de/ml-ontology/feature_extraction,feature extraction,0.4239322543144226,1
10.1007/s10921-024-01138-w,http://h-da.de/ml-ontology/image_classification,image classification,0.40002739429473877,1
10.1007/s10921-025-01261-2,http://h-da.de/ml-ontology/audio_classification,audio classification,0.3692271411418915,1
10.1007/s10973-025-14527-8,http://h-da.de/ml-ontology/feature_extraction,feature extraction,0.3740696609020233,1
10.1007/s10994-022-06129-4,http://h-da.de/ml-ontology/anomaly_detection,anomaly detection,0.5793452262878418,1
10.1007/s11012-024-01754-w,http://h-da.de/ml-ontology/feature_extraction,feature extraction,0.4049221873283386,1
10.1007/s11015-019-00891-y,http://h-da.de/ml-ontology/regression,regression,0.3891690671443939,1
10.1007/s11030-021-10217-3,http://h-da.de/ml-ontology/feature_extraction,feature extraction,0.36025139689445496,1
10.1007/s11036-020-01530-6,http://h-da.de/ml-ontology/feature_extraction,feature extraction,0.5181626677513123,1
10.1007/s11042-014-1870-0,http://h-da.de/ml-ontology/anomaly_detection,anomaly detection,0.4360208511352539,1
10.1007/s11042-017-5204-x,http://h-da.de/ml-ontology/audio_regression,audio regression,0.37651753425598145,1
10.1007/s11042-023-14530-x,http://h-da.de/ml-ontology/classification,classification,0.39344674348831177,1
10.1007/s11042-023-16113-2,http://h-da.de/ml-ontology/feature_extraction,feature extraction,0.3795194923877716,1
10.1007/s11042-023-16247-3,http://h-da.de/ml-ontology/image_classification,image classification,0.41763824224472046,1
10.1007/s11042-023-16475-7,http://h-da.de/ml-ontology/image_classification,image classification,0.41970422863960266,1
10.1007/s11042-024-18214-y,http://h-da.de/ml-ontology/image_classification,image classification,0.4623839557170868,1
10.1007/s11042-024-18546-9,http://h-da.de/ml-ontology/feature_extraction,feature extraction,0.40866586565971375,1
10.1007/s11042-024-19713-8,http://h-da.de/ml-ontology/feature_selection,feature selection,0.401582807302475,1
10.1007/s11053-020-09675-7,http://h-da.de/ml-ontology/feature_extraction,feature extraction,0.39990103244781494,1
10.1007/s11053-021-09844-2,http://h-da.de/ml-ontology/feature_extraction,feature extraction,0.36012187600135803,1
10.1007/s11053-022-10028-9,http://h-da.de/ml-ontology/regression,regression,0.4065467119216919,1
10.1007/s11081-021-09608-0,http://h-da.de/ml-ontology/feature_extraction,feature extraction,0.4419218897819519,1
10.1007/s11082-023-05410-7,http://h-da.de/ml-ontology/image_classification,image classification,0.4348388910293579,1
10.1007/s11085-024-10312-4,http://h-da.de/ml-ontology/feature_extraction,feature extraction,0.3801650404930115,1
10.1007/s11095-023-03474-4,http://h-da.de/ml-ontology/image_regression,image regression,0.3724217414855957,1
10.1007/s11119-022-09901-7,http://h-da.de/ml-ontology/image_regression,image regression,0.429521381855011,1
10.1007/s11119-022-09947-7,http://h-da.de/ml-ontology/regression,regression,0.4421806335449219,1
10.1007/s11135-025-02309-1,http://h-da.de/ml-ontology/regression,regression,0.48150861263275146,1
10.1007/s11159-023-10061-7,http://h-da.de/ml-ontology/text_regression,text regression,0.4292348623275757,1
10.1007/s11182-025-03461-9,http://h-da.de/ml-ontology/audio_regression,audio regression,0.378933310508728,1
10.1007/s11187-019-00218-w,http://h-da.de/ml-ontology/sentiment_analysis,sentiment analysis,0.3903394043445587,1
10.1007/s11227-018-2417-3,http://h-da.de/ml-ontology/feature_selection,feature selection,0.3543908894062042,1
10.1007/s11227-022-04498-0,http://h-da.de/ml-ontology/regression,regression,0.3737477958202362,1
10.1007/s11227-023-05648-8,http://h-da.de/ml-ontology/feature_extraction,feature extraction,0.36410629749298096,1
10.1007/s11227-023-05836-6,http://h-da.de/ml-ontology/image_classification,image classification,0.4164469838142395,1
10.1007/s11227-025-07904-5,http://h-da.de/ml-ontology/feature_extraction,feature extraction,0.38395318388938904,1
10.1007/s11235-024-01200-y,http://h-da.de/ml-ontology/feature_reduction,feature reduction,0.3521418571472168,1
10.1007/s11269-022-03126-z,http://h-da.de/ml-ontology/feature_extraction,feature extraction,0.37328141927719116,1
10.1007/s11269-022-03423-7,http://h-da.de/ml-ontology/regression,regression,0.3885536789894104,1
10.1007/s11269-023-03521-0,http://h-da.de/ml-ontology/regression,regression,0.3856213688850403,1
10.1007/s11270-006-9113-2,http://h-da.de/ml-ontology/feature_extraction,feature extraction,0.40431731939315796,1
10.1007/s11270-025-08580-0,http://h-da.de/ml-ontology/feature_extraction,feature extraction,0.35299253463745117,1
10.1007/s11277-017-4151-1,http://h-da.de/ml-ontology/association_rule_learning,association rule learning,0.39166486263275146,1
10.1007/s11277-018-5979-8,http://h-da.de/ml-ontology/association_rule_learning,association rule learning,0.4166281819343567,1
10.1007/s11277-024-11043-0,http://h-da.de/ml-ontology/binary_classification,binary classification,0.3721228241920471,1
10.1007/s11277-024-11233-w,http://h-da.de/ml-ontology/binary_classification,binary classification,0.36287277936935425,1
10.1007/s11340-022-00850-w,http://h-da.de/ml-ontology/image_classification,image classification,0.44256824254989624,1
10.1007/s11356-021-17443-0,http://h-da.de/ml-ontology/regression,regression,0.43895432353019714,1
10.1007/s11356-022-23780-5,http://h-da.de/ml-ontology/regression,regression,0.3673049807548523,1
10.1007/s11356-022-24453-z,http://h-da.de/ml-ontology/regression,regression,0.38314786553382874,1
10.1007/s11356-022-25119-6,http://h-da.de/ml-ontology/regression,regression,0.3826621174812317,1
10.1007/s11356-024-34652-5,http://h-da.de/ml-ontology/regression,regression,0.35393187403678894,1
10.1007/s11367-025-02437-8,http://h-da.de/ml-ontology/feature_extraction,feature extraction,0.3544289767742157,1
10.1007/s11416-020-00354-y,http://h-da.de/ml-ontology/feature_extraction,feature extraction,0.3765102028846741,1
10.1007/s11465-022-0688-0,http://h-da.de/ml-ontology/feature_extraction,feature extraction,0.430733323097229,1
10.1007/s11465-024-0796-0,http://h-da.de/ml-ontology/tabular_regression,tabular regression,0.35322096943855286,1
10.1007/s11517-022-02558-4,http://h-da.de/ml-ontology/community_detection,community detection,0.44503509998321533,1
10.1007/s11517-023-02907-x,http://h-da.de/ml-ontology/image_regression,image regression,0.4213702082633972,1
10.1007/s11540-023-09683-z,http://h-da.de/ml-ontology/regression,regression,0.4508987069129944,1
10.1007/s11540-024-09721-4,http://h-da.de/ml-ontology/regression,regression,0.3817044496536255,1
10.1007/s11540-024-09728-x,http://h-da.de/ml-ontology/feature_selection,feature selection,0.4348391890525818,1
10.1007/s11548-024-03226-8,http://h-da.de/ml-ontology/link_prediction,link prediction,0.39548274874687195,1
10.1007/s11554-020-00987-8,http://h-da.de/ml-ontology/image_classification,image classification,0.379400372505188,1
10.1007/s11600-023-01067-8,http://h-da.de/ml-ontology/regression,regression,0.40798020362854004,1
10.1007/s11661-021-06279-5,http://h-da.de/ml-ontology/feature_extraction,feature extraction,0.4842035174369812,1
10.1007/s11663-024-03031-3,http://h-da.de/ml-ontology/regression,regression,0.39266279339790344,1
10.1007/s11663-024-03115-0,http://h-da.de/ml-ontology/regression,regression,0.38853245973587036,1
10.1007/s11663-025-03674-w,http://h-da.de/ml-ontology/feature_extraction,feature extraction,0.4028807282447815,1
10.1007/s11663-025-03691-9,http://h-da.de/ml-ontology/feature_extraction,feature extraction,0.37823688983917236,1
10.1007/s11664-024-11115-8,http://h-da.de/ml-ontology/image_classification,image classification,0.43834632635116577,1
10.1007/s11665-020-05345-0,http://h-da.de/ml-ontology/feature_extraction,feature extraction,0.3737245500087738,1
10.1007/s11665-021-05507-8,http://h-da.de/ml-ontology/regression,regression,0.3547515869140625,1
10.1007/s11665-023-08555-4,http://h-da.de/ml-ontology/regression,regression,0.36954858899116516,1
10.1007/s11665-024-10195-1,http://h-da.de/ml-ontology/image_classification,image classification,0.35986459255218506,1
10.1007/s11665-025-11136-2,http://h-da.de/ml-ontology/image_classification,image classification,0.42504581809043884,1
10.1007/s11666-025-01983-9,http://h-da.de/ml-ontology/image_regression,image regression,0.36365026235580444,1
10.1007/s11668-021-01205-8,http://h-da.de/ml-ontology/feature_extraction,feature extraction,0.3860688805580139,1
10.1007/s11668-023-01765-x,http://h-da.de/ml-ontology/feature_extraction,feature extraction,0.41908782720565796,1
10.1007/s11668-024-01894-x,http://h-da.de/ml-ontology/time_series_classification,time series classification,0.42153555154800415,1
10.1007/s11668-024-01921-x,http://h-da.de/ml-ontology/time_series_classification,time series classification,0.43393659591674805,1
10.1007/s11668-024-01922-w,http://h-da.de/ml-ontology/audio_regression,audio regression,0.38815566897392273,1
10.1007/s11668-024-01927-5,http://h-da.de/ml-ontology/image_classification,image classification,0.4491601586341858,1
10.1007/s11668-025-02148-0,http://h-da.de/ml-ontology/binary_classification,binary classification,0.4011843502521515,1
10.1007/s11668-025-02157-z,http://h-da.de/ml-ontology/time_series_classification,time series classification,0.4012288451194763,1
10.1007/s11668-025-02176-w,http://h-da.de/ml-ontology/tabular_regression,tabular regression,0.3722521662712097,1
10.1007/s11668-025-02232-5,http://h-da.de/ml-ontology/time_series_classification,time series classification,0.3633531928062439,1
10.1007/s11676-023-01655-w,http://h-da.de/ml-ontology/audio_regression,audio regression,0.48868435621261597,1
10.1007/s11694-025-03380-w,http://h-da.de/ml-ontology/feature_extraction,feature extraction,0.3757590055465698,1
10.1007/s11740-021-01020-y,http://h-da.de/ml-ontology/feature_extraction,feature extraction,0.37349769473075867,1
10.1007/s11740-021-01086-8,http://h-da.de/ml-ontology/feature_extraction,feature extraction,0.4240526854991913,1
10.1007/s11740-022-01115-0,http://h-da.de/ml-ontology/feature_extraction,feature extraction,0.38380134105682373,1
10.1007/s11740-022-01120-3,http://h-da.de/ml-ontology/anomaly_detection,anomaly detection,0.5568310618400574,1
10.1007/s11740-022-01162-7,http://h-da.de/ml-ontology/image_classification,image classification,0.39981386065483093,1
10.1007/s11740-022-01179-y,http://h-da.de/ml-ontology/regression,regression,0.3520812392234802,1
10.1007/s11740-024-01306-x,http://h-da.de/ml-ontology/binary_classification,binary classification,0.39446648955345154,1
10.1007/s11740-025-01348-9,http://h-da.de/ml-ontology/binary_classification,binary classification,0.4294785261154175,1
10.1007/s11760-022-02472-0,http://h-da.de/ml-ontology/image_classification,image classification,0.4502096176147461,1
10.1007/s11760-025-04540-7,http://h-da.de/ml-ontology/regression,regression,0.43623536825180054,1
10.1007/s11761-024-00390-2,http://h-da.de/ml-ontology/feature_extraction,feature extraction,0.38453736901283264,1
10.1007/s11831-021-09687-3,http://h-da.de/ml-ontology/regression,regression,0.4029218852519989,1
10.1007/s11831-023-09969-y,http://h-da.de/ml-ontology/feature_extraction,feature extraction,0.3705746531486511,1
10.1007/s11831-025-10251-6,http://h-da.de/ml-ontology/feature_extraction,feature extraction,0.45814839005470276,1
10.1007/s11831-025-10290-z,http://h-da.de/ml-ontology/feature_extraction,feature extraction,0.3588845133781433,1
10.1007/s11837-020-04131-6,http://h-da.de/ml-ontology/feature_extraction,feature extraction,0.3783171772956848,1
10.1007/s11837-020-04428-6,http://h-da.de/ml-ontology/image_classification,image classification,0.37526747584342957,1
10.1007/s11837-023-05773-y,http://h-da.de/ml-ontology/feature_extraction,feature extraction,0.3890148401260376,1
10.1007/s11947-024-03505-x,http://h-da.de/ml-ontology/image_classification,image classification,0.38259997963905334,1
10.1007/s12008-022-00904-2,http://h-da.de/ml-ontology/tabular_classification,tabular classification,0.38244569301605225,1
10.1007/s12008-023-01326-4,http://h-da.de/ml-ontology/feature_extraction,feature extraction,0.3909575343132019,1
10.1007/s12008-023-01369-7,http://h-da.de/ml-ontology/feature_extraction,feature extraction,0.36003077030181885,1
10.1007/s12008-023-01448-9,http://h-da.de/ml-ontology/image_classification,image classification,0.4470120668411255,1
10.1007/s12008-024-01805-2,http://h-da.de/ml-ontology/regression,regression,0.37095433473587036,1
10.1007/s12008-024-01871-6,http://h-da.de/ml-ontology/tabular_regression,tabular regression,0.3760809302330017,1
10.1007/s12008-024-01952-6,http://h-da.de/ml-ontology/feature_extraction,feature extraction,0.3584144115447998,1
10.1007/s12008-024-01963-3,http://h-da.de/ml-ontology/audio_regression,audio regression,0.4190612733364105,1
10.1007/s12008-024-01999-5,http://h-da.de/ml-ontology/tabular_classification,tabular classification,0.3943038880825043,1
10.1007/s12008-025-02279-6,http://h-da.de/ml-ontology/image_regression,image regression,0.36922183632850647,1
10.1007/s12008-025-02301-x,http://h-da.de/ml-ontology/time_series_classification,time series classification,0.46998339891433716,1
10.1007/s12008-025-02302-w,http://h-da.de/ml-ontology/image_regression,image regression,0.3625081777572632,1
10.1007/s12008-025-02310-w,http://h-da.de/ml-ontology/feature_extraction,feature extraction,0.4150070548057556,1
10.1007/s12008-025-02364-w,http://h-da.de/ml-ontology/audio_regression,audio regression,0.38918155431747437,1
10.1007/s12008-025-02385-5,http://h-da.de/ml-ontology/tabular_regression,tabular regression,0.3687765598297119,1
10.1007/s12008-025-02387-3,http://h-da.de/ml-ontology/feature_extraction,feature extraction,0.39056944847106934,1
10.1007/s12040-025-02525-1,http://h-da.de/ml-ontology/regression,regression,0.37448233366012573,1
10.1007/s12046-023-02283-0,http://h-da.de/ml-ontology/regression,regression,0.42485398054122925,1
10.1007/s12046-025-02833-8,http://h-da.de/ml-ontology/regression,regression,0.4169495403766632,1
10.1007/s12053-024-10228-7,http://h-da.de/ml-ontology/feature_extraction,feature extraction,0.43531668186187744,1
10.1007/s12065-022-00736-9,http://h-da.de/ml-ontology/image_regression,image regression,0.44777771830558777,1
10.1007/s12083-025-01975-0,http://h-da.de/ml-ontology/sentiment_analysis,sentiment analysis,0.38455432653427124,1
10.1007/s12145-024-01231-8,http://h-da.de/ml-ontology/regression,regression,0.3897584080696106,1
10.1007/s12145-024-01525-x,http://h-da.de/ml-ontology/regression,regression,0.3660917580127716,1
10.1007/s12145-024-01563-5,http://h-da.de/ml-ontology/regression,regression,0.4154819846153259,1
10.1007/s12145-025-01742-y,http://h-da.de/ml-ontology/feature_extraction,feature extraction,0.39166492223739624,1
10.1007/s12155-025-10906-z,http://h-da.de/ml-ontology/feature_selection,feature selection,0.37466323375701904,1
10.1007/s12205-018-1301-2,http://h-da.de/ml-ontology/feature_extraction,feature extraction,0.42605292797088623,1
10.1007/s12205-024-2062-8,http://h-da.de/ml-ontology/image_classification,image classification,0.43859079480171204,1
10.1007/s12206-017-0606-2,http://h-da.de/ml-ontology/audio_regression,audio regression,0.4245219826698303,1
10.1007/s12206-019-1145-9,http://h-da.de/ml-ontology/binary_classification,binary classification,0.39418458938598633,1
10.1007/s12206-020-2208-7,http://h-da.de/ml-ontology/time_series_classification,time series classification,0.4447111189365387,1
10.1007/s12206-021-0140-0,http://h-da.de/ml-ontology/time_series_forecasting,time series forecasting,0.3662251830101013,1
10.1007/s12206-021-1105-z,http://h-da.de/ml-ontology/anomaly_detection,anomaly detection,0.4857447147369385,1
10.1007/s12206-023-1202-2,http://h-da.de/ml-ontology/binary_classification,binary classification,0.42609646916389465,1
10.1007/s12206-025-1041-4,http://h-da.de/ml-ontology/feature_extraction,feature extraction,0.3667193353176117,1
10.1007/s12247-025-10017-4,http://h-da.de/ml-ontology/tabular_regression,tabular regression,0.38333356380462646,1
10.1007/s12247-025-10028-1,http://h-da.de/ml-ontology/feature_selection,feature selection,0.36964958906173706,1
10.1007/s12274-024-6613-6,http://h-da.de/ml-ontology/audio_regression,audio regression,0.36198559403419495,1
10.1007/s12289-024-01812-4,http://h-da.de/ml-ontology/feature_extraction,feature extraction,0.374795138835907,1
10.1007/s12355-025-01639-6,http://h-da.de/ml-ontology/regression,regression,0.43676048517227173,1
10.1007/s12530-023-09525-w,http://h-da.de/ml-ontology/regression,regression,0.35910093784332275,1
10.1007/s12539-025-00696-5,http://h-da.de/ml-ontology/feature_extraction,feature extraction,0.35336118936538696,1
10.1007/s12539-025-00766-8,http://h-da.de/ml-ontology/feature_extraction,feature extraction,0.35935163497924805,1
10.1007/s12541-019-00237-3,http://h-da.de/ml-ontology/image_regression,image regression,0.4129517078399658,1
10.1007/s12541-020-00388-8,http://h-da.de/ml-ontology/feature_extraction,feature extraction,0.4025905728340149,1
10.1007/s12541-023-00924-2,http://h-da.de/ml-ontology/image_classification,image classification,0.36665838956832886,1
10.1007/s12541-025-01288-5,http://h-da.de/ml-ontology/feature_extraction,feature extraction,0.3656647801399231,1
10.1007/s12541-025-01339-x,http://h-da.de/ml-ontology/image_classification,image classification,0.36574500799179077,1
10.1007/s12561-016-9185-5,http://h-da.de/ml-ontology/image_classification,image classification,0.47603580355644226,1
10.1007/s12596-025-02729-0,http://h-da.de/ml-ontology/regression,regression,0.40372487902641296,1
10.1007/s12597-020-00502-4,http://h-da.de/ml-ontology/feature_extraction,feature extraction,0.3801502287387848,1
10.1007/s12599-019-00596-1,http://h-da.de/ml-ontology/time_series_classification,time series classification,0.41157984733581543,1
10.1007/s12599-022-00778-4,http://h-da.de/ml-ontology/feature_extraction,feature extraction,0.35353487730026245,1
10.1007/s12613-022-2547-8,http://h-da.de/ml-ontology/feature_extraction,feature extraction,0.38688936829566956,1
10.1007/s12613-023-2646-1,http://h-da.de/ml-ontology/feature_extraction,feature extraction,0.43095606565475464,1
10.1007/s12647-023-00663-9,http://h-da.de/ml-ontology/feature_extraction,feature extraction,0.3914583921432495,1
10.1007/s12652-019-01640-4,http://h-da.de/ml-ontology/image_classification,image classification,0.5353518724441528,1
10.1007/s12665-023-11376-2,http://h-da.de/ml-ontology/clustering,clustering,0.3839157819747925,1
10.1007/s12666-022-02671-w,http://h-da.de/ml-ontology/feature_extraction,feature extraction,0.3759419023990631,1
10.1007/s12666-023-03187-7,http://h-da.de/ml-ontology/image_regression,image regression,0.3516777455806732,1
10.1007/s12666-025-03560-8,http://h-da.de/ml-ontology/image_regression,image regression,0.3576926290988922,1
10.1007/s12666-025-03670-3,http://h-da.de/ml-ontology/feature_extraction,feature extraction,0.39556270837783813,1
10.1007/s13042-022-01650-3,http://h-da.de/ml-ontology/feature_extraction,feature extraction,0.37812507152557373,1
10.1007/s13197-024-06128-4,http://h-da.de/ml-ontology/feature_extraction,feature extraction,0.3596113324165344,1
10.1007/s13197-025-06384-y,http://h-da.de/ml-ontology/image_classification,image classification,0.43234196305274963,1
10.1007/s13198-021-01205-9,http://h-da.de/ml-ontology/feature_extraction,feature extraction,0.38153743743896484,1
10.1007/s13198-022-01777-0,http://h-da.de/ml-ontology/binary_classification,binary classification,0.4036877751350403,1
10.1007/s13198-022-01835-7,http://h-da.de/ml-ontology/classification,classification,0.37966716289520264,1
10.1007/s13198-023-01979-0,http://h-da.de/ml-ontology/time_series_classification,time series classification,0.4490131437778473,1
10.1007/s13198-024-02519-0,http://h-da.de/ml-ontology/regression,regression,0.3904256224632263,1
10.1007/s13198-024-02538-x,http://h-da.de/ml-ontology/image_classification,image classification,0.3849194645881653,1
10.1007/s13198-025-02712-9,http://h-da.de/ml-ontology/feature_selection,feature selection,0.4090254604816437,1
10.1007/s13201-023-01874-w,http://h-da.de/ml-ontology/feature_extraction,feature extraction,0.4745091497898102,1
10.1007/s13201-024-02260-w,http://h-da.de/ml-ontology/regression,regression,0.36618882417678833,1
10.1007/s13202-023-01691-6,http://h-da.de/ml-ontology/feature_extraction,feature extraction,0.35715949535369873,1
10.1007/s13202-023-01710-6,http://h-da.de/ml-ontology/feature_extraction,feature extraction,0.4003016948699951,1
10.1007/s13202-023-01729-9,http://h-da.de/ml-ontology/feature_extraction,feature extraction,0.365310937166214,1
10.1007/s13202-024-01908-2,http://h-da.de/ml-ontology/feature_extraction,feature extraction,0.4884793162345886,1
10.1007/s13202-025-01931-x,http://h-da.de/ml-ontology/binary_classification,binary classification,0.4079323410987854,1
10.1007/s13202-025-01976-y,http://h-da.de/ml-ontology/regression,regression,0.37775158882141113,1
10.1007/s13202-025-02013-8,http://h-da.de/ml-ontology/regression,regression,0.41191166639328003,1
10.1007/s13278-023-01059-y,http://h-da.de/ml-ontology/sentiment_analysis,sentiment analysis,0.45833462476730347,1
10.1007/s13278-025-01508-w,http://h-da.de/ml-ontology/sentiment_analysis,sentiment analysis,0.5057594776153564,1
10.1007/s13349-024-00856-z,http://h-da.de/ml-ontology/feature_extraction,feature extraction,0.3842690587043762,1
10.1007/s13369-023-08340-4,http://h-da.de/ml-ontology/feature_extraction,feature extraction,0.4542657136917114,1
10.1007/s13369-023-08394-4,http://h-da.de/ml-ontology/feature_extraction,feature extraction,0.38259702920913696,1
10.1007/s13369-024-08924-8,http://h-da.de/ml-ontology/time_series_classification,time series classification,0.46574312448501587,1
10.1007/s13369-024-09681-4,http://h-da.de/ml-ontology/time_series_classification,time series classification,0.3731701076030731,1
10.1007/s13369-024-09744-6,http://h-da.de/ml-ontology/image_classification,image classification,0.4021592140197754,1
10.1007/s13563-025-00544-4,http://h-da.de/ml-ontology/regression,regression,0.4406318664550781,1
10.1007/s13748-020-00221-3,http://h-da.de/ml-ontology/sentiment_analysis,sentiment analysis,0.5985269546508789,1
10.1007/s13748-024-00318-z,http://h-da.de/ml-ontology/feature_extraction,feature extraction,0.37707528471946716,1
10.1007/s13748-024-00351-y,http://h-da.de/ml-ontology/feature_extraction,feature extraction,0.35887348651885986,1
10.1007/s13748-025-00393-w,http://h-da.de/ml-ontology/regression,regression,0.3927990794181824,1
10.1007/s13762-023-05209-9,http://h-da.de/ml-ontology/image_classification,image classification,0.41397351026535034,1
10.1007/s13762-025-06651-7,http://h-da.de/ml-ontology/feature_extraction,feature extraction,0.4042649269104004,1
10.1007/s40005-023-00625-y,http://h-da.de/ml-ontology/image_regression,image regression,0.39731675386428833,1
10.1007/s40009-025-01842-9,http://h-da.de/ml-ontology/feature_extraction,feature extraction,0.39749228954315186,1
10.1007/s40032-025-01236-2,http://h-da.de/ml-ontology/feature_extraction,feature extraction,0.38909628987312317,1
10.1007/s40033-024-00854-x,http://h-da.de/ml-ontology/image_regression,image regression,0.3532058894634247,1
10.1007/s40192-020-00185-1,http://h-da.de/ml-ontology/feature_extraction,feature extraction,0.40375497937202454,1
10.1007/s40192-021-00226-3,http://h-da.de/ml-ontology/image_classification,image classification,0.4181835651397705,1
10.1007/s40192-022-00263-6,http://h-da.de/ml-ontology/feature_extraction,feature extraction,0.44504514336586,1
10.1007/s40194-020-01034-7,http://h-da.de/ml-ontology/audio_regression,audio regression,0.393730103969574,1
10.1007/s40194-021-01210-3,http://h-da.de/ml-ontology/image_classification,image classification,0.4244927763938904,1
10.1007/s40194-023-01519-1,http://h-da.de/ml-ontology/feature_extraction,feature extraction,0.46322518587112427,1
10.1007/s40194-024-01836-z,http://h-da.de/ml-ontology/anomaly_detection,anomaly detection,0.40833616256713867,1
10.1007/s40194-024-01855-w,http://h-da.de/ml-ontology/feature_extraction,feature extraction,0.3597344160079956,1
10.1007/s40194-025-01984-w,http://h-da.de/ml-ontology/image_classification,image classification,0.5073143243789673,1
10.1007/s40313-020-00604-w,http://h-da.de/ml-ontology/feature_extraction,feature extraction,0.4453660547733307,1
10.1007/s40313-022-00901-6,http://h-da.de/ml-ontology/anomaly_detection,anomaly detection,0.41369807720184326,1
10.1007/s40333-020-0097-3,http://h-da.de/ml-ontology/regression,regression,0.370128333568573,1
10.1007/s40430-021-03070-w,http://h-da.de/ml-ontology/feature_extraction,feature extraction,0.4031311273574829,1
10.1007/s40430-023-04637-5,http://h-da.de/ml-ontology/feature_extraction,feature extraction,0.3778400719165802,1
10.1007/s40430-023-04674-0,http://h-da.de/ml-ontology/time_series_classification,time series classification,0.4666847288608551,1
10.1007/s40430-025-05854-w,http://h-da.de/ml-ontology/feature_extraction,feature extraction,0.4042835831642151,1
10.1007/s40430-025-05871-9,http://h-da.de/ml-ontology/image_classification,image classification,0.384855180978775,1
10.1007/s40436-021-00345-2,http://h-da.de/ml-ontology/feature_extraction,feature extraction,0.37943869829177856,1
10.1007/s40436-025-00560-1,http://h-da.de/ml-ontology/feature_extraction,feature extraction,0.4431142807006836,1
10.1007/s40436-025-00564-x,http://h-da.de/ml-ontology/feature_extraction,feature extraction,0.4303339123725891,1
10.1007/s40684-016-0039-x,http://h-da.de/ml-ontology/image_classification,image classification,0.5286445617675781,1
10.1007/s40684-025-00719-y,http://h-da.de/ml-ontology/feature_extraction,feature extraction,0.4204851984977722,1
10.1007/s40735-025-01005-9,http://h-da.de/ml-ontology/tabular_regression,tabular regression,0.35344767570495605,1
10.1007/s40745-025-00638-4,http://h-da.de/ml-ontology/regression,regression,0.3826809823513031,1
10.1007/s40747-022-00787-6,http://h-da.de/ml-ontology/feature_extraction,feature extraction,0.377689003944397,1
10.1007/s40789-021-00423-7,http://h-da.de/ml-ontology/feature_extraction,feature extraction,0.4282160997390747,1
10.1007/s40808-023-01837-9,http://h-da.de/ml-ontology/regression,regression,0.4353448152542114,1
10.1007/s40808-023-01850-y,http://h-da.de/ml-ontology/regression,regression,0.4240473508834839,1
10.1007/s40815-023-01564-4,http://h-da.de/ml-ontology/feature_extraction,feature extraction,0.4430999159812927,1
10.1007/s40831-025-01094-3,http://h-da.de/ml-ontology/tabular_regression,tabular regression,0.4174361228942871,1
10.1007/s40860-023-00208-6,http://h-da.de/ml-ontology/binary_classification,binary classification,0.410454660654068,1
10.1007/s40964-019-00108-3,http://h-da.de/ml-ontology/image_classification,image classification,0.37464988231658936,1
10.1007/s40964-022-00371-x,http://h-da.de/ml-ontology/feature_extraction,feature extraction,0.4701055884361267,1
10.1007/s40964-024-00612-1,http://h-da.de/ml-ontology/feature_extraction,feature extraction,0.3619920015335083,1
10.1007/s40964-024-00768-w,http://h-da.de/ml-ontology/image_regression,image regression,0.3513895273208618,1
10.1007/s40964-025-00965-1,http://h-da.de/ml-ontology/feature_extraction,feature extraction,0.39187246561050415,1
10.1007/s40964-025-01078-5,http://h-da.de/ml-ontology/tabular_classification,tabular classification,0.3538952171802521,1
10.1007/s40964-025-01181-7,http://h-da.de/ml-ontology/image_regression,image regression,0.3920367360115051,1
10.1007/s40964-025-01199-x,http://h-da.de/ml-ontology/time_series_classification,time series classification,0.3840537369251251,1
10.1007/s40964-025-01358-0,http://h-da.de/ml-ontology/feature_extraction,feature extraction,0.38665956258773804,1
10.1007/s40964-025-01362-4,http://h-da.de/ml-ontology/image_classification,image classification,0.47534704208374023,1
10.1007/s40974-024-00323-x,http://h-da.de/ml-ontology/feature_extraction,feature extraction,0.4340784549713135,1
10.1007/s40996-024-01563-x,http://h-da.de/ml-ontology/binary_classification,binary classification,0.3821467161178589,1
10.1007/s40997-025-00936-5,http://h-da.de/ml-ontology/binary_classification,binary classification,0.44534653425216675,1
10.1007/s41060-020-00217-1,http://h-da.de/ml-ontology/feature_extraction,feature extraction,0.35874277353286743,1
10.1007/s41109-021-00438-8,http://h-da.de/ml-ontology/vertex_classification,vertex classification,0.4602229595184326,1
10.1007/s41870-023-01329-0,http://h-da.de/ml-ontology/tabular_classification,tabular classification,0.35182440280914307,1
10.1007/s41870-024-02157-6,http://h-da.de/ml-ontology/time_series_forecasting,time series forecasting,0.4172588884830475,1
10.1007/s41870-024-02256-4,http://h-da.de/ml-ontology/time_series_classification,time series classification,0.4491734802722931,1
10.1007/s41870-025-02712-9,http://h-da.de/ml-ontology/binary_classification,binary classification,0.3560466468334198,1
10.1007/s41872-025-00364-z,http://h-da.de/ml-ontology/feature_extraction,feature extraction,0.417321115732193,1
10.1007/s41939-024-00378-7,http://h-da.de/ml-ontology/regression,regression,0.35435619950294495,1
10.1007/s41939-024-00505-4,http://h-da.de/ml-ontology/tabular_regression,tabular regression,0.3540174961090088,1
10.1007/s41939-024-00569-2,http://h-da.de/ml-ontology/regression,regression,0.4199461340904236,1
10.1007/s41939-024-00692-0,http://h-da.de/ml-ontology/feature_extraction,feature extraction,0.44764357805252075,1
10.1007/s41939-025-00886-0,http://h-da.de/ml-ontology/regression,regression,0.431601345539093,1
10.1007/s41939-025-01046-0,http://h-da.de/ml-ontology/feature_extraction,feature extraction,0.3611297607421875,1
10.1007/s41976-024-00186-0,http://h-da.de/ml-ontology/feature_extraction,feature extraction,0.3801017999649048,1
10.1007/s42044-024-00225-5,http://h-da.de/ml-ontology/binary_classification,binary classification,0.41297221183776855,1
10.1007/s42044-025-00316-x,http://h-da.de/ml-ontology/time_series_classification,time series classification,0.46889251470565796,1
10.1007/s42107-025-01322-x,http://h-da.de/ml-ontology/binary_classification,binary classification,0.37767747044563293,1
10.1007/s42107-025-01337-4,http://h-da.de/ml-ontology/regression,regression,0.355731725692749,1
10.1007/s42107-025-01453-1,http://h-da.de/ml-ontology/feature_extraction,feature extraction,0.41952699422836304,1
10.1007/s42107-025-01464-y,http://h-da.de/ml-ontology/regression,regression,0.4014601707458496,1
10.1007/s42107-025-01498-2,http://h-da.de/ml-ontology/feature_selection,feature selection,0.422512024641037,1
10.1007/s42107-025-01511-8,http://h-da.de/ml-ontology/time_series_classification,time series classification,0.40593093633651733,1
10.1007/s42243-023-01096-z,http://h-da.de/ml-ontology/feature_extraction,feature extraction,0.36897939443588257,1
10.1007/s42243-023-01142-w,http://h-da.de/ml-ontology/time_series_forecasting,time series forecasting,0.40483301877975464,1
10.1007/s42401-022-00178-2,http://h-da.de/ml-ontology/binary_classification,binary classification,0.45383885502815247,1
10.1007/s42405-025-00957-z,http://h-da.de/ml-ontology/feature_extraction,feature extraction,0.4249568581581116,1
10.1007/s42417-022-00468-1,http://h-da.de/ml-ontology/time_series_classification,time series classification,0.43146854639053345,1
10.1007/s42417-023-00930-8,http://h-da.de/ml-ontology/time_series_classification,time series classification,0.46334272623062134,1
10.1007/s42417-023-00959-9,http://h-da.de/ml-ontology/time_series_classification,time series classification,0.45578473806381226,1
10.1007/s42417-023-01135-9,http://h-da.de/ml-ontology/image_classification,image classification,0.4021264612674713,1
10.1007/s42417-025-01792-y,http://h-da.de/ml-ontology/image_classification,image classification,0.46038830280303955,1
10.1007/s42452-020-03225-9,http://h-da.de/ml-ontology/time_series_forecasting,time series forecasting,0.5069876313209534,1
10.1007/s42452-020-2598-2,http://h-da.de/ml-ontology/image_classification,image classification,0.354663223028183,1
10.1007/s42452-025-06641-x,http://h-da.de/ml-ontology/image_classification,image classification,0.5319920778274536,1
10.1007/s42452-025-06681-3,http://h-da.de/ml-ontology/binary_classification,binary classification,0.3767995238304138,1
10.1007/s42452-025-06823-7,http://h-da.de/ml-ontology/image_regression,image regression,0.35992246866226196,1
10.1007/s42452-025-06827-3,http://h-da.de/ml-ontology/binary_classification,binary classification,0.3656424582004547,1
10.1007/s42461-024-01029-8,http://h-da.de/ml-ontology/regression,regression,0.3800233006477356,1
10.1007/s42484-022-00075-z,http://h-da.de/ml-ontology/anomaly_detection,anomaly detection,0.5035390853881836,1
10.1007/s42823-025-00944-0,http://h-da.de/ml-ontology/regression,regression,0.4150945544242859,1
10.1007/s42835-021-00931-1,http://h-da.de/ml-ontology/anomaly_detection,anomaly detection,0.38711225986480713,1
10.1007/s42835-024-02111-3,http://h-da.de/ml-ontology/feature_extraction,feature extraction,0.3635326623916626,1
10.1007/s42835-025-02293-4,http://h-da.de/ml-ontology/time_series_forecasting,time series forecasting,0.3654511868953705,1
10.1007/s42835-025-02384-2,http://h-da.de/ml-ontology/feature_selection,feature selection,0.39944732189178467,1
10.1007/s42835-025-02430-z,http://h-da.de/ml-ontology/time_series_forecasting,time series forecasting,0.3698233962059021,1
10.1007/s42853-023-00209-6,http://h-da.de/ml-ontology/image_regression,image regression,0.3757491111755371,1
10.1007/s42979-023-01852-8,http://h-da.de/ml-ontology/feature_extraction,feature extraction,0.4343704581260681,1
10.1007/s42979-024-02635-5,http://h-da.de/ml-ontology/feature_extraction,feature extraction,0.4998599886894226,1
10.1007/s42979-024-02844-y,http://h-da.de/ml-ontology/audio_classification,audio classification,0.45956623554229736,1
10.1007/s42979-024-03483-z,http://h-da.de/ml-ontology/feature_selection,feature selection,0.4945700168609619,1
10.1007/s42979-025-03695-x,http://h-da.de/ml-ontology/binary_classification,binary classification,0.35062065720558167,1
10.1007/s42979-025-03798-5,http://h-da.de/ml-ontology/feature_extraction,feature extraction,0.4640273153781891,1
10.1007/s42979-025-03839-z,http://h-da.de/ml-ontology/feature_selection,feature selection,0.4009396731853485,1
10.1007/s42979-025-04028-8,http://h-da.de/ml-ontology/anomaly_detection,anomaly detection,0.4038926661014557,1
10.1007/s42979-025-04060-8,http://h-da.de/ml-ontology/feature_extraction,feature extraction,0.3611271381378174,1
10.1007/s42979-025-04261-1,http://h-da.de/ml-ontology/regression,regression,0.4216138422489166,1
10.1007/s42979-025-04374-7,http://h-da.de/ml-ontology/feature_extraction,feature extraction,0.39771515130996704,1
10.1007/s42979-025-04428-w,http://h-da.de/ml-ontology/time_series_forecasting,time series forecasting,0.42844218015670776,1
10.1007/s43069-022-00166-4,http://h-da.de/ml-ontology/regression,regression,0.45648884773254395,1
10.1007/s43069-023-00224-5,http://h-da.de/ml-ontology/binary_classification,binary classification,0.3585944175720215,1
10.1007/s43069-025-00426-z,http://h-da.de/ml-ontology/feature_extraction,feature extraction,0.42413246631622314,1
10.1007/s43684-022-00033-3,http://h-da.de/ml-ontology/binary_classification,binary classification,0.38520002365112305,1
10.1007/s43684-022-00034-2,http://h-da.de/ml-ontology/feature_extraction,feature extraction,0.3514830470085144,1
10.1007/s43684-022-00041-3,http://h-da.de/ml-ontology/regression,regression,0.4013935923576355,1
10.1007/s43926-025-00142-4,http://h-da.de/ml-ontology/feature_extraction,feature extraction,0.38365983963012695,1
10.1007/s43939-025-00408-2,http://h-da.de/ml-ontology/image_classification,image classification,0.468416690826416,1
10.1007/s44163-024-00177-6,http://h-da.de/ml-ontology/binary_classification,binary classification,0.37228983640670776,1
10.1007/s44163-025-00409-3,http://h-da.de/ml-ontology/anomaly_detection,anomaly detection,0.5015629529953003,1
10.1007/s44187-025-00609-x,http://h-da.de/ml-ontology/regression,regression,0.35624217987060547,1
10.1007/s44196-025-00880-x,http://h-da.de/ml-ontology/regression,regression,0.3775939345359802,1
10.1007/s44199-024-00094-8,http://h-da.de/ml-ontology/time_series_analysis,time series analysis,0.3578927218914032,1
10.1007/s44230-023-00046-y,http://h-da.de/ml-ontology/regression,regression,0.3893975615501404,1
10.1007/s44230-025-00105-6,http://h-da.de/ml-ontology/tabular_classification,tabular classification,0.3521342873573303,1
10.1016/0098-1354(92)80057-G,http://h-da.de/ml-ontology/feature_extraction,feature extraction,0.5106909275054932,1
10.1016/0166-3615(91)90027-7,http://h-da.de/ml-ontology/feature_extraction,feature extraction,0.4375362992286682,1
10.1016/0924-0136(94)01439-8,http://h-da.de/ml-ontology/feature_extraction,feature extraction,0.40114182233810425,1
10.1016/0954-1810(95)00013-5,http://h-da.de/ml-ontology/feature_extraction,feature extraction,0.38610199093818665,1
10.1016/B978-0-12-820714-7.00011-X,http://h-da.de/ml-ontology/feature_extraction,feature extraction,0.43119680881500244,1
10.1016/B978-0-12-821092-5.00017-6,http://h-da.de/ml-ontology/time_series_forecasting,time series forecasting,0.3774834871292114,1
10.1016/B978-0-12-821229-5.00004-5,http://h-da.de/ml-ontology/classification,classification,0.5170022249221802,1
10.1016/B978-0-12-823377-1.50328-1,http://h-da.de/ml-ontology/feature_extraction,feature extraction,0.44603192806243896,1
10.1016/B978-0-12-823998-8.00094-6,http://h-da.de/ml-ontology/feature_extraction,feature extraction,0.3839496970176697,1
10.1016/B978-0-12-824054-0.00023-X,http://h-da.de/ml-ontology/anomaly_detection,anomaly detection,0.48396629095077515,1
10.1016/B978-0-323-85159-6.50281-5,http://h-da.de/ml-ontology/feature_extraction,feature extraction,0.4084450602531433,1
10.1016/B978-0-323-85159-6.50283-9,http://h-da.de/ml-ontology/feature_extraction,feature extraction,0.3687119781970978,1
10.1016/B978-0-323-85214-2.00013-6,http://h-da.de/ml-ontology/feature_extraction,feature extraction,0.3909645676612854,1
10.1016/B978-0-323-88506-5.50036-X,http://h-da.de/ml-ontology/regression,regression,0.408729612827301,1
10.1016/B978-0-323-88506-5.50070-X,http://h-da.de/ml-ontology/feature_extraction,feature extraction,0.39989691972732544,1
10.1016/B978-0-323-88506-5.50086-3,http://h-da.de/ml-ontology/feature_extraction,feature extraction,0.4401768445968628,1
10.1016/B978-0-323-89925-3.00023-X,http://h-da.de/ml-ontology/feature_extraction,feature extraction,0.40150314569473267,1
10.1016/B978-0-323-90508-4.00002-2,http://h-da.de/ml-ontology/feature_extraction,feature extraction,0.3563334345817566,1
10.1016/B978-0-323-95879-0.50017-5,http://h-da.de/ml-ontology/feature_extraction,feature extraction,0.4341951012611389,1
10.1016/B978-0-323-95879-0.50234-4,http://h-da.de/ml-ontology/binary_classification,binary classification,0.46778103709220886,1
10.1016/B978-0-323-99134-6.00005-0,http://h-da.de/ml-ontology/feature_extraction,feature extraction,0.517615795135498,1
10.1016/B978-0-323-99205-3.00014-6,http://h-da.de/ml-ontology/feature_extraction,feature extraction,0.3510967493057251,1
10.1016/B978-0-44-326572-3.00017-6,http://h-da.de/ml-ontology/feature_extraction,feature extraction,0.412789523601532,1
10.1016/B978-0-443-13293-3.00008-7,http://h-da.de/ml-ontology/regression,regression,0.4287983179092407,1
10.1016/B978-0-443-14170-6.00026-3,http://h-da.de/ml-ontology/feature_extraction,feature extraction,0.45651084184646606,1
10.1016/B978-0-443-15274-0.50243-2,http://h-da.de/ml-ontology/feature_extraction,feature extraction,0.477886438369751,1
10.1016/B978-0-443-18644-8.00021-6,http://h-da.de/ml-ontology/feature_extraction,feature extraction,0.44247183203697205,1
10.1016/B978-0-443-23597-9.00011-1,http://h-da.de/ml-ontology/regression,regression,0.4234352707862854,1
10.1016/B978-0-443-24832-0.00007-6,http://h-da.de/ml-ontology/feature_extraction,feature extraction,0.37712961435317993,1
10.1016/B978-0-443-26765-9.00002-0,http://h-da.de/ml-ontology/feature_extraction,feature extraction,0.3813183903694153,1
10.1016/B978-0-443-28824-1.50312-4,http://h-da.de/ml-ontology/feature_extraction,feature extraction,0.44482675194740295,1
10.1016/B978-0-443-28824-1.50454-3,http://h-da.de/ml-ontology/feature_extraction,feature extraction,0.49042120575904846,1
10.1016/B978-0-443-28824-1.50462-2,http://h-da.de/ml-ontology/feature_extraction,feature extraction,0.3589141368865967,1
10.1016/B978-0-443-28824-1.50495-6,http://h-da.de/ml-ontology/feature_extraction,feature extraction,0.48582297563552856,1
10.1016/B978-0-443-28824-1.50511-1,http://h-da.de/ml-ontology/image_regression,image regression,0.41453731060028076,1
10.1016/B978-0-443-28824-1.50521-4,http://h-da.de/ml-ontology/anomaly_detection,anomaly detection,0.4972047209739685,1
10.1016/B978-0-443-29812-7.00010-3,http://h-da.de/ml-ontology/feature_extraction,feature extraction,0.41279640793800354,1
10.1016/B978-0-443-29871-4.00016-6,http://h-da.de/ml-ontology/time_series_forecasting,time series forecasting,0.39984846115112305,1
10.1016/B978-0-444-64241-7.50372-4,http://h-da.de/ml-ontology/association_rule_learning,association rule learning,0.4613294005393982,1
10.1016/B978-0-934613-64-4.50016-5,http://h-da.de/ml-ontology/tabular_classification,tabular classification,0.49353981018066406,1
10.1016/B978-1-55860-200-7.50132-X,http://h-da.de/ml-ontology/tabular_classification,tabular classification,0.4471651315689087,1
10.1016/S0098-1354(00)00497-X,http://h-da.de/ml-ontology/association_rule_learning,association rule learning,0.527184009552002,1
10.1016/S0165-0114(00)00094-4,http://h-da.de/ml-ontology/association_rule_learning,association rule learning,0.46438947319984436,1
10.1016/S0166-3615(98)00098-0,http://h-da.de/ml-ontology/tabular_classification,tabular classification,0.3965117931365967,1
10.1016/S0167-9236(00)00063-4,http://h-da.de/ml-ontology/feature_extraction,feature extraction,0.44207215309143066,1
10.1016/S0926-5805(96)00183-5,http://h-da.de/ml-ontology/feature_extraction,feature extraction,0.4129728376865387,1
10.1016/S0952-1976(03)00078-2,http://h-da.de/ml-ontology/binary_classification,binary classification,0.37722671031951904,1
10.1016/S0957-4174(98)00017-7,http://h-da.de/ml-ontology/feature_extraction,feature extraction,0.4104641079902649,1
10.1016/S0957-4174(98)00067-0,http://h-da.de/ml-ontology/feature_extraction,feature extraction,0.4379693269729614,1
10.1016/S0967-0661(01)00086-7,http://h-da.de/ml-ontology/feature_extraction,feature extraction,0.3692362904548645,1
10.1016/S1876-3804(25)60620-3,http://h-da.de/ml-ontology/anomaly_detection,anomaly detection,0.4534696638584137,1
10.1016/bs.afnr.2025.04.001,http://h-da.de/ml-ontology/feature_extraction,feature extraction,0.3734058439731598,1
10.1016/bs.mim.2024.12.002,http://h-da.de/ml-ontology/feature_extraction,feature extraction,0.3625963032245636,1
10.1016/j.aca.2008.02.025,http://h-da.de/ml-ontology/association_rule_learning,association rule learning,0.4807586669921875,1
10.1016/j.aca.2017.05.034,http://h-da.de/ml-ontology/feature_extraction,feature extraction,0.44291114807128906,1
10.1016/j.aca.2021.339294,http://h-da.de/ml-ontology/tabular_classification,tabular classification,0.3728616237640381,1
10.1016/j.aca.2025.343899,http://h-da.de/ml-ontology/feature_extraction,feature extraction,0.3505769371986389,1
10.1016/j.acags.2022.100103,http://h-da.de/ml-ontology/feature_extraction,feature extraction,0.3575613498687744,1
10.1016/j.aci.2020.02.001,http://h-da.de/ml-ontology/regression,regression,0.37885233759880066,1
10.1016/j.addlet.2024.100214,http://h-da.de/ml-ontology/feature_extraction,feature extraction,0.3627101480960846,1
10.1016/j.addlet.2024.100243,http://h-da.de/ml-ontology/image_regression,image regression,0.35129082202911377,1
10.1016/j.addlet.2025.100275,http://h-da.de/ml-ontology/image_classification,image classification,0.41935858130455017,1
10.1016/j.addma.2017.11.012,http://h-da.de/ml-ontology/audio_classification,audio classification,0.37760281562805176,1
10.1016/j.addma.2018.04.005,http://h-da.de/ml-ontology/image_classification,image classification,0.5378753542900085,1
10.1016/j.addma.2018.09.034,http://h-da.de/ml-ontology/image_classification,image classification,0.4071100354194641,1
10.1016/j.addma.2020.101324,http://h-da.de/ml-ontology/audio_regression,audio regression,0.4331314265727997,1
10.1016/j.addma.2020.101453,http://h-da.de/ml-ontology/image_classification,image classification,0.39212900400161743,1
10.1016/j.addma.2020.101460,http://h-da.de/ml-ontology/image_classification,image classification,0.3987584114074707,1
10.1016/j.addma.2020.101659,http://h-da.de/ml-ontology/feature_extraction,feature extraction,0.3666806221008301,1
10.1016/j.addma.2021.101877,http://h-da.de/ml-ontology/feature_extraction,feature extraction,0.3794764280319214,1
10.1016/j.addma.2021.101965,http://h-da.de/ml-ontology/image_classification,image classification,0.42949044704437256,1
10.1016/j.addma.2021.102364,http://h-da.de/ml-ontology/image_classification,image classification,0.45022818446159363,1
10.1016/j.addma.2021.102449,http://h-da.de/ml-ontology/feature_extraction,feature extraction,0.3644644021987915,1
10.1016/j.addma.2022.102848,http://h-da.de/ml-ontology/feature_extraction,feature extraction,0.42169755697250366,1
10.1016/j.addma.2022.103375,http://h-da.de/ml-ontology/image_regression,image regression,0.38039976358413696,1
10.1016/j.addma.2023.103547,http://h-da.de/ml-ontology/audio_classification,audio classification,0.3525089919567108,1
10.1016/j.addma.2023.103693,http://h-da.de/ml-ontology/image_regression,image regression,0.35619300603866577,1
10.1016/j.addma.2023.103810,http://h-da.de/ml-ontology/image_classification,image classification,0.43185311555862427,1
10.1016/j.addma.2023.103843,http://h-da.de/ml-ontology/image_classification,image classification,0.3756159543991089,1
10.1016/j.addma.2024.104237,http://h-da.de/ml-ontology/classification,classification,0.4037999212741852,1
10.1016/j.addma.2024.104384,http://h-da.de/ml-ontology/feature_extraction,feature extraction,0.39815375208854675,1
10.1016/j.addma.2024.104438,http://h-da.de/ml-ontology/feature_extraction,feature extraction,0.4299509823322296,1
10.1016/j.addma.2024.104475,http://h-da.de/ml-ontology/image_regression,image regression,0.37318724393844604,1
10.1016/j.addma.2024.104503,http://h-da.de/ml-ontology/feature_extraction,feature extraction,0.3793500065803528,1
10.1016/j.addma.2024.104635,http://h-da.de/ml-ontology/image_classification,image classification,0.39004674553871155,1
10.1016/j.addma.2025.104790,http://h-da.de/ml-ontology/image_classification,image classification,0.3933871388435364,1
10.1016/j.addma.2025.104893,http://h-da.de/ml-ontology/image_regression,image regression,0.35437560081481934,1
10.1016/j.addma.2025.104952,http://h-da.de/ml-ontology/feature_extraction,feature extraction,0.3651343584060669,1
10.1016/j.addma.2025.104982,http://h-da.de/ml-ontology/image_classification,image classification,0.42846840620040894,1
10.1016/j.advengsoft.2020.102927,http://h-da.de/ml-ontology/audio_regression,audio regression,0.40474891662597656,1
10.1016/j.advengsoft.2023.103501,http://h-da.de/ml-ontology/regression,regression,0.39882344007492065,1
10.1016/j.advengsoft.2024.103645,http://h-da.de/ml-ontology/audio_regression,audio regression,0.3542414605617523,1
10.1016/j.advwatres.2020.103819,http://h-da.de/ml-ontology/feature_extraction,feature extraction,0.4040786623954773,1
10.1016/j.aei.2017.11.002,http://h-da.de/ml-ontology/time_series_forecasting,time series forecasting,0.4288860559463501,1
10.1016/j.aei.2019.100933,http://h-da.de/ml-ontology/image_classification,image classification,0.5509742498397827,1
10.1016/j.aei.2020.101054,http://h-da.de/ml-ontology/feature_extraction,feature extraction,0.3739623427391052,1
10.1016/j.aei.2020.101197,http://h-da.de/ml-ontology/feature_extraction,feature extraction,0.4510955810546875,1
10.1016/j.aei.2021.101519,http://h-da.de/ml-ontology/anomaly_detection,anomaly detection,0.4787573218345642,1
10.1016/j.aei.2022.101631,http://h-da.de/ml-ontology/feature_extraction,feature extraction,0.41083234548568726,1
10.1016/j.aei.2022.101715,http://h-da.de/ml-ontology/topic_modeling,topic modeling,0.4590105414390564,1
10.1016/j.aei.2023.102055,http://h-da.de/ml-ontology/regression,regression,0.3646029233932495,1
10.1016/j.aei.2023.102259,http://h-da.de/ml-ontology/feature_extraction,feature extraction,0.45029276609420776,1
10.1016/j.aei.2023.102309,http://h-da.de/ml-ontology/binary_classification,binary classification,0.3503838777542114,1
10.1016/j.aei.2023.102324,http://h-da.de/ml-ontology/feature_extraction,feature extraction,0.4858056902885437,1
10.1016/j.aei.2023.102347,http://h-da.de/ml-ontology/regression,regression,0.3886793553829193,1
10.1016/j.aei.2024.102389,http://h-da.de/ml-ontology/feature_extraction,feature extraction,0.3760443925857544,1
10.1016/j.aei.2024.102468,http://h-da.de/ml-ontology/feature_extraction,feature extraction,0.35727840662002563,1
10.1016/j.aei.2024.102860,http://h-da.de/ml-ontology/binary_classification,binary classification,0.4282662868499756,1
10.1016/j.aei.2024.102938,http://h-da.de/ml-ontology/feature_extraction,feature extraction,0.42958950996398926,1
10.1016/j.aei.2024.102958,http://h-da.de/ml-ontology/feature_extraction,feature extraction,0.3632240295410156,1
10.1016/j.aei.2025.103167,http://h-da.de/ml-ontology/feature_extraction,feature extraction,0.4371349811553955,1
10.1016/j.aei.2025.103267,http://h-da.de/ml-ontology/feature_extraction,feature extraction,0.41771596670150757,1
10.1016/j.aei.2025.103671,http://h-da.de/ml-ontology/feature_extraction,feature extraction,0.3567899465560913,1
10.1016/j.aei.2025.103896,http://h-da.de/ml-ontology/feature_extraction,feature extraction,0.40222519636154175,1
10.1016/j.aej.2023.11.047,http://h-da.de/ml-ontology/regression,regression,0.4090445637702942,1
10.1016/j.aej.2023.12.065,http://h-da.de/ml-ontology/binary_classification,binary classification,0.42387014627456665,1
10.1016/j.aej.2024.03.106,http://h-da.de/ml-ontology/anomaly_detection,anomaly detection,0.413524866104126,1
10.1016/j.aej.2024.04.053,http://h-da.de/ml-ontology/anomaly_detection,anomaly detection,0.3511260747909546,1
10.1016/j.aej.2024.06.083,http://h-da.de/ml-ontology/time_series_classification,time series classification,0.3817918300628662,1
10.1016/j.aej.2024.12.094,http://h-da.de/ml-ontology/feature_selection,feature selection,0.45510274171829224,1
10.1016/j.aej.2025.01.093,http://h-da.de/ml-ontology/feature_extraction,feature extraction,0.4217711091041565,1
10.1016/j.aej.2025.02.010,http://h-da.de/ml-ontology/binary_classification,binary classification,0.42064228653907776,1
10.1016/j.agrformet.2020.108043,http://h-da.de/ml-ontology/regression,regression,0.40247294306755066,1
10.1016/j.agwat.2020.106303,http://h-da.de/ml-ontology/feature_extraction,feature extraction,0.38341864943504333,1
10.1016/j.agwat.2020.106334,http://h-da.de/ml-ontology/regression,regression,0.3799193203449249,1
10.1016/j.agwat.2023.108232,http://h-da.de/ml-ontology/regression,regression,0.37633809447288513,1
10.1016/j.agwat.2024.108690,http://h-da.de/ml-ontology/regression,regression,0.36443209648132324,1
10.1016/j.agwat.2025.109621,http://h-da.de/ml-ontology/image_regression,image regression,0.4181017577648163,1
10.1016/j.aiia.2020.06.001,http://h-da.de/ml-ontology/feature_extraction,feature extraction,0.3813874423503876,1
10.1016/j.aiia.2025.01.007,http://h-da.de/ml-ontology/tabular_regression,tabular regression,0.3512876033782959,1
10.1016/j.aiig.2025.100126,http://h-da.de/ml-ontology/feature_extraction,feature extraction,0.3982084393501282,1
10.1016/j.algal.2024.103832,http://h-da.de/ml-ontology/regression,regression,0.363838255405426,1
10.1016/j.amc.2012.07.001,http://h-da.de/ml-ontology/image_regression,image regression,0.41255903244018555,1
10.1016/j.amf.2024.200153,http://h-da.de/ml-ontology/image_classification,image classification,0.4534685015678406,1
10.1016/j.amf.2025.200196,http://h-da.de/ml-ontology/image_regression,image regression,0.3525460958480835,1
10.1016/j.anifeedsci.2022.115443,http://h-da.de/ml-ontology/tabular_regression,tabular regression,0.3999645709991455,1
10.1016/j.apacoust.2022.108863,http://h-da.de/ml-ontology/time_series_classification,time series classification,0.45066702365875244,1
10.1016/j.apacoust.2025.110687,http://h-da.de/ml-ontology/audio_regression,audio regression,0.42604687809944153,1
10.1016/j.apenergy.2017.07.124,http://h-da.de/ml-ontology/regression,regression,0.44983506202697754,1
10.1016/j.apenergy.2018.06.007,http://h-da.de/ml-ontology/image_regression,image regression,0.4418526291847229,1
10.1016/j.apenergy.2020.115023,http://h-da.de/ml-ontology/regression,regression,0.4013077914714813,1
10.1016/j.apenergy.2020.115440,http://h-da.de/ml-ontology/time_series_forecasting,time series forecasting,0.36015477776527405,1
10.1016/j.apenergy.2021.116808,http://h-da.de/ml-ontology/feature_extraction,feature extraction,0.43403464555740356,1
10.1016/j.apenergy.2021.117016,http://h-da.de/ml-ontology/feature_extraction,feature extraction,0.39270034432411194,1
10.1016/j.apenergy.2021.118209,http://h-da.de/ml-ontology/feature_extraction,feature extraction,0.39046210050582886,1
10.1016/j.apenergy.2021.118387,http://h-da.de/ml-ontology/feature_extraction,feature extraction,0.4121131896972656,1
10.1016/j.apenergy.2023.121450,http://h-da.de/ml-ontology/regression,regression,0.3968079686164856,1
10.1016/j.apenergy.2023.122325,http://h-da.de/ml-ontology/feature_extraction,feature extraction,0.36849433183670044,1
10.1016/j.apenergy.2024.123293,http://h-da.de/ml-ontology/feature_extraction,feature extraction,0.36379048228263855,1
10.1016/j.apenergy.2024.123773,http://h-da.de/ml-ontology/feature_extraction,feature extraction,0.4199831783771515,1
10.1016/j.apenergy.2024.124067,http://h-da.de/ml-ontology/time_series_forecasting,time series forecasting,0.37982839345932007,1
10.1016/j.apenergy.2024.124829,http://h-da.de/ml-ontology/feature_extraction,feature extraction,0.38356292247772217,1
10.1016/j.apenergy.2025.125781,http://h-da.de/ml-ontology/feature_extraction,feature extraction,0.35197389125823975,1
10.1016/j.apm.2012.02.016,http://h-da.de/ml-ontology/image_regression,image regression,0.4083091914653778,1
10.1016/j.apm.2023.05.038,http://h-da.de/ml-ontology/time_series_forecasting,time series forecasting,0.375686377286911,1
10.1016/j.apm.2023.05.042,http://h-da.de/ml-ontology/time_series_classification,time series classification,0.4586167335510254,1
10.1016/j.apor.2021.102681,http://h-da.de/ml-ontology/anomaly_detection,anomaly detection,0.42316198348999023,1
10.1016/j.apor.2023.103677,http://h-da.de/ml-ontology/feature_extraction,feature extraction,0.3830616772174835,1
10.1016/j.applthermaleng.2017.11.078,http://h-da.de/ml-ontology/feature_extraction,feature extraction,0.4269409775733948,1
10.1016/j.applthermaleng.2024.123910,http://h-da.de/ml-ontology/image_classification,image classification,0.3928648829460144,1
10.1016/j.applthermaleng.2025.126923,http://h-da.de/ml-ontology/feature_extraction,feature extraction,0.37216997146606445,1
10.1016/j.applthermaleng.2025.127154,http://h-da.de/ml-ontology/feature_extraction,feature extraction,0.38343724608421326,1
10.1016/j.applthermaleng.2025.127263,http://h-da.de/ml-ontology/regression,regression,0.43455904722213745,1
10.1016/j.apsoil.2024.105687,http://h-da.de/ml-ontology/feature_extraction,feature extraction,0.375587522983551,1
10.1016/j.arcontrol.2020.09.004,http://h-da.de/ml-ontology/feature_extraction,feature extraction,0.497114360332489,1
10.1016/j.array.2023.100298,http://h-da.de/ml-ontology/image_classification,image classification,0.38315463066101074,1
10.1016/j.array.2025.100393,http://h-da.de/ml-ontology/image_classification,image classification,0.4621931314468384,1
10.1016/j.array.2025.100485,http://h-da.de/ml-ontology/feature_extraction,feature extraction,0.41579669713974,1
10.1016/j.array.2025.100557,http://h-da.de/ml-ontology/image_classification,image classification,0.37816208600997925,1
10.1016/j.artmed.2019.101763,http://h-da.de/ml-ontology/action_recognition,action recognition,0.3614940643310547,1
10.1016/j.artmed.2024.102937,http://h-da.de/ml-ontology/classification,classification,0.3679773509502411,1
10.1016/j.asej.2023.102467,http://h-da.de/ml-ontology/anomaly_detection,anomaly detection,0.47754526138305664,1
10.1016/j.asej.2024.102740,http://h-da.de/ml-ontology/feature_selection,feature selection,0.41319823265075684,1
10.1016/j.asej.2024.102986,http://h-da.de/ml-ontology/feature_extraction,feature extraction,0.3685539960861206,1
10.1016/j.asej.2024.103206,http://h-da.de/ml-ontology/regression,regression,0.40133750438690186,1
10.1016/j.asoc.2011.07.005,http://h-da.de/ml-ontology/time_series_forecasting,time series forecasting,0.3954305946826935,1
10.1016/j.asoc.2012.02.008,http://h-da.de/ml-ontology/regression,regression,0.3645690083503723,1
10.1016/j.asoc.2012.04.024,http://h-da.de/ml-ontology/time_series_classification,time series classification,0.4220119118690491,1
10.1016/j.asoc.2017.05.027,http://h-da.de/ml-ontology/image_classification,image classification,0.4034017324447632,1
10.1016/j.asoc.2019.105904,http://h-da.de/ml-ontology/feature_extraction,feature extraction,0.40925562381744385,1
10.1016/j.asoc.2020.106278,http://h-da.de/ml-ontology/feature_extraction,feature extraction,0.35566389560699463,1
10.1016/j.asoc.2020.106787,http://h-da.de/ml-ontology/binary_classification,binary classification,0.4848676323890686,1
10.1016/j.asoc.2020.107072,http://h-da.de/ml-ontology/feature_extraction,feature extraction,0.4544993042945862,1
10.1016/j.asoc.2021.107115,http://h-da.de/ml-ontology/image_classification,image classification,0.5293158888816833,1
10.1016/j.asoc.2021.107465,http://h-da.de/ml-ontology/audio_regression,audio regression,0.46703481674194336,1
10.1016/j.asoc.2021.107561,http://h-da.de/ml-ontology/regression,regression,0.35587719082832336,1
10.1016/j.asoc.2021.108008,http://h-da.de/ml-ontology/audio_regression,audio regression,0.3951539397239685,1
10.1016/j.asoc.2022.108879,http://h-da.de/ml-ontology/feature_extraction,feature extraction,0.412056028842926,1
10.1016/j.asoc.2022.108924,http://h-da.de/ml-ontology/binary_classification,binary classification,0.45650357007980347,1
10.1016/j.asoc.2022.109789,http://h-da.de/ml-ontology/sentiment_analysis,sentiment analysis,0.511832594871521,1
10.1016/j.asoc.2022.109820,http://h-da.de/ml-ontology/binary_classification,binary classification,0.4367934465408325,1
10.1016/j.asoc.2023.110191,http://h-da.de/ml-ontology/feature_extraction,feature extraction,0.3902242183685303,1
10.1016/j.asoc.2023.110735,http://h-da.de/ml-ontology/classification,classification,0.40493878722190857,1
10.1016/j.asoc.2024.111936,http://h-da.de/ml-ontology/image_classification,image classification,0.39038190245628357,1
10.1016/j.atech.2022.100154,http://h-da.de/ml-ontology/regression,regression,0.4329272210597992,1
10.1016/j.atech.2023.100240,http://h-da.de/ml-ontology/image_classification,image classification,0.4265110492706299,1
10.1016/j.atech.2024.100528,http://h-da.de/ml-ontology/image_regression,image regression,0.4134017527103424,1
10.1016/j.atech.2025.100935,http://h-da.de/ml-ontology/feature_extraction,feature extraction,0.38254624605178833,1
10.1016/j.atech.2025.101200,http://h-da.de/ml-ontology/image_regression,image regression,0.42969977855682373,1
10.1016/j.atmosenv.2025.121360,http://h-da.de/ml-ontology/feature_extraction,feature extraction,0.4456368684768677,1
10.1016/j.autcon.2017.12.029,http://h-da.de/ml-ontology/tabular_classification,tabular classification,0.4409750699996948,1
10.1016/j.autcon.2021.103929,http://h-da.de/ml-ontology/translation,translation,0.43747738003730774,1
10.1016/j.autcon.2023.105164,http://h-da.de/ml-ontology/feature_extraction,feature extraction,0.365369975566864,1
10.1016/j.bej.2020.107896,http://h-da.de/ml-ontology/tabular_regression,tabular regression,0.4132348299026489,1
10.1016/j.biombioe.2025.108280,http://h-da.de/ml-ontology/tabular_regression,tabular regression,0.35168397426605225,1
10.1016/j.biortech.2021.126111,http://h-da.de/ml-ontology/feature_extraction,feature extraction,0.3569851219654083,1
10.1016/j.biortech.2021.126433,http://h-da.de/ml-ontology/feature_extraction,feature extraction,0.36512506008148193,1
10.1016/j.biortech.2022.127511,http://h-da.de/ml-ontology/tabular_regression,tabular regression,0.3548770248889923,1
10.1016/j.biortech.2023.129848,http://h-da.de/ml-ontology/feature_extraction,feature extraction,0.3622567057609558,1
10.1016/j.biortech.2023.129937,http://h-da.de/ml-ontology/regression,regression,0.4141457676887512,1
10.1016/j.biortech.2024.130361,http://h-da.de/ml-ontology/regression,regression,0.3586926758289337,1
10.1016/j.biortech.2024.131549,http://h-da.de/ml-ontology/feature_extraction,feature extraction,0.3737074136734009,1
10.1016/j.biortech.2024.131976,http://h-da.de/ml-ontology/image_classification,image classification,0.4194863736629486,1
10.1016/j.biortech.2025.132561,http://h-da.de/ml-ontology/tabular_regression,tabular regression,0.3639599084854126,1
10.1016/j.biortech.2025.132582,http://h-da.de/ml-ontology/tabular_regression,tabular regression,0.3520451486110687,1
10.1016/j.biosystemseng.2014.05.005,http://h-da.de/ml-ontology/image_classification,image classification,0.37625986337661743,1
10.1016/j.biosystemseng.2016.01.014,http://h-da.de/ml-ontology/feature_extraction,feature extraction,0.4168521761894226,1
10.1016/j.biosystemseng.2022.05.016,http://h-da.de/ml-ontology/regression,regression,0.3998110890388489,1
10.1016/j.biosystemseng.2024.06.001,http://h-da.de/ml-ontology/feature_extraction,feature extraction,0.3934014141559601,1
10.1016/j.biteb.2022.100976,http://h-da.de/ml-ontology/feature_extraction,feature extraction,0.3625078797340393,1
10.1016/j.buildenv.2020.107212,http://h-da.de/ml-ontology/anomaly_detection,anomaly detection,0.42990365624427795,1
10.1016/j.buildenv.2021.107972,http://h-da.de/ml-ontology/time_series_forecasting,time series forecasting,0.39986082911491394,1
10.1016/j.buildenv.2022.108833,http://h-da.de/ml-ontology/audio_regression,audio regression,0.40340855717658997,1
10.1016/j.cag.2006.08.013,http://h-da.de/ml-ontology/image_classification,image classification,0.42034831643104553,1
10.1016/j.cagd.2018.03.024,http://h-da.de/ml-ontology/feature_extraction,feature extraction,0.4210280776023865,1
10.1016/j.cageo.2022.105061,http://h-da.de/ml-ontology/feature_extraction,feature extraction,0.41651785373687744,1
10.1016/j.cam.2018.07.008,http://h-da.de/ml-ontology/regression,regression,0.4996379017829895,1
10.1016/j.carbon.2020.12.044,http://h-da.de/ml-ontology/image_regression,image regression,0.36477577686309814,1
10.1016/j.cct.2022.106963,http://h-da.de/ml-ontology/anomaly_detection,anomaly detection,0.4555930197238922,1
10.1016/j.cec.2024.100088,http://h-da.de/ml-ontology/feature_extraction,feature extraction,0.3534584045410156,1
10.1016/j.cej.2023.142454,http://h-da.de/ml-ontology/feature_extraction,feature extraction,0.4296979308128357,1
10.1016/j.cej.2024.155582,http://h-da.de/ml-ontology/time_series_forecasting,time series forecasting,0.38593798875808716,1
10.1016/j.cej.2025.160780,http://h-da.de/ml-ontology/feature_extraction,feature extraction,0.4070636034011841,1
10.1016/j.cej.2025.167895,http://h-da.de/ml-ontology/feature_extraction,feature extraction,0.4196992516517639,1
10.1016/j.ceja.2025.100751,http://h-da.de/ml-ontology/feature_extraction,feature extraction,0.43391430377960205,1
10.1016/j.cels.2015.12.003,http://h-da.de/ml-ontology/link_prediction,link prediction,0.38546323776245117,1
10.1016/j.cep.2023.109653,http://h-da.de/ml-ontology/feature_extraction,feature extraction,0.35523539781570435,1
10.1016/j.ces.2021.116679,http://h-da.de/ml-ontology/image_classification,image classification,0.37948840856552124,1
10.1016/j.ces.2022.118214,http://h-da.de/ml-ontology/feature_extraction,feature extraction,0.49379444122314453,1
10.1016/j.ces.2023.119386,http://h-da.de/ml-ontology/feature_extraction,feature extraction,0.3951064944267273,1
10.1016/j.ces.2024.120460,http://h-da.de/ml-ontology/time_series_classification,time series classification,0.3824883699417114,1
10.1016/j.ces.2024.120734,http://h-da.de/ml-ontology/feature_extraction,feature extraction,0.3975214660167694,1
10.1016/j.ces.2024.121087,http://h-da.de/ml-ontology/feature_extraction,feature extraction,0.4011133909225464,1
10.1016/j.ces.2025.121832,http://h-da.de/ml-ontology/image_regression,image regression,0.37798500061035156,1
10.1016/j.ces.2025.122302,http://h-da.de/ml-ontology/audio_regression,audio regression,0.3811298608779907,1
10.1016/j.ces.2025.122459,http://h-da.de/ml-ontology/feature_extraction,feature extraction,0.42543846368789673,1
10.1016/j.chemolab.2010.09.008,http://h-da.de/ml-ontology/time_series_classification,time series classification,0.3710780739784241,1
10.1016/j.chemolab.2011.09.007,http://h-da.de/ml-ontology/image_regression,image regression,0.3701556921005249,1
10.1016/j.chemolab.2015.02.003,http://h-da.de/ml-ontology/feature_extraction,feature extraction,0.3699798882007599,1
10.1016/j.chemolab.2015.05.017,http://h-da.de/ml-ontology/anomaly_detection,anomaly detection,0.3610045313835144,1
10.1016/j.chemolab.2016.04.009,http://h-da.de/ml-ontology/audio_regression,audio regression,0.3852742612361908,1
10.1016/j.chemolab.2016.10.003,http://h-da.de/ml-ontology/image_regression,image regression,0.3739040493965149,1
10.1016/j.chemolab.2018.07.001,http://h-da.de/ml-ontology/feature_extraction,feature extraction,0.412670373916626,1
10.1016/j.chemolab.2023.104881,http://h-da.de/ml-ontology/feature_extraction,feature extraction,0.4417479634284973,1
10.1016/j.chemolab.2023.104899,http://h-da.de/ml-ontology/feature_extraction,feature extraction,0.3709099590778351,1
10.1016/j.chemolab.2024.105083,http://h-da.de/ml-ontology/feature_extraction,feature extraction,0.4010736048221588,1
10.1016/j.chemolab.2024.105106,http://h-da.de/ml-ontology/feature_extraction,feature extraction,0.4123176336288452,1
10.1016/j.chemolab.2024.105219,http://h-da.de/ml-ontology/regression,regression,0.36706680059432983,1
10.1016/j.chemolab.2025.105462,http://h-da.de/ml-ontology/image_regression,image regression,0.39342567324638367,1
10.1016/j.chemolab.2025.105553,http://h-da.de/ml-ontology/feature_extraction,feature extraction,0.4493646025657654,1
10.1016/j.chemosphere.2023.138976,http://h-da.de/ml-ontology/regression,regression,0.3760802149772644,1
10.1016/j.chemosphere.2023.140989,http://h-da.de/ml-ontology/feature_extraction,feature extraction,0.44659852981567383,1
10.1016/j.chemosphere.2025.144299,http://h-da.de/ml-ontology/feature_extraction,feature extraction,0.40435296297073364,1
10.1016/j.cherd.2021.01.009,http://h-da.de/ml-ontology/feature_extraction,feature extraction,0.3972317576408386,1
10.1016/j.cherd.2021.05.018,http://h-da.de/ml-ontology/feature_extraction,feature extraction,0.3581344187259674,1
10.1016/j.cherd.2021.08.013,http://h-da.de/ml-ontology/feature_extraction,feature extraction,0.39668428897857666,1
10.1016/j.cherd.2022.08.016,http://h-da.de/ml-ontology/feature_extraction,feature extraction,0.5199658274650574,1
10.1016/j.cherd.2022.09.005,http://h-da.de/ml-ontology/feature_extraction,feature extraction,0.42383086681365967,1
10.1016/j.cherd.2024.08.020,http://h-da.de/ml-ontology/regression,regression,0.3765415549278259,1
10.1016/j.cherd.2024.09.034,http://h-da.de/ml-ontology/feature_extraction,feature extraction,0.400787889957428,1
10.1016/j.chroma.2022.463037,http://h-da.de/ml-ontology/feature_extraction,feature extraction,0.35218191146850586,1
10.1016/j.chroma.2022.463486,http://h-da.de/ml-ontology/feature_extraction,feature extraction,0.44026148319244385,1
10.1016/j.cie.2008.01.013,http://h-da.de/ml-ontology/time_series_analysis,time series analysis,0.3929247260093689,1
10.1016/j.cie.2010.07.019,http://h-da.de/ml-ontology/feature_extraction,feature extraction,0.36751338839530945,1
10.1016/j.cie.2011.06.025,http://h-da.de/ml-ontology/time_series_classification,time series classification,0.484344482421875,1
10.1016/j.cie.2017.12.003,http://h-da.de/ml-ontology/time_series_forecasting,time series forecasting,0.4128982424736023,1
10.1016/j.cie.2018.09.034,http://h-da.de/ml-ontology/binary_classification,binary classification,0.37354108691215515,1
10.1016/j.cie.2020.106325,http://h-da.de/ml-ontology/feature_extraction,feature extraction,0.410054087638855,1
10.1016/j.cie.2020.106536,http://h-da.de/ml-ontology/feature_selection,feature selection,0.4855549931526184,1
10.1016/j.cie.2020.106948,http://h-da.de/ml-ontology/binary_classification,binary classification,0.39540931582450867,1
10.1016/j.cie.2021.107267,http://h-da.de/ml-ontology/binary_classification,binary classification,0.35601407289505005,1
10.1016/j.cie.2021.107601,http://h-da.de/ml-ontology/association_rule_learning,association rule learning,0.39822280406951904,1
10.1016/j.cie.2022.108213,http://h-da.de/ml-ontology/time_series_classification,time series classification,0.4020645022392273,1
10.1016/j.cie.2022.108230,http://h-da.de/ml-ontology/binary_classification,binary classification,0.46074604988098145,1
10.1016/j.cie.2023.108999,http://h-da.de/ml-ontology/feature_extraction,feature extraction,0.4429590702056885,1
10.1016/j.cie.2023.109230,http://h-da.de/ml-ontology/feature_selection,feature selection,0.38209325075149536,1
10.1016/j.cie.2023.109286,http://h-da.de/ml-ontology/binary_classification,binary classification,0.42010122537612915,1
10.1016/j.cie.2023.109566,http://h-da.de/ml-ontology/feature_extraction,feature extraction,0.38634487986564636,1
10.1016/j.cie.2023.109701,http://h-da.de/ml-ontology/feature_extraction,feature extraction,0.39688658714294434,1
10.1016/j.cie.2023.109821,http://h-da.de/ml-ontology/feature_extraction,feature extraction,0.4444018006324768,1
10.1016/j.cie.2024.110091,http://h-da.de/ml-ontology/binary_classification,binary classification,0.3898581862449646,1
10.1016/j.cie.2024.110214,http://h-da.de/ml-ontology/feature_selection,feature selection,0.44769781827926636,1
10.1016/j.cie.2024.110597,http://h-da.de/ml-ontology/text_analytics,text analytics,0.4385805130004883,1
10.1016/j.cie.2024.110674,http://h-da.de/ml-ontology/feature_extraction,feature extraction,0.40530452132225037,1
10.1016/j.cie.2024.110725,http://h-da.de/ml-ontology/feature_extraction,feature extraction,0.42147183418273926,1
10.1016/j.cie.2024.110726,http://h-da.de/ml-ontology/binary_classification,binary classification,0.42311495542526245,1
10.1016/j.cie.2025.110919,http://h-da.de/ml-ontology/regression,regression,0.38150620460510254,1
10.1016/j.cie.2025.111023,http://h-da.de/ml-ontology/anomaly_detection,anomaly detection,0.5579123497009277,1
10.1016/j.cie.2025.111034,http://h-da.de/ml-ontology/feature_extraction,feature extraction,0.3596552610397339,1
10.1016/j.cie.2025.111071,http://h-da.de/ml-ontology/time_series_forecasting,time series forecasting,0.47794246673583984,1
10.1016/j.cie.2025.111102,http://h-da.de/ml-ontology/feature_extraction,feature extraction,0.4290175437927246,1
10.1016/j.cie.2025.111211,http://h-da.de/ml-ontology/feature_extraction,feature extraction,0.3593880832195282,1
10.1016/j.cie.2025.111371,http://h-da.de/ml-ontology/recommendation,recommendation,0.363433301448822,1
10.1016/j.cie.2025.111410,http://h-da.de/ml-ontology/feature_extraction,feature extraction,0.38140958547592163,1
10.1016/j.cie.2025.111453,http://h-da.de/ml-ontology/feature_extraction,feature extraction,0.3787546753883362,1
10.1016/j.cirp.2016.04.072,http://h-da.de/ml-ontology/image_classification,image classification,0.504213809967041,1
10.1016/j.cirp.2018.04.119,http://h-da.de/ml-ontology/image_regression,image regression,0.3835586905479431,1
10.1016/j.cirp.2019.03.021,http://h-da.de/ml-ontology/image_classification,image classification,0.4783793091773987,1
10.1016/j.cirp.2022.04.019,http://h-da.de/ml-ontology/binary_classification,binary classification,0.35006940364837646,1
10.1016/j.cirpj.2022.12.009,http://h-da.de/ml-ontology/feature_extraction,feature extraction,0.4216359257698059,1
10.1016/j.cja.2020.09.011,http://h-da.de/ml-ontology/image_regression,image regression,0.3912028670310974,1
10.1016/j.cjac.2024.100450,http://h-da.de/ml-ontology/feature_extraction,feature extraction,0.35537558794021606,1
10.1016/j.cjche.2023.03.020,http://h-da.de/ml-ontology/feature_extraction,feature extraction,0.4826216697692871,1
10.1016/j.cjche.2025.03.008,http://h-da.de/ml-ontology/feature_extraction,feature extraction,0.45069748163223267,1
10.1016/j.cles.2024.100167,http://h-da.de/ml-ontology/regression,regression,0.3640241026878357,1
10.1016/j.clet.2025.101046,http://h-da.de/ml-ontology/image_regression,image regression,0.4028145968914032,1
10.1016/j.clet.2025.101109,http://h-da.de/ml-ontology/tabular_regression,tabular regression,0.36304759979248047,1
10.1016/j.clwas.2025.100218,http://h-da.de/ml-ontology/regression,regression,0.3723677396774292,1
10.1016/j.cma.2023.116186,http://h-da.de/ml-ontology/feature_extraction,feature extraction,0.3740515112876892,1
10.1016/j.cma.2025.117924,http://h-da.de/ml-ontology/feature_extraction,feature extraction,0.3575097620487213,1
10.1016/j.cmpb.2021.106248,http://h-da.de/ml-ontology/audio_classification,audio classification,0.4122171998023987,1
10.1016/j.cmpb.2023.107822,http://h-da.de/ml-ontology/audio_regression,audio regression,0.4299088716506958,1
10.1016/j.coal.2023.104419,http://h-da.de/ml-ontology/regression,regression,0.3814297318458557,1
10.1016/j.coal.2023.104435,http://h-da.de/ml-ontology/feature_extraction,feature extraction,0.35304611921310425,1
10.1016/j.cobme.2021.100351,http://h-da.de/ml-ontology/feature_extraction,feature extraction,0.3596078157424927,1
10.1016/j.cola.2019.100908,http://h-da.de/ml-ontology/image_classification,image classification,0.37800565361976624,1
10.1016/j.comcom.2023.09.024,http://h-da.de/ml-ontology/action_recognition,action recognition,0.41840606927871704,1
10.1016/j.commatsci.2021.111098,http://h-da.de/ml-ontology/feature_extraction,feature extraction,0.364444375038147,1
10.1016/j.commatsci.2022.111391,http://h-da.de/ml-ontology/image_segmentation,image segmentation,0.37566810846328735,1
10.1016/j.commatsci.2023.112432,http://h-da.de/ml-ontology/feature_extraction,feature extraction,0.3684998154640198,1
10.1016/j.commatsci.2023.112603,http://h-da.de/ml-ontology/feature_extraction,feature extraction,0.4302820861339569,1
10.1016/j.commatsci.2024.112896,http://h-da.de/ml-ontology/feature_extraction,feature extraction,0.44101184606552124,1
10.1016/j.commatsci.2024.113224,http://h-da.de/ml-ontology/regression,regression,0.35135096311569214,1
10.1016/j.commatsci.2024.113423,http://h-da.de/ml-ontology/image_regression,image regression,0.37183743715286255,1
10.1016/j.commatsci.2024.113426,http://h-da.de/ml-ontology/feature_extraction,feature extraction,0.41955044865608215,1
10.1016/j.comnet.2025.111207,http://h-da.de/ml-ontology/feature_extraction,feature extraction,0.3680804669857025,1
10.1016/j.compag.2016.08.015,http://h-da.de/ml-ontology/feature_selection,feature selection,0.4033063054084778,1
10.1016/j.compag.2017.02.026,http://h-da.de/ml-ontology/feature_selection,feature selection,0.38950660824775696,1
10.1016/j.compag.2019.03.028,http://h-da.de/ml-ontology/image_segmentation,image segmentation,0.41058382391929626,1
10.1016/j.compag.2019.104937,http://h-da.de/ml-ontology/regression,regression,0.426876425743103,1
10.1016/j.compag.2020.105446,http://h-da.de/ml-ontology/image_classification,image classification,0.3924621343612671,1
10.1016/j.compag.2022.107262,http://h-da.de/ml-ontology/image_regression,image regression,0.4481179118156433,1
10.1016/j.compag.2022.107367,http://h-da.de/ml-ontology/image_regression,image regression,0.43952664732933044,1
10.1016/j.compag.2022.107518,http://h-da.de/ml-ontology/image_classification,image classification,0.3766811788082123,1
10.1016/j.compag.2023.107858,http://h-da.de/ml-ontology/regression,regression,0.35211262106895447,1
10.1016/j.compag.2023.107898,http://h-da.de/ml-ontology/anomaly_detection,anomaly detection,0.5008352398872375,1
10.1016/j.compag.2023.107991,http://h-da.de/ml-ontology/image_regression,image regression,0.3662852644920349,1
10.1016/j.compag.2024.108887,http://h-da.de/ml-ontology/regression,regression,0.3861801028251648,1
10.1016/j.compag.2024.109019,http://h-da.de/ml-ontology/image_regression,image regression,0.4042665362358093,1
10.1016/j.compag.2024.109209,http://h-da.de/ml-ontology/image_regression,image regression,0.40971505641937256,1
10.1016/j.compag.2024.109578,http://h-da.de/ml-ontology/regression,regression,0.36717689037323,1
10.1016/j.compag.2024.109860,http://h-da.de/ml-ontology/regression,regression,0.41823285818099976,1
10.1016/j.compag.2025.110212,http://h-da.de/ml-ontology/time_series_forecasting,time series forecasting,0.4230138659477234,1
10.1016/j.compag.2025.110334,http://h-da.de/ml-ontology/image_regression,image regression,0.41005170345306396,1
10.1016/j.compag.2025.110450,http://h-da.de/ml-ontology/regression,regression,0.43087366223335266,1
10.1016/j.compag.2025.110486,http://h-da.de/ml-ontology/regression,regression,0.44002658128738403,1
10.1016/j.compag.2025.110831,http://h-da.de/ml-ontology/regression,regression,0.3817536234855652,1
10.1016/j.compag.2025.110838,http://h-da.de/ml-ontology/regression,regression,0.3630560636520386,1
10.1016/j.compag.2025.110880,http://h-da.de/ml-ontology/regression,regression,0.4288812577724457,1
10.1016/j.compag.2025.111125,http://h-da.de/ml-ontology/image_classification,image classification,0.3539929687976837,1
10.1016/j.compbiolchem.2023.107970,http://h-da.de/ml-ontology/feature_extraction,feature extraction,0.41384750604629517,1
10.1016/j.compbiomed.2016.11.013,http://h-da.de/ml-ontology/image_classification,image classification,0.40159714221954346,1
10.1016/j.compbiomed.2020.103940,http://h-da.de/ml-ontology/image_classification,image classification,0.44002801179885864,1
10.1016/j.compbiomed.2022.105441,http://h-da.de/ml-ontology/audio_regression,audio regression,0.37276414036750793,1
10.1016/j.compbiomed.2024.108599,http://h-da.de/ml-ontology/classification,classification,0.3502803444862366,1
10.1016/j.compbiomed.2025.110924,http://h-da.de/ml-ontology/time_series_classification,time series classification,0.3704667091369629,1
10.1016/j.compchemeng.2003.11.004,http://h-da.de/ml-ontology/feature_extraction,feature extraction,0.4048224091529846,1
10.1016/j.compchemeng.2005.06.008,http://h-da.de/ml-ontology/image_classification,image classification,0.4956844449043274,1
10.1016/j.compchemeng.2018.12.001,http://h-da.de/ml-ontology/association_rule_learning,association rule learning,0.44302916526794434,1
10.1016/j.compchemeng.2019.03.040,http://h-da.de/ml-ontology/classification,classification,0.4126430153846741,1
10.1016/j.compchemeng.2020.107069,http://h-da.de/ml-ontology/feature_extraction,feature extraction,0.35742759704589844,1
10.1016/j.compchemeng.2020.107123,http://h-da.de/ml-ontology/time_series_forecasting,time series forecasting,0.43135324120521545,1
10.1016/j.compchemeng.2020.107134,http://h-da.de/ml-ontology/feature_extraction,feature extraction,0.4274251461029053,1
10.1016/j.compchemeng.2021.107304,http://h-da.de/ml-ontology/feature_extraction,feature extraction,0.5021582841873169,1
10.1016/j.compchemeng.2021.107381,http://h-da.de/ml-ontology/binary_classification,binary classification,0.4096107482910156,1
10.1016/j.compchemeng.2021.107508,http://h-da.de/ml-ontology/feature_extraction,feature extraction,0.527205765247345,1
10.1016/j.compchemeng.2022.107836,http://h-da.de/ml-ontology/image_classification,image classification,0.41562774777412415,1
10.1016/j.compchemeng.2022.107850,http://h-da.de/ml-ontology/feature_extraction,feature extraction,0.3950517177581787,1
10.1016/j.compchemeng.2022.107896,http://h-da.de/ml-ontology/feature_extraction,feature extraction,0.4632278084754944,1
10.1016/j.compchemeng.2022.108111,http://h-da.de/ml-ontology/feature_extraction,feature extraction,0.3541281223297119,1
10.1016/j.compchemeng.2023.108232,http://h-da.de/ml-ontology/feature_extraction,feature extraction,0.36254024505615234,1
10.1016/j.compchemeng.2023.108276,http://h-da.de/ml-ontology/feature_extraction,feature extraction,0.4550299644470215,1
10.1016/j.compchemeng.2023.108391,http://h-da.de/ml-ontology/feature_extraction,feature extraction,0.4179350435733795,1
10.1016/j.compchemeng.2023.108446,http://h-da.de/ml-ontology/named_entity_recognition,named entity recognition,0.5350170731544495,1
10.1016/j.compchemeng.2023.108513,http://h-da.de/ml-ontology/regression,regression,0.4497549533843994,1
10.1016/j.compchemeng.2024.108740,http://h-da.de/ml-ontology/time_series_forecasting,time series forecasting,0.36296629905700684,1
10.1016/j.compchemeng.2024.108787,http://h-da.de/ml-ontology/time_series_forecasting,time series forecasting,0.38484999537467957,1
10.1016/j.compchemeng.2024.108891,http://h-da.de/ml-ontology/clustering,clustering,0.4224281907081604,1
10.1016/j.compchemeng.2024.108982,http://h-da.de/ml-ontology/feature_extraction,feature extraction,0.4535093307495117,1
10.1016/j.compchemeng.2025.109036,http://h-da.de/ml-ontology/feature_extraction,feature extraction,0.42938703298568726,1
10.1016/j.compchemeng.2025.109106,http://h-da.de/ml-ontology/anomaly_detection,anomaly detection,0.4701906740665436,1
10.1016/j.compchemeng.2025.109217,http://h-da.de/ml-ontology/feature_extraction,feature extraction,0.3938658535480499,1
10.1016/j.compchemeng.2025.109278,http://h-da.de/ml-ontology/anomaly_detection,anomaly detection,0.3595251441001892,1
10.1016/j.compchemeng.2025.109320,http://h-da.de/ml-ontology/feature_extraction,feature extraction,0.380560040473938,1
10.1016/j.compchemeng.2025.109352,http://h-da.de/ml-ontology/feature_extraction,feature extraction,0.46087130904197693,1
10.1016/j.compeleceng.2018.07.049,http://h-da.de/ml-ontology/image_classification,image classification,0.45961862802505493,1
10.1016/j.compeleceng.2021.107048,http://h-da.de/ml-ontology/anomaly_detection,anomaly detection,0.5078616738319397,1
10.1016/j.compeleceng.2023.108637,http://h-da.de/ml-ontology/feature_extraction,feature extraction,0.3997170627117157,1
10.1016/j.compeleceng.2023.108685,http://h-da.de/ml-ontology/anomaly_detection,anomaly detection,0.39272111654281616,1
10.1016/j.compeleceng.2023.108760,http://h-da.de/ml-ontology/anomaly_detection,anomaly detection,0.43867921829223633,1
10.1016/j.compeleceng.2024.109853,http://h-da.de/ml-ontology/feature_extraction,feature extraction,0.4290037751197815,1
10.1016/j.compeleceng.2025.110134,http://h-da.de/ml-ontology/feature_extraction,feature extraction,0.3668142557144165,1
10.1016/j.compeleceng.2025.110261,http://h-da.de/ml-ontology/feature_extraction,feature extraction,0.3576664626598358,1
10.1016/j.compeleceng.2025.110604,http://h-da.de/ml-ontology/time_series_classification,time series classification,0.4641428291797638,1
10.1016/j.compind.2017.06.001,http://h-da.de/ml-ontology/feature_extraction,feature extraction,0.3637953996658325,1
10.1016/j.compind.2017.12.005,http://h-da.de/ml-ontology/feature_extraction,feature extraction,0.4582785964012146,1
10.1016/j.compind.2018.10.008,http://h-da.de/ml-ontology/image_regression,image regression,0.3864404857158661,1
10.1016/j.compind.2019.01.011,http://h-da.de/ml-ontology/feature_extraction,feature extraction,0.38867369294166565,1
10.1016/j.compind.2019.06.001,http://h-da.de/ml-ontology/feature_extraction,feature extraction,0.5173064470291138,1
10.1016/j.compind.2020.103244,http://h-da.de/ml-ontology/feature_extraction,feature extraction,0.3567444086074829,1
10.1016/j.compind.2020.103262,http://h-da.de/ml-ontology/feature_extraction,feature extraction,0.4413709044456482,1
10.1016/j.compind.2021.103450,http://h-da.de/ml-ontology/image_classification,image classification,0.4634380340576172,1
10.1016/j.compind.2021.103528,http://h-da.de/ml-ontology/feature_extraction,feature extraction,0.44727134704589844,1
10.1016/j.compind.2022.103662,http://h-da.de/ml-ontology/image_classification,image classification,0.3907742500305176,1
10.1016/j.compind.2023.103958,http://h-da.de/ml-ontology/binary_classification,binary classification,0.3734602928161621,1
10.1016/j.compind.2023.103964,http://h-da.de/ml-ontology/feature_extraction,feature extraction,0.439603328704834,1
10.1016/j.compind.2023.103987,http://h-da.de/ml-ontology/feature_extraction,feature extraction,0.449191689491272,1
10.1016/j.compind.2024.104198,http://h-da.de/ml-ontology/anomaly_detection,anomaly detection,0.49448201060295105,1
10.1016/j.compositesa.2020.106131,http://h-da.de/ml-ontology/image_classification,image classification,0.3670532703399658,1
10.1016/j.compositesa.2024.108218,http://h-da.de/ml-ontology/audio_regression,audio regression,0.3648722469806671,1
10.1016/j.compositesa.2024.108671,http://h-da.de/ml-ontology/image_regression,image regression,0.37535780668258667,1
10.1016/j.compositesb.2021.108973,http://h-da.de/ml-ontology/image_classification,image classification,0.3973909020423889,1
10.1016/j.compositesb.2024.111499,http://h-da.de/ml-ontology/image_regression,image regression,0.36509969830513,1
10.1016/j.compositesb.2024.111753,http://h-da.de/ml-ontology/image_classification,image classification,0.45038777589797974,1
10.1016/j.compositesb.2025.112701,http://h-da.de/ml-ontology/feature_extraction,feature extraction,0.3630051016807556,1
10.1016/j.compositesb.2025.112799,http://h-da.de/ml-ontology/image_regression,image regression,0.35335707664489746,1
10.1016/j.compscitech.2022.109820,http://h-da.de/ml-ontology/feature_extraction,feature extraction,0.37003690004348755,1
10.1016/j.compstruc.2023.107035,http://h-da.de/ml-ontology/feature_extraction,feature extraction,0.4204557538032532,1
10.1016/j.compstruct.2016.10.109,http://h-da.de/ml-ontology/audio_regression,audio regression,0.4481614828109741,1
10.1016/j.compstruct.2020.112702,http://h-da.de/ml-ontology/feature_extraction,feature extraction,0.3928038477897644,1
10.1016/j.compstruct.2020.113207,http://h-da.de/ml-ontology/feature_extraction,feature extraction,0.3651241958141327,1
10.1016/j.compstruct.2021.114233,http://h-da.de/ml-ontology/audio_regression,audio regression,0.4768220782279968,1
10.1016/j.compstruct.2022.116579,http://h-da.de/ml-ontology/time_series_classification,time series classification,0.354892760515213,1
10.1016/j.compstruct.2024.118030,http://h-da.de/ml-ontology/feature_extraction,feature extraction,0.3896612524986267,1
10.1016/j.compstruct.2024.118617,http://h-da.de/ml-ontology/image_regression,image regression,0.39349719882011414,1
10.1016/j.compstruct.2025.119419,http://h-da.de/ml-ontology/feature_extraction,feature extraction,0.3547855615615845,1
10.1016/j.conbuildmat.2023.130567,http://h-da.de/ml-ontology/regression,regression,0.3885948657989502,1
10.1016/j.conbuildmat.2024.137725,http://h-da.de/ml-ontology/feature_extraction,feature extraction,0.40885645151138306,1
10.1016/j.conbuildmat.2024.139853,http://h-da.de/ml-ontology/image_regression,image regression,0.35134097933769226,1
10.1016/j.conbuildmat.2025.141844,http://h-da.de/ml-ontology/image_regression,image regression,0.3913005590438843,1
10.1016/j.conbuildmat.2025.142073,http://h-da.de/ml-ontology/image_classification,image classification,0.40162765979766846,1
10.1016/j.conengprac.2015.08.015,http://h-da.de/ml-ontology/regression,regression,0.37033891677856445,1
10.1016/j.conengprac.2019.104189,http://h-da.de/ml-ontology/feature_extraction,feature extraction,0.4730898141860962,1
10.1016/j.conengprac.2020.104706,http://h-da.de/ml-ontology/feature_extraction,feature extraction,0.45183253288269043,1
10.1016/j.conengprac.2022.105304,http://h-da.de/ml-ontology/anomaly_detection,anomaly detection,0.4563404619693756,1
10.1016/j.conengprac.2025.106361,http://h-da.de/ml-ontology/feature_extraction,feature extraction,0.4814661145210266,1
10.1016/j.cor.2005.05.019,http://h-da.de/ml-ontology/feature_extraction,feature extraction,0.3761332035064697,1
10.1016/j.cor.2025.107011,http://h-da.de/ml-ontology/binary_classification,binary classification,0.35768648982048035,1
10.1016/j.cpc.2025.109500,http://h-da.de/ml-ontology/feature_extraction,feature extraction,0.3579098582267761,1
10.1016/j.crfs.2024.100737,http://h-da.de/ml-ontology/image_classification,image classification,0.42091912031173706,1
10.1016/j.crfs.2025.101219,http://h-da.de/ml-ontology/feature_extraction,feature extraction,0.3631472885608673,1
10.1016/j.csa.2025.100105,http://h-da.de/ml-ontology/anomaly_detection,anomaly detection,0.41800254583358765,1
10.1016/j.csbj.2025.03.043,http://h-da.de/ml-ontology/feature_extraction,feature extraction,0.392336905002594,1
10.1016/j.csbj.2025.10.052,http://h-da.de/ml-ontology/feature_selection,feature selection,0.4422242343425751,1
10.1016/j.cscee.2025.101128,http://h-da.de/ml-ontology/regression,regression,0.41006022691726685,1
10.1016/j.cscm.2025.e04801,http://h-da.de/ml-ontology/audio_regression,audio regression,0.39306163787841797,1
10.1016/j.csite.2023.103384,http://h-da.de/ml-ontology/feature_extraction,feature extraction,0.3700214624404907,1
10.1016/j.csite.2023.103835,http://h-da.de/ml-ontology/feature_extraction,feature extraction,0.3659462034702301,1
10.1016/j.dajour.2024.100492,http://h-da.de/ml-ontology/tabular_regression,tabular regression,0.37526124715805054,1
10.1016/j.dajour.2024.100516,http://h-da.de/ml-ontology/tabular_classification,tabular classification,0.39074915647506714,1
10.1016/j.dajour.2025.100561,http://h-da.de/ml-ontology/association_rule_learning,association rule learning,0.44067174196243286,1
10.1016/j.dajour.2025.100607,http://h-da.de/ml-ontology/feature_extraction,feature extraction,0.3827335834503174,1
10.1016/j.dajour.2025.100637,http://h-da.de/ml-ontology/anomaly_detection,anomaly detection,0.4708575904369354,1
10.1016/j.dajour.2025.100646,http://h-da.de/ml-ontology/binary_classification,binary classification,0.3508935570716858,1
10.1016/j.datak.2024.102402,http://h-da.de/ml-ontology/feature_extraction,feature extraction,0.3693869113922119,1
10.1016/j.dcan.2021.03.003,http://h-da.de/ml-ontology/image_classification,image classification,0.5206391215324402,1
10.1016/j.dcan.2022.04.021,http://h-da.de/ml-ontology/feature_extraction,feature extraction,0.4046276807785034,1
10.1016/j.dche.2021.100003,http://h-da.de/ml-ontology/feature_extraction,feature extraction,0.4270747900009155,1
10.1016/j.dche.2022.100076,http://h-da.de/ml-ontology/image_regression,image regression,0.4416256844997406,1
10.1016/j.dche.2024.100195,http://h-da.de/ml-ontology/feature_extraction,feature extraction,0.4069851040840149,1
10.1016/j.dche.2025.100242,http://h-da.de/ml-ontology/feature_extraction,feature extraction,0.435005784034729,1
10.1016/j.desal.2019.02.005,http://h-da.de/ml-ontology/feature_extraction,feature extraction,0.4215043783187866,1
10.1016/j.desal.2023.117253,http://h-da.de/ml-ontology/feature_extraction,feature extraction,0.39041954278945923,1
10.1016/j.desal.2025.118765,http://h-da.de/ml-ontology/feature_extraction,feature extraction,0.35870063304901123,1
10.1016/j.desal.2025.119193,http://h-da.de/ml-ontology/time_series_forecasting,time series forecasting,0.3694334030151367,1
10.1016/j.dib.2023.109160,http://h-da.de/ml-ontology/feature_extraction,feature extraction,0.3913477063179016,1
10.1016/j.dib.2023.109625,http://h-da.de/ml-ontology/feature_extraction,feature extraction,0.36505556106567383,1
10.1016/j.dib.2025.111873,http://h-da.de/ml-ontology/association_rule_learning,association rule learning,0.43016475439071655,1
10.1016/j.dib.2025.111954,http://h-da.de/ml-ontology/binary_classification,binary classification,0.4111403822898865,1
10.1016/j.dib.2025.112020,http://h-da.de/ml-ontology/feature_extraction,feature extraction,0.4358077049255371,1
10.1016/j.dibe.2025.100718,http://h-da.de/ml-ontology/regression,regression,0.4300384521484375,1
10.1016/j.dsm.2023.10.003,http://h-da.de/ml-ontology/feature_selection,feature selection,0.467651903629303,1
10.1016/j.dsp.2023.104368,http://h-da.de/ml-ontology/feature_extraction,feature extraction,0.3537174463272095,1
10.1016/j.dss.2019.113100,http://h-da.de/ml-ontology/feature_extraction,feature extraction,0.3631855845451355,1
10.1016/j.dss.2021.113494,http://h-da.de/ml-ontology/feature_extraction,feature extraction,0.3623706102371216,1
10.1016/j.dt.2025.06.008,http://h-da.de/ml-ontology/feature_extraction,feature extraction,0.35913509130477905,1
10.1016/j.dte.2025.100062,http://h-da.de/ml-ontology/image_classification,image classification,0.4385184049606323,1
10.1016/j.ece.2025.06.006,http://h-da.de/ml-ontology/feature_selection,feature selection,0.40139663219451904,1
10.1016/j.ecmx.2024.100669,http://h-da.de/ml-ontology/feature_extraction,feature extraction,0.36882516741752625,1
10.1016/j.ecmx.2025.101127,http://h-da.de/ml-ontology/regression,regression,0.37457844614982605,1
10.1016/j.ecoenv.2025.117823,http://h-da.de/ml-ontology/feature_selection,feature selection,0.4012311100959778,1
10.1016/j.ecoinf.2023.102044,http://h-da.de/ml-ontology/feature_extraction,feature extraction,0.38622063398361206,1
10.1016/j.ecoinf.2025.103452,http://h-da.de/ml-ontology/feature_selection,feature selection,0.3941318988800049,1
10.1016/j.egyai.2021.100064,http://h-da.de/ml-ontology/regression,regression,0.3546931743621826,1
10.1016/j.egyai.2022.100214,http://h-da.de/ml-ontology/time_series_forecasting,time series forecasting,0.36406534910202026,1
10.1016/j.egyai.2024.100405,http://h-da.de/ml-ontology/feature_extraction,feature extraction,0.3584601879119873,1
10.1016/j.egyai.2025.100504,http://h-da.de/ml-ontology/feature_extraction,feature extraction,0.4044499397277832,1
10.1016/j.egyr.2021.09.031,http://h-da.de/ml-ontology/regression,regression,0.4017305374145508,1
10.1016/j.egyr.2022.05.265,http://h-da.de/ml-ontology/regression,regression,0.3642101585865021,1
10.1016/j.egyr.2022.06.003,http://h-da.de/ml-ontology/regression,regression,0.3976789116859436,1
10.1016/j.egyr.2022.10.406,http://h-da.de/ml-ontology/time_series_forecasting,time series forecasting,0.38284850120544434,1
10.1016/j.egyr.2023.09.159,http://h-da.de/ml-ontology/anomaly_detection,anomaly detection,0.4631959795951843,1
10.1016/j.egyr.2025.05.059,http://h-da.de/ml-ontology/feature_extraction,feature extraction,0.37004923820495605,1
10.1016/j.eiar.2023.107315,http://h-da.de/ml-ontology/regression,regression,0.36191046237945557,1
10.1016/j.eiar.2023.107332,http://h-da.de/ml-ontology/feature_selection,feature selection,0.35159337520599365,1
10.1016/j.eij.2010.10.005,http://h-da.de/ml-ontology/classification,classification,0.3979857563972473,1
10.1016/j.eja.2024.127483,http://h-da.de/ml-ontology/image_regression,image regression,0.4052615463733673,1
10.1016/j.eja.2025.127750,http://h-da.de/ml-ontology/regression,regression,0.43579646944999695,1
10.1016/j.ejps.2025.107173,http://h-da.de/ml-ontology/feature_extraction,feature extraction,0.39664146304130554,1
10.1016/j.ejrh.2022.101271,http://h-da.de/ml-ontology/image_regression,image regression,0.36292511224746704,1
10.1016/j.eml.2020.101029,http://h-da.de/ml-ontology/vertex_classification,vertex classification,0.39652860164642334,1
10.1016/j.enbuild.2017.10.041,http://h-da.de/ml-ontology/regression,regression,0.4059343934059143,1
10.1016/j.enbuild.2018.06.033,http://h-da.de/ml-ontology/time_series_forecasting,time series forecasting,0.3761509656906128,1
10.1016/j.enbuild.2020.109966,http://h-da.de/ml-ontology/feature_extraction,feature extraction,0.3944284915924072,1
10.1016/j.enbuild.2023.112900,http://h-da.de/ml-ontology/audio_regression,audio regression,0.3633549213409424,1
10.1016/j.enbuild.2024.114235,http://h-da.de/ml-ontology/binary_classification,binary classification,0.44207102060317993,1
10.1016/j.enbuild.2024.114899,http://h-da.de/ml-ontology/regression,regression,0.4318345785140991,1
10.1016/j.enbuild.2025.115530,http://h-da.de/ml-ontology/feature_selection,feature selection,0.42551591992378235,1
10.1016/j.enconman.2021.114103,http://h-da.de/ml-ontology/regression,regression,0.3553111255168915,1
10.1016/j.enconman.2024.118120,http://h-da.de/ml-ontology/time_series_forecasting,time series forecasting,0.358242928981781,1
10.1016/j.enconman.2025.119694,http://h-da.de/ml-ontology/time_series_classification,time series classification,0.35199642181396484,1
10.1016/j.energy.2017.01.091,http://h-da.de/ml-ontology/feature_extraction,feature extraction,0.374315083026886,1
10.1016/j.energy.2019.01.042,http://h-da.de/ml-ontology/time_series_classification,time series classification,0.37303197383880615,1
10.1016/j.energy.2020.117037,http://h-da.de/ml-ontology/regression,regression,0.37257158756256104,1
10.1016/j.energy.2021.120069,http://h-da.de/ml-ontology/time_series_forecasting,time series forecasting,0.3726259469985962,1
10.1016/j.energy.2021.120255,http://h-da.de/ml-ontology/feature_extraction,feature extraction,0.3840056359767914,1
10.1016/j.energy.2023.127935,http://h-da.de/ml-ontology/feature_extraction,feature extraction,0.47949138283729553,1
10.1016/j.energy.2023.128137,http://h-da.de/ml-ontology/feature_extraction,feature extraction,0.35941141843795776,1
10.1016/j.energy.2023.128442,http://h-da.de/ml-ontology/feature_extraction,feature extraction,0.4154661297798157,1
10.1016/j.energy.2023.129239,http://h-da.de/ml-ontology/association_rule_learning,association rule learning,0.3624587059020996,1
10.1016/j.energy.2023.129499,http://h-da.de/ml-ontology/feature_selection,feature selection,0.3906095623970032,1
10.1016/j.energy.2023.129630,http://h-da.de/ml-ontology/regression,regression,0.3679177165031433,1
10.1016/j.energy.2024.130880,http://h-da.de/ml-ontology/feature_extraction,feature extraction,0.40610846877098083,1
10.1016/j.energy.2024.131185,http://h-da.de/ml-ontology/regression,regression,0.45550569891929626,1
10.1016/j.energy.2024.131621,http://h-da.de/ml-ontology/regression,regression,0.4190446436405182,1
10.1016/j.energy.2025.135992,http://h-da.de/ml-ontology/regression,regression,0.43663108348846436,1
10.1016/j.energy.2025.137253,http://h-da.de/ml-ontology/feature_extraction,feature extraction,0.42101410031318665,1
10.1016/j.energy.2025.137335,http://h-da.de/ml-ontology/feature_extraction,feature extraction,0.4237978458404541,1
10.1016/j.energy.2025.137373,http://h-da.de/ml-ontology/feature_extraction,feature extraction,0.39744657278060913,1
10.1016/j.energy.2025.137521,http://h-da.de/ml-ontology/feature_extraction,feature extraction,0.37459397315979004,1
10.1016/j.energy.2025.137981,http://h-da.de/ml-ontology/time_series_forecasting,time series forecasting,0.3785852789878845,1
10.1016/j.energy.2025.138396,http://h-da.de/ml-ontology/regression,regression,0.3961198925971985,1
10.1016/j.energy.2025.138644,http://h-da.de/ml-ontology/feature_extraction,feature extraction,0.3689270615577698,1
10.1016/j.eng.2019.02.013,http://h-da.de/ml-ontology/feature_extraction,feature extraction,0.3839108943939209,1
10.1016/j.eng.2019.04.012,http://h-da.de/ml-ontology/feature_extraction,feature extraction,0.3662068247795105,1
10.1016/j.eng.2022.06.019,http://h-da.de/ml-ontology/feature_extraction,feature extraction,0.538644552230835,1
10.1016/j.eng.2024.07.009,http://h-da.de/ml-ontology/feature_extraction,feature extraction,0.39548927545547485,1
10.1016/j.enganabound.2025.106361,http://h-da.de/ml-ontology/feature_extraction,feature extraction,0.3784372806549072,1
10.1016/j.engappai.2015.02.009,http://h-da.de/ml-ontology/image_classification,image classification,0.43995440006256104,1
10.1016/j.engappai.2019.103289,http://h-da.de/ml-ontology/feature_extraction,feature extraction,0.3940601050853729,1
10.1016/j.engappai.2019.103301,http://h-da.de/ml-ontology/anomaly_detection,anomaly detection,0.5570758581161499,1
10.1016/j.engappai.2020.103936,http://h-da.de/ml-ontology/feature_extraction,feature extraction,0.46648383140563965,1
10.1016/j.engappai.2022.105120,http://h-da.de/ml-ontology/image_regression,image regression,0.38034749031066895,1
10.1016/j.engappai.2022.105265,http://h-da.de/ml-ontology/feature_extraction,feature extraction,0.39432889223098755,1
10.1016/j.engappai.2022.105553,http://h-da.de/ml-ontology/image_classification,image classification,0.4428058862686157,1
10.1016/j.engappai.2022.105741,http://h-da.de/ml-ontology/classification,classification,0.4693452715873718,1
10.1016/j.engappai.2022.105749,http://h-da.de/ml-ontology/binary_classification,binary classification,0.3597610592842102,1
10.1016/j.engappai.2023.106031,http://h-da.de/ml-ontology/binary_classification,binary classification,0.4136328101158142,1
10.1016/j.engappai.2023.106078,http://h-da.de/ml-ontology/time_series_classification,time series classification,0.4492455720901489,1
10.1016/j.engappai.2023.106149,http://h-da.de/ml-ontology/time_series_classification,time series classification,0.44476795196533203,1
10.1016/j.engappai.2023.106303,http://h-da.de/ml-ontology/time_series_classification,time series classification,0.372402548789978,1
10.1016/j.engappai.2023.106337,http://h-da.de/ml-ontology/image_regression,image regression,0.37179476022720337,1
10.1016/j.engappai.2023.106715,http://h-da.de/ml-ontology/binary_classification,binary classification,0.4905734062194824,1
10.1016/j.engappai.2023.106828,http://h-da.de/ml-ontology/feature_extraction,feature extraction,0.38747984170913696,1
10.1016/j.engappai.2023.106992,http://h-da.de/ml-ontology/action_recognition,action recognition,0.42487239837646484,1
10.1016/j.engappai.2023.107581,http://h-da.de/ml-ontology/binary_classification,binary classification,0.38490086793899536,1
10.1016/j.engappai.2023.107620,http://h-da.de/ml-ontology/binary_classification,binary classification,0.42152562737464905,1
10.1016/j.engappai.2023.107644,http://h-da.de/ml-ontology/time_series_forecasting,time series forecasting,0.44917041063308716,1
10.1016/j.engappai.2023.107667,http://h-da.de/ml-ontology/anomaly_detection,anomaly detection,0.35052168369293213,1
10.1016/j.engappai.2023.107680,http://h-da.de/ml-ontology/feature_extraction,feature extraction,0.49929237365722656,1
10.1016/j.engappai.2024.107903,http://h-da.de/ml-ontology/association_rule_learning,association rule learning,0.40035033226013184,1
10.1016/j.engappai.2024.108262,http://h-da.de/ml-ontology/image_classification,image classification,0.4917004108428955,1
10.1016/j.engappai.2024.108285,http://h-da.de/ml-ontology/feature_extraction,feature extraction,0.4421364665031433,1
10.1016/j.engappai.2024.108584,http://h-da.de/ml-ontology/binary_classification,binary classification,0.38607776165008545,1
10.1016/j.engappai.2024.109089,http://h-da.de/ml-ontology/tabular_classification,tabular classification,0.42507386207580566,1
10.1016/j.engappai.2024.109269,http://h-da.de/ml-ontology/feature_extraction,feature extraction,0.40020713210105896,1
10.1016/j.engappai.2024.109353,http://h-da.de/ml-ontology/action_recognition,action recognition,0.4623381495475769,1
10.1016/j.engappai.2024.109494,http://h-da.de/ml-ontology/association_rule_learning,association rule learning,0.39904317259788513,1
10.1016/j.engappai.2024.109552,http://h-da.de/ml-ontology/anomaly_detection,anomaly detection,0.43049943447113037,1
10.1016/j.engappai.2024.109624,http://h-da.de/ml-ontology/feature_extraction,feature extraction,0.3675082325935364,1
10.1016/j.engappai.2024.109652,http://h-da.de/ml-ontology/time_series_analysis,time series analysis,0.3750743567943573,1
10.1016/j.engappai.2024.109779,http://h-da.de/ml-ontology/time_series_forecasting,time series forecasting,0.3917258381843567,1
10.1016/j.engappai.2024.109910,http://h-da.de/ml-ontology/feature_extraction,feature extraction,0.35695207118988037,1
10.1016/j.engappai.2025.110132,http://h-da.de/ml-ontology/feature_extraction,feature extraction,0.44009578227996826,1
10.1016/j.engappai.2025.110141,http://h-da.de/ml-ontology/feature_extraction,feature extraction,0.45182839035987854,1
10.1016/j.engappai.2025.110282,http://h-da.de/ml-ontology/anomaly_detection,anomaly detection,0.41693758964538574,1
10.1016/j.engappai.2025.110363,http://h-da.de/ml-ontology/feature_selection,feature selection,0.43306541442871094,1
10.1016/j.engappai.2025.110561,http://h-da.de/ml-ontology/sentiment_analysis,sentiment analysis,0.47140589356422424,1
10.1016/j.engappai.2025.110674,http://h-da.de/ml-ontology/feature_extraction,feature extraction,0.40408217906951904,1
10.1016/j.engappai.2025.110960,http://h-da.de/ml-ontology/association_rule_learning,association rule learning,0.38110530376434326,1
10.1016/j.engappai.2025.111071,http://h-da.de/ml-ontology/image_classification,image classification,0.3705630302429199,1
10.1016/j.engappai.2025.111159,http://h-da.de/ml-ontology/regression,regression,0.35526156425476074,1
10.1016/j.engappai.2025.111160,http://h-da.de/ml-ontology/feature_extraction,feature extraction,0.36678749322891235,1
10.1016/j.engappai.2025.111199,http://h-da.de/ml-ontology/time_series_classification,time series classification,0.39059215784072876,1
10.1016/j.engappai.2025.111204,http://h-da.de/ml-ontology/feature_extraction,feature extraction,0.3847006559371948,1
10.1016/j.engappai.2025.111430,http://h-da.de/ml-ontology/binary_classification,binary classification,0.4682191014289856,1
10.1016/j.engappai.2025.111514,http://h-da.de/ml-ontology/anomaly_detection,anomaly detection,0.4811684191226959,1
10.1016/j.engappai.2025.111807,http://h-da.de/ml-ontology/feature_extraction,feature extraction,0.43106961250305176,1
10.1016/j.engappai.2025.111852,http://h-da.de/ml-ontology/feature_extraction,feature extraction,0.3632880449295044,1
10.1016/j.engappai.2025.111865,http://h-da.de/ml-ontology/feature_extraction,feature extraction,0.4315003752708435,1
10.1016/j.engappai.2025.112039,http://h-da.de/ml-ontology/image_classification,image classification,0.4393550157546997,1
10.1016/j.engappai.2025.112621,http://h-da.de/ml-ontology/regression,regression,0.3877251148223877,1
10.1016/j.engappai.2025.112630,http://h-da.de/ml-ontology/feature_extraction,feature extraction,0.41221678256988525,1
10.1016/j.engappai.2025.112805,http://h-da.de/ml-ontology/audio_regression,audio regression,0.36199772357940674,1
10.1016/j.engfailanal.2022.106951,http://h-da.de/ml-ontology/feature_extraction,feature extraction,0.49295035004615784,1
10.1016/j.engfailanal.2023.107584,http://h-da.de/ml-ontology/feature_extraction,feature extraction,0.36987727880477905,1
10.1016/j.engfailanal.2023.107852,http://h-da.de/ml-ontology/binary_classification,binary classification,0.4094942808151245,1
10.1016/j.engfailanal.2024.108052,http://h-da.de/ml-ontology/time_series_classification,time series classification,0.37413182854652405,1
10.1016/j.engfailanal.2024.108811,http://h-da.de/ml-ontology/anomaly_detection,anomaly detection,0.43117523193359375,1
10.1016/j.engfailanal.2025.109521,http://h-da.de/ml-ontology/feature_extraction,feature extraction,0.3757081627845764,1
10.1016/j.engfracmech.2024.110401,http://h-da.de/ml-ontology/image_classification,image classification,0.3541044592857361,1
10.1016/j.enggeo.2025.108088,http://h-da.de/ml-ontology/tabular_regression,tabular regression,0.40108928084373474,1
10.1016/j.engstruct.2021.112992,http://h-da.de/ml-ontology/audio_regression,audio regression,0.43977802991867065,1
10.1016/j.engstruct.2023.116391,http://h-da.de/ml-ontology/audio_regression,audio regression,0.5127107501029968,1
10.1016/j.engstruct.2025.120787,http://h-da.de/ml-ontology/feature_extraction,feature extraction,0.3786337375640869,1
10.1016/j.envc.2023.100779,http://h-da.de/ml-ontology/regression,regression,0.4169648587703705,1
10.1016/j.envc.2025.101160,http://h-da.de/ml-ontology/regression,regression,0.38883161544799805,1
10.1016/j.envres.2024.119133,http://h-da.de/ml-ontology/feature_extraction,feature extraction,0.35563498735427856,1
10.1016/j.envres.2025.122500,http://h-da.de/ml-ontology/audio_regression,audio regression,0.3697711229324341,1
10.1016/j.envres.2025.122990,http://h-da.de/ml-ontology/regression,regression,0.354905366897583,1
10.1016/j.epsr.2021.107519,http://h-da.de/ml-ontology/binary_classification,binary classification,0.3941395580768585,1
10.1016/j.epsr.2022.108974,http://h-da.de/ml-ontology/feature_extraction,feature extraction,0.36579132080078125,1
10.1016/j.epsr.2023.109361,http://h-da.de/ml-ontology/image_classification,image classification,0.4461821913719177,1
10.1016/j.epsr.2025.111856,http://h-da.de/ml-ontology/binary_classification,binary classification,0.37404313683509827,1
10.1016/j.esci.2024.100280,http://h-da.de/ml-ontology/feature_extraction,feature extraction,0.3577985465526581,1
10.1016/j.ese.2023.100321,http://h-da.de/ml-ontology/feature_extraction,feature extraction,0.37596768140792847,1
10.1016/j.est.2022.104072,http://h-da.de/ml-ontology/feature_extraction,feature extraction,0.38407984375953674,1
10.1016/j.est.2022.106469,http://h-da.de/ml-ontology/audio_regression,audio regression,0.3521638512611389,1
10.1016/j.est.2025.117742,http://h-da.de/ml-ontology/feature_extraction,feature extraction,0.3539998531341553,1
10.1016/j.eswa.2007.10.029,http://h-da.de/ml-ontology/feature_extraction,feature extraction,0.4362550973892212,1
10.1016/j.eswa.2008.09.024,http://h-da.de/ml-ontology/binary_classification,binary classification,0.38355281949043274,1
10.1016/j.eswa.2009.08.008,http://h-da.de/ml-ontology/feature_extraction,feature extraction,0.3605794906616211,1
10.1016/j.eswa.2012.01.036,http://h-da.de/ml-ontology/feature_extraction,feature extraction,0.4015772044658661,1
10.1016/j.eswa.2014.08.034,http://h-da.de/ml-ontology/feature_extraction,feature extraction,0.40395939350128174,1
10.1016/j.eswa.2015.05.047,http://h-da.de/ml-ontology/feature_extraction,feature extraction,0.4127306342124939,1
10.1016/j.eswa.2018.05.039,http://h-da.de/ml-ontology/recommendation,recommendation,0.5279428958892822,1
10.1016/j.eswa.2019.01.077,http://h-da.de/ml-ontology/feature_extraction,feature extraction,0.42662644386291504,1
10.1016/j.eswa.2019.02.012,http://h-da.de/ml-ontology/association_rule_learning,association rule learning,0.4243670105934143,1
10.1016/j.eswa.2019.112865,http://h-da.de/ml-ontology/association_rule_learning,association rule learning,0.4208889603614807,1
10.1016/j.eswa.2020.113275,http://h-da.de/ml-ontology/binary_classification,binary classification,0.4113878309726715,1
10.1016/j.eswa.2020.113405,http://h-da.de/ml-ontology/binary_classification,binary classification,0.42836013436317444,1
10.1016/j.eswa.2020.113653,http://h-da.de/ml-ontology/binary_classification,binary classification,0.5293200612068176,1
10.1016/j.eswa.2020.114060,http://h-da.de/ml-ontology/feature_extraction,feature extraction,0.47146958112716675,1
10.1016/j.eswa.2021.114598,http://h-da.de/ml-ontology/binary_classification,binary classification,0.4058908224105835,1
10.1016/j.eswa.2021.114897,http://h-da.de/ml-ontology/image_classification,image classification,0.39038774371147156,1
10.1016/j.eswa.2021.115388,http://h-da.de/ml-ontology/sentiment_analysis,sentiment analysis,0.4370271563529968,1
10.1016/j.eswa.2021.115699,http://h-da.de/ml-ontology/tabular_regression,tabular regression,0.4185323417186737,1
10.1016/j.eswa.2021.116000,http://h-da.de/ml-ontology/image_classification,image classification,0.4298277497291565,1
10.1016/j.eswa.2022.116791,http://h-da.de/ml-ontology/image_classification,image classification,0.42197665572166443,1
10.1016/j.eswa.2022.117398,http://h-da.de/ml-ontology/anomaly_detection,anomaly detection,0.4504880905151367,1
10.1016/j.eswa.2022.117670,http://h-da.de/ml-ontology/time_series_forecasting,time series forecasting,0.4348500370979309,1
10.1016/j.eswa.2022.117731,http://h-da.de/ml-ontology/image_classification,image classification,0.5392487049102783,1
10.1016/j.eswa.2022.118196,http://h-da.de/ml-ontology/anomaly_detection,anomaly detection,0.5415430665016174,1
10.1016/j.eswa.2022.118412,http://h-da.de/ml-ontology/time_series_classification,time series classification,0.4106571674346924,1
10.1016/j.eswa.2022.118421,http://h-da.de/ml-ontology/image_classification,image classification,0.38455331325531006,1
10.1016/j.eswa.2022.118435,http://h-da.de/ml-ontology/time_series_classification,time series classification,0.4545148015022278,1
10.1016/j.eswa.2023.120018,http://h-da.de/ml-ontology/feature_extraction,feature extraction,0.3561486005783081,1
10.1016/j.eswa.2023.120765,http://h-da.de/ml-ontology/image_classification,image classification,0.4257209002971649,1
10.1016/j.eswa.2023.121104,http://h-da.de/ml-ontology/feature_extraction,feature extraction,0.3929916322231293,1
10.1016/j.eswa.2023.121478,http://h-da.de/ml-ontology/feature_extraction,feature extraction,0.38508060574531555,1
10.1016/j.eswa.2023.122041,http://h-da.de/ml-ontology/feature_extraction,feature extraction,0.36574995517730713,1
10.1016/j.eswa.2023.122068,http://h-da.de/ml-ontology/binary_classification,binary classification,0.42585164308547974,1
10.1016/j.eswa.2023.122083,http://h-da.de/ml-ontology/image_classification,image classification,0.4086602032184601,1
10.1016/j.eswa.2023.122947,http://h-da.de/ml-ontology/image_classification,image classification,0.4253886342048645,1
10.1016/j.eswa.2023.123047,http://h-da.de/ml-ontology/feature_extraction,feature extraction,0.3548377454280853,1
10.1016/j.eswa.2024.123226,http://h-da.de/ml-ontology/regression,regression,0.4023185074329376,1
10.1016/j.eswa.2024.123820,http://h-da.de/ml-ontology/binary_classification,binary classification,0.424144446849823,1
10.1016/j.eswa.2024.123857,http://h-da.de/ml-ontology/feature_extraction,feature extraction,0.35806789994239807,1
10.1016/j.eswa.2024.123931,http://h-da.de/ml-ontology/image_classification,image classification,0.4780001640319824,1
10.1016/j.eswa.2024.124293,http://h-da.de/ml-ontology/image_classification,image classification,0.44331246614456177,1
10.1016/j.eswa.2024.124297,http://h-da.de/ml-ontology/anomaly_detection,anomaly detection,0.5056099891662598,1
10.1016/j.eswa.2024.125591,http://h-da.de/ml-ontology/audio_classification,audio classification,0.4093688130378723,1
10.1016/j.eswa.2024.125836,http://h-da.de/ml-ontology/image_regression,image regression,0.373914897441864,1
10.1016/j.eswa.2025.126666,http://h-da.de/ml-ontology/translation,translation,0.36301475763320923,1
10.1016/j.eswa.2025.127471,http://h-da.de/ml-ontology/feature_extraction,feature extraction,0.35505950450897217,1
10.1016/j.eswa.2025.127487,http://h-da.de/ml-ontology/binary_classification,binary classification,0.4121190309524536,1
10.1016/j.eswa.2025.127713,http://h-da.de/ml-ontology/image_regression,image regression,0.38522976636886597,1
10.1016/j.eswa.2025.127770,http://h-da.de/ml-ontology/feature_extraction,feature extraction,0.3996445834636688,1
10.1016/j.eswa.2025.127937,http://h-da.de/ml-ontology/time_series_forecasting,time series forecasting,0.4185882806777954,1
10.1016/j.eswa.2025.128001,http://h-da.de/ml-ontology/image_classification,image classification,0.4202594757080078,1
10.1016/j.eswa.2025.128070,http://h-da.de/ml-ontology/feature_extraction,feature extraction,0.35362017154693604,1
10.1016/j.eswa.2025.128366,http://h-da.de/ml-ontology/time_series_forecasting,time series forecasting,0.3729439973831177,1
10.1016/j.eswa.2025.128607,http://h-da.de/ml-ontology/time_series_classification,time series classification,0.38115501403808594,1
10.1016/j.eswa.2025.129014,http://h-da.de/ml-ontology/recommendation,recommendation,0.3521968126296997,1
10.1016/j.eswa.2025.129167,http://h-da.de/ml-ontology/time_series_classification,time series classification,0.4112216830253601,1
10.1016/j.eswa.2025.129339,http://h-da.de/ml-ontology/binary_classification,binary classification,0.38431107997894287,1
10.1016/j.eti.2020.101137,http://h-da.de/ml-ontology/feature_extraction,feature extraction,0.44967061281204224,1
10.1016/j.eti.2025.104541,http://h-da.de/ml-ontology/binary_classification,binary classification,0.3836808502674103,1
10.1016/j.etran.2022.100214,http://h-da.de/ml-ontology/feature_extraction,feature extraction,0.36482200026512146,1
10.1016/j.etran.2025.100417,http://h-da.de/ml-ontology/feature_extraction,feature extraction,0.38542330265045166,1
10.1016/j.finmec.2021.100054,http://h-da.de/ml-ontology/feature_extraction,feature extraction,0.36268770694732666,1
10.1016/j.flowmeasinst.2018.11.015,http://h-da.de/ml-ontology/audio_regression,audio regression,0.3965083956718445,1
10.1016/j.flowmeasinst.2022.102293,http://h-da.de/ml-ontology/regression,regression,0.35418999195098877,1
10.1016/j.flowmeasinst.2024.102569,http://h-da.de/ml-ontology/image_regression,image regression,0.3600342869758606,1
10.1016/j.flowmeasinst.2025.102985,http://h-da.de/ml-ontology/feature_extraction,feature extraction,0.4501665234565735,1
10.1016/j.flowmeasinst.2025.102987,http://h-da.de/ml-ontology/audio_regression,audio regression,0.5076247453689575,1
10.1016/j.flowmeasinst.2025.103031,http://h-da.de/ml-ontology/binary_classification,binary classification,0.3718031346797943,1
10.1016/j.fluid.2025.114535,http://h-da.de/ml-ontology/regression,regression,0.3663410544395447,1
10.1016/j.foodchem.2022.132841,http://h-da.de/ml-ontology/feature_extraction,feature extraction,0.3667623996734619,1
10.1016/j.foodchem.2023.136986,http://h-da.de/ml-ontology/classification,classification,0.3559150695800781,1
10.1016/j.foodchem.2023.137162,http://h-da.de/ml-ontology/translation,translation,0.3564606308937073,1
10.1016/j.foodchem.2025.145037,http://h-da.de/ml-ontology/feature_extraction,feature extraction,0.36714810132980347,1
10.1016/j.foodcont.2023.109622,http://h-da.de/ml-ontology/audio_regression,audio regression,0.47322726249694824,1
10.1016/j.foodqual.2024.105251,http://h-da.de/ml-ontology/recommendation,recommendation,0.4936125874519348,1
10.1016/j.foodres.2025.115773,http://h-da.de/ml-ontology/feature_extraction,feature extraction,0.3697604537010193,1
10.1016/j.foodres.2025.116007,http://h-da.de/ml-ontology/feature_extraction,feature extraction,0.3677785396575928,1
10.1016/j.foodres.2025.116399,http://h-da.de/ml-ontology/image_classification,image classification,0.37276315689086914,1
10.1016/j.foodres.2025.117175,http://h-da.de/ml-ontology/feature_extraction,feature extraction,0.35706743597984314,1
10.1016/j.fuel.2017.03.091,http://h-da.de/ml-ontology/image_classification,image classification,0.4154170751571655,1
10.1016/j.fuel.2020.119565,http://h-da.de/ml-ontology/feature_extraction,feature extraction,0.4434265196323395,1
10.1016/j.fuel.2022.123524,http://h-da.de/ml-ontology/regression,regression,0.39541029930114746,1
10.1016/j.fuel.2022.126055,http://h-da.de/ml-ontology/feature_extraction,feature extraction,0.3640979528427124,1
10.1016/j.fuel.2023.128467,http://h-da.de/ml-ontology/tabular_regression,tabular regression,0.3524280786514282,1
10.1016/j.fuel.2023.128546,http://h-da.de/ml-ontology/tabular_regression,tabular regression,0.37528476119041443,1
10.1016/j.fuel.2023.128623,http://h-da.de/ml-ontology/feature_extraction,feature extraction,0.3982572555541992,1
10.1016/j.fuel.2023.130516,http://h-da.de/ml-ontology/tabular_regression,tabular regression,0.3780372142791748,1
10.1016/j.fuel.2024.131695,http://h-da.de/ml-ontology/tabular_regression,tabular regression,0.3976554274559021,1
10.1016/j.fuel.2024.132363,http://h-da.de/ml-ontology/audio_regression,audio regression,0.36995789408683777,1
10.1016/j.fuel.2024.132396,http://h-da.de/ml-ontology/translation,translation,0.37529897689819336,1
10.1016/j.fuel.2024.132958,http://h-da.de/ml-ontology/feature_extraction,feature extraction,0.4279164671897888,1
10.1016/j.fuel.2024.133109,http://h-da.de/ml-ontology/image_regression,image regression,0.4056967794895172,1
10.1016/j.fuel.2024.133953,http://h-da.de/ml-ontology/feature_selection,feature selection,0.3684426546096802,1
10.1016/j.fuel.2025.134787,http://h-da.de/ml-ontology/feature_extraction,feature extraction,0.3990514278411865,1
10.1016/j.fuel.2025.135206,http://h-da.de/ml-ontology/feature_extraction,feature extraction,0.3813946545124054,1
10.1016/j.fuel.2025.136480,http://h-da.de/ml-ontology/tabular_regression,tabular regression,0.3550194501876831,1
10.1016/j.geoen.2023.211719,http://h-da.de/ml-ontology/regression,regression,0.3925933837890625,1
10.1016/j.geoen.2023.211752,http://h-da.de/ml-ontology/feature_extraction,feature extraction,0.45609918236732483,1
10.1016/j.geoen.2023.212138,http://h-da.de/ml-ontology/feature_extraction,feature extraction,0.395465612411499,1
10.1016/j.geoen.2023.212528,http://h-da.de/ml-ontology/feature_extraction,feature extraction,0.42302680015563965,1
10.1016/j.geoen.2024.212688,http://h-da.de/ml-ontology/time_series_forecasting,time series forecasting,0.40356844663619995,1
10.1016/j.geoen.2024.212778,http://h-da.de/ml-ontology/anomaly_detection,anomaly detection,0.5255693197250366,1
10.1016/j.geoen.2024.212899,http://h-da.de/ml-ontology/feature_extraction,feature extraction,0.3761520981788635,1
10.1016/j.geoen.2024.213013,http://h-da.de/ml-ontology/feature_extraction,feature extraction,0.39509958028793335,1
10.1016/j.geoen.2024.213380,http://h-da.de/ml-ontology/feature_extraction,feature extraction,0.3611610531806946,1
10.1016/j.geoen.2024.213513,http://h-da.de/ml-ontology/feature_extraction,feature extraction,0.35527002811431885,1
10.1016/j.geoen.2024.213543,http://h-da.de/ml-ontology/feature_extraction,feature extraction,0.3792409598827362,1
10.1016/j.geoen.2025.214187,http://h-da.de/ml-ontology/image_regression,image regression,0.35114586353302,1
10.1016/j.geoen.2025.214190,http://h-da.de/ml-ontology/feature_extraction,feature extraction,0.4023561477661133,1
10.1016/j.geothermics.2017.05.009,http://h-da.de/ml-ontology/feature_extraction,feature extraction,0.39957118034362793,1
10.1016/j.geothermics.2022.102509,http://h-da.de/ml-ontology/feature_extraction,feature extraction,0.37364205718040466,1
10.1016/j.geothermics.2022.102643,http://h-da.de/ml-ontology/time_series_forecasting,time series forecasting,0.40058350563049316,1
10.1016/j.geothermics.2023.102824,http://h-da.de/ml-ontology/feature_extraction,feature extraction,0.40121227502822876,1
10.1016/j.gloei.2023.11.006,http://h-da.de/ml-ontology/regression,regression,0.3527972102165222,1
10.1016/j.gsd.2022.100794,http://h-da.de/ml-ontology/feature_extraction,feature extraction,0.3630974292755127,1
10.1016/j.gsd.2024.101178,http://h-da.de/ml-ontology/regression,regression,0.3695880174636841,1
10.1016/j.health.2022.100110,http://h-da.de/ml-ontology/binary_classification,binary classification,0.4328993558883667,1
10.1016/j.heliyon.2022.e12067,http://h-da.de/ml-ontology/feature_extraction,feature extraction,0.3579905033111572,1
10.1016/j.heliyon.2024.e32656,http://h-da.de/ml-ontology/feature_extraction,feature extraction,0.4022551476955414,1
10.1016/j.heliyon.2024.e40568,http://h-da.de/ml-ontology/regression,regression,0.3881438970565796,1
10.1016/j.heliyon.2024.e40836,http://h-da.de/ml-ontology/feature_extraction,feature extraction,0.38290855288505554,1
10.1016/j.heliyon.2024.e41071,http://h-da.de/ml-ontology/feature_extraction,feature extraction,0.4312647879123688,1
10.1016/j.heliyon.2024.e41493,http://h-da.de/ml-ontology/binary_classification,binary classification,0.39724305272102356,1
10.1016/j.heliyon.2025.e41637,http://h-da.de/ml-ontology/feature_extraction,feature extraction,0.41437292098999023,1
10.1016/j.icheatmasstransfer.2025.109319,http://h-da.de/ml-ontology/regression,regression,0.3734283447265625,1
10.1016/j.idairyj.2024.106143,http://h-da.de/ml-ontology/tabular_regression,tabular regression,0.3985290825366974,1
10.1016/j.ifacol.2015.09.632,http://h-da.de/ml-ontology/binary_classification,binary classification,0.4595944583415985,1
10.1016/j.ifacol.2017.08.2209,http://h-da.de/ml-ontology/image_regression,image regression,0.386746883392334,1
10.1016/j.ifacol.2018.03.075,http://h-da.de/ml-ontology/clustering,clustering,0.4802740514278412,1
10.1016/j.ifacol.2018.08.266,http://h-da.de/ml-ontology/recommendation,recommendation,0.47444218397140503,1
10.1016/j.ifacol.2018.08.431,http://h-da.de/ml-ontology/clustering,clustering,0.4890914559364319,1
10.1016/j.ifacol.2019.06.111,http://h-da.de/ml-ontology/feature_extraction,feature extraction,0.39769649505615234,1
10.1016/j.ifacol.2019.10.052,http://h-da.de/ml-ontology/anomaly_detection,anomaly detection,0.4168897867202759,1
10.1016/j.ifacol.2019.11.083,http://h-da.de/ml-ontology/audio_regression,audio regression,0.405268132686615,1
10.1016/j.ifacol.2019.11.201,http://h-da.de/ml-ontology/regression,regression,0.4683276414871216,1
10.1016/j.ifacol.2019.12.482,http://h-da.de/ml-ontology/image_classification,image classification,0.3540079891681671,1
10.1016/j.ifacol.2020.11.009,http://h-da.de/ml-ontology/audio_regression,audio regression,0.3643357753753662,1
10.1016/j.ifacol.2020.11.019,http://h-da.de/ml-ontology/binary_classification,binary classification,0.45583873987197876,1
10.1016/j.ifacol.2020.11.020,http://h-da.de/ml-ontology/feature_extraction,feature extraction,0.3812605142593384,1
10.1016/j.ifacol.2020.11.045,http://h-da.de/ml-ontology/binary_classification,binary classification,0.38353943824768066,1
10.1016/j.ifacol.2020.11.046,http://h-da.de/ml-ontology/audio_regression,audio regression,0.47357624769210815,1
10.1016/j.ifacol.2020.12.642,http://h-da.de/ml-ontology/feature_extraction,feature extraction,0.44056951999664307,1
10.1016/j.ifacol.2020.12.719,http://h-da.de/ml-ontology/time_series_classification,time series classification,0.4660956561565399,1
10.1016/j.ifacol.2021.08.039,http://h-da.de/ml-ontology/association_rule_learning,association rule learning,0.4225405752658844,1
10.1016/j.ifacol.2021.08.094,http://h-da.de/ml-ontology/feature_extraction,feature extraction,0.4793505072593689,1
10.1016/j.ifacol.2021.08.121,http://h-da.de/ml-ontology/binary_classification,binary classification,0.39504826068878174,1
10.1016/j.ifacol.2021.08.144,http://h-da.de/ml-ontology/time_series_classification,time series classification,0.4204460680484772,1
10.1016/j.ifacol.2021.10.069,http://h-da.de/ml-ontology/image_classification,image classification,0.4067187011241913,1
10.1016/j.ifacol.2022.04.193,http://h-da.de/ml-ontology/feature_extraction,feature extraction,0.48457783460617065,1
10.1016/j.ifacol.2022.04.201,http://h-da.de/ml-ontology/binary_classification,binary classification,0.36571863293647766,1
10.1016/j.ifacol.2022.07.133,http://h-da.de/ml-ontology/regression,regression,0.39000576734542847,1
10.1016/j.ifacol.2022.07.174,http://h-da.de/ml-ontology/anomaly_detection,anomaly detection,0.5126363039016724,1
10.1016/j.ifacol.2022.07.353,http://h-da.de/ml-ontology/feature_extraction,feature extraction,0.37677767872810364,1
10.1016/j.ifacol.2022.07.628,http://h-da.de/ml-ontology/time_series_forecasting,time series forecasting,0.4510970711708069,1
10.1016/j.ifacol.2022.09.193,http://h-da.de/ml-ontology/time_series_forecasting,time series forecasting,0.35560619831085205,1
10.1016/j.ifacol.2022.09.611,http://h-da.de/ml-ontology/feature_extraction,feature extraction,0.3738148808479309,1
10.1016/j.ifacol.2022.10.092,http://h-da.de/ml-ontology/binary_classification,binary classification,0.35626235604286194,1
10.1016/j.ifacol.2022.10.223,http://h-da.de/ml-ontology/regression,regression,0.43943655490875244,1
10.1016/j.ifacol.2023.01.093,http://h-da.de/ml-ontology/anomaly_detection,anomaly detection,0.4577080309391022,1
10.1016/j.ifacol.2023.10.058,http://h-da.de/ml-ontology/feature_extraction,feature extraction,0.4162787199020386,1
10.1016/j.ifacol.2023.10.1198,http://h-da.de/ml-ontology/feature_extraction,feature extraction,0.42925599217414856,1
10.1016/j.ifacol.2023.10.1234,http://h-da.de/ml-ontology/image_classification,image classification,0.4800231456756592,1
10.1016/j.ifacol.2023.10.1235,http://h-da.de/ml-ontology/feature_extraction,feature extraction,0.4551418125629425,1
10.1016/j.ifacol.2023.10.1236,http://h-da.de/ml-ontology/image_regression,image regression,0.3722245991230011,1
10.1016/j.ifacol.2023.10.134,http://h-da.de/ml-ontology/feature_extraction,feature extraction,0.4218863844871521,1
10.1016/j.ifacol.2023.10.1414,http://h-da.de/ml-ontology/image_classification,image classification,0.43191808462142944,1
10.1016/j.ifacol.2023.10.1420,http://h-da.de/ml-ontology/binary_classification,binary classification,0.3534674644470215,1
10.1016/j.ifacol.2023.10.1542,http://h-da.de/ml-ontology/image_classification,image classification,0.5166538953781128,1
10.1016/j.ifacol.2023.10.358,http://h-da.de/ml-ontology/binary_classification,binary classification,0.3565027713775635,1
10.1016/j.ifacol.2023.10.496,http://h-da.de/ml-ontology/feature_extraction,feature extraction,0.4148890972137451,1
10.1016/j.ifacol.2023.10.503,http://h-da.de/ml-ontology/feature_extraction,feature extraction,0.4738418757915497,1
10.1016/j.ifacol.2023.10.604,http://h-da.de/ml-ontology/feature_extraction,feature extraction,0.41982612013816833,1
10.1016/j.ifacol.2023.10.606,http://h-da.de/ml-ontology/time_series_classification,time series classification,0.4926702380180359,1
10.1016/j.ifacol.2023.10.893,http://h-da.de/ml-ontology/regression,regression,0.4753698706626892,1
10.1016/j.ifacol.2024.07.283,http://h-da.de/ml-ontology/binary_classification,binary classification,0.3670652508735657,1
10.1016/j.ifacol.2024.08.055,http://h-da.de/ml-ontology/binary_classification,binary classification,0.4307072162628174,1
10.1016/j.ifacol.2024.08.115,http://h-da.de/ml-ontology/feature_extraction,feature extraction,0.39967021346092224,1
10.1016/j.ifacol.2024.08.129,http://h-da.de/ml-ontology/feature_extraction,feature extraction,0.3782428503036499,1
10.1016/j.ifacol.2024.08.305,http://h-da.de/ml-ontology/feature_extraction,feature extraction,0.35456573963165283,1
10.1016/j.ifacol.2024.09.092,http://h-da.de/ml-ontology/binary_classification,binary classification,0.3938547372817993,1
10.1016/j.ifacol.2024.09.119,http://h-da.de/ml-ontology/binary_classification,binary classification,0.5057012438774109,1
10.1016/j.ifacol.2024.09.300,http://h-da.de/ml-ontology/image_classification,image classification,0.4435211718082428,1
10.1016/j.ifacol.2025.09.017,http://h-da.de/ml-ontology/binary_classification,binary classification,0.3966163992881775,1
10.1016/j.ifacol.2025.09.252,http://h-da.de/ml-ontology/anomaly_detection,anomaly detection,0.48608672618865967,1
10.1016/j.ifacol.2025.09.291,http://h-da.de/ml-ontology/regression,regression,0.3595940172672272,1
10.1016/j.ifacol.2025.09.312,http://h-da.de/ml-ontology/binary_classification,binary classification,0.4194597601890564,1
10.1016/j.ifacol.2025.09.354,http://h-da.de/ml-ontology/feature_extraction,feature extraction,0.3890317976474762,1
10.1016/j.ifacol.2025.09.385,http://h-da.de/ml-ontology/regression,regression,0.45368990302085876,1
10.1016/j.ifacol.2025.09.473,http://h-da.de/ml-ontology/feature_extraction,feature extraction,0.39018452167510986,1
10.1016/j.ifacol.2025.09.487,http://h-da.de/ml-ontology/binary_classification,binary classification,0.3588711619377136,1
10.1016/j.ifset.2022.103242,http://h-da.de/ml-ontology/tabular_regression,tabular regression,0.44161975383758545,1
10.1016/j.ifset.2025.104247,http://h-da.de/ml-ontology/feature_extraction,feature extraction,0.43459245562553406,1
10.1016/j.ijbiomac.2024.130035,http://h-da.de/ml-ontology/feature_extraction,feature extraction,0.3558952212333679,1
10.1016/j.ijbiomac.2024.134146,http://h-da.de/ml-ontology/feature_extraction,feature extraction,0.419467031955719,1
10.1016/j.ijbiomac.2025.142374,http://h-da.de/ml-ontology/feature_selection,feature selection,0.36293110251426697,1
10.1016/j.ijepes.2019.105508,http://h-da.de/ml-ontology/feature_extraction,feature extraction,0.4338677227497101,1
10.1016/j.ijfatigue.2022.107018,http://h-da.de/ml-ontology/image_classification,image classification,0.37362730503082275,1
10.1016/j.ijfatigue.2022.107147,http://h-da.de/ml-ontology/feature_extraction,feature extraction,0.4073356091976166,1
10.1016/j.ijfatigue.2023.107500,http://h-da.de/ml-ontology/feature_extraction,feature extraction,0.38440167903900146,1
10.1016/j.ijfatigue.2024.108724,http://h-da.de/ml-ontology/feature_extraction,feature extraction,0.3747076988220215,1
10.1016/j.ijfatigue.2025.109185,http://h-da.de/ml-ontology/feature_extraction,feature extraction,0.47220364212989807,1
10.1016/j.ijforecast.2021.01.011,http://h-da.de/ml-ontology/regression,regression,0.4189299941062927,1
10.1016/j.ijhm.2023.103684,http://h-da.de/ml-ontology/feature_selection,feature selection,0.46480289101600647,1
10.1016/j.ijhydene.2020.07.265,http://h-da.de/ml-ontology/regression,regression,0.3887024521827698,1
10.1016/j.ijhydene.2020.08.281,http://h-da.de/ml-ontology/feature_extraction,feature extraction,0.37689876556396484,1
10.1016/j.ijhydene.2022.06.239,http://h-da.de/ml-ontology/regression,regression,0.42012131214141846,1
10.1016/j.ijhydene.2025.150219,http://h-da.de/ml-ontology/feature_extraction,feature extraction,0.3740187883377075,1
10.1016/j.ijhydene.2025.150314,http://h-da.de/ml-ontology/binary_classification,binary classification,0.3876640796661377,1
10.1016/j.ijhydene.2025.151461,http://h-da.de/ml-ontology/regression,regression,0.3712807297706604,1
10.1016/j.ijin.2024.02.002,http://h-da.de/ml-ontology/feature_extraction,feature extraction,0.36046746373176575,1
10.1016/j.ijmachtools.2004.08.016,http://h-da.de/ml-ontology/image_classification,image classification,0.40891900658607483,1
10.1016/j.ijmecsci.2025.110861,http://h-da.de/ml-ontology/feature_extraction,feature extraction,0.36983948945999146,1
10.1016/j.ijmecsci.2025.110885,http://h-da.de/ml-ontology/image_classification,image classification,0.42100074887275696,1
10.1016/j.ijmst.2015.09.016,http://h-da.de/ml-ontology/regression,regression,0.4217992424964905,1
10.1016/j.ijoes.2024.100591,http://h-da.de/ml-ontology/feature_extraction,feature extraction,0.36632344126701355,1
10.1016/j.ijpe.2016.05.006,http://h-da.de/ml-ontology/regression,regression,0.3822401762008667,1
10.1016/j.ijpe.2024.109319,http://h-da.de/ml-ontology/feature_extraction,feature extraction,0.4509735405445099,1
10.1016/j.ijpe.2024.109499,http://h-da.de/ml-ontology/recommendation,recommendation,0.44930776953697205,1
10.1016/j.ijpe.2025.109688,http://h-da.de/ml-ontology/regression,regression,0.3799600899219513,1
10.1016/j.ijpharm.2023.123477,http://h-da.de/ml-ontology/audio_regression,audio regression,0.39778172969818115,1
10.1016/j.ijpharm.2024.123796,http://h-da.de/ml-ontology/tabular_regression,tabular regression,0.35147079825401306,1
10.1016/j.ijpharm.2024.124049,http://h-da.de/ml-ontology/audio_regression,audio regression,0.3877200484275818,1
10.1016/j.ijpharm.2024.124463,http://h-da.de/ml-ontology/tabular_regression,tabular regression,0.44750699400901794,1
10.1016/j.ijpharm.2024.125127,http://h-da.de/ml-ontology/image_classification,image classification,0.42004382610321045,1
10.1016/j.ijpharm.2025.125205,http://h-da.de/ml-ontology/image_regression,image regression,0.36455246806144714,1
10.1016/j.ijpharm.2025.125220,http://h-da.de/ml-ontology/image_classification,image classification,0.4555581212043762,1
10.1016/j.ijpvp.2020.104243,http://h-da.de/ml-ontology/audio_classification,audio classification,0.4506099820137024,1
10.1016/j.ijpvp.2024.105349,http://h-da.de/ml-ontology/tabular_regression,tabular regression,0.35758256912231445,1
10.1016/j.ijpx.2020.100041,http://h-da.de/ml-ontology/image_classification,image classification,0.35602062940597534,1
10.1016/j.ijpx.2023.100181,http://h-da.de/ml-ontology/image_regression,image regression,0.3603350520133972,1
10.1016/j.ijpx.2024.100287,http://h-da.de/ml-ontology/feature_extraction,feature extraction,0.36993733048439026,1
10.1016/j.ijrmms.2024.105835,http://h-da.de/ml-ontology/feature_extraction,feature extraction,0.364254355430603,1
10.1016/j.ijsolstr.2024.113014,http://h-da.de/ml-ontology/tabular_regression,tabular regression,0.40112757682800293,1
10.1016/j.imu.2021.100707,http://h-da.de/ml-ontology/feature_selection,feature selection,0.4555438756942749,1
10.1016/j.indcrop.2023.117719,http://h-da.de/ml-ontology/tabular_regression,tabular regression,0.3551108241081238,1
10.1016/j.indcrop.2025.121110,http://h-da.de/ml-ontology/image_regression,image regression,0.4102674722671509,1
10.1016/j.indcrop.2025.121916,http://h-da.de/ml-ontology/tabular_regression,tabular regression,0.35683780908584595,1
10.1016/j.inffus.2022.08.021,http://h-da.de/ml-ontology/association_rule_learning,association rule learning,0.42495572566986084,1
10.1016/j.inffus.2023.101918,http://h-da.de/ml-ontology/time_series_forecasting,time series forecasting,0.49563464522361755,1
10.1016/j.inffus.2025.103242,http://h-da.de/ml-ontology/feature_extraction,feature extraction,0.43574008345603943,1
10.1016/j.infrared.2025.105836,http://h-da.de/ml-ontology/image_classification,image classification,0.35110780596733093,1
10.1016/j.inpa.2022.10.005,http://h-da.de/ml-ontology/regression,regression,0.42986243963241577,1
10.1016/j.ins.2020.12.032,http://h-da.de/ml-ontology/feature_extraction,feature extraction,0.40493446588516235,1
10.1016/j.ins.2025.122451,http://h-da.de/ml-ontology/text_analytics,text analytics,0.5295234322547913,1
10.1016/j.iot.2024.101158,http://h-da.de/ml-ontology/anomaly_detection,anomaly detection,0.3852633237838745,1
10.1016/j.iot.2025.101541,http://h-da.de/ml-ontology/image_classification,image classification,0.3735767900943756,1
10.1016/j.ipm.2023.103267,http://h-da.de/ml-ontology/feature_extraction,feature extraction,0.3590652346611023,1
10.1016/j.is.2023.102340,http://h-da.de/ml-ontology/action_recognition,action recognition,0.456081748008728,1
10.1016/j.isatra.2020.08.031,http://h-da.de/ml-ontology/feature_extraction,feature extraction,0.35932061076164246,1
10.1016/j.isatra.2021.04.030,http://h-da.de/ml-ontology/feature_extraction,feature extraction,0.4776345193386078,1
10.1016/j.isatra.2022.04.042,http://h-da.de/ml-ontology/time_series_forecasting,time series forecasting,0.36800092458724976,1
10.1016/j.isatra.2024.01.028,http://h-da.de/ml-ontology/feature_extraction,feature extraction,0.3950755000114441,1
10.1016/j.isatra.2025.07.021,http://h-da.de/ml-ontology/image_classification,image classification,0.4368699789047241,1
10.1016/j.isatra.2025.08.027,http://h-da.de/ml-ontology/audio_regression,audio regression,0.43767446279525757,1
10.1016/j.isci.2023.107069,http://h-da.de/ml-ontology/feature_extraction,feature extraction,0.35168343782424927,1
10.1016/j.isprsjprs.2015.09.007,http://h-da.de/ml-ontology/image_classification,image classification,0.35849207639694214,1
10.1016/j.istruc.2022.10.019,http://h-da.de/ml-ontology/image_classification,image classification,0.4542727470397949,1
10.1016/j.istruc.2023.01.068,http://h-da.de/ml-ontology/feature_extraction,feature extraction,0.3839358687400818,1
10.1016/j.istruc.2025.109036,http://h-da.de/ml-ontology/association_rule_learning,association rule learning,0.3923681974411011,1
10.1016/j.istruc.2025.110050,http://h-da.de/ml-ontology/feature_extraction,feature extraction,0.3774251937866211,1
10.1016/j.iswa.2024.200372,http://h-da.de/ml-ontology/binary_classification,binary classification,0.44329482316970825,1
10.1016/j.iswa.2024.200390,http://h-da.de/ml-ontology/tabular_regression,tabular regression,0.3546224534511566,1
10.1016/j.iswa.2024.200438,http://h-da.de/ml-ontology/image_classification,image classification,0.4196017384529114,1
10.1016/j.jaap.2025.107300,http://h-da.de/ml-ontology/feature_extraction,feature extraction,0.35441291332244873,1
10.1016/j.jafr.2024.101406,http://h-da.de/ml-ontology/feature_extraction,feature extraction,0.37583231925964355,1
10.1016/j.jag.2022.102725,http://h-da.de/ml-ontology/regression,regression,0.41302114725112915,1
10.1016/j.jag.2022.103069,http://h-da.de/ml-ontology/regression,regression,0.4331126809120178,1
10.1016/j.jallcom.2025.181155,http://h-da.de/ml-ontology/feature_extraction,feature extraction,0.35180413722991943,1
10.1016/j.jbi.2022.104122,http://h-da.de/ml-ontology/link_prediction,link prediction,0.3806454539299011,1
10.1016/j.jbi.2023.104285,http://h-da.de/ml-ontology/named_entity_recognition,named entity recognition,0.414914071559906,1
10.1016/j.jbi.2024.104706,http://h-da.de/ml-ontology/anomaly_detection,anomaly detection,0.3899362087249756,1
10.1016/j.jbi.2025.104779,http://h-da.de/ml-ontology/feature_extraction,feature extraction,0.4078110158443451,1
10.1016/j.jbusres.2014.02.015,http://h-da.de/ml-ontology/recommendation,recommendation,0.41295844316482544,1
10.1016/j.jclepro.2019.01.031,http://h-da.de/ml-ontology/tabular_regression,tabular regression,0.42888033390045166,1
10.1016/j.jclepro.2020.122310,http://h-da.de/ml-ontology/feature_extraction,feature extraction,0.35163843631744385,1
10.1016/j.jclepro.2021.129120,http://h-da.de/ml-ontology/regression,regression,0.37867099046707153,1
10.1016/j.jclepro.2022.131852,http://h-da.de/ml-ontology/regression,regression,0.4119666516780853,1
10.1016/j.jclepro.2022.133406,http://h-da.de/ml-ontology/feature_extraction,feature extraction,0.41926002502441406,1
10.1016/j.jclepro.2023.136168,http://h-da.de/ml-ontology/feature_reduction,feature reduction,0.37380921840667725,1
10.1016/j.jclepro.2023.137177,http://h-da.de/ml-ontology/feature_extraction,feature extraction,0.46719199419021606,1
10.1016/j.jclepro.2023.139131,http://h-da.de/ml-ontology/regression,regression,0.39833930134773254,1
10.1016/j.jclepro.2023.140411,http://h-da.de/ml-ontology/regression,regression,0.3912622332572937,1
10.1016/j.jclepro.2024.140715,http://h-da.de/ml-ontology/feature_extraction,feature extraction,0.3788866400718689,1
10.1016/j.jclepro.2024.143602,http://h-da.de/ml-ontology/feature_extraction,feature extraction,0.39310401678085327,1
10.1016/j.jclepro.2025.145268,http://h-da.de/ml-ontology/regression,regression,0.36530107259750366,1
10.1016/j.jclepro.2025.145727,http://h-da.de/ml-ontology/feature_extraction,feature extraction,0.3850904107093811,1
10.1016/j.jclepro.2025.146560,http://h-da.de/ml-ontology/feature_extraction,feature extraction,0.4349648058414459,1
10.1016/j.jddst.2023.105201,http://h-da.de/ml-ontology/feature_extraction,feature extraction,0.36362719535827637,1
10.1016/j.jdent.2025.105994,http://h-da.de/ml-ontology/image_regression,image regression,0.40575969219207764,1
10.1016/j.jece.2024.114271,http://h-da.de/ml-ontology/feature_extraction,feature extraction,0.37051254510879517,1
10.1016/j.jece.2025.118844,http://h-da.de/ml-ontology/feature_extraction,feature extraction,0.41394785046577454,1
10.1016/j.jechem.2024.10.001,http://h-da.de/ml-ontology/feature_extraction,feature extraction,0.3590480089187622,1
10.1016/j.jedc.2023.104607,http://h-da.de/ml-ontology/link_prediction,link prediction,0.4453113079071045,1
10.1016/j.jenvman.2022.114918,http://h-da.de/ml-ontology/regression,regression,0.41001033782958984,1
10.1016/j.jenvman.2023.118594,http://h-da.de/ml-ontology/anomaly_detection,anomaly detection,0.47233763337135315,1
10.1016/j.jenvman.2024.120309,http://h-da.de/ml-ontology/feature_extraction,feature extraction,0.35780709981918335,1
10.1016/j.jenvman.2024.122900,http://h-da.de/ml-ontology/feature_extraction,feature extraction,0.3651866018772125,1
10.1016/j.jenvman.2024.124011,http://h-da.de/ml-ontology/anomaly_detection,anomaly detection,0.46972206234931946,1
10.1016/j.jenvman.2025.124029,http://h-da.de/ml-ontology/regression,regression,0.39002737402915955,1
10.1016/j.jenvman.2025.124978,http://h-da.de/ml-ontology/feature_extraction,feature extraction,0.35755324363708496,1
10.1016/j.jenvman.2025.125275,http://h-da.de/ml-ontology/feature_extraction,feature extraction,0.35205307602882385,1
10.1016/j.jenvman.2025.125578,http://h-da.de/ml-ontology/feature_extraction,feature extraction,0.36408907175064087,1
10.1016/j.jer.2023.100051,http://h-da.de/ml-ontology/audio_classification,audio classification,0.5081709623336792,1
10.1016/j.jer.2025.01.002,http://h-da.de/ml-ontology/image_classification,image classification,0.4195871353149414,1
10.1016/j.jer.2025.05.009,http://h-da.de/ml-ontology/feature_extraction,feature extraction,0.4092811942100525,1
10.1016/j.jer.2025.09.005,http://h-da.de/ml-ontology/feature_selection,feature selection,0.3690575361251831,1
10.1016/j.jestch.2024.101743,http://h-da.de/ml-ontology/feature_extraction,feature extraction,0.3644317388534546,1
10.1016/j.jestch.2025.102158,http://h-da.de/ml-ontology/binary_classification,binary classification,0.41275447607040405,1
10.1016/j.jfca.2019.103388,http://h-da.de/ml-ontology/feature_extraction,feature extraction,0.36531928181648254,1
10.1016/j.jfca.2023.105217,http://h-da.de/ml-ontology/feature_extraction,feature extraction,0.3577996492385864,1
10.1016/j.jfoodeng.2022.111339,http://h-da.de/ml-ontology/feature_extraction,feature extraction,0.3685433268547058,1
10.1016/j.jfoodeng.2025.112534,http://h-da.de/ml-ontology/image_regression,image regression,0.3623369038105011,1
10.1016/j.jfoodeng.2025.112800,http://h-da.de/ml-ontology/ranking,ranking,0.35721877217292786,1
10.1016/j.jfoodeng.2025.112814,http://h-da.de/ml-ontology/tabular_regression,tabular regression,0.3575974106788635,1
10.1016/j.jfranklin.2021.11.016,http://h-da.de/ml-ontology/feature_extraction,feature extraction,0.357308030128479,1
10.1016/j.jgsce.2025.205549,http://h-da.de/ml-ontology/time_series_forecasting,time series forecasting,0.42879441380500793,1
10.1016/j.jia.2023.02.011,http://h-da.de/ml-ontology/regression,regression,0.44557756185531616,1
10.1016/j.jii.2020.100197,http://h-da.de/ml-ontology/feature_extraction,feature extraction,0.3519288897514343,1
10.1016/j.jii.2021.100218,http://h-da.de/ml-ontology/feature_extraction,feature extraction,0.3520629405975342,1
10.1016/j.jii.2021.100272,http://h-da.de/ml-ontology/feature_extraction,feature extraction,0.4585259258747101,1
10.1016/j.jii.2021.100291,http://h-da.de/ml-ontology/image_classification,image classification,0.4248230457305908,1
10.1016/j.jii.2023.100439,http://h-da.de/ml-ontology/feature_extraction,feature extraction,0.46641620993614197,1
10.1016/j.jii.2024.100609,http://h-da.de/ml-ontology/feature_extraction,feature extraction,0.37409311532974243,1
10.1016/j.jii.2024.100621,http://h-da.de/ml-ontology/feature_extraction,feature extraction,0.40676841139793396,1
10.1016/j.jii.2024.100666,http://h-da.de/ml-ontology/feature_extraction,feature extraction,0.3801690936088562,1
10.1016/j.jii.2025.100833,http://h-da.de/ml-ontology/feature_extraction,feature extraction,0.38021335005760193,1
10.1016/j.jii.2025.100896,http://h-da.de/ml-ontology/binary_classification,binary classification,0.36917781829833984,1
10.1016/j.jii.2025.100899,http://h-da.de/ml-ontology/feature_extraction,feature extraction,0.3630152940750122,1
10.1016/j.jii.2025.100920,http://h-da.de/ml-ontology/feature_extraction,feature extraction,0.41465985774993896,1
10.1016/j.jii.2025.100931,http://h-da.de/ml-ontology/feature_extraction,feature extraction,0.3782239258289337,1
10.1016/j.jii.2025.100970,http://h-da.de/ml-ontology/anomaly_detection,anomaly detection,0.5571500062942505,1
10.1016/j.jik.2023.100355,http://h-da.de/ml-ontology/regression,regression,0.4341200292110443,1
10.1016/j.jjimei.2024.100303,http://h-da.de/ml-ontology/recommendation,recommendation,0.5654960870742798,1
10.1016/j.jksuci.2023.02.010,http://h-da.de/ml-ontology/anomaly_detection,anomaly detection,0.5652701258659363,1
10.1016/j.jksuci.2024.102049,http://h-da.de/ml-ontology/image_classification,image classification,0.421494722366333,1
10.1016/j.jlp.2021.104623,http://h-da.de/ml-ontology/feature_extraction,feature extraction,0.3626037538051605,1
10.1016/j.jmapro.2018.08.038,http://h-da.de/ml-ontology/time_series_classification,time series classification,0.4404304027557373,1
10.1016/j.jmapro.2019.10.020,http://h-da.de/ml-ontology/audio_regression,audio regression,0.5018213987350464,1
10.1016/j.jmapro.2020.04.044,http://h-da.de/ml-ontology/feature_extraction,feature extraction,0.4703599512577057,1
10.1016/j.jmapro.2020.08.043,http://h-da.de/ml-ontology/time_series_classification,time series classification,0.4424426853656769,1
10.1016/j.jmapro.2020.12.048,http://h-da.de/ml-ontology/image_classification,image classification,0.4958759546279907,1
10.1016/j.jmapro.2021.05.011,http://h-da.de/ml-ontology/image_classification,image classification,0.3790700435638428,1
10.1016/j.jmapro.2021.08.057,http://h-da.de/ml-ontology/image_classification,image classification,0.484374463558197,1
10.1016/j.jmapro.2021.09.044,http://h-da.de/ml-ontology/audio_regression,audio regression,0.3987516462802887,1
10.1016/j.jmapro.2021.09.048,http://h-da.de/ml-ontology/binary_classification,binary classification,0.4119003415107727,1
10.1016/j.jmapro.2022.01.020,http://h-da.de/ml-ontology/binary_classification,binary classification,0.38482895493507385,1
10.1016/j.jmapro.2022.02.057,http://h-da.de/ml-ontology/audio_regression,audio regression,0.4231571853160858,1
10.1016/j.jmapro.2022.04.068,http://h-da.de/ml-ontology/time_series_classification,time series classification,0.466127872467041,1
10.1016/j.jmapro.2022.05.037,http://h-da.de/ml-ontology/time_series_classification,time series classification,0.39454713463783264,1
10.1016/j.jmapro.2022.10.002,http://h-da.de/ml-ontology/image_classification,image classification,0.45335155725479126,1
10.1016/j.jmapro.2022.10.064,http://h-da.de/ml-ontology/feature_extraction,feature extraction,0.3566964268684387,1
10.1016/j.jmapro.2023.01.025,http://h-da.de/ml-ontology/feature_extraction,feature extraction,0.40539687871932983,1
10.1016/j.jmapro.2023.03.016,http://h-da.de/ml-ontology/feature_extraction,feature extraction,0.41480836272239685,1
10.1016/j.jmapro.2024.01.041,http://h-da.de/ml-ontology/anomaly_detection,anomaly detection,0.3956499695777893,1
10.1016/j.jmapro.2024.07.142,http://h-da.de/ml-ontology/anomaly_detection,anomaly detection,0.4470367729663849,1
10.1016/j.jmapro.2024.08.033,http://h-da.de/ml-ontology/feature_extraction,feature extraction,0.3718099594116211,1
10.1016/j.jmapro.2024.08.034,http://h-da.de/ml-ontology/image_regression,image regression,0.39413827657699585,1
10.1016/j.jmapro.2025.01.028,http://h-da.de/ml-ontology/feature_extraction,feature extraction,0.3763042688369751,1
10.1016/j.jmapro.2025.03.114,http://h-da.de/ml-ontology/feature_selection,feature selection,0.41035330295562744,1
10.1016/j.jmapro.2025.03.118,http://h-da.de/ml-ontology/image_classification,image classification,0.39761582016944885,1
10.1016/j.jmapro.2025.03.123,http://h-da.de/ml-ontology/image_classification,image classification,0.3967286944389343,1
10.1016/j.jmapro.2025.06.059,http://h-da.de/ml-ontology/feature_extraction,feature extraction,0.44255638122558594,1
10.1016/j.jmapro.2025.08.025,http://h-da.de/ml-ontology/image_regression,image regression,0.36499446630477905,1
10.1016/j.jmapro.2025.09.043,http://h-da.de/ml-ontology/image_segmentation,image segmentation,0.37827950716018677,1
10.1016/j.jmatprotec.2008.11.038,http://h-da.de/ml-ontology/feature_extraction,feature extraction,0.39081114530563354,1
10.1016/j.jmatprotec.2021.117476,http://h-da.de/ml-ontology/image_classification,image classification,0.4717508554458618,1
10.1016/j.jmatprotec.2022.117495,http://h-da.de/ml-ontology/image_classification,image classification,0.4058724641799927,1
10.1016/j.jmatprotec.2022.117531,http://h-da.de/ml-ontology/feature_extraction,feature extraction,0.404238224029541,1
10.1016/j.jmatprotec.2023.118144,http://h-da.de/ml-ontology/feature_extraction,feature extraction,0.4303598403930664,1
10.1016/j.jmatprotec.2024.118539,http://h-da.de/ml-ontology/image_classification,image classification,0.36544954776763916,1
10.1016/j.jmb.2025.169236,http://h-da.de/ml-ontology/feature_extraction,feature extraction,0.3640505373477936,1
10.1016/j.jmbbm.2022.105178,http://h-da.de/ml-ontology/image_regression,image regression,0.3660885691642761,1
10.1016/j.jmbbm.2024.106630,http://h-da.de/ml-ontology/image_regression,image regression,0.360390841960907,1
10.1016/j.jmrt.2020.05.070,http://h-da.de/ml-ontology/feature_extraction,feature extraction,0.42488667368888855,1
10.1016/j.jmrt.2022.11.137,http://h-da.de/ml-ontology/feature_extraction,feature extraction,0.37076541781425476,1
10.1016/j.jmst.2024.01.086,http://h-da.de/ml-ontology/feature_extraction,feature extraction,0.3539639711380005,1
10.1016/j.jmsy.2017.02.013,http://h-da.de/ml-ontology/feature_extraction,feature extraction,0.45129746198654175,1
10.1016/j.jmsy.2017.12.001,http://h-da.de/ml-ontology/feature_extraction,feature extraction,0.3622526526451111,1
10.1016/j.jmsy.2018.01.011,http://h-da.de/ml-ontology/image_classification,image classification,0.38968005776405334,1
10.1016/j.jmsy.2018.04.001,http://h-da.de/ml-ontology/image_classification,image classification,0.3831779360771179,1
10.1016/j.jmsy.2018.05.011,http://h-da.de/ml-ontology/time_series_classification,time series classification,0.3994302749633789,1
10.1016/j.jmsy.2018.06.004,http://h-da.de/ml-ontology/feature_extraction,feature extraction,0.3737095296382904,1
10.1016/j.jmsy.2019.01.004,http://h-da.de/ml-ontology/feature_extraction,feature extraction,0.43392935395240784,1
10.1016/j.jmsy.2020.02.011,http://h-da.de/ml-ontology/time_series_analysis,time series analysis,0.4209817051887512,1
10.1016/j.jmsy.2020.03.009,http://h-da.de/ml-ontology/image_classification,image classification,0.4751341938972473,1
10.1016/j.jmsy.2020.10.006,http://h-da.de/ml-ontology/feature_extraction,feature extraction,0.3724019527435303,1
10.1016/j.jmsy.2020.11.001,http://h-da.de/ml-ontology/feature_extraction,feature extraction,0.4160314202308655,1
10.1016/j.jmsy.2020.12.002,http://h-da.de/ml-ontology/feature_extraction,feature extraction,0.35615020990371704,1
10.1016/j.jmsy.2020.12.018,http://h-da.de/ml-ontology/clustering,clustering,0.38036972284317017,1
10.1016/j.jmsy.2021.01.008,http://h-da.de/ml-ontology/image_classification,image classification,0.43755263090133667,1
10.1016/j.jmsy.2021.02.006,http://h-da.de/ml-ontology/feature_extraction,feature extraction,0.4030602276325226,1
10.1016/j.jmsy.2021.07.002,http://h-da.de/ml-ontology/image_classification,image classification,0.3910709023475647,1
10.1016/j.jmsy.2021.07.022,http://h-da.de/ml-ontology/image_classification,image classification,0.513839066028595,1
10.1016/j.jmsy.2021.08.001,http://h-da.de/ml-ontology/feature_extraction,feature extraction,0.35308656096458435,1
10.1016/j.jmsy.2021.08.004,http://h-da.de/ml-ontology/audio_regression,audio regression,0.534774661064148,1
10.1016/j.jmsy.2021.08.009,http://h-da.de/ml-ontology/feature_extraction,feature extraction,0.400783509016037,1
10.1016/j.jmsy.2021.12.010,http://h-da.de/ml-ontology/tabular_regression,tabular regression,0.39914122223854065,1
10.1016/j.jmsy.2022.03.014,http://h-da.de/ml-ontology/binary_classification,binary classification,0.3718756437301636,1
10.1016/j.jmsy.2022.04.016,http://h-da.de/ml-ontology/time_series_classification,time series classification,0.431113600730896,1
10.1016/j.jmsy.2022.05.011,http://h-da.de/ml-ontology/object_detection,object detection,0.4088801145553589,1
10.1016/j.jmsy.2022.06.010,http://h-da.de/ml-ontology/feature_extraction,feature extraction,0.4102955162525177,1
10.1016/j.jmsy.2022.07.013,http://h-da.de/ml-ontology/feature_extraction,feature extraction,0.37877601385116577,1
10.1016/j.jmsy.2022.10.018,http://h-da.de/ml-ontology/feature_extraction,feature extraction,0.36568567156791687,1
10.1016/j.jmsy.2023.01.006,http://h-da.de/ml-ontology/feature_extraction,feature extraction,0.40621671080589294,1
10.1016/j.jmsy.2023.01.010,http://h-da.de/ml-ontology/feature_extraction,feature extraction,0.39914923906326294,1
10.1016/j.jmsy.2023.07.010,http://h-da.de/ml-ontology/feature_extraction,feature extraction,0.3748275637626648,1
10.1016/j.jmsy.2023.08.002,http://h-da.de/ml-ontology/image_classification,image classification,0.580938458442688,1
10.1016/j.jmsy.2024.05.023,http://h-da.de/ml-ontology/feature_extraction,feature extraction,0.36586636304855347,1
10.1016/j.jmsy.2024.08.023,http://h-da.de/ml-ontology/feature_extraction,feature extraction,0.38472479581832886,1
10.1016/j.jmsy.2024.09.012,http://h-da.de/ml-ontology/feature_extraction,feature extraction,0.3947032392024994,1
10.1016/j.jmsy.2024.09.018,http://h-da.de/ml-ontology/feature_extraction,feature extraction,0.37213051319122314,1
10.1016/j.jmsy.2024.09.022,http://h-da.de/ml-ontology/feature_extraction,feature extraction,0.3729062080383301,1
10.1016/j.jmsy.2025.01.008,http://h-da.de/ml-ontology/feature_extraction,feature extraction,0.4184647500514984,1
10.1016/j.jmsy.2025.10.001,http://h-da.de/ml-ontology/feature_extraction,feature extraction,0.457613080739975,1
10.1016/j.jngse.2019.103007,http://h-da.de/ml-ontology/feature_extraction,feature extraction,0.35398077964782715,1
10.1016/j.jngse.2021.104045,http://h-da.de/ml-ontology/feature_extraction,feature extraction,0.41775593161582947,1
10.1016/j.jobe.2021.102536,http://h-da.de/ml-ontology/image_classification,image classification,0.43279898166656494,1
10.1016/j.jobe.2022.104692,http://h-da.de/ml-ontology/feature_extraction,feature extraction,0.3735983371734619,1
10.1016/j.jocs.2019.02.003,http://h-da.de/ml-ontology/feature_extraction,feature extraction,0.43660348653793335,1
10.1016/j.jocs.2022.101811,http://h-da.de/ml-ontology/feature_extraction,feature extraction,0.35981428623199463,1
10.1016/j.jocs.2024.102292,http://h-da.de/ml-ontology/time_series_forecasting,time series forecasting,0.3614773750305176,1
10.1016/j.jormas.2022.01.010,http://h-da.de/ml-ontology/image_classification,image classification,0.41978752613067627,1
10.1016/j.jpha.2025.101410,http://h-da.de/ml-ontology/feature_extraction,feature extraction,0.3505045175552368,1
10.1016/j.jpowsour.2024.235505,http://h-da.de/ml-ontology/feature_extraction,feature extraction,0.3668714761734009,1
10.1016/j.jpowsour.2025.236187,http://h-da.de/ml-ontology/feature_extraction,feature extraction,0.36715322732925415,1
10.1016/j.jpowsour.2025.236794,http://h-da.de/ml-ontology/feature_extraction,feature extraction,0.3530527353286743,1
10.1016/j.jpowsour.2025.237919,http://h-da.de/ml-ontology/audio_regression,audio regression,0.35086846351623535,1
10.1016/j.jprocont.2014.01.012,http://h-da.de/ml-ontology/feature_extraction,feature extraction,0.4929731488227844,1
10.1016/j.jprocont.2014.11.005,http://h-da.de/ml-ontology/image_regression,image regression,0.4907923936843872,1
10.1016/j.jprocont.2019.01.008,http://h-da.de/ml-ontology/feature_extraction,feature extraction,0.3866078555583954,1
10.1016/j.jprocont.2020.06.014,http://h-da.de/ml-ontology/image_classification,image classification,0.37769943475723267,1
10.1016/j.jprocont.2021.01.005,http://h-da.de/ml-ontology/feature_extraction,feature extraction,0.42014580965042114,1
10.1016/j.jprocont.2021.10.004,http://h-da.de/ml-ontology/regression,regression,0.4368264377117157,1
10.1016/j.jprocont.2022.08.008,http://h-da.de/ml-ontology/time_series_analysis,time series analysis,0.37587371468544006,1
10.1016/j.jprocont.2023.103036,http://h-da.de/ml-ontology/regression,regression,0.4437951445579529,1
10.1016/j.jprocont.2025.103473,http://h-da.de/ml-ontology/feature_extraction,feature extraction,0.3832116425037384,1
10.1016/j.jpse.2024.100244,http://h-da.de/ml-ontology/binary_classification,binary classification,0.4334099292755127,1
10.1016/j.jretconser.2023.103471,http://h-da.de/ml-ontology/regression,regression,0.35824260115623474,1
10.1016/j.jrmge.2023.06.005,http://h-da.de/ml-ontology/feature_extraction,feature extraction,0.46130865812301636,1
10.1016/j.jspr.2025.102702,http://h-da.de/ml-ontology/image_classification,image classification,0.45863309502601624,1
10.1016/j.jsps.2024.102043,http://h-da.de/ml-ontology/feature_extraction,feature extraction,0.3667765259742737,1
10.1016/j.jss.2025.112556,http://h-da.de/ml-ontology/image_classification,image classification,0.41739559173583984,1
10.1016/j.jsv.2024.118788,http://h-da.de/ml-ontology/time_series_classification,time series classification,0.5087049007415771,1
10.1016/j.jterra.2016.09.001,http://h-da.de/ml-ontology/regression,regression,0.41954711079597473,1
10.1016/j.jval.2025.06.011,http://h-da.de/ml-ontology/classification,classification,0.35555073618888855,1
10.1016/j.jweia.2020.104198,http://h-da.de/ml-ontology/regression,regression,0.41592228412628174,1
10.1016/j.jwpe.2020.101389,http://h-da.de/ml-ontology/regression,regression,0.4210907518863678,1
10.1016/j.jwpe.2023.103889,http://h-da.de/ml-ontology/feature_extraction,feature extraction,0.42719143629074097,1
10.1016/j.jwpe.2024.106126,http://h-da.de/ml-ontology/feature_extraction,feature extraction,0.3876686692237854,1
10.1016/j.jwpe.2025.107784,http://h-da.de/ml-ontology/feature_extraction,feature extraction,0.43858498334884644,1
10.1016/j.jwpe.2025.108316,http://h-da.de/ml-ontology/feature_extraction,feature extraction,0.37494000792503357,1
10.1016/j.jwpe.2025.108344,http://h-da.de/ml-ontology/feature_extraction,feature extraction,0.4288977384567261,1
10.1016/j.jwpe.2025.108699,http://h-da.de/ml-ontology/feature_extraction,feature extraction,0.39843082427978516,1
10.1016/j.knosys.2014.10.012,http://h-da.de/ml-ontology/image_classification,image classification,0.4301370084285736,1
10.1016/j.knosys.2021.107469,http://h-da.de/ml-ontology/clustering,clustering,0.5272579193115234,1
10.1016/j.knosys.2024.112445,http://h-da.de/ml-ontology/anomaly_detection,anomaly detection,0.5913995504379272,1
10.1016/j.knosys.2025.114197,http://h-da.de/ml-ontology/text_classification,text classification,0.37124335765838623,1
10.1016/j.knosys.2025.114296,http://h-da.de/ml-ontology/tabular_classification,tabular classification,0.3688216805458069,1
10.1016/j.lwt.2025.117585,http://h-da.de/ml-ontology/link_prediction,link prediction,0.3739472031593323,1
10.1016/j.marpetgeo.2025.107436,http://h-da.de/ml-ontology/feature_extraction,feature extraction,0.3593577742576599,1
10.1016/j.marstruc.2021.103152,http://h-da.de/ml-ontology/feature_extraction,feature extraction,0.3905729651451111,1
10.1016/j.marstruc.2022.103274,http://h-da.de/ml-ontology/feature_extraction,feature extraction,0.44116878509521484,1
10.1016/j.marstruc.2023.103470,http://h-da.de/ml-ontology/audio_regression,audio regression,0.42932838201522827,1
10.1016/j.martra.2020.100003,http://h-da.de/ml-ontology/feature_extraction,feature extraction,0.38468796014785767,1
10.1016/j.matchar.2025.115645,http://h-da.de/ml-ontology/image_classification,image classification,0.4169255793094635,1
10.1016/j.matcom.2025.02.003,http://h-da.de/ml-ontology/image_classification,image classification,0.4273640811443329,1
10.1016/j.matdes.2020.108705,http://h-da.de/ml-ontology/feature_extraction,feature extraction,0.36024922132492065,1
10.1016/j.matdes.2020.109201,http://h-da.de/ml-ontology/feature_extraction,feature extraction,0.36834150552749634,1
10.1016/j.matdes.2021.109726,http://h-da.de/ml-ontology/image_classification,image classification,0.4638773202896118,1
10.1016/j.matdes.2022.110919,http://h-da.de/ml-ontology/image_classification,image classification,0.41243869066238403,1
10.1016/j.matdes.2022.111089,http://h-da.de/ml-ontology/image_classification,image classification,0.3662678599357605,1
10.1016/j.matdes.2024.113443,http://h-da.de/ml-ontology/feature_extraction,feature extraction,0.369864821434021,1
10.1016/j.matdes.2025.114087,http://h-da.de/ml-ontology/audio_regression,audio regression,0.43801864981651306,1
10.1016/j.matdes.2025.114459,http://h-da.de/ml-ontology/audio_regression,audio regression,0.3587297201156616,1
10.1016/j.matdes.2025.114475,http://h-da.de/ml-ontology/feature_extraction,feature extraction,0.3660479187965393,1
10.1016/j.matlet.2024.137356,http://h-da.de/ml-ontology/tabular_classification,tabular classification,0.37278032302856445,1
10.1016/j.matpr.2020.06.306,http://h-da.de/ml-ontology/feature_extraction,feature extraction,0.4036402404308319,1
10.1016/j.matpr.2020.07.209,http://h-da.de/ml-ontology/feature_extraction,feature extraction,0.4260742664337158,1
10.1016/j.matpr.2020.07.245,http://h-da.de/ml-ontology/feature_extraction,feature extraction,0.40713053941726685,1
10.1016/j.matpr.2020.10.482,http://h-da.de/ml-ontology/image_classification,image classification,0.42931658029556274,1
10.1016/j.matpr.2020.11.351,http://h-da.de/ml-ontology/feature_extraction,feature extraction,0.3743888735771179,1
10.1016/j.matpr.2020.12.1149,http://h-da.de/ml-ontology/feature_extraction,feature extraction,0.38310420513153076,1
10.1016/j.matpr.2020.12.159,http://h-da.de/ml-ontology/image_classification,image classification,0.3983128070831299,1
10.1016/j.matpr.2021.02.059,http://h-da.de/ml-ontology/feature_extraction,feature extraction,0.39068669080734253,1
10.1016/j.matpr.2021.02.061,http://h-da.de/ml-ontology/time_series_classification,time series classification,0.4048079550266266,1
10.1016/j.matpr.2021.03.229,http://h-da.de/ml-ontology/binary_classification,binary classification,0.4142148494720459,1
10.1016/j.matpr.2021.05.474,http://h-da.de/ml-ontology/time_series_analysis,time series analysis,0.38851094245910645,1
10.1016/j.matpr.2022.01.285,http://h-da.de/ml-ontology/image_classification,image classification,0.49247196316719055,1
10.1016/j.matpr.2022.02.622,http://h-da.de/ml-ontology/binary_classification,binary classification,0.35258936882019043,1
10.1016/j.matpr.2022.04.126,http://h-da.de/ml-ontology/feature_extraction,feature extraction,0.4299619793891907,1
10.1016/j.matpr.2022.04.541,http://h-da.de/ml-ontology/image_regression,image regression,0.40924006700515747,1
10.1016/j.matpr.2022.05.409,http://h-da.de/ml-ontology/sentiment_analysis,sentiment analysis,0.6215224266052246,1
10.1016/j.matpr.2022.06.250,http://h-da.de/ml-ontology/time_series_classification,time series classification,0.3727723956108093,1
10.1016/j.matpr.2022.06.474,http://h-da.de/ml-ontology/image_classification,image classification,0.5653373003005981,1
10.1016/j.matpr.2022.07.133,http://h-da.de/ml-ontology/feature_extraction,feature extraction,0.391428142786026,1
10.1016/j.matpr.2022.09.271,http://h-da.de/ml-ontology/feature_extraction,feature extraction,0.37994638085365295,1
10.1016/j.matpr.2022.12.081,http://h-da.de/ml-ontology/image_regression,image regression,0.36319977045059204,1
10.1016/j.matpr.2023.03.522,http://h-da.de/ml-ontology/regression,regression,0.3542989492416382,1
10.1016/j.measen.2021.100046,http://h-da.de/ml-ontology/image_regression,image regression,0.364663302898407,1
10.1016/j.measen.2021.100365,http://h-da.de/ml-ontology/image_regression,image regression,0.38075709342956543,1
10.1016/j.measen.2022.100428,http://h-da.de/ml-ontology/regression,regression,0.3660251498222351,1
10.1016/j.measen.2024.101473,http://h-da.de/ml-ontology/time_series_classification,time series classification,0.46793699264526367,1
10.1016/j.measen.2024.101570,http://h-da.de/ml-ontology/audio_regression,audio regression,0.403572678565979,1
10.1016/j.measen.2025.101880,http://h-da.de/ml-ontology/action_recognition,action recognition,0.404842346906662,1
10.1016/j.measurement.2019.107138,http://h-da.de/ml-ontology/time_series_classification,time series classification,0.48617157340049744,1
10.1016/j.measurement.2020.108086,http://h-da.de/ml-ontology/feature_extraction,feature extraction,0.4342741370201111,1
10.1016/j.measurement.2020.108186,http://h-da.de/ml-ontology/feature_extraction,feature extraction,0.4058947265148163,1
10.1016/j.measurement.2020.108215,http://h-da.de/ml-ontology/time_series_classification,time series classification,0.39120304584503174,1
10.1016/j.measurement.2021.109448,http://h-da.de/ml-ontology/time_series_classification,time series classification,0.40000826120376587,1
10.1016/j.measurement.2021.109864,http://h-da.de/ml-ontology/image_classification,image classification,0.3784548044204712,1
10.1016/j.measurement.2021.110085,http://h-da.de/ml-ontology/feature_extraction,feature extraction,0.35958993434906006,1
10.1016/j.measurement.2021.110232,http://h-da.de/ml-ontology/image_classification,image classification,0.4298146367073059,1
10.1016/j.measurement.2022.111814,http://h-da.de/ml-ontology/feature_extraction,feature extraction,0.4139297604560852,1
10.1016/j.measurement.2022.112140,http://h-da.de/ml-ontology/image_regression,image regression,0.3585600256919861,1
10.1016/j.measurement.2023.112504,http://h-da.de/ml-ontology/feature_extraction,feature extraction,0.41334211826324463,1
10.1016/j.measurement.2024.114242,http://h-da.de/ml-ontology/feature_extraction,feature extraction,0.47022294998168945,1
10.1016/j.measurement.2024.114319,http://h-da.de/ml-ontology/image_classification,image classification,0.3654997944831848,1
10.1016/j.measurement.2024.115303,http://h-da.de/ml-ontology/feature_extraction,feature extraction,0.4049018621444702,1
10.1016/j.measurement.2025.117183,http://h-da.de/ml-ontology/time_series_classification,time series classification,0.3988114297389984,1
10.1016/j.measurement.2025.117251,http://h-da.de/ml-ontology/feature_extraction,feature extraction,0.38738083839416504,1
10.1016/j.measurement.2025.117737,http://h-da.de/ml-ontology/time_series_classification,time series classification,0.4405437111854553,1
10.1016/j.measurement.2025.117758,http://h-da.de/ml-ontology/classification,classification,0.439643919467926,1
10.1016/j.measurement.2025.117916,http://h-da.de/ml-ontology/feature_extraction,feature extraction,0.39052504301071167,1
10.1016/j.measurement.2025.118006,http://h-da.de/ml-ontology/image_classification,image classification,0.4066751003265381,1
10.1016/j.measurement.2025.118135,http://h-da.de/ml-ontology/time_series_classification,time series classification,0.43338650465011597,1
10.1016/j.measurement.2025.118153,http://h-da.de/ml-ontology/audio_regression,audio regression,0.4020916819572449,1
10.1016/j.measurement.2025.118222,http://h-da.de/ml-ontology/image_classification,image classification,0.38571828603744507,1
10.1016/j.measurement.2025.118306,http://h-da.de/ml-ontology/image_classification,image classification,0.4570377469062805,1
10.1016/j.measurement.2025.119123,http://h-da.de/ml-ontology/feature_extraction,feature extraction,0.380379855632782,1
10.1016/j.measurement.2025.119228,http://h-da.de/ml-ontology/feature_extraction,feature extraction,0.43346142768859863,1
10.1016/j.measurement.2025.119261,http://h-da.de/ml-ontology/anomaly_detection,anomaly detection,0.5066786408424377,1
10.1016/j.measurement.2025.119264,http://h-da.de/ml-ontology/image_classification,image classification,0.4019891321659088,1
10.1016/j.medengphy.2024.104208,http://h-da.de/ml-ontology/classification,classification,0.37070441246032715,1
10.1016/j.media.2025.103638,http://h-da.de/ml-ontology/image_segmentation,image segmentation,0.3810856342315674,1
10.1016/j.mejo.2022.105641,http://h-da.de/ml-ontology/image_classification,image classification,0.45093613862991333,1
10.1016/j.memsci.2025.124266,http://h-da.de/ml-ontology/feature_selection,feature selection,0.35746049880981445,1
10.1016/j.mex.2023.102436,http://h-da.de/ml-ontology/regression,regression,0.38183480501174927,1
10.1016/j.mex.2025.103181,http://h-da.de/ml-ontology/anomaly_detection,anomaly detection,0.5392836332321167,1
10.1016/j.mex.2025.103442,http://h-da.de/ml-ontology/feature_selection,feature selection,0.41582751274108887,1
10.1016/j.mex.2025.103504,http://h-da.de/ml-ontology/feature_extraction,feature extraction,0.39026373624801636,1
10.1016/j.mfglet.2020.09.011,http://h-da.de/ml-ontology/time_series_classification,time series classification,0.3776918053627014,1
10.1016/j.mfglet.2022.07.098,http://h-da.de/ml-ontology/feature_extraction,feature extraction,0.35943037271499634,1
10.1016/j.mfglet.2022.07.102,http://h-da.de/ml-ontology/feature_extraction,feature extraction,0.35992562770843506,1
10.1016/j.mfglet.2022.07.104,http://h-da.de/ml-ontology/tabular_regression,tabular regression,0.37241891026496887,1
10.1016/j.mfglet.2022.07.110,http://h-da.de/ml-ontology/image_regression,image regression,0.38347405195236206,1
10.1016/j.mfglet.2023.08.010,http://h-da.de/ml-ontology/feature_extraction,feature extraction,0.46125951409339905,1
10.1016/j.mfglet.2023.08.051,http://h-da.de/ml-ontology/time_series_classification,time series classification,0.40035271644592285,1
10.1016/j.mfglet.2023.08.116,http://h-da.de/ml-ontology/feature_extraction,feature extraction,0.3601694703102112,1
10.1016/j.mfglet.2023.08.125,http://h-da.de/ml-ontology/image_classification,image classification,0.452237606048584,1
10.1016/j.mfglet.2024.03.004,http://h-da.de/ml-ontology/feature_extraction,feature extraction,0.4354419708251953,1
10.1016/j.mfglet.2024.09.022,http://h-da.de/ml-ontology/image_classification,image classification,0.4474956691265106,1
10.1016/j.mfglet.2024.09.101,http://h-da.de/ml-ontology/image_regression,image regression,0.4151877760887146,1
10.1016/j.mfglet.2024.09.138,http://h-da.de/ml-ontology/feature_extraction,feature extraction,0.35859164595603943,1
10.1016/j.mfglet.2024.09.143,http://h-da.de/ml-ontology/time_series_classification,time series classification,0.5460753440856934,1
10.1016/j.mfglet.2024.09.183,http://h-da.de/ml-ontology/image_classification,image classification,0.4917702078819275,1
10.1016/j.mfglet.2025.06.121,http://h-da.de/ml-ontology/feature_extraction,feature extraction,0.36800169944763184,1
10.1016/j.mfglet.2025.06.162,http://h-da.de/ml-ontology/feature_extraction,feature extraction,0.35606417059898376,1
10.1016/j.mfglet.2025.06.199,http://h-da.de/ml-ontology/feature_extraction,feature extraction,0.36168885231018066,1
10.1016/j.micpro.2021.103822,http://h-da.de/ml-ontology/regression,regression,0.38499337434768677,1
10.1016/j.micpro.2022.104629,http://h-da.de/ml-ontology/binary_classification,binary classification,0.36331260204315186,1
10.1016/j.microc.2025.115133,http://h-da.de/ml-ontology/image_classification,image classification,0.4028109014034271,1
10.1016/j.microc.2025.115161,http://h-da.de/ml-ontology/image_regression,image regression,0.38123804330825806,1
10.1016/j.micron.2021.103161,http://h-da.de/ml-ontology/image_classification,image classification,0.43455231189727783,1
10.1016/j.microrel.2018.11.012,http://h-da.de/ml-ontology/anomaly_detection,anomaly detection,0.3523014187812805,1
10.1016/j.mineng.2019.01.032,http://h-da.de/ml-ontology/feature_extraction,feature extraction,0.4711705446243286,1
10.1016/j.mineng.2025.109424,http://h-da.de/ml-ontology/regression,regression,0.43665480613708496,1
10.1016/j.molliq.2022.119208,http://h-da.de/ml-ontology/regression,regression,0.3545892536640167,1
10.1016/j.molliq.2023.122251,http://h-da.de/ml-ontology/regression,regression,0.39719879627227783,1
10.1016/j.molliq.2023.122918,http://h-da.de/ml-ontology/tabular_regression,tabular regression,0.363275945186615,1
10.1016/j.molliq.2023.122948,http://h-da.de/ml-ontology/feature_extraction,feature extraction,0.36539775133132935,1
10.1016/j.molliq.2024.124508,http://h-da.de/ml-ontology/feature_extraction,feature extraction,0.36089327931404114,1
10.1016/j.molliq.2025.126933,http://h-da.de/ml-ontology/image_regression,image regression,0.40906232595443726,1
10.1016/j.msea.2020.140002,http://h-da.de/ml-ontology/image_classification,image classification,0.38848966360092163,1
10.1016/j.mtchem.2025.102891,http://h-da.de/ml-ontology/image_regression,image regression,0.378648579120636,1
10.1016/j.mtcomm.2022.103387,http://h-da.de/ml-ontology/feature_extraction,feature extraction,0.36469411849975586,1
10.1016/j.mtcomm.2022.104878,http://h-da.de/ml-ontology/image_classification,image classification,0.39498192071914673,1
10.1016/j.mtcomm.2022.105162,http://h-da.de/ml-ontology/feature_extraction,feature extraction,0.5058809518814087,1
10.1016/j.mtcomm.2023.106147,http://h-da.de/ml-ontology/tabular_classification,tabular classification,0.3752485513687134,1
10.1016/j.mtcomm.2023.107357,http://h-da.de/ml-ontology/feature_extraction,feature extraction,0.4431551992893219,1
10.1016/j.mtcomm.2024.108307,http://h-da.de/ml-ontology/image_regression,image regression,0.3526695668697357,1
10.1016/j.mtcomm.2024.108522,http://h-da.de/ml-ontology/audio_regression,audio regression,0.3812693655490875,1
10.1016/j.mtcomm.2024.109732,http://h-da.de/ml-ontology/image_regression,image regression,0.3564334511756897,1
10.1016/j.mtcomm.2024.109997,http://h-da.de/ml-ontology/feature_extraction,feature extraction,0.45297521352767944,1
10.1016/j.mtcomm.2024.110294,http://h-da.de/ml-ontology/feature_extraction,feature extraction,0.35526782274246216,1
10.1016/j.mtcomm.2024.111135,http://h-da.de/ml-ontology/tabular_regression,tabular regression,0.37566614151000977,1
10.1016/j.mtcomm.2025.113762,http://h-da.de/ml-ontology/audio_regression,audio regression,0.3580412268638611,1
10.1016/j.mtcomm.2025.113804,http://h-da.de/ml-ontology/image_regression,image regression,0.3727196156978607,1
10.1016/j.mtla.2024.102268,http://h-da.de/ml-ontology/image_regression,image regression,0.3738526701927185,1
10.1016/j.ndteint.2019.102176,http://h-da.de/ml-ontology/image_classification,image classification,0.38987845182418823,1
10.1016/j.ndteint.2025.103362,http://h-da.de/ml-ontology/tabular_clustering,tabular clustering,0.3966231644153595,1
10.1016/j.ndteint.2025.103465,http://h-da.de/ml-ontology/audio_regression,audio regression,0.4028610289096832,1
10.1016/j.ndteint.2025.103531,http://h-da.de/ml-ontology/audio_regression,audio regression,0.4273480772972107,1
10.1016/j.net.2019.12.029,http://h-da.de/ml-ontology/binary_classification,binary classification,0.39240723848342896,1
10.1016/j.neucom.2011.12.047,http://h-da.de/ml-ontology/feature_extraction,feature extraction,0.36252570152282715,1
10.1016/j.neucom.2011.12.057,http://h-da.de/ml-ontology/text_classification,text classification,0.4242662191390991,1
10.1016/j.neucom.2013.08.004,http://h-da.de/ml-ontology/multiclass_classification,multiclass classification,0.41939690709114075,1
10.1016/j.neucom.2014.06.068,http://h-da.de/ml-ontology/feature_extraction,feature extraction,0.4246577322483063,1
10.1016/j.neucom.2014.09.036,http://h-da.de/ml-ontology/image_classification,image classification,0.4340055584907532,1
10.1016/j.neucom.2015.04.069,http://h-da.de/ml-ontology/image_classification,image classification,0.37417829036712646,1
10.1016/j.neucom.2017.05.063,http://h-da.de/ml-ontology/feature_extraction,feature extraction,0.36431556940078735,1
10.1016/j.neucom.2017.09.054,http://h-da.de/ml-ontology/feature_extraction,feature extraction,0.39759209752082825,1
10.1016/j.neucom.2018.09.109,http://h-da.de/ml-ontology/classification,classification,0.37696701288223267,1
10.1016/j.neucom.2018.11.067,http://h-da.de/ml-ontology/feature_extraction,feature extraction,0.3804645240306854,1
10.1016/j.neucom.2019.07.034,http://h-da.de/ml-ontology/anomaly_detection,anomaly detection,0.48352402448654175,1
10.1016/j.neucom.2019.08.010,http://h-da.de/ml-ontology/feature_extraction,feature extraction,0.3711045980453491,1
10.1016/j.neucom.2021.09.022,http://h-da.de/ml-ontology/feature_extraction,feature extraction,0.43231987953186035,1
10.1016/j.neucom.2023.126887,http://h-da.de/ml-ontology/clustering,clustering,0.47105544805526733,1
10.1016/j.neucom.2024.127930,http://h-da.de/ml-ontology/binary_classification,binary classification,0.3587804436683655,1
10.1016/j.neucom.2024.128638,http://h-da.de/ml-ontology/feature_reduction,feature reduction,0.4205240309238434,1
10.1016/j.neucom.2025.129487,http://h-da.de/ml-ontology/feature_extraction,feature extraction,0.44209524989128113,1
10.1016/j.neucom.2025.129619,http://h-da.de/ml-ontology/feature_extraction,feature extraction,0.5195778608322144,1
10.1016/j.neucom.2025.129914,http://h-da.de/ml-ontology/binary_classification,binary classification,0.3941524624824524,1
10.1016/j.neucom.2025.131226,http://h-da.de/ml-ontology/feature_extraction,feature extraction,0.4891695976257324,1
10.1016/j.neucom.2025.131291,http://h-da.de/ml-ontology/image_classification,image classification,0.3952929377555847,1
10.1016/j.neunet.2018.06.004,http://h-da.de/ml-ontology/feature_reduction,feature reduction,0.3618868291378021,1
10.1016/j.neunet.2022.02.019,http://h-da.de/ml-ontology/feature_extraction,feature extraction,0.39579057693481445,1
10.1016/j.neunet.2024.106245,http://h-da.de/ml-ontology/binary_classification,binary classification,0.41874703764915466,1
10.1016/j.neuroimage.2015.08.055,http://h-da.de/ml-ontology/feature_extraction,feature extraction,0.37648242712020874,1
10.1016/j.nucengdes.2023.112502,http://h-da.de/ml-ontology/anomaly_detection,anomaly detection,0.4486345648765564,1
10.1016/j.nucengdes.2023.112842,http://h-da.de/ml-ontology/feature_extraction,feature extraction,0.4145139455795288,1
10.1016/j.nucengdes.2025.113955,http://h-da.de/ml-ontology/time_series_classification,time series classification,0.4407392740249634,1
10.1016/j.oceaneng.2020.107968,http://h-da.de/ml-ontology/anomaly_detection,anomaly detection,0.4332047998905182,1
10.1016/j.oceaneng.2021.109046,http://h-da.de/ml-ontology/time_series_forecasting,time series forecasting,0.35672545433044434,1
10.1016/j.oceaneng.2021.109617,http://h-da.de/ml-ontology/image_regression,image regression,0.3844979405403137,1
10.1016/j.oceaneng.2022.110554,http://h-da.de/ml-ontology/audio_regression,audio regression,0.42044878005981445,1
10.1016/j.oceaneng.2022.111094,http://h-da.de/ml-ontology/feature_extraction,feature extraction,0.3878710865974426,1
10.1016/j.oceaneng.2022.111579,http://h-da.de/ml-ontology/audio_regression,audio regression,0.3679766058921814,1
10.1016/j.oceaneng.2023.115271,http://h-da.de/ml-ontology/regression,regression,0.43253985047340393,1
10.1016/j.oceaneng.2023.115776,http://h-da.de/ml-ontology/time_series_forecasting,time series forecasting,0.3758159279823303,1
10.1016/j.oceaneng.2023.115928,http://h-da.de/ml-ontology/feature_extraction,feature extraction,0.4006948173046112,1
10.1016/j.oceaneng.2023.116513,http://h-da.de/ml-ontology/time_series_classification,time series classification,0.40502244234085083,1
10.1016/j.oceaneng.2023.116619,http://h-da.de/ml-ontology/feature_extraction,feature extraction,0.36048340797424316,1
10.1016/j.oceaneng.2024.117510,http://h-da.de/ml-ontology/feature_extraction,feature extraction,0.42431357502937317,1
10.1016/j.oceaneng.2024.117692,http://h-da.de/ml-ontology/time_series_classification,time series classification,0.41404229402542114,1
10.1016/j.oceaneng.2024.117873,http://h-da.de/ml-ontology/feature_extraction,feature extraction,0.3932723104953766,1
10.1016/j.oceaneng.2024.118495,http://h-da.de/ml-ontology/feature_extraction,feature extraction,0.4828124940395355,1
10.1016/j.oceaneng.2024.119223,http://h-da.de/ml-ontology/audio_regression,audio regression,0.3843075633049011,1
10.1016/j.oceaneng.2024.119433,http://h-da.de/ml-ontology/feature_extraction,feature extraction,0.37006276845932007,1
10.1016/j.oceaneng.2025.120723,http://h-da.de/ml-ontology/feature_extraction,feature extraction,0.44828876852989197,1
10.1016/j.oceaneng.2025.120820,http://h-da.de/ml-ontology/feature_extraction,feature extraction,0.3575408458709717,1
10.1016/j.oceaneng.2025.120972,http://h-da.de/ml-ontology/image_classification,image classification,0.4421968162059784,1
10.1016/j.oceaneng.2025.121768,http://h-da.de/ml-ontology/feature_extraction,feature extraction,0.40591275691986084,1
10.1016/j.oceaneng.2025.122365,http://h-da.de/ml-ontology/feature_extraction,feature extraction,0.37030327320098877,1
10.1016/j.oceaneng.2025.122518,http://h-da.de/ml-ontology/time_series_forecasting,time series forecasting,0.3687424063682556,1
10.1016/j.oceaneng.2025.122528,http://h-da.de/ml-ontology/audio_regression,audio regression,0.35068264603614807,1
10.1016/j.oceaneng.2025.122628,http://h-da.de/ml-ontology/feature_extraction,feature extraction,0.38272151350975037,1
10.1016/j.ocecoaman.2025.107884,http://h-da.de/ml-ontology/feature_extraction,feature extraction,0.35175004601478577,1
10.1016/j.optcom.2023.129736,http://h-da.de/ml-ontology/image_classification,image classification,0.4692029356956482,1
10.1016/j.optlaseng.2023.107488,http://h-da.de/ml-ontology/image_classification,image classification,0.44119027256965637,1
10.1016/j.optlastec.2021.107338,http://h-da.de/ml-ontology/feature_extraction,feature extraction,0.4513731002807617,1
10.1016/j.optlastec.2022.107918,http://h-da.de/ml-ontology/image_classification,image classification,0.4081415832042694,1
10.1016/j.optlastec.2023.110152,http://h-da.de/ml-ontology/time_series_classification,time series classification,0.42937231063842773,1
10.1016/j.optlastec.2024.111087,http://h-da.de/ml-ontology/binary_classification,binary classification,0.3803929090499878,1
10.1016/j.optlastec.2025.113441,http://h-da.de/ml-ontology/audio_regression,audio regression,0.40467438101768494,1
10.1016/j.optlastec.2025.114070,http://h-da.de/ml-ontology/feature_extraction,feature extraction,0.37265825271606445,1
10.1016/j.oregeorev.2019.103015,http://h-da.de/ml-ontology/clustering,clustering,0.4160781502723694,1
10.1016/j.orp.2021.100196,http://h-da.de/ml-ontology/feature_extraction,feature extraction,0.36126476526260376,1
10.1016/j.orp.2024.100308,http://h-da.de/ml-ontology/binary_classification,binary classification,0.35099029541015625,1
10.1016/j.paerosci.2025.101145,http://h-da.de/ml-ontology/audio_regression,audio regression,0.3629770278930664,1
10.1016/j.patrec.2020.06.008,http://h-da.de/ml-ontology/anomaly_detection,anomaly detection,0.5406677722930908,1
10.1016/j.patrec.2025.03.017,http://h-da.de/ml-ontology/image_classification,image classification,0.4652910828590393,1
10.1016/j.patter.2020.100195,http://h-da.de/ml-ontology/feature_extraction,feature extraction,0.3853186070919037,1
10.1016/j.patter.2025.101340,http://h-da.de/ml-ontology/feature_extraction,feature extraction,0.384895920753479,1
10.1016/j.pecs.2021.100904,http://h-da.de/ml-ontology/feature_extraction,feature extraction,0.4230857491493225,1
10.1016/j.petlm.2022.03.003,http://h-da.de/ml-ontology/feature_extraction,feature extraction,0.3550698161125183,1
10.1016/j.petrol.2018.11.076,http://h-da.de/ml-ontology/feature_extraction,feature extraction,0.4226943254470825,1
10.1016/j.petrol.2019.01.006,http://h-da.de/ml-ontology/tabular_classification,tabular classification,0.3988800048828125,1
10.1016/j.petrol.2020.107291,http://h-da.de/ml-ontology/feature_extraction,feature extraction,0.45560216903686523,1
10.1016/j.petrol.2020.107574,http://h-da.de/ml-ontology/feature_extraction,feature extraction,0.40078654885292053,1
10.1016/j.petrol.2020.107981,http://h-da.de/ml-ontology/feature_extraction,feature extraction,0.3574073910713196,1
10.1016/j.petrol.2020.108182,http://h-da.de/ml-ontology/feature_extraction,feature extraction,0.4298495948314667,1
10.1016/j.petrol.2021.108377,http://h-da.de/ml-ontology/feature_extraction,feature extraction,0.3922470808029175,1
10.1016/j.petrol.2021.108845,http://h-da.de/ml-ontology/feature_extraction,feature extraction,0.4186082184314728,1
10.1016/j.petrol.2021.109303,http://h-da.de/ml-ontology/tabular_regression,tabular regression,0.3890499472618103,1
10.1016/j.petrol.2021.109309,http://h-da.de/ml-ontology/time_series_forecasting,time series forecasting,0.43695008754730225,1
10.1016/j.petrol.2021.109327,http://h-da.de/ml-ontology/image_classification,image classification,0.44576749205589294,1
10.1016/j.petrol.2021.109332,http://h-da.de/ml-ontology/feature_extraction,feature extraction,0.3718559145927429,1
10.1016/j.petrol.2021.109468,http://h-da.de/ml-ontology/regression,regression,0.39099764823913574,1
10.1016/j.petrol.2022.110442,http://h-da.de/ml-ontology/feature_extraction,feature extraction,0.3867702782154083,1
10.1016/j.petrol.2022.110479,http://h-da.de/ml-ontology/association_rule_learning,association rule learning,0.49322617053985596,1
10.1016/j.petrol.2022.110544,http://h-da.de/ml-ontology/feature_extraction,feature extraction,0.36538010835647583,1
10.1016/j.petrol.2022.110844,http://h-da.de/ml-ontology/feature_extraction,feature extraction,0.38895535469055176,1
10.1016/j.petsci.2024.09.015,http://h-da.de/ml-ontology/regression,regression,0.3741942048072815,1
10.1016/j.petsci.2024.11.001,http://h-da.de/ml-ontology/feature_extraction,feature extraction,0.4079302251338959,1
10.1016/j.petsci.2025.04.006,http://h-da.de/ml-ontology/feature_extraction,feature extraction,0.5242160558700562,1
10.1016/j.petsci.2025.06.001,http://h-da.de/ml-ontology/feature_extraction,feature extraction,0.3528693914413452,1
10.1016/j.petsci.2025.08.017,http://h-da.de/ml-ontology/feature_extraction,feature extraction,0.40471217036247253,1
10.1016/j.physa.2018.09.010,http://h-da.de/ml-ontology/regression,regression,0.39046454429626465,1
10.1016/j.pnucene.2025.105785,http://h-da.de/ml-ontology/anomaly_detection,anomaly detection,0.3747161030769348,1
10.1016/j.polymertesting.2022.107580,http://h-da.de/ml-ontology/image_regression,image regression,0.3584783673286438,1
10.1016/j.powtec.2014.05.051,http://h-da.de/ml-ontology/regression,regression,0.37145930528640747,1
10.1016/j.powtec.2023.119280,http://h-da.de/ml-ontology/feature_extraction,feature extraction,0.4021247625350952,1
10.1016/j.powtec.2024.119448,http://h-da.de/ml-ontology/feature_extraction,feature extraction,0.46077537536621094,1
10.1016/j.powtec.2024.120148,http://h-da.de/ml-ontology/feature_extraction,feature extraction,0.37686002254486084,1
10.1016/j.powtec.2025.120923,http://h-da.de/ml-ontology/feature_extraction,feature extraction,0.4088120758533478,1
10.1016/j.powtec.2025.121252,http://h-da.de/ml-ontology/tabular_regression,tabular regression,0.3539509177207947,1
10.1016/j.powtec.2025.121475,http://h-da.de/ml-ontology/image_regression,image regression,0.3642764091491699,1
10.1016/j.precisioneng.2021.10.020,http://h-da.de/ml-ontology/feature_extraction,feature extraction,0.36107388138771057,1
10.1016/j.precisioneng.2025.04.010,http://h-da.de/ml-ontology/image_classification,image classification,0.3895450234413147,1
10.1016/j.prevetmed.2024.106291,http://h-da.de/ml-ontology/anomaly_detection,anomaly detection,0.3873077929019928,1
10.1016/j.prime.2025.101007,http://h-da.de/ml-ontology/anomaly_detection,anomaly detection,0.37484070658683777,1
10.1016/j.procir.2015.10.009,http://h-da.de/ml-ontology/feature_extraction,feature extraction,0.38913694024086,1
10.1016/j.procir.2018.03.087,http://h-da.de/ml-ontology/feature_extraction,feature extraction,0.3702082633972168,1
10.1016/j.procir.2018.03.095,http://h-da.de/ml-ontology/feature_extraction,feature extraction,0.4151514768600464,1
10.1016/j.procir.2018.03.229,http://h-da.de/ml-ontology/binary_classification,binary classification,0.4243031144142151,1
10.1016/j.procir.2018.12.008,http://h-da.de/ml-ontology/time_series_classification,time series classification,0.44761350750923157,1
10.1016/j.procir.2018.12.021,http://h-da.de/ml-ontology/feature_extraction,feature extraction,0.4041222333908081,1
10.1016/j.procir.2019.04.080,http://h-da.de/ml-ontology/action_recognition,action recognition,0.47293078899383545,1
10.1016/j.procir.2020.01.135,http://h-da.de/ml-ontology/feature_extraction,feature extraction,0.44135746359825134,1
10.1016/j.procir.2020.03.043,http://h-da.de/ml-ontology/anomaly_detection,anomaly detection,0.4893098473548889,1
10.1016/j.procir.2020.05.012,http://h-da.de/ml-ontology/binary_classification,binary classification,0.43144315481185913,1
10.1016/j.procir.2020.09.090,http://h-da.de/ml-ontology/image_regression,image regression,0.38090646266937256,1
10.1016/j.procir.2021.01.113,http://h-da.de/ml-ontology/anomaly_detection,anomaly detection,0.5323779582977295,1
10.1016/j.procir.2021.01.128,http://h-da.de/ml-ontology/image_classification,image classification,0.4427337348461151,1
10.1016/j.procir.2021.03.045,http://h-da.de/ml-ontology/feature_extraction,feature extraction,0.37314462661743164,1
10.1016/j.procir.2021.03.047,http://h-da.de/ml-ontology/binary_classification,binary classification,0.41060519218444824,1
10.1016/j.procir.2021.03.083,http://h-da.de/ml-ontology/feature_extraction,feature extraction,0.4354649782180786,1
10.1016/j.procir.2021.05.005,http://h-da.de/ml-ontology/translation,translation,0.4165571331977844,1
10.1016/j.procir.2021.05.093,http://h-da.de/ml-ontology/feature_extraction,feature extraction,0.43305668234825134,1
10.1016/j.procir.2021.10.038,http://h-da.de/ml-ontology/feature_extraction,feature extraction,0.4091283082962036,1
10.1016/j.procir.2021.10.042,http://h-da.de/ml-ontology/image_classification,image classification,0.498225599527359,1
10.1016/j.procir.2021.11.088,http://h-da.de/ml-ontology/tabular_classification,tabular classification,0.4215943217277527,1
10.1016/j.procir.2021.11.185,http://h-da.de/ml-ontology/binary_classification,binary classification,0.38023629784584045,1
10.1016/j.procir.2022.02.001,http://h-da.de/ml-ontology/image_classification,image classification,0.4137328267097473,1
10.1016/j.procir.2022.04.052,http://h-da.de/ml-ontology/feature_extraction,feature extraction,0.44508373737335205,1
10.1016/j.procir.2022.05.020,http://h-da.de/ml-ontology/association_rule_learning,association rule learning,0.3621610701084137,1
10.1016/j.procir.2022.05.034,http://h-da.de/ml-ontology/feature_extraction,feature extraction,0.4474641680717468,1
10.1016/j.procir.2022.05.040,http://h-da.de/ml-ontology/anomaly_detection,anomaly detection,0.5167663097381592,1
10.1016/j.procir.2022.05.094,http://h-da.de/ml-ontology/feature_extraction,feature extraction,0.43260884284973145,1
10.1016/j.procir.2022.05.249,http://h-da.de/ml-ontology/feature_reduction,feature reduction,0.3892504572868347,1
10.1016/j.procir.2022.08.092,http://h-da.de/ml-ontology/feature_extraction,feature extraction,0.3614415228366852,1
10.1016/j.procir.2022.09.052,http://h-da.de/ml-ontology/binary_classification,binary classification,0.415915310382843,1
10.1016/j.procir.2022.09.066,http://h-da.de/ml-ontology/anomaly_detection,anomaly detection,0.4305870532989502,1
10.1016/j.procir.2023.03.066,http://h-da.de/ml-ontology/feature_extraction,feature extraction,0.4540943503379822,1
10.1016/j.procir.2023.03.125,http://h-da.de/ml-ontology/named_entity_recognition,named entity recognition,0.43855369091033936,1
10.1016/j.procir.2023.06.059,http://h-da.de/ml-ontology/regression,regression,0.3548676073551178,1
10.1016/j.procir.2023.06.098,http://h-da.de/ml-ontology/association_rule_learning,association rule learning,0.6102917194366455,1
10.1016/j.procir.2023.06.146,http://h-da.de/ml-ontology/binary_classification,binary classification,0.40426480770111084,1
10.1016/j.procir.2023.06.189,http://h-da.de/ml-ontology/feature_extraction,feature extraction,0.37525731325149536,1
10.1016/j.procir.2023.08.008,http://h-da.de/ml-ontology/feature_extraction,feature extraction,0.4456186592578888,1
10.1016/j.procir.2023.08.025,http://h-da.de/ml-ontology/feature_extraction,feature extraction,0.35947585105895996,1
10.1016/j.procir.2023.08.066,http://h-da.de/ml-ontology/anomaly_detection,anomaly detection,0.4794721007347107,1
10.1016/j.procir.2023.09.088,http://h-da.de/ml-ontology/image_classification,image classification,0.4925712049007416,1
10.1016/j.procir.2023.09.128,http://h-da.de/ml-ontology/image_regression,image regression,0.4149821102619171,1
10.1016/j.procir.2023.09.146,http://h-da.de/ml-ontology/anomaly_detection,anomaly detection,0.48746490478515625,1
10.1016/j.procir.2023.09.193,http://h-da.de/ml-ontology/anomaly_detection,anomaly detection,0.5027302503585815,1
10.1016/j.procir.2024.01.074,http://h-da.de/ml-ontology/image_classification,image classification,0.4678470492362976,1
10.1016/j.procir.2024.06.009,http://h-da.de/ml-ontology/tabular_classification,tabular classification,0.3819405734539032,1
10.1016/j.procir.2024.08.247,http://h-da.de/ml-ontology/image_classification,image classification,0.3827844560146332,1
10.1016/j.procir.2024.08.320,http://h-da.de/ml-ontology/feature_extraction,feature extraction,0.4192088842391968,1
10.1016/j.procir.2024.08.398,http://h-da.de/ml-ontology/binary_classification,binary classification,0.4382530450820923,1
10.1016/j.procir.2024.10.005,http://h-da.de/ml-ontology/feature_extraction,feature extraction,0.38708043098449707,1
10.1016/j.procir.2024.10.058,http://h-da.de/ml-ontology/tabular_classification,tabular classification,0.3554893434047699,1
10.1016/j.procir.2024.10.060,http://h-da.de/ml-ontology/image_regression,image regression,0.4036065638065338,1
10.1016/j.procir.2024.10.063,http://h-da.de/ml-ontology/regression,regression,0.3539600074291229,1
10.1016/j.procir.2024.10.113,http://h-da.de/ml-ontology/clustering,clustering,0.4244891405105591,1
10.1016/j.procir.2024.10.128,http://h-da.de/ml-ontology/regression,regression,0.35765230655670166,1
10.1016/j.procir.2024.10.135,http://h-da.de/ml-ontology/anomaly_detection,anomaly detection,0.446200430393219,1
10.1016/j.procir.2024.10.299,http://h-da.de/ml-ontology/feature_selection,feature selection,0.4022257328033447,1
10.1016/j.procir.2024.12.102,http://h-da.de/ml-ontology/feature_extraction,feature extraction,0.40283888578414917,1
10.1016/j.procir.2025.01.009,http://h-da.de/ml-ontology/image_classification,image classification,0.486457884311676,1
10.1016/j.procir.2025.01.028,http://h-da.de/ml-ontology/time_series_forecasting,time series forecasting,0.38345009088516235,1
10.1016/j.procir.2025.01.032,http://h-da.de/ml-ontology/tabular_regression,tabular regression,0.3769106864929199,1
10.1016/j.procir.2025.02.013,http://h-da.de/ml-ontology/feature_extraction,feature extraction,0.42313796281814575,1
10.1016/j.procir.2025.02.062,http://h-da.de/ml-ontology/feature_extraction,feature extraction,0.3503614664077759,1
10.1016/j.procir.2025.02.091,http://h-da.de/ml-ontology/audio_regression,audio regression,0.4642772972583771,1
10.1016/j.procir.2025.02.135,http://h-da.de/ml-ontology/binary_classification,binary classification,0.37840360403060913,1
10.1016/j.procir.2025.02.197,http://h-da.de/ml-ontology/binary_classification,binary classification,0.3705633580684662,1
10.1016/j.procir.2025.02.214,http://h-da.de/ml-ontology/regression,regression,0.35619792342185974,1
10.1016/j.procir.2025.08.065,http://h-da.de/ml-ontology/feature_reduction,feature reduction,0.36342281103134155,1
10.1016/j.procir.2025.08.115,http://h-da.de/ml-ontology/image_regression,image regression,0.37403634190559387,1
10.1016/j.procs.2020.04.076,http://h-da.de/ml-ontology/regression,regression,0.49175989627838135,1
10.1016/j.procs.2021.01.274,http://h-da.de/ml-ontology/regression,regression,0.4679343104362488,1
10.1016/j.procs.2021.01.325,http://h-da.de/ml-ontology/regression,regression,0.4601089060306549,1
10.1016/j.procs.2021.01.341,http://h-da.de/ml-ontology/anomaly_detection,anomaly detection,0.4432145655155182,1
10.1016/j.procs.2021.01.357,http://h-da.de/ml-ontology/feature_extraction,feature extraction,0.40426895022392273,1
10.1016/j.procs.2022.01.210,http://h-da.de/ml-ontology/time_series_classification,time series classification,0.44260939955711365,1
10.1016/j.procs.2022.01.217,http://h-da.de/ml-ontology/regression,regression,0.3597158193588257,1
10.1016/j.procs.2022.01.220,http://h-da.de/ml-ontology/feature_extraction,feature extraction,0.432440847158432,1
10.1016/j.procs.2022.01.228,http://h-da.de/ml-ontology/feature_extraction,feature extraction,0.4211978316307068,1
10.1016/j.procs.2022.01.273,http://h-da.de/ml-ontology/time_series_forecasting,time series forecasting,0.4649723768234253,1
10.1016/j.procs.2022.01.292,http://h-da.de/ml-ontology/association_rule_learning,association rule learning,0.4121628999710083,1
10.1016/j.procs.2022.01.318,http://h-da.de/ml-ontology/time_series_classification,time series classification,0.479367733001709,1
10.1016/j.procs.2022.01.330,http://h-da.de/ml-ontology/anomaly_detection,anomaly detection,0.5874983668327332,1
10.1016/j.procs.2022.03.065,http://h-da.de/ml-ontology/regression,regression,0.4196729362010956,1
10.1016/j.procs.2022.08.024,http://h-da.de/ml-ontology/image_classification,image classification,0.44458436965942383,1
10.1016/j.procs.2022.09.289,http://h-da.de/ml-ontology/feature_extraction,feature extraction,0.37432175874710083,1
10.1016/j.procs.2022.12.205,http://h-da.de/ml-ontology/feature_extraction,feature extraction,0.4186832010746002,1
10.1016/j.procs.2022.12.276,http://h-da.de/ml-ontology/tabular_regression,tabular regression,0.3785187602043152,1
10.1016/j.procs.2022.12.391,http://h-da.de/ml-ontology/feature_extraction,feature extraction,0.3802090287208557,1
10.1016/j.procs.2023.01.317,http://h-da.de/ml-ontology/time_series_forecasting,time series forecasting,0.48441749811172485,1
10.1016/j.procs.2023.12.114,http://h-da.de/ml-ontology/sentiment_analysis,sentiment analysis,0.5396816730499268,1
10.1016/j.procs.2023.12.183,http://h-da.de/ml-ontology/image_classification,image classification,0.42389562726020813,1
10.1016/j.procs.2024.01.042,http://h-da.de/ml-ontology/image_classification,image classification,0.4700291156768799,1
10.1016/j.procs.2024.01.086,http://h-da.de/ml-ontology/feature_selection,feature selection,0.3678232431411743,1
10.1016/j.procs.2024.01.128,http://h-da.de/ml-ontology/binary_classification,binary classification,0.36626243591308594,1
10.1016/j.procs.2024.01.137,http://h-da.de/ml-ontology/feature_extraction,feature extraction,0.40673065185546875,1
10.1016/j.procs.2024.01.141,http://h-da.de/ml-ontology/tabular_classification,tabular classification,0.39795172214508057,1
10.1016/j.procs.2024.02.039,http://h-da.de/ml-ontology/feature_extraction,feature extraction,0.36971426010131836,1
10.1016/j.procs.2024.09.618,http://h-da.de/ml-ontology/text_classification,text classification,0.4450138807296753,1
10.1016/j.procs.2024.09.633,http://h-da.de/ml-ontology/binary_classification,binary classification,0.4304843246936798,1
10.1016/j.procs.2024.11.080,http://h-da.de/ml-ontology/text_classification,text classification,0.4928077161312103,1
10.1016/j.procs.2025.01.082,http://h-da.de/ml-ontology/feature_extraction,feature extraction,0.409507155418396,1
10.1016/j.procs.2025.01.083,http://h-da.de/ml-ontology/binary_classification,binary classification,0.38228940963745117,1
10.1016/j.procs.2025.01.126,http://h-da.de/ml-ontology/regression,regression,0.39608150720596313,1
10.1016/j.procs.2025.01.156,http://h-da.de/ml-ontology/anomaly_detection,anomaly detection,0.5388327240943909,1
10.1016/j.procs.2025.01.169,http://h-da.de/ml-ontology/binary_classification,binary classification,0.48997271060943604,1
10.1016/j.procs.2025.01.262,http://h-da.de/ml-ontology/association_rule_learning,association rule learning,0.4625057578086853,1
10.1016/j.procs.2025.02.056,http://h-da.de/ml-ontology/feature_extraction,feature extraction,0.35799795389175415,1
10.1016/j.procs.2025.03.236,http://h-da.de/ml-ontology/feature_extraction,feature extraction,0.4103195071220398,1
10.1016/j.procs.2025.03.238,http://h-da.de/ml-ontology/feature_extraction,feature extraction,0.4221217632293701,1
10.1016/j.procs.2025.03.317,http://h-da.de/ml-ontology/regression,regression,0.3788284957408905,1
10.1016/j.procs.2025.03.319,http://h-da.de/ml-ontology/classification,classification,0.3716030418872833,1
10.1016/j.procs.2025.04.063,http://h-da.de/ml-ontology/feature_extraction,feature extraction,0.37190377712249756,1
10.1016/j.procs.2025.04.151,http://h-da.de/ml-ontology/image_classification,image classification,0.4371371865272522,1
10.1016/j.procs.2025.04.253,http://h-da.de/ml-ontology/time_series_classification,time series classification,0.39028945565223694,1
10.1016/j.procs.2025.04.258,http://h-da.de/ml-ontology/association_rule_learning,association rule learning,0.40075913071632385,1
10.1016/j.procs.2025.04.260,http://h-da.de/ml-ontology/image_classification,image classification,0.39023593068122864,1
10.1016/j.procs.2025.04.415,http://h-da.de/ml-ontology/feature_extraction,feature extraction,0.3941459059715271,1
10.1016/j.procs.2025.05.005,http://h-da.de/ml-ontology/anomaly_detection,anomaly detection,0.41637855768203735,1
10.1016/j.procs.2025.05.131,http://h-da.de/ml-ontology/regression,regression,0.37017226219177246,1
10.1016/j.procs.2025.07.251,http://h-da.de/ml-ontology/time_series_forecasting,time series forecasting,0.36881154775619507,1
10.1016/j.procs.2025.08.004,http://h-da.de/ml-ontology/feature_extraction,feature extraction,0.4109823703765869,1
10.1016/j.proeng.2014.12.452,http://h-da.de/ml-ontology/time_series_classification,time series classification,0.43868228793144226,1
10.1016/j.promfg.2017.07.239,http://h-da.de/ml-ontology/binary_classification,binary classification,0.46166419982910156,1
10.1016/j.promfg.2017.07.353,http://h-da.de/ml-ontology/anomaly_detection,anomaly detection,0.6541488170623779,1
10.1016/j.promfg.2018.07.111,http://h-da.de/ml-ontology/image_classification,image classification,0.5311883687973022,1
10.1016/j.promfg.2019.06.004,http://h-da.de/ml-ontology/binary_classification,binary classification,0.4200729727745056,1
10.1016/j.promfg.2019.06.094,http://h-da.de/ml-ontology/binary_classification,binary classification,0.43814241886138916,1
10.1016/j.promfg.2020.01.288,http://h-da.de/ml-ontology/action_recognition,action recognition,0.5489506721496582,1
10.1016/j.promfg.2020.02.180,http://h-da.de/ml-ontology/feature_extraction,feature extraction,0.3551279306411743,1
10.1016/j.promfg.2020.02.181,http://h-da.de/ml-ontology/feature_extraction,feature extraction,0.3623422384262085,1
10.1016/j.promfg.2020.04.090,http://h-da.de/ml-ontology/action_recognition,action recognition,0.5265350341796875,1
10.1016/j.promfg.2020.05.016,http://h-da.de/ml-ontology/binary_classification,binary classification,0.4151398241519928,1
10.1016/j.promfg.2020.05.136,http://h-da.de/ml-ontology/anomaly_detection,anomaly detection,0.429948091506958,1
10.1016/j.promfg.2020.07.010,http://h-da.de/ml-ontology/anomaly_detection,anomaly detection,0.37481236457824707,1
10.1016/j.promfg.2020.10.050,http://h-da.de/ml-ontology/anomaly_detection,anomaly detection,0.44653111696243286,1
10.1016/j.promfg.2020.10.102,http://h-da.de/ml-ontology/feature_extraction,feature extraction,0.38798296451568604,1
10.1016/j.promfg.2020.10.147,http://h-da.de/ml-ontology/recommendation,recommendation,0.3880084753036499,1
10.1016/j.promfg.2020.10.161,http://h-da.de/ml-ontology/image_classification,image classification,0.37733668088912964,1
10.1016/j.promfg.2020.10.200,http://h-da.de/ml-ontology/association_rule_learning,association rule learning,0.4601266384124756,1
10.1016/j.promfg.2021.06.007,http://h-da.de/ml-ontology/binary_classification,binary classification,0.35299816727638245,1
10.1016/j.promfg.2021.06.031,http://h-da.de/ml-ontology/image_classification,image classification,0.3703151345252991,1
10.1016/j.promfg.2021.06.045,http://h-da.de/ml-ontology/image_classification,image classification,0.39317047595977783,1
10.1016/j.promfg.2021.06.065,http://h-da.de/ml-ontology/image_classification,image classification,0.4049118161201477,1
10.1016/j.promfg.2021.10.020,http://h-da.de/ml-ontology/feature_extraction,feature extraction,0.4341186285018921,1
10.1016/j.promfg.2021.10.059,http://h-da.de/ml-ontology/association_rule_learning,association rule learning,0.46654459834098816,1
10.1016/j.prostr.2024.09.192,http://h-da.de/ml-ontology/feature_extraction,feature extraction,0.42063379287719727,1
10.1016/j.prostr.2024.09.307,http://h-da.de/ml-ontology/time_series_classification,time series classification,0.43143561482429504,1
10.1016/j.prostr.2025.07.078,http://h-da.de/ml-ontology/feature_extraction,feature extraction,0.3772542178630829,1
10.1016/j.psep.2021.06.026,http://h-da.de/ml-ontology/image_classification,image classification,0.44572728872299194,1
10.1016/j.psep.2023.10.066,http://h-da.de/ml-ontology/feature_extraction,feature extraction,0.4307897686958313,1
10.1016/j.psep.2024.08.076,http://h-da.de/ml-ontology/time_series_forecasting,time series forecasting,0.36061006784439087,1
10.1016/j.psep.2024.10.075,http://h-da.de/ml-ontology/feature_extraction,feature extraction,0.4410528242588043,1
10.1016/j.psep.2025.106854,http://h-da.de/ml-ontology/feature_extraction,feature extraction,0.42722034454345703,1
10.1016/j.psep.2025.107487,http://h-da.de/ml-ontology/feature_extraction,feature extraction,0.45714271068573,1
10.1016/j.psj.2025.105371,http://h-da.de/ml-ontology/feature_extraction,feature extraction,0.35177886486053467,1
10.1016/j.psj.2025.105869,http://h-da.de/ml-ontology/regression,regression,0.38235196471214294,1
10.1016/j.ptlrs.2021.05.004,http://h-da.de/ml-ontology/feature_extraction,feature extraction,0.40235912799835205,1
10.1016/j.ptlrs.2022.10.004,http://h-da.de/ml-ontology/feature_extraction,feature extraction,0.36832696199417114,1
10.1016/j.rcim.2012.06.002,http://h-da.de/ml-ontology/image_classification,image classification,0.4615345001220703,1
10.1016/j.rcim.2019.04.013,http://h-da.de/ml-ontology/classification,classification,0.39152443408966064,1
10.1016/j.rcim.2020.102105,http://h-da.de/ml-ontology/feature_extraction,feature extraction,0.41558384895324707,1
10.1016/j.rcim.2021.102179,http://h-da.de/ml-ontology/binary_classification,binary classification,0.3765430748462677,1
10.1016/j.rcim.2022.102470,http://h-da.de/ml-ontology/image_classification,image classification,0.3903649151325226,1
10.1016/j.rcim.2024.102839,http://h-da.de/ml-ontology/feature_extraction,feature extraction,0.5127204656600952,1
10.1016/j.rcim.2024.102938,http://h-da.de/ml-ontology/feature_extraction,feature extraction,0.46330368518829346,1
10.1016/j.rcim.2024.102941,http://h-da.de/ml-ontology/object_detection,object detection,0.3872832655906677,1
10.1016/j.rcim.2025.102962,http://h-da.de/ml-ontology/anomaly_detection,anomaly detection,0.4995134174823761,1
10.1016/j.rcim.2025.103165,http://h-da.de/ml-ontology/feature_extraction,feature extraction,0.39216047525405884,1
10.1016/j.renene.2015.08.038,http://h-da.de/ml-ontology/regression,regression,0.37997496128082275,1
10.1016/j.renene.2016.01.027,http://h-da.de/ml-ontology/regression,regression,0.3994234800338745,1
10.1016/j.renene.2020.04.133,http://h-da.de/ml-ontology/regression,regression,0.3812202215194702,1
10.1016/j.renene.2020.09.034,http://h-da.de/ml-ontology/association_rule_learning,association rule learning,0.4195839762687683,1
10.1016/j.renene.2021.07.085,http://h-da.de/ml-ontology/anomaly_detection,anomaly detection,0.4270215928554535,1
10.1016/j.renene.2024.121057,http://h-da.de/ml-ontology/regression,regression,0.47250476479530334,1
10.1016/j.renene.2024.121463,http://h-da.de/ml-ontology/time_series_classification,time series classification,0.45779097080230713,1
10.1016/j.renene.2025.123076,http://h-da.de/ml-ontology/feature_extraction,feature extraction,0.36283379793167114,1
10.1016/j.renene.2025.123343,http://h-da.de/ml-ontology/image_classification,image classification,0.49822673201560974,1
10.1016/j.resconrec.2022.106847,http://h-da.de/ml-ontology/feature_extraction,feature extraction,0.3926994800567627,1
10.1016/j.resconrec.2023.107073,http://h-da.de/ml-ontology/regression,regression,0.38762563467025757,1
10.1016/j.resconrec.2023.107257,http://h-da.de/ml-ontology/binary_classification,binary classification,0.350097119808197,1
10.1016/j.resconrec.2025.108573,http://h-da.de/ml-ontology/feature_extraction,feature extraction,0.357688307762146,1
10.1016/j.resenv.2022.100103,http://h-da.de/ml-ontology/association_rule_learning,association rule learning,0.3763696551322937,1
10.1016/j.resourpol.2021.102522,http://h-da.de/ml-ontology/feature_extraction,feature extraction,0.3554375171661377,1
10.1016/j.ress.2018.03.020,http://h-da.de/ml-ontology/image_classification,image classification,0.4242199659347534,1
10.1016/j.ress.2019.106706,http://h-da.de/ml-ontology/time_series_classification,time series classification,0.49265027046203613,1
10.1016/j.ress.2021.107712,http://h-da.de/ml-ontology/regression,regression,0.39214664697647095,1
10.1016/j.ress.2021.107919,http://h-da.de/ml-ontology/feature_extraction,feature extraction,0.451231449842453,1
10.1016/j.ress.2021.107927,http://h-da.de/ml-ontology/feature_extraction,feature extraction,0.40442755818367004,1
10.1016/j.ress.2021.108180,http://h-da.de/ml-ontology/time_series_forecasting,time series forecasting,0.3547919988632202,1
10.1016/j.ress.2021.108297,http://h-da.de/ml-ontology/time_series_forecasting,time series forecasting,0.39773625135421753,1
10.1016/j.ress.2022.108355,http://h-da.de/ml-ontology/binary_classification,binary classification,0.371026873588562,1
10.1016/j.ress.2022.108717,http://h-da.de/ml-ontology/time_series_classification,time series classification,0.42436856031417847,1
10.1016/j.ress.2022.109011,http://h-da.de/ml-ontology/binary_classification,binary classification,0.4468078017234802,1
10.1016/j.ress.2023.109332,http://h-da.de/ml-ontology/time_series_classification,time series classification,0.39199209213256836,1
10.1016/j.ress.2024.110121,http://h-da.de/ml-ontology/feature_extraction,feature extraction,0.403974711894989,1
10.1016/j.ress.2024.110553,http://h-da.de/ml-ontology/anomaly_detection,anomaly detection,0.5233683586120605,1
10.1016/j.ress.2024.110638,http://h-da.de/ml-ontology/image_classification,image classification,0.36321336030960083,1
10.1016/j.ress.2025.111108,http://h-da.de/ml-ontology/time_series_classification,time series classification,0.35150355100631714,1
10.1016/j.ress.2025.111121,http://h-da.de/ml-ontology/audio_regression,audio regression,0.3524675965309143,1
10.1016/j.ress.2025.111359,http://h-da.de/ml-ontology/feature_extraction,feature extraction,0.4259626269340515,1
10.1016/j.reth.2018.06.001,http://h-da.de/ml-ontology/image_regression,image regression,0.3576927185058594,1
10.1016/j.rineng.2022.100680,http://h-da.de/ml-ontology/translation,translation,0.49832189083099365,1
10.1016/j.rineng.2023.101691,http://h-da.de/ml-ontology/classification,classification,0.46425801515579224,1
10.1016/j.rineng.2024.101834,http://h-da.de/ml-ontology/feature_selection,feature selection,0.4297669231891632,1
10.1016/j.rineng.2024.101841,http://h-da.de/ml-ontology/time_series_classification,time series classification,0.41352206468582153,1
10.1016/j.rineng.2024.102015,http://h-da.de/ml-ontology/feature_extraction,feature extraction,0.36905574798583984,1
10.1016/j.rineng.2024.102700,http://h-da.de/ml-ontology/time_series_classification,time series classification,0.4244304895401001,1
10.1016/j.rineng.2024.102900,http://h-da.de/ml-ontology/binary_classification,binary classification,0.4164493680000305,1
10.1016/j.rineng.2024.102935,http://h-da.de/ml-ontology/binary_classification,binary classification,0.35238683223724365,1
10.1016/j.rineng.2024.103570,http://h-da.de/ml-ontology/feature_extraction,feature extraction,0.3660335838794708,1
10.1016/j.rineng.2024.103589,http://h-da.de/ml-ontology/anomaly_detection,anomaly detection,0.5163686275482178,1
10.1016/j.rineng.2024.103626,http://h-da.de/ml-ontology/time_series_forecasting,time series forecasting,0.41797006130218506,1
10.1016/j.rineng.2025.105137,http://h-da.de/ml-ontology/binary_classification,binary classification,0.37903305888175964,1
10.1016/j.rineng.2025.105388,http://h-da.de/ml-ontology/regression,regression,0.4016864597797394,1
10.1016/j.rineng.2025.105516,http://h-da.de/ml-ontology/regression,regression,0.3510814905166626,1
10.1016/j.rineng.2025.105584,http://h-da.de/ml-ontology/feature_extraction,feature extraction,0.40067654848098755,1
10.1016/j.rineng.2025.105916,http://h-da.de/ml-ontology/feature_extraction,feature extraction,0.3716026842594147,1
10.1016/j.rineng.2025.106003,http://h-da.de/ml-ontology/audio_regression,audio regression,0.45493054389953613,1
10.1016/j.rineng.2025.106275,http://h-da.de/ml-ontology/regression,regression,0.4332980513572693,1
10.1016/j.rineng.2025.106408,http://h-da.de/ml-ontology/feature_extraction,feature extraction,0.43585845828056335,1
10.1016/j.rineng.2025.106437,http://h-da.de/ml-ontology/image_classification,image classification,0.47749119997024536,1
10.1016/j.rineng.2025.107297,http://h-da.de/ml-ontology/feature_extraction,feature extraction,0.43190187215805054,1
10.1016/j.rineng.2025.107309,http://h-da.de/ml-ontology/binary_classification,binary classification,0.3973546624183655,1
10.1016/j.rineng.2025.107644,http://h-da.de/ml-ontology/feature_extraction,feature extraction,0.39675959944725037,1
10.1016/j.rinma.2025.100692,http://h-da.de/ml-ontology/feature_extraction,feature extraction,0.4600546956062317,1
10.1016/j.rsase.2018.05.002,http://h-da.de/ml-ontology/tabular_classification,tabular classification,0.36711791157722473,1
10.1016/j.rsase.2023.100962,http://h-da.de/ml-ontology/image_regression,image regression,0.3954995572566986,1
10.1016/j.rser.2021.111748,http://h-da.de/ml-ontology/feature_extraction,feature extraction,0.37762099504470825,1
10.1016/j.rser.2022.112790,http://h-da.de/ml-ontology/regression,regression,0.41053032875061035,1
10.1016/j.rser.2022.113045,http://h-da.de/ml-ontology/regression,regression,0.3981209695339203,1
10.1016/j.rser.2024.115027,http://h-da.de/ml-ontology/feature_selection,feature selection,0.38842105865478516,1
10.1016/j.saa.2025.126676,http://h-da.de/ml-ontology/image_regression,image regression,0.37873661518096924,1
10.1016/j.sasc.2025.200194,http://h-da.de/ml-ontology/regression,regression,0.4467107355594635,1
10.1016/j.sbsr.2022.100495,http://h-da.de/ml-ontology/time_series_classification,time series classification,0.40619754791259766,1
10.1016/j.sca.2024.100078,http://h-da.de/ml-ontology/feature_selection,feature selection,0.4067603051662445,1
10.1016/j.scienta.2024.113549,http://h-da.de/ml-ontology/feature_extraction,feature extraction,0.38847652077674866,1
10.1016/j.scitotenv.2021.149798,http://h-da.de/ml-ontology/regression,regression,0.4724915623664856,1
10.1016/j.scitotenv.2022.154849,http://h-da.de/ml-ontology/association_rule_learning,association rule learning,0.41097891330718994,1
10.1016/j.scitotenv.2023.162944,http://h-da.de/ml-ontology/feature_extraction,feature extraction,0.3823103904724121,1
10.1016/j.scitotenv.2024.170232,http://h-da.de/ml-ontology/feature_extraction,feature extraction,0.4125664234161377,1
10.1016/j.scitotenv.2024.173942,http://h-da.de/ml-ontology/tabular_regression,tabular regression,0.3644401431083679,1
10.1016/j.scitotenv.2024.174797,http://h-da.de/ml-ontology/regression,regression,0.36885714530944824,1
10.1016/j.scitotenv.2024.176999,http://h-da.de/ml-ontology/feature_extraction,feature extraction,0.3626083731651306,1
10.1016/j.scowo.2025.100077,http://h-da.de/ml-ontology/binary_classification,binary classification,0.4277024269104004,1
10.1016/j.scp.2022.100793,http://h-da.de/ml-ontology/image_classification,image classification,0.36576831340789795,1
10.1016/j.scp.2023.101060,http://h-da.de/ml-ontology/feature_extraction,feature extraction,0.4105449914932251,1
10.1016/j.scriptamat.2025.116857,http://h-da.de/ml-ontology/feature_extraction,feature extraction,0.36135217547416687,1
10.1016/j.scs.2019.101615,http://h-da.de/ml-ontology/sentiment_analysis,sentiment analysis,0.5583013296127319,1
10.1016/j.scs.2020.102320,http://h-da.de/ml-ontology/time_series_forecasting,time series forecasting,0.37343230843544006,1
10.1016/j.scs.2021.103544,http://h-da.de/ml-ontology/regression,regression,0.4368257522583008,1
10.1016/j.scs.2024.105776,http://h-da.de/ml-ontology/feature_extraction,feature extraction,0.3801283836364746,1
10.1016/j.segan.2023.101212,http://h-da.de/ml-ontology/regression,regression,0.4231142997741699,1
10.1016/j.segan.2025.101769,http://h-da.de/ml-ontology/anomaly_detection,anomaly detection,0.5123804211616516,1
10.1016/j.seps.2021.101041,http://h-da.de/ml-ontology/regression,regression,0.3979693055152893,1
10.1016/j.seta.2021.101426,http://h-da.de/ml-ontology/regression,regression,0.35750502347946167,1
10.1016/j.seta.2022.102223,http://h-da.de/ml-ontology/feature_extraction,feature extraction,0.3604758381843567,1
10.1016/j.seta.2022.102524,http://h-da.de/ml-ontology/image_classification,image classification,0.42728734016418457,1
10.1016/j.seta.2022.102608,http://h-da.de/ml-ontology/feature_extraction,feature extraction,0.3702719807624817,1
10.1016/j.seta.2025.104614,http://h-da.de/ml-ontology/feature_extraction,feature extraction,0.41813886165618896,1
10.1016/j.sintl.2022.100194,http://h-da.de/ml-ontology/tabular_classification,tabular classification,0.39696359634399414,1
10.1016/j.slast.2022.07.002,http://h-da.de/ml-ontology/feature_extraction,feature extraction,0.40079599618911743,1
10.1016/j.sna.2023.114872,http://h-da.de/ml-ontology/time_series_classification,time series classification,0.4115220904350281,1
10.1016/j.sna.2024.115224,http://h-da.de/ml-ontology/tabular_classification,tabular classification,0.35853004455566406,1
10.1016/j.sna.2024.115686,http://h-da.de/ml-ontology/time_series_classification,time series classification,0.4141004681587219,1
10.1016/j.snb.2021.131123,http://h-da.de/ml-ontology/feature_extraction,feature extraction,0.37240883708000183,1
10.1016/j.softx.2023.101466,http://h-da.de/ml-ontology/feature_extraction,feature extraction,0.3842112421989441,1
10.1016/j.solener.2022.06.031,http://h-da.de/ml-ontology/image_classification,image classification,0.48140066862106323,1
10.1016/j.solener.2023.03.007,http://h-da.de/ml-ontology/regression,regression,0.3765460252761841,1
10.1016/j.solener.2023.04.053,http://h-da.de/ml-ontology/time_series_classification,time series classification,0.3517649173736572,1
10.1016/j.solener.2025.113672,http://h-da.de/ml-ontology/image_classification,image classification,0.41511592268943787,1
10.1016/j.ssaho.2025.102081,http://h-da.de/ml-ontology/regression,regression,0.42169395089149475,1
10.1016/j.ssci.2021.105529,http://h-da.de/ml-ontology/binary_classification,binary classification,0.4256901144981384,1
10.1016/j.ssci.2024.106764,http://h-da.de/ml-ontology/binary_classification,binary classification,0.4433154761791229,1
10.1016/j.stress.2025.100953,http://h-da.de/ml-ontology/feature_extraction,feature extraction,0.3523319959640503,1
10.1016/j.swevo.2023.101388,http://h-da.de/ml-ontology/binary_classification,binary classification,0.3914179503917694,1
10.1016/j.tafmec.2023.104162,http://h-da.de/ml-ontology/image_classification,image classification,0.403963565826416,1
10.1016/j.techfore.2020.120511,http://h-da.de/ml-ontology/text_analytics,text analytics,0.43164336681365967,1
10.1016/j.techfore.2025.124133,http://h-da.de/ml-ontology/time_series_forecasting,time series forecasting,0.3826758563518524,1
10.1016/j.techsoc.2024.102720,http://h-da.de/ml-ontology/feature_extraction,feature extraction,0.35917526483535767,1
10.1016/j.techsoc.2025.102926,http://h-da.de/ml-ontology/recommendation,recommendation,0.48835551738739014,1
10.1016/j.telpol.2022.102370,http://h-da.de/ml-ontology/regression,regression,0.4559587836265564,1
10.1016/j.tibtech.2022.08.007,http://h-da.de/ml-ontology/feature_extraction,feature extraction,0.4009069800376892,1
10.1016/j.tifs.2025.105193,http://h-da.de/ml-ontology/feature_extraction,feature extraction,0.38241589069366455,1
10.1016/j.tifs.2025.105347,http://h-da.de/ml-ontology/feature_extraction,feature extraction,0.4253537654876709,1
10.1016/j.transci.2020.103020,http://h-da.de/ml-ontology/feature_extraction,feature extraction,0.38058775663375854,1
10.1016/j.trc.2019.02.001,http://h-da.de/ml-ontology/binary_classification,binary classification,0.46371716260910034,1
10.1016/j.treng.2020.100020,http://h-da.de/ml-ontology/binary_classification,binary classification,0.40952253341674805,1
10.1016/j.trpro.2021.09.007,http://h-da.de/ml-ontology/binary_classification,binary classification,0.3711429536342621,1
10.1016/j.tsep.2025.103236,http://h-da.de/ml-ontology/feature_extraction,feature extraction,0.44200587272644043,1
10.1016/j.tust.2023.105149,http://h-da.de/ml-ontology/time_series_classification,time series classification,0.43814268708229065,1
10.1016/j.tws.2024.112157,http://h-da.de/ml-ontology/vertex_classification,vertex classification,0.38879895210266113,1
10.1016/j.ultras.2020.106166,http://h-da.de/ml-ontology/anomaly_detection,anomaly detection,0.4078480005264282,1
10.1016/j.ultras.2021.106436,http://h-da.de/ml-ontology/image_classification,image classification,0.3707420229911804,1
10.1016/j.ultras.2021.106550,http://h-da.de/ml-ontology/feature_extraction,feature extraction,0.35223352909088135,1
10.1016/j.ultras.2024.107313,http://h-da.de/ml-ontology/image_classification,image classification,0.3738684356212616,1
10.1016/j.wasman.2021.10.017,http://h-da.de/ml-ontology/image_regression,image regression,0.3877995014190674,1
10.1016/j.wasman.2022.01.004,http://h-da.de/ml-ontology/regression,regression,0.3682909607887268,1
10.1016/j.watres.2019.114888,http://h-da.de/ml-ontology/regression,regression,0.4036644697189331,1
10.1016/j.watres.2021.116997,http://h-da.de/ml-ontology/tabular_regression,tabular regression,0.38338160514831543,1
10.1016/j.watres.2022.119349,http://h-da.de/ml-ontology/feature_extraction,feature extraction,0.3573034405708313,1
10.1016/j.watres.2023.120667,http://h-da.de/ml-ontology/feature_extraction,feature extraction,0.49299681186676025,1
10.1016/j.watres.2024.121890,http://h-da.de/ml-ontology/feature_extraction,feature extraction,0.42543214559555054,1
10.1016/j.watres.2024.122507,http://h-da.de/ml-ontology/feature_extraction,feature extraction,0.35828325152397156,1
10.1016/j.watres.2025.123994,http://h-da.de/ml-ontology/feature_extraction,feature extraction,0.4308386445045471,1
10.1016/j.watres.2025.124205,http://h-da.de/ml-ontology/feature_extraction,feature extraction,0.35309070348739624,1
10.1016/j.wear.2025.205930,http://h-da.de/ml-ontology/audio_regression,audio regression,0.4187204837799072,1
10.1016/j.wear.2025.206292,http://h-da.de/ml-ontology/feature_selection,feature selection,0.3826301097869873,1
10.1016/j.wear.2025.206330,http://h-da.de/ml-ontology/audio_regression,audio regression,0.4092066287994385,1
10.1016/j.wroa.2024.100230,http://h-da.de/ml-ontology/feature_extraction,feature extraction,0.3871617317199707,1
10.1016/j.wsee.2025.05.004,http://h-da.de/ml-ontology/feature_extraction,feature extraction,0.35927659273147583,1
10.1016/j.wsee.2025.07.001,http://h-da.de/ml-ontology/feature_extraction,feature extraction,0.4139901399612427,1
10.1016/j.xphs.2022.05.022,http://h-da.de/ml-ontology/image_classification,image classification,0.3619479537010193,1
10.1016/j.xphs.2023.01.009,http://h-da.de/ml-ontology/image_regression,image regression,0.38663142919540405,1
10.1016/j.ymssp.2012.02.015,http://h-da.de/ml-ontology/time_series_classification,time series classification,0.3716297149658203,1
10.1016/j.ymssp.2017.06.025,http://h-da.de/ml-ontology/time_series_classification,time series classification,0.50343257188797,1
10.1016/j.ymssp.2021.108105,http://h-da.de/ml-ontology/anomaly_detection,anomaly detection,0.42557984590530396,1
10.1016/j.ymssp.2021.108225,http://h-da.de/ml-ontology/feature_extraction,feature extraction,0.35663431882858276,1
10.1016/j.ymssp.2022.109336,http://h-da.de/ml-ontology/time_series_forecasting,time series forecasting,0.38197362422943115,1
10.1016/j.ymssp.2023.110410,http://h-da.de/ml-ontology/feature_extraction,feature extraction,0.3814629316329956,1
10.1016/j.ymssp.2023.110796,http://h-da.de/ml-ontology/binary_classification,binary classification,0.38661253452301025,1
10.1016/j.ymssp.2023.110888,http://h-da.de/ml-ontology/time_series_classification,time series classification,0.4763897657394409,1
10.1016/j.ymssp.2023.111030,http://h-da.de/ml-ontology/audio_regression,audio regression,0.5137655735015869,1
10.1016/j.ymssp.2024.111195,http://h-da.de/ml-ontology/image_classification,image classification,0.3782093822956085,1
10.1016/j.ymssp.2024.111326,http://h-da.de/ml-ontology/feature_extraction,feature extraction,0.4478300213813782,1
10.1016/j.ymssp.2024.111551,http://h-da.de/ml-ontology/audio_regression,audio regression,0.37884756922721863,1
10.1016/j.ymssp.2025.112524,http://h-da.de/ml-ontology/feature_extraction,feature extraction,0.38579535484313965,1
10.1016/j.ymssp.2025.113015,http://h-da.de/ml-ontology/regression,regression,0.3667108416557312,1
10.1016/s0360-8352(96)00252-5,http://h-da.de/ml-ontology/feature_extraction,feature extraction,0.3987899720668793,1
10.1017/S0890060421000329,http://h-da.de/ml-ontology/anomaly_detection,anomaly detection,0.4671670198440552,1
10.1017/S0890060422000245,http://h-da.de/ml-ontology/regression,regression,0.39287880063056946,1
10.1017/S0890060423000227,http://h-da.de/ml-ontology/feature_extraction,feature extraction,0.4377567172050476,1
10.1017/aer.2024.23,http://h-da.de/ml-ontology/anomaly_detection,anomaly detection,0.4324995279312134,1
10.1017/dce.2022.21,http://h-da.de/ml-ontology/feature_extraction,feature extraction,0.482394278049469,1
10.1017/dce.2025.7,http://h-da.de/ml-ontology/feature_extraction,feature extraction,0.4409221410751343,1
10.1017/pds.2021.81,http://h-da.de/ml-ontology/tabular_classification,tabular classification,0.3684537410736084,1
10.1017/pds.2023.279,http://h-da.de/ml-ontology/feature_extraction,feature extraction,0.39134645462036133,1
10.1017/pds.2023.37,http://h-da.de/ml-ontology/association_rule_learning,association rule learning,0.428058922290802,1
10.1017/pds.2023.62,http://h-da.de/ml-ontology/clustering,clustering,0.46306198835372925,1
10.1021/ACSESTWATER.0C00095,http://h-da.de/ml-ontology/feature_extraction,feature extraction,0.3686261773109436,1
10.1021/ACSOMEGA.2C04919,http://h-da.de/ml-ontology/feature_extraction,feature extraction,0.3712133765220642,1
10.1021/acs.analchem.5c00737,http://h-da.de/ml-ontology/feature_extraction,feature extraction,0.3978372812271118,1
10.1021/acs.chemrestox.3c00411,http://h-da.de/ml-ontology/classification,classification,0.4682794213294983,1
10.1021/acs.energyfuels.3c02868,http://h-da.de/ml-ontology/tabular_regression,tabular regression,0.38540783524513245,1
10.1021/acs.energyfuels.4c02621,http://h-da.de/ml-ontology/feature_extraction,feature extraction,0.4538308084011078,1
10.1021/acs.est.0c05231,http://h-da.de/ml-ontology/feature_extraction,feature extraction,0.41696590185165405,1
10.1021/acs.est.3c00360,http://h-da.de/ml-ontology/anomaly_detection,anomaly detection,0.4644814133644104,1
10.1021/acs.iecr.0c01038,http://h-da.de/ml-ontology/anomaly_detection,anomaly detection,0.4233770966529846,1
10.1021/acs.iecr.0c01409,http://h-da.de/ml-ontology/feature_selection,feature selection,0.4259193539619446,1
10.1021/acs.iecr.3c01435,http://h-da.de/ml-ontology/feature_extraction,feature extraction,0.43072837591171265,1
10.1021/acs.iecr.3c02849,http://h-da.de/ml-ontology/regression,regression,0.3742852509021759,1
10.1021/acs.iecr.3c03513,http://h-da.de/ml-ontology/feature_extraction,feature extraction,0.3766269087791443,1
10.1021/acs.iecr.4c00343,http://h-da.de/ml-ontology/feature_extraction,feature extraction,0.4593662619590759,1
10.1021/acs.iecr.4c01171,http://h-da.de/ml-ontology/feature_extraction,feature extraction,0.4240863025188446,1
10.1021/acs.iecr.4c02781,http://h-da.de/ml-ontology/feature_extraction,feature extraction,0.47551658749580383,1
10.1021/acs.iecr.4c02956,http://h-da.de/ml-ontology/feature_extraction,feature extraction,0.4493694305419922,1
10.1021/acs.iecr.4c03342,http://h-da.de/ml-ontology/feature_extraction,feature extraction,0.44053661823272705,1
10.1021/acs.iecr.4c03986,http://h-da.de/ml-ontology/time_series_forecasting,time series forecasting,0.3664618134498596,1
10.1021/acs.iecr.4c04550,http://h-da.de/ml-ontology/tabular_regression,tabular regression,0.3691284656524658,1
10.1021/acs.iecr.5c00879,http://h-da.de/ml-ontology/feature_extraction,feature extraction,0.44945040345191956,1
10.1021/acs.iecr.9b04226,http://h-da.de/ml-ontology/binary_classification,binary classification,0.37846216559410095,1
10.1021/acs.iecr.9b04737,http://h-da.de/ml-ontology/feature_extraction,feature extraction,0.47672411799430847,1
10.1021/acs.iecr.9b05766,http://h-da.de/ml-ontology/image_classification,image classification,0.48383209109306335,1
10.1021/acs.jcim.5c00157,http://h-da.de/ml-ontology/image_regression,image regression,0.3716808557510376,1
10.1021/acs.jcim.5c00667,http://h-da.de/ml-ontology/image_regression,image regression,0.3609870672225952,1
10.1021/acs.jpcb.1c07092,http://h-da.de/ml-ontology/image_regression,image regression,0.357978492975235,1
10.1021/acs.molpharmaceut.5c00523,http://h-da.de/ml-ontology/classification,classification,0.3662848472595215,1
10.1021/acsami.4c12158,http://h-da.de/ml-ontology/image_classification,image classification,0.3570103347301483,1
10.1021/acsbiomaterials.0c01761,http://h-da.de/ml-ontology/image_classification,image classification,0.3676360845565796,1
10.1021/acsestengg.2c00090,http://h-da.de/ml-ontology/feature_extraction,feature extraction,0.38033953309059143,1
10.1021/acsomega.0c03069,http://h-da.de/ml-ontology/feature_extraction,feature extraction,0.44893380999565125,1
10.1021/acsomega.1c05881,http://h-da.de/ml-ontology/feature_extraction,feature extraction,0.4351414442062378,1
10.1021/acsomega.5c00616,http://h-da.de/ml-ontology/feature_extraction,feature extraction,0.3810141682624817,1
10.1021/acsomega.5c04133,http://h-da.de/ml-ontology/feature_selection,feature selection,0.3716086745262146,1
10.1021/ci049875d,http://h-da.de/ml-ontology/feature_selection,feature selection,0.5124582052230835,1
10.1021/ie960088i,http://h-da.de/ml-ontology/image_classification,image classification,0.42442917823791504,1
10.1038/s40494-025-01886-6,http://h-da.de/ml-ontology/feature_extraction,feature extraction,0.4097016453742981,1
10.1038/s41377-024-01707-8,http://h-da.de/ml-ontology/image_regression,image regression,0.3634025454521179,1
10.1038/s41524-019-0202-3,http://h-da.de/ml-ontology/image_classification,image classification,0.3784995675086975,1
10.1038/s41524-021-00555-z,http://h-da.de/ml-ontology/feature_extraction,feature extraction,0.4009314775466919,1
10.1038/s41597-025-05437-3,http://h-da.de/ml-ontology/time_series_classification,time series classification,0.3890684247016907,1
10.1038/s41597-025-05597-2,http://h-da.de/ml-ontology/feature_extraction,feature extraction,0.3629709482192993,1
10.1038/s41597-025-06007-3,http://h-da.de/ml-ontology/image_segmentation,image segmentation,0.4422140121459961,1
10.1038/s41598-019-54770-2,http://h-da.de/ml-ontology/feature_extraction,feature extraction,0.36688950657844543,1
10.1038/s41598-020-59215-9,http://h-da.de/ml-ontology/feature_reduction,feature reduction,0.3543975353240967,1
10.1038/s41598-021-03622-z,http://h-da.de/ml-ontology/tabular_classification,tabular classification,0.37534379959106445,1
10.1038/s41598-021-03835-2,http://h-da.de/ml-ontology/feature_extraction,feature extraction,0.40414243936538696,1
10.1038/s41598-022-11259-9,http://h-da.de/ml-ontology/regression,regression,0.3782675266265869,1
10.1038/s41598-022-11429-9,http://h-da.de/ml-ontology/feature_extraction,feature extraction,0.4099975824356079,1
10.1038/s41598-022-14835-1,http://h-da.de/ml-ontology/feature_extraction,feature extraction,0.40165263414382935,1
10.1038/s41598-023-30769-8,http://h-da.de/ml-ontology/binary_classification,binary classification,0.44107770919799805,1
10.1038/s41598-023-38527-6,http://h-da.de/ml-ontology/tabular_regression,tabular regression,0.44704344868659973,1
10.1038/s41598-023-40315-1,http://h-da.de/ml-ontology/feature_selection,feature selection,0.45754146575927734,1
10.1038/s41598-023-43465-4,http://h-da.de/ml-ontology/feature_extraction,feature extraction,0.4152345061302185,1
10.1038/s41598-023-44859-0,http://h-da.de/ml-ontology/link_prediction,link prediction,0.3815799951553345,1
10.1038/s41598-023-46957-5,http://h-da.de/ml-ontology/tabular_classification,tabular classification,0.35448160767555237,1
10.1038/s41598-023-47958-0,http://h-da.de/ml-ontology/image_classification,image classification,0.43622350692749023,1
10.1038/s41598-023-49257-0,http://h-da.de/ml-ontology/image_regression,image regression,0.37218135595321655,1
10.1038/s41598-024-52462-0,http://h-da.de/ml-ontology/regression,regression,0.36227095127105713,1
10.1038/s41598-024-54242-2,http://h-da.de/ml-ontology/sentiment_analysis,sentiment analysis,0.382477343082428,1
10.1038/s41598-024-57875-5,http://h-da.de/ml-ontology/image_classification,image classification,0.3741473853588104,1
10.1038/s41598-024-59958-9,http://h-da.de/ml-ontology/feature_extraction,feature extraction,0.3880469501018524,1
10.1038/s41598-024-60549-x,http://h-da.de/ml-ontology/regression,regression,0.4398380219936371,1
10.1038/s41598-024-65545-9,http://h-da.de/ml-ontology/image_classification,image classification,0.3723050653934479,1
10.1038/s41598-024-69544-8,http://h-da.de/ml-ontology/regression,regression,0.3872905373573303,1
10.1038/s41598-024-70585-2,http://h-da.de/ml-ontology/image_regression,image regression,0.4240744113922119,1
10.1038/s41598-024-71192-x,http://h-da.de/ml-ontology/image_classification,image classification,0.386046439409256,1
10.1038/s41598-024-72237-x,http://h-da.de/ml-ontology/image_classification,image classification,0.4174606204032898,1
10.1038/s41598-024-74291-x,http://h-da.de/ml-ontology/audio_regression,audio regression,0.3826116919517517,1
10.1038/s41598-024-75174-x,http://h-da.de/ml-ontology/time_series_classification,time series classification,0.3992306590080261,1
10.1038/s41598-025-03018-3,http://h-da.de/ml-ontology/audio_regression,audio regression,0.5599247217178345,1
10.1038/s41598-025-07533-1,http://h-da.de/ml-ontology/anomaly_detection,anomaly detection,0.44229286909103394,1
10.1038/s41598-025-08515-z,http://h-da.de/ml-ontology/feature_extraction,feature extraction,0.3922134041786194,1
10.1038/s41598-025-10226-4,http://h-da.de/ml-ontology/binary_classification,binary classification,0.44182759523391724,1
10.1038/s41598-025-11823-z,http://h-da.de/ml-ontology/regression,regression,0.36332130432128906,1
10.1038/s41598-025-12011-9,http://h-da.de/ml-ontology/tabular_regression,tabular regression,0.38838285207748413,1
10.1038/s41598-025-12719-8,http://h-da.de/ml-ontology/regression,regression,0.42113709449768066,1
10.1038/s41598-025-13189-8,http://h-da.de/ml-ontology/image_classification,image classification,0.4368610978126526,1
10.1038/s41598-025-15868-y,http://h-da.de/ml-ontology/association_rule_learning,association rule learning,0.38083651661872864,1
10.1038/s41598-025-17008-y,http://h-da.de/ml-ontology/time_series_classification,time series classification,0.43403559923171997,1
10.1038/s41598-025-17487-z,http://h-da.de/ml-ontology/image_regression,image regression,0.3661862015724182,1
10.1038/s41598-025-85930-2,http://h-da.de/ml-ontology/image_regression,image regression,0.39968615770339966,1
10.1038/s41598-025-90810-w,http://h-da.de/ml-ontology/anomaly_detection,anomaly detection,0.35941576957702637,1
10.1038/s41598-025-91450-w,http://h-da.de/ml-ontology/tabular_regression,tabular regression,0.3866249918937683,1
10.1038/s41598-025-92262-8,http://h-da.de/ml-ontology/audio_regression,audio regression,0.4043571949005127,1
10.1038/s41598-025-92725-y,http://h-da.de/ml-ontology/feature_extraction,feature extraction,0.3700760006904602,1
10.1038/s41598-025-93225-9,http://h-da.de/ml-ontology/image_classification,image classification,0.38264021277427673,1
10.1038/s41598-025-97646-4,http://h-da.de/ml-ontology/image_classification,image classification,0.39639389514923096,1
10.1038/s41746-025-01484-7,http://h-da.de/ml-ontology/association_rule_learning,association rule learning,0.44793903827667236,1
10.1038/s43016-021-00416-4,http://h-da.de/ml-ontology/feature_extraction,feature extraction,0.3804873526096344,1
10.1038/s44172-023-00069-0,http://h-da.de/ml-ontology/image_regression,image regression,0.3742172122001648,1
10.1038/s44172-023-00084-1,http://h-da.de/ml-ontology/feature_extraction,feature extraction,0.356831431388855,1
10.1038/s44172-024-00302-4,http://h-da.de/ml-ontology/image_regression,image regression,0.38038164377212524,1
10.1038/s44172-025-00501-7,http://h-da.de/ml-ontology/audio_regression,audio regression,0.3513418436050415,1
10.1039/9781837673650-00117,http://h-da.de/ml-ontology/regression,regression,0.35153263807296753,1
10.1039/c9ra09654j,http://h-da.de/ml-ontology/binary_classification,binary classification,0.3511831760406494,1
10.1039/d0ma00036a,http://h-da.de/ml-ontology/tabular_classification,tabular classification,0.4018929898738861,1
10.1039/d2ma00698g,http://h-da.de/ml-ontology/audio_regression,audio regression,0.3830382823944092,1
10.1039/d3ay02037a,http://h-da.de/ml-ontology/feature_extraction,feature extraction,0.43497687578201294,1
10.1039/d3ew00875d,http://h-da.de/ml-ontology/feature_extraction,feature extraction,0.4386698305606842,1
10.1039/d3nj03085g,http://h-da.de/ml-ontology/feature_extraction,feature extraction,0.3676574230194092,1
10.1039/d4se01255k,http://h-da.de/ml-ontology/feature_extraction,feature extraction,0.41617757081985474,1
10.1042/ETLS20210246,http://h-da.de/ml-ontology/classification,classification,0.4686475992202759,1
10.1049/PBPC035G_ch6,http://h-da.de/ml-ontology/feature_extraction,feature extraction,0.40476781129837036,1
10.1049/cim2.12022,http://h-da.de/ml-ontology/image_classification,image classification,0.38543766736984253,1
10.1049/cim2.12108,http://h-da.de/ml-ontology/feature_extraction,feature extraction,0.42766016721725464,1
10.1049/cim2.70017,http://h-da.de/ml-ontology/anomaly_detection,anomaly detection,0.4841850996017456,1
10.1049/cp.2012.1280,http://h-da.de/ml-ontology/topic_modeling,topic modeling,0.5129181146621704,1
10.1049/cp.2016.0997,http://h-da.de/ml-ontology/time_series_forecasting,time series forecasting,0.39524704217910767,1
10.1049/elp2.70011,http://h-da.de/ml-ontology/image_classification,image classification,0.3848786950111389,1
10.1049/esi2.12144,http://h-da.de/ml-ontology/anomaly_detection,anomaly detection,0.4138343632221222,1
10.1049/icp.2021.0461,http://h-da.de/ml-ontology/feature_extraction,feature extraction,0.3530789017677307,1
10.1049/icp.2022.3115,http://h-da.de/ml-ontology/feature_extraction,feature extraction,0.4017108678817749,1
10.1049/icp.2023.2906,http://h-da.de/ml-ontology/binary_classification,binary classification,0.41313523054122925,1
10.1049/icp.2024.0716,http://h-da.de/ml-ontology/association_rule_learning,association rule learning,0.35024309158325195,1
10.1049/icp.2024.3483,http://h-da.de/ml-ontology/anomaly_detection,anomaly detection,0.627228856086731,1
10.1049/icp.2024.3486,http://h-da.de/ml-ontology/action_recognition,action recognition,0.49814295768737793,1
10.1049/icp.2024.3576,http://h-da.de/ml-ontology/feature_extraction,feature extraction,0.42973899841308594,1
10.1049/icp.2024.4215,http://h-da.de/ml-ontology/feature_extraction,feature extraction,0.36213743686676025,1
10.1049/icp.2025.0824,http://h-da.de/ml-ontology/binary_classification,binary classification,0.3929186761379242,1
10.1049/icp.2025.0903,http://h-da.de/ml-ontology/feature_extraction,feature extraction,0.41658762097358704,1
10.1049/icp.2025.0943,http://h-da.de/ml-ontology/feature_extraction,feature extraction,0.37121203541755676,1
10.1049/icp.2025.1258,http://h-da.de/ml-ontology/binary_classification,binary classification,0.37750244140625,1
10.1049/icp.2025.1344,http://h-da.de/ml-ontology/time_series_classification,time series classification,0.4414925277233124,1
10.1049/icp.2025.2738,http://h-da.de/ml-ontology/time_series_classification,time series classification,0.4890305995941162,1
10.1049/iet-cim.2019.0003,http://h-da.de/ml-ontology/anomaly_detection,anomaly detection,0.43905916810035706,1
10.1049/stg2.12153,http://h-da.de/ml-ontology/feature_extraction,feature extraction,0.39804524183273315,1
10.1051/bioconf/20249700027,http://h-da.de/ml-ontology/audio_classification,audio classification,0.47655174136161804,1
10.1051/e3sconf/201912405031,http://h-da.de/ml-ontology/feature_extraction,feature extraction,0.3586099147796631,1
10.1051/e3sconf/202022001097,http://h-da.de/ml-ontology/feature_extraction,feature extraction,0.37563103437423706,1
10.1051/e3sconf/202131211017,http://h-da.de/ml-ontology/regression,regression,0.4317101240158081,1
10.1051/e3sconf/202235101036,http://h-da.de/ml-ontology/binary_classification,binary classification,0.407224178314209,1
10.1051/e3sconf/202338701007,http://h-da.de/ml-ontology/regression,regression,0.4224165976047516,1
10.1051/e3sconf/202338705008,http://h-da.de/ml-ontology/feature_extraction,feature extraction,0.47611674666404724,1
10.1051/e3sconf/202339201011,http://h-da.de/ml-ontology/regression,regression,0.38433948159217834,1
10.1051/e3sconf/202343302002,http://h-da.de/ml-ontology/regression,regression,0.3570210933685303,1
10.1051/e3sconf/202345907012,http://h-da.de/ml-ontology/feature_extraction,feature extraction,0.3887587785720825,1
10.1051/e3sconf/202450101001,http://h-da.de/ml-ontology/feature_extraction,feature extraction,0.4306432902812958,1
10.1051/e3sconf/202454003005,http://h-da.de/ml-ontology/regression,regression,0.3716186285018921,1
10.1051/e3sconf/202454004007,http://h-da.de/ml-ontology/time_series_forecasting,time series forecasting,0.3857266306877136,1
10.1051/e3sconf/202455401008,http://h-da.de/ml-ontology/feature_extraction,feature extraction,0.3525749742984772,1
10.1051/e3sconf/202560100051,http://h-da.de/ml-ontology/regression,regression,0.3879629075527191,1
10.1051/e3sconf/202560100079,http://h-da.de/ml-ontology/time_series_classification,time series classification,0.4130537509918213,1
10.1051/e3sconf/202562704003,http://h-da.de/ml-ontology/feature_extraction,feature extraction,0.42202937602996826,1
10.1051/e3sconf/202564101026,http://h-da.de/ml-ontology/audio_regression,audio regression,0.36278295516967773,1
10.1051/matecconf/201710806005,http://h-da.de/ml-ontology/anomaly_detection,anomaly detection,0.4519081711769104,1
10.1051/matecconf/201817601033,http://h-da.de/ml-ontology/regression,regression,0.575995147228241,1
10.1051/matecconf/202541307008,http://h-da.de/ml-ontology/feature_extraction,feature extraction,0.3724883794784546,1
10.1051/matecconf/202541308004,http://h-da.de/ml-ontology/image_classification,image classification,0.40391597151756287,1
10.1051/metal/2022032,http://h-da.de/ml-ontology/image_regression,image regression,0.36462217569351196,1
10.1057/s41599-023-02524-x,http://h-da.de/ml-ontology/regression,regression,0.3656122088432312,1
10.1061/(ASCE)0887-3801(1997)11:4(238),http://h-da.de/ml-ontology/binary_classification,binary classification,0.4510595202445984,1
10.1061/(ASCE)BE.1943-5592.0001385,http://h-da.de/ml-ontology/audio_regression,audio regression,0.4338942766189575,1
10.1061/(ASCE)CF.1943-5509.0001653,http://h-da.de/ml-ontology/feature_extraction,feature extraction,0.43398016691207886,1
10.1061/(ASCE)CF.1943-5509.0001691,http://h-da.de/ml-ontology/binary_classification,binary classification,0.3742859363555908,1
10.1061/(ASCE)CO.1943-7862.0001470,http://h-da.de/ml-ontology/image_classification,image classification,0.44716453552246094,1
10.1061/(ASCE)GT.1943-5606.0002702,http://h-da.de/ml-ontology/audio_regression,audio regression,0.3885688781738281,1
10.1061/(ASCE)IS.1943-555X.0000718,http://h-da.de/ml-ontology/tabular_regression,tabular regression,0.39706918597221375,1
10.1061/(ASCE)MT.1943-5533.0003024,http://h-da.de/ml-ontology/feature_extraction,feature extraction,0.3661397695541382,1
10.1061/(ASCE)PS.1949-1204.0000696,http://h-da.de/ml-ontology/feature_extraction,feature extraction,0.3635519742965698,1
10.1061/40571(304)10,http://h-da.de/ml-ontology/image_classification,image classification,0.3793945610523224,1
10.1061/9780784483701.023,http://h-da.de/ml-ontology/feature_extraction,feature extraction,0.45577767491340637,1
10.1061/9780784485262.006,http://h-da.de/ml-ontology/feature_extraction,feature extraction,0.37378865480422974,1
10.1061/JCCEE5.CPENG-5939,http://h-da.de/ml-ontology/image_classification,image classification,0.47828108072280884,1
10.1061/JCEMD4.COENG-16590,http://h-da.de/ml-ontology/regression,regression,0.39467763900756836,1
10.1061/JHYEFF.HEENG-5960,http://h-da.de/ml-ontology/regression,regression,0.4503653049468994,1
10.1061/JIDEDH.IRENG-10538,http://h-da.de/ml-ontology/regression,regression,0.46246516704559326,1
10.1061/JITSE4.ISENG-2524,http://h-da.de/ml-ontology/binary_classification,binary classification,0.4262670874595642,1
10.1061/JMENEA.MEENG-6623,http://h-da.de/ml-ontology/feature_selection,feature selection,0.44617676734924316,1
10.1061/JOEEDU.EEENG-7467,http://h-da.de/ml-ontology/feature_extraction,feature extraction,0.431635320186615,1
10.1061/JPCFEV.CFENG-4284,http://h-da.de/ml-ontology/binary_classification,binary classification,0.3958967626094818,1
10.1061/JPEODX.0000372,http://h-da.de/ml-ontology/tabular_regression,tabular regression,0.3529604375362396,1
10.1063/1.5079111,http://h-da.de/ml-ontology/regression,regression,0.3760449290275574,1
10.1063/5.0000659,http://h-da.de/ml-ontology/anomaly_detection,anomaly detection,0.6130427718162537,1
10.1063/5.0039749,http://h-da.de/ml-ontology/classification,classification,0.46454474329948425,1
10.1063/5.0046079,http://h-da.de/ml-ontology/tabular_regression,tabular regression,0.3627951145172119,1
10.1063/5.0082629,http://h-da.de/ml-ontology/regression,regression,0.3640071749687195,1
10.1063/5.0088194,http://h-da.de/ml-ontology/tabular_classification,tabular classification,0.41332438588142395,1
10.1063/5.0103004,http://h-da.de/ml-ontology/classification,classification,0.42124390602111816,1
10.1063/5.0110243,http://h-da.de/ml-ontology/classification,classification,0.45675230026245117,1
10.1063/5.0111406,http://h-da.de/ml-ontology/feature_extraction,feature extraction,0.3615453243255615,1
10.1063/5.0125885,http://h-da.de/ml-ontology/audio_regression,audio regression,0.3556332588195801,1
10.1063/5.0133336,http://h-da.de/ml-ontology/binary_classification,binary classification,0.4546984136104584,1
10.1063/5.0149735,http://h-da.de/ml-ontology/anomaly_detection,anomaly detection,0.6283934116363525,1
10.1063/5.0152071,http://h-da.de/ml-ontology/feature_extraction,feature extraction,0.3543112277984619,1
10.1063/5.0170467,http://h-da.de/ml-ontology/feature_extraction,feature extraction,0.3609669804573059,1
10.1063/5.0173800,http://h-da.de/ml-ontology/image_classification,image classification,0.4454837739467621,1
10.1063/5.0183426,http://h-da.de/ml-ontology/time_series_classification,time series classification,0.401861310005188,1
10.1063/5.0184562,http://h-da.de/ml-ontology/feature_extraction,feature extraction,0.3611282706260681,1
10.1063/5.0192051,http://h-da.de/ml-ontology/feature_extraction,feature extraction,0.4135076403617859,1
10.1063/5.0205683,http://h-da.de/ml-ontology/feature_extraction,feature extraction,0.3978393077850342,1
10.1063/5.0207211,http://h-da.de/ml-ontology/anomaly_detection,anomaly detection,0.45355546474456787,1
10.1063/5.0209077,http://h-da.de/ml-ontology/feature_extraction,feature extraction,0.4304717183113098,1
10.1063/5.0218192,http://h-da.de/ml-ontology/feature_extraction,feature extraction,0.3595448136329651,1
10.1063/5.0218714,http://h-da.de/ml-ontology/feature_extraction,feature extraction,0.39810487627983093,1
10.1063/5.0221801,http://h-da.de/ml-ontology/regression,regression,0.4643847346305847,1
10.1063/5.0222243,http://h-da.de/ml-ontology/feature_extraction,feature extraction,0.4436337351799011,1
10.1063/5.0224329,http://h-da.de/ml-ontology/binary_classification,binary classification,0.40653514862060547,1
10.1063/5.0224375,http://h-da.de/ml-ontology/regression,regression,0.45955121517181396,1
10.1063/5.0229712,http://h-da.de/ml-ontology/image_classification,image classification,0.450580358505249,1
10.1063/5.0235664,http://h-da.de/ml-ontology/feature_extraction,feature extraction,0.3839915990829468,1
10.1063/5.0241751,http://h-da.de/ml-ontology/feature_extraction,feature extraction,0.38912340998649597,1
10.1063/5.0243609,http://h-da.de/ml-ontology/feature_extraction,feature extraction,0.3693002462387085,1
10.1063/5.0247617,http://h-da.de/ml-ontology/binary_classification,binary classification,0.4065679609775543,1
10.1063/5.0248222,http://h-da.de/ml-ontology/regression,regression,0.4310111105442047,1
10.1063/5.0255495,http://h-da.de/ml-ontology/feature_extraction,feature extraction,0.4226468801498413,1
10.1063/5.0261545,http://h-da.de/ml-ontology/binary_classification,binary classification,0.44651246070861816,1
10.1063/5.0262132,http://h-da.de/ml-ontology/time_series_forecasting,time series forecasting,0.48734086751937866,1
10.1063/5.0265097,http://h-da.de/ml-ontology/binary_classification,binary classification,0.3930460810661316,1
10.1063/5.0277133,http://h-da.de/ml-ontology/binary_classification,binary classification,0.38349252939224243,1
10.1063/5.0279597,http://h-da.de/ml-ontology/feature_extraction,feature extraction,0.4089938998222351,1
10.1063/5.0279680,http://h-da.de/ml-ontology/regression,regression,0.43104904890060425,1
10.1063/5.0280256,http://h-da.de/ml-ontology/tabular_regression,tabular regression,0.364192396402359,1
10.1063/5.0296223,http://h-da.de/ml-ontology/image_regression,image regression,0.3730567991733551,1
10.1063/5.0296655,http://h-da.de/ml-ontology/image_classification,image classification,0.3795071542263031,1
10.1063/5.0296662,http://h-da.de/ml-ontology/image_classification,image classification,0.411857545375824,1
10.1063/5.0301508,http://h-da.de/ml-ontology/feature_extraction,feature extraction,0.4077315926551819,1
10.1080/00032719.2025.2491828,http://h-da.de/ml-ontology/feature_extraction,feature extraction,0.35255277156829834,1
10.1080/00032719.2025.2561120,http://h-da.de/ml-ontology/feature_extraction,feature extraction,0.3583577871322632,1
10.1080/00051144.2024.2317093,http://h-da.de/ml-ontology/image_classification,image classification,0.4085140824317932,1
10.1080/00084433.2023.2215013,http://h-da.de/ml-ontology/feature_extraction,feature extraction,0.3572206497192383,1
10.1080/00084433.2025.2457297,http://h-da.de/ml-ontology/feature_extraction,feature extraction,0.4771759510040283,1
10.1080/00103624.2022.2108828,http://h-da.de/ml-ontology/regression,regression,0.4295696020126343,1
10.1080/00140139.2018.1442936,http://h-da.de/ml-ontology/time_series_classification,time series classification,0.4381009340286255,1
10.1080/00207179.2025.2525544,http://h-da.de/ml-ontology/feature_extraction,feature extraction,0.3824406564235687,1
10.1080/00207217.2024.2429149,http://h-da.de/ml-ontology/binary_classification,binary classification,0.39859557151794434,1
10.1080/00207540050205073,http://h-da.de/ml-ontology/feature_extraction,feature extraction,0.4662996530532837,1
10.1080/00207540210152920,http://h-da.de/ml-ontology/feature_extraction,feature extraction,0.4147496223449707,1
10.1080/00207543.2011.636389,http://h-da.de/ml-ontology/feature_selection,feature selection,0.37120890617370605,1
10.1080/00207543.2012.746795,http://h-da.de/ml-ontology/feature_extraction,feature extraction,0.46826887130737305,1
10.1080/00207543.2013.774474,http://h-da.de/ml-ontology/binary_classification,binary classification,0.4411824345588684,1
10.1080/00207543.2016.1153166,http://h-da.de/ml-ontology/binary_classification,binary classification,0.40580832958221436,1
10.1080/00207543.2017.1349954,http://h-da.de/ml-ontology/regression,regression,0.38269340991973877,1
10.1080/00207543.2018.1505058,http://h-da.de/ml-ontology/feature_extraction,feature extraction,0.38927000761032104,1
10.1080/00207543.2019.1662133,http://h-da.de/ml-ontology/feature_extraction,feature extraction,0.4368760883808136,1
10.1080/00207543.2020.1812750,http://h-da.de/ml-ontology/time_series_analysis,time series analysis,0.4052150249481201,1
10.1080/00207543.2020.1812753,http://h-da.de/ml-ontology/feature_extraction,feature extraction,0.41315460205078125,1
10.1080/00207543.2020.1851793,http://h-da.de/ml-ontology/tabular_classification,tabular classification,0.44534140825271606,1
10.1080/00207543.2021.1998697,http://h-da.de/ml-ontology/association_rule_learning,association rule learning,0.38099902868270874,1
10.1080/00207543.2023.2216310,http://h-da.de/ml-ontology/feature_extraction,feature extraction,0.41387930512428284,1
10.1080/00207543.2023.2231088,http://h-da.de/ml-ontology/association_rule_learning,association rule learning,0.5832227468490601,1
10.1080/00207543.2024.2318490,http://h-da.de/ml-ontology/feature_extraction,feature extraction,0.38938140869140625,1
10.1080/00207543.2024.2407919,http://h-da.de/ml-ontology/image_classification,image classification,0.4501938223838806,1
10.1080/00207543.2025.2532147,http://h-da.de/ml-ontology/feature_extraction,feature extraction,0.3911268711090088,1
10.1080/00207543.2025.2580541,http://h-da.de/ml-ontology/association_rule_learning,association rule learning,0.403602659702301,1
10.1080/00207549208942903,http://h-da.de/ml-ontology/association_rule_learning,association rule learning,0.3831450939178467,1
10.1080/00224065.2021.1987806,http://h-da.de/ml-ontology/binary_classification,binary classification,0.42270123958587646,1
10.1080/00401706.2021.1929493,http://h-da.de/ml-ontology/time_series_analysis,time series analysis,0.43357735872268677,1
10.1080/00401706.2023.2239886,http://h-da.de/ml-ontology/feature_extraction,feature extraction,0.45611798763275146,1
10.1080/00405000.2023.2201978,http://h-da.de/ml-ontology/image_classification,image classification,0.5294246673583984,1
10.1080/00949655.2025.2562164,http://h-da.de/ml-ontology/time_series_forecasting,time series forecasting,0.46672794222831726,1
10.1080/01431161.2023.2292016,http://h-da.de/ml-ontology/feature_extraction,feature extraction,0.36943110823631287,1
10.1080/01431161.2025.2465915,http://h-da.de/ml-ontology/image_regression,image regression,0.38284122943878174,1
10.1080/01605682.2020.1843976,http://h-da.de/ml-ontology/time_series_forecasting,time series forecasting,0.3577124774456024,1
10.1080/01694243.2025.2566383,http://h-da.de/ml-ontology/feature_extraction,feature extraction,0.3880020081996918,1
10.1080/02331888.2025.2571861,http://h-da.de/ml-ontology/anomaly_detection,anomaly detection,0.5573000907897949,1
10.1080/02533839.2023.2204880,http://h-da.de/ml-ontology/image_classification,image classification,0.3979077935218811,1
10.1080/02533839.2025.2548472,http://h-da.de/ml-ontology/audio_regression,audio regression,0.35053402185440063,1
10.1080/02670836.2023.2207337,http://h-da.de/ml-ontology/image_classification,image classification,0.45244100689888,1
10.1080/03772063.2023.2205838,http://h-da.de/ml-ontology/time_series_forecasting,time series forecasting,0.36491847038269043,1
10.1080/07038992.2024.2368036,http://h-da.de/ml-ontology/image_classification,image classification,0.37497490644454956,1
10.1080/07408179208964213,http://h-da.de/ml-ontology/association_rule_learning,association rule learning,0.4096645712852478,1
10.1080/07408179608966279,http://h-da.de/ml-ontology/binary_classification,binary classification,0.36129122972488403,1
10.1080/0740817X.2015.1122254,http://h-da.de/ml-ontology/time_series_classification,time series classification,0.47779935598373413,1
10.1080/08839514.2024.2381317,http://h-da.de/ml-ontology/binary_classification,binary classification,0.4225330948829651,1
10.1080/08839514.2024.2411780,http://h-da.de/ml-ontology/recommendation,recommendation,0.44062817096710205,1
10.1080/08839514.2025.2515062,http://h-da.de/ml-ontology/feature_selection,feature selection,0.535070538520813,1
10.1080/08982112.2022.2033775,http://h-da.de/ml-ontology/time_series_classification,time series classification,0.41005000472068787,1
10.1080/08982112.2023.2220773,http://h-da.de/ml-ontology/anomaly_detection,anomaly detection,0.48552101850509644,1
10.1080/08982112.2023.2252891,http://h-da.de/ml-ontology/feature_extraction,feature extraction,0.4275786280632019,1
10.1080/08982112.2025.2542281,http://h-da.de/ml-ontology/binary_classification,binary classification,0.3706584572792053,1
10.1080/09064710.2021.2008477,http://h-da.de/ml-ontology/association_rule_learning,association rule learning,0.3892452120780945,1
10.1080/09349847.2023.2236066,http://h-da.de/ml-ontology/feature_extraction,feature extraction,0.4828492999076843,1
10.1080/09349847.2023.2277424,http://h-da.de/ml-ontology/image_regression,image regression,0.3758910894393921,1
10.1080/09500839.2024.2372497,http://h-da.de/ml-ontology/feature_extraction,feature extraction,0.37284958362579346,1
10.1080/09500839.2024.2388159,http://h-da.de/ml-ontology/feature_extraction,feature extraction,0.3606165945529938,1
10.1080/09500839.2025.2472669,http://h-da.de/ml-ontology/tabular_regression,tabular regression,0.4187127947807312,1
10.1080/09511920802024176,http://h-da.de/ml-ontology/binary_classification,binary classification,0.4201909899711609,1
10.1080/0951192X.2011.645381,http://h-da.de/ml-ontology/regression,regression,0.39250028133392334,1
10.1080/0951192X.2018.1429668,http://h-da.de/ml-ontology/feature_extraction,feature extraction,0.4219311475753784,1
10.1080/0951192X.2019.1571240,http://h-da.de/ml-ontology/sentiment_analysis,sentiment analysis,0.6152623891830444,1
10.1080/0951192X.2020.1747642,http://h-da.de/ml-ontology/feature_extraction,feature extraction,0.44552886486053467,1
10.1080/0951192X.2020.1803505,http://h-da.de/ml-ontology/feature_extraction,feature extraction,0.4001395106315613,1
10.1080/0951192X.2022.2027019,http://h-da.de/ml-ontology/image_classification,image classification,0.44869542121887207,1
10.1080/0951192X.2022.2048422,http://h-da.de/ml-ontology/feature_extraction,feature extraction,0.3992621898651123,1
10.1080/0951192X.2022.2128218,http://h-da.de/ml-ontology/audio_regression,audio regression,0.4269152283668518,1
10.1080/0951192X.2023.2177734,http://h-da.de/ml-ontology/feature_extraction,feature extraction,0.40995004773139954,1
10.1080/0951192X.2023.2204469,http://h-da.de/ml-ontology/association_rule_learning,association rule learning,0.5013784170150757,1
10.1080/0951192X.2024.2330091,http://h-da.de/ml-ontology/feature_extraction,feature extraction,0.3520907163619995,1
10.1080/0951192X.2024.2372252,http://h-da.de/ml-ontology/feature_selection,feature selection,0.3768911361694336,1
10.1080/0951192X.2025.2452985,http://h-da.de/ml-ontology/anomaly_detection,anomaly detection,0.5023131966590881,1
10.1080/0951192X.2025.2498081,http://h-da.de/ml-ontology/image_regression,image regression,0.42046695947647095,1
10.1080/0951192X.2025.2544558,http://h-da.de/ml-ontology/feature_extraction,feature extraction,0.36679592728614807,1
10.1080/0951192X.2025.2563800,http://h-da.de/ml-ontology/feature_extraction,feature extraction,0.3783453106880188,1
10.1080/0952813X.2019.1653995,http://h-da.de/ml-ontology/binary_classification,binary classification,0.4230620861053467,1
10.1080/09537280010014695,http://h-da.de/ml-ontology/feature_extraction,feature extraction,0.43265390396118164,1
10.1080/09537287.2023.2175736,http://h-da.de/ml-ontology/anomaly_detection,anomaly detection,0.4632129669189453,1
10.1080/095372899232551,http://h-da.de/ml-ontology/feature_extraction,feature extraction,0.3906533718109131,1
10.1080/09540091.2022.2111404,http://h-da.de/ml-ontology/time_series_forecasting,time series forecasting,0.4128439426422119,1
10.1080/09544828.2024.2309861,http://h-da.de/ml-ontology/feature_extraction,feature extraction,0.35004371404647827,1
10.1080/09544828.2024.2338342,http://h-da.de/ml-ontology/feature_extraction,feature extraction,0.355959951877594,1
10.1080/09544828.2024.2362589,http://h-da.de/ml-ontology/feature_extraction,feature extraction,0.39001309871673584,1
10.1080/09593330.2022.2074320,http://h-da.de/ml-ontology/feature_extraction,feature extraction,0.40126246213912964,1
10.1080/09613218.2023.2206989,http://h-da.de/ml-ontology/time_series_forecasting,time series forecasting,0.46420031785964966,1
10.1080/09637486.2025.2568676,http://h-da.de/ml-ontology/feature_extraction,feature extraction,0.3552500605583191,1
10.1080/09638180.2025.2463961,http://h-da.de/ml-ontology/feature_selection,feature selection,0.3653786778450012,1
10.1080/09720529.2021.1951434,http://h-da.de/ml-ontology/binary_classification,binary classification,0.44855451583862305,1
10.1080/10106049.2022.2112300,http://h-da.de/ml-ontology/image_classification,image classification,0.3890301585197449,1
10.1080/10170660809509074,http://h-da.de/ml-ontology/time_series_classification,time series classification,0.45942801237106323,1
10.1080/10298436.2019.1609673,http://h-da.de/ml-ontology/tabular_regression,tabular regression,0.3924160599708557,1
10.1080/10298436.2024.2434909,http://h-da.de/ml-ontology/tabular_regression,tabular regression,0.39023149013519287,1
10.1080/10426914.2021.1885711,http://h-da.de/ml-ontology/image_classification,image classification,0.420337438583374,1
10.1080/10426914.2023.2190388,http://h-da.de/ml-ontology/feature_extraction,feature extraction,0.36400705575942993,1
10.1080/10426914.2023.2195916,http://h-da.de/ml-ontology/feature_extraction,feature extraction,0.35038304328918457,1
10.1080/10589759.2024.2385074,http://h-da.de/ml-ontology/feature_extraction,feature extraction,0.4569636583328247,1
10.1080/10589759.2025.2477687,http://h-da.de/ml-ontology/feature_extraction,feature extraction,0.39499780535697937,1
10.1080/10589759.2025.2491731,http://h-da.de/ml-ontology/image_classification,image classification,0.3524295687675476,1
10.1080/10589759.2025.2500551,http://h-da.de/ml-ontology/feature_extraction,feature extraction,0.43836072087287903,1
10.1080/10667857.2023.2295089,http://h-da.de/ml-ontology/tabular_classification,tabular classification,0.41194552183151245,1
10.1080/10916466.2015.1034367,http://h-da.de/ml-ontology/feature_extraction,feature extraction,0.3541741967201233,1
10.1080/10916466.2022.2032739,http://h-da.de/ml-ontology/feature_extraction,feature extraction,0.3556024730205536,1
10.1080/1206212X.2023.2293348,http://h-da.de/ml-ontology/audio_regression,audio regression,0.3845694661140442,1
10.1080/13287982.2025.2471714,http://h-da.de/ml-ontology/feature_extraction,feature extraction,0.36705511808395386,1
10.1080/13467581.2025.2574571,http://h-da.de/ml-ontology/feature_extraction,feature extraction,0.37857896089553833,1
10.1080/13675567.2021.1945018,http://h-da.de/ml-ontology/time_series_forecasting,time series forecasting,0.381844699382782,1
10.1080/14680629.2020.1753098,http://h-da.de/ml-ontology/binary_classification,binary classification,0.43317997455596924,1
10.1080/15435075.2021.1947827,http://h-da.de/ml-ontology/feature_extraction,feature extraction,0.43451404571533203,1
10.1080/15435075.2024.2326076,http://h-da.de/ml-ontology/feature_extraction,feature extraction,0.3618728816509247,1
10.1080/15567036.2023.2232322,http://h-da.de/ml-ontology/feature_extraction,feature extraction,0.38144224882125854,1
10.1080/15583058.2023.2201576,http://h-da.de/ml-ontology/image_classification,image classification,0.4441208243370056,1
10.1080/1573062X.2023.2217430,http://h-da.de/ml-ontology/tabular_classification,tabular classification,0.4253442585468292,1
10.1080/15732479.2024.2359488,http://h-da.de/ml-ontology/tabular_regression,tabular regression,0.366787850856781,1
10.1080/16843703.2016.1226707,http://h-da.de/ml-ontology/image_regression,image regression,0.3944927453994751,1
10.1080/16843703.2019.1711302,http://h-da.de/ml-ontology/anomaly_detection,anomaly detection,0.48924386501312256,1
10.1080/17445302.2021.2012015,http://h-da.de/ml-ontology/binary_classification,binary classification,0.42734766006469727,1
10.1080/17445302.2023.2237302,http://h-da.de/ml-ontology/time_series_classification,time series classification,0.424071341753006,1
10.1080/17452759.2022.2028380,http://h-da.de/ml-ontology/feature_extraction,feature extraction,0.38128986954689026,1
10.1080/17452759.2022.2068446,http://h-da.de/ml-ontology/feature_extraction,feature extraction,0.3829614520072937,1
10.1080/17452759.2024.2325572,http://h-da.de/ml-ontology/feature_extraction,feature extraction,0.37915870547294617,1
10.1080/17452759.2024.2400330,http://h-da.de/ml-ontology/image_regression,image regression,0.35313501954078674,1
10.1080/17452759.2025.2455541,http://h-da.de/ml-ontology/anomaly_detection,anomaly detection,0.41424548625946045,1
10.1080/17452759.2025.2469822,http://h-da.de/ml-ontology/image_regression,image regression,0.36273568868637085,1
10.1080/17452759.2025.2500671,http://h-da.de/ml-ontology/image_classification,image classification,0.3899165391921997,1
10.1080/17452759.2025.2515240,http://h-da.de/ml-ontology/image_classification,image classification,0.4047829508781433,1
10.1080/17460441.2016.1201262,http://h-da.de/ml-ontology/feature_extraction,feature extraction,0.35413551330566406,1
10.1080/17480272.2023.2214118,http://h-da.de/ml-ontology/audio_classification,audio classification,0.48975929617881775,1
10.1080/17480272.2025.2466218,http://h-da.de/ml-ontology/feature_selection,feature selection,0.4194090962409973,1
10.1080/17480930.2024.2362579,http://h-da.de/ml-ontology/feature_extraction,feature extraction,0.3757733702659607,1
10.1080/17517575.2019.1701713,http://h-da.de/ml-ontology/classification,classification,0.42241615056991577,1
10.1080/17517575.2020.1755455,http://h-da.de/ml-ontology/translation,translation,0.4287295937538147,1
10.1080/17517575.2020.1790043,http://h-da.de/ml-ontology/binary_classification,binary classification,0.38810697197914124,1
10.1080/17517575.2024.2328186,http://h-da.de/ml-ontology/sentiment_analysis,sentiment analysis,0.6203614473342896,1
10.1080/17538947.2024.2359565,http://h-da.de/ml-ontology/regression,regression,0.4228248596191406,1
10.1080/19392699.2020.1823843,http://h-da.de/ml-ontology/image_classification,image classification,0.4366011917591095,1
10.1080/19393555.2024.2362813,http://h-da.de/ml-ontology/feature_selection,feature selection,0.35312843322753906,1
10.1080/19942060.2022.2125442,http://h-da.de/ml-ontology/regression,regression,0.3669230043888092,1
10.1080/21642583.2025.2546844,http://h-da.de/ml-ontology/time_series_classification,time series classification,0.4105522036552429,1
10.1080/21681015.2023.2260384,http://h-da.de/ml-ontology/binary_classification,binary classification,0.3912220597267151,1
10.1080/21681015.2025.2471905,http://h-da.de/ml-ontology/binary_classification,binary classification,0.3524559736251831,1
10.1080/21681015.2025.2519369,http://h-da.de/ml-ontology/feature_extraction,feature extraction,0.37790119647979736,1
10.1080/23248378.2019.1685918,http://h-da.de/ml-ontology/time_series_classification,time series classification,0.3698697090148926,1
10.1080/23248378.2023.2220112,http://h-da.de/ml-ontology/audio_regression,audio regression,0.41325926780700684,1
10.1080/23248378.2023.2274369,http://h-da.de/ml-ontology/binary_classification,binary classification,0.35746192932128906,1
10.1080/23270012.2018.1434425,http://h-da.de/ml-ontology/image_classification,image classification,0.5657016038894653,1
10.1080/23311916.2022.2083475,http://h-da.de/ml-ontology/binary_classification,binary classification,0.4199731945991516,1
10.1080/23311916.2024.2316458,http://h-da.de/ml-ontology/regression,regression,0.3854333162307739,1
10.1080/24705314.2020.1783122,http://h-da.de/ml-ontology/regression,regression,0.41318076848983765,1
10.1080/24725579.2022.2068703,http://h-da.de/ml-ontology/classification,classification,0.46110957860946655,1
10.1080/24725854.2023.2193257,http://h-da.de/ml-ontology/feature_extraction,feature extraction,0.376973032951355,1
10.1080/24725854.2023.2242434,http://h-da.de/ml-ontology/feature_extraction,feature extraction,0.45538461208343506,1
10.1080/24725854.2025.2488340,http://h-da.de/ml-ontology/feature_extraction,feature extraction,0.4174228310585022,1
10.1080/24751839.2017.1355717,http://h-da.de/ml-ontology/image_classification,image classification,0.5731855630874634,1
10.1088/1361-6463/ad8ce7,http://h-da.de/ml-ontology/feature_extraction,feature extraction,0.41650819778442383,1
10.1088/1361-6463/ae0349,http://h-da.de/ml-ontology/audio_regression,audio regression,0.3690265417098999,1
10.1088/1361-6501/ab79c8,http://h-da.de/ml-ontology/image_classification,image classification,0.4277600347995758,1
10.1088/1361-6501/ac0b6c,http://h-da.de/ml-ontology/image_classification,image classification,0.5142585039138794,1
10.1088/1361-6501/ac3944,http://h-da.de/ml-ontology/feature_extraction,feature extraction,0.42245936393737793,1
10.1088/1361-6501/ac7f7f,http://h-da.de/ml-ontology/feature_extraction,feature extraction,0.3919403553009033,1
10.1088/1361-6501/acb376,http://h-da.de/ml-ontology/time_series_classification,time series classification,0.43012845516204834,1
10.1088/1361-6501/ace3e7,http://h-da.de/ml-ontology/feature_extraction,feature extraction,0.3977893590927124,1
10.1088/1361-6501/ace640,http://h-da.de/ml-ontology/feature_extraction,feature extraction,0.3891229033470154,1
10.1088/1361-6501/acf8e1,http://h-da.de/ml-ontology/time_series_classification,time series classification,0.4902585744857788,1
10.1088/1361-6501/ad0e58,http://h-da.de/ml-ontology/image_classification,image classification,0.45209383964538574,1
10.1088/1361-6501/ad15dc,http://h-da.de/ml-ontology/audio_regression,audio regression,0.35201990604400635,1
10.1088/1361-6501/ad52b5,http://h-da.de/ml-ontology/audio_regression,audio regression,0.35371774435043335,1
10.1088/1361-6501/ad876c,http://h-da.de/ml-ontology/time_series_classification,time series classification,0.3860221803188324,1
10.1088/1361-6501/ad8e76,http://h-da.de/ml-ontology/feature_extraction,feature extraction,0.3967612385749817,1
10.1088/1361-665X/acfcf8,http://h-da.de/ml-ontology/feature_extraction,feature extraction,0.3656429350376129,1
10.1088/1742-6596/1299/1/012085,http://h-da.de/ml-ontology/audio_regression,audio regression,0.39158549904823303,1
10.1088/1742-6596/1299/1/012118,http://h-da.de/ml-ontology/image_classification,image classification,0.3747910261154175,1
10.1088/1742-6596/1345/2/022055,http://h-da.de/ml-ontology/time_series_classification,time series classification,0.38211241364479065,1
10.1088/1742-6596/1384/1/012017,http://h-da.de/ml-ontology/image_classification,image classification,0.39579588174819946,1
10.1088/1742-6596/1432/1/012085,http://h-da.de/ml-ontology/feature_extraction,feature extraction,0.3771408200263977,1
10.1088/1742-6596/1486/4/042043,http://h-da.de/ml-ontology/regression,regression,0.39614513516426086,1
10.1088/1742-6596/1547/1/012016,http://h-da.de/ml-ontology/object_detection,object detection,0.387119323015213,1
10.1088/1742-6596/1618/6/062003,http://h-da.de/ml-ontology/regression,regression,0.3537665605545044,1
10.1088/1742-6596/1639/1/012017,http://h-da.de/ml-ontology/time_series_forecasting,time series forecasting,0.3660607635974884,1
10.1088/1742-6596/1639/1/012037,http://h-da.de/ml-ontology/anomaly_detection,anomaly detection,0.3566237688064575,1
10.1088/1742-6596/1765/1/012008,http://h-da.de/ml-ontology/audio_regression,audio regression,0.3906479775905609,1
10.1088/1742-6596/1856/1/012040,http://h-da.de/ml-ontology/feature_extraction,feature extraction,0.40338724851608276,1
10.1088/1742-6596/1911/1/012026,http://h-da.de/ml-ontology/binary_classification,binary classification,0.3926694989204407,1
10.1088/1742-6596/1916/1/012030,http://h-da.de/ml-ontology/regression,regression,0.3606671690940857,1
10.1088/1742-6596/2224/1/012002,http://h-da.de/ml-ontology/feature_extraction,feature extraction,0.5008640289306641,1
10.1088/1742-6596/2258/1/012050,http://h-da.de/ml-ontology/binary_classification,binary classification,0.3993440270423889,1
10.1088/1742-6596/2273/1/012008,http://h-da.de/ml-ontology/feature_extraction,feature extraction,0.3980486989021301,1
10.1088/1742-6596/2281/1/012021,http://h-da.de/ml-ontology/time_series_classification,time series classification,0.41776004433631897,1
10.1088/1742-6596/2425/1/012039,http://h-da.de/ml-ontology/image_classification,image classification,0.4510192573070526,1
10.1088/1742-6596/2637/1/012014,http://h-da.de/ml-ontology/regression,regression,0.3771287202835083,1
10.1088/1742-6596/2692/1/012023,http://h-da.de/ml-ontology/time_series_classification,time series classification,0.4041890501976013,1
10.1088/1742-6596/2767/3/032038,http://h-da.de/ml-ontology/time_series_classification,time series classification,0.4135463237762451,1
10.1088/1742-6596/2837/1/012079,http://h-da.de/ml-ontology/image_classification,image classification,0.3987993001937866,1
10.1088/1742-6596/2853/1/012066,http://h-da.de/ml-ontology/feature_extraction,feature extraction,0.4158782362937927,1
10.1088/1742-6596/2854/1/012014,http://h-da.de/ml-ontology/audio_regression,audio regression,0.3797481656074524,1
10.1088/1742-6596/2893/1/012017,http://h-da.de/ml-ontology/feature_extraction,feature extraction,0.3504101634025574,1
10.1088/1742-6596/3002/1/012006,http://h-da.de/ml-ontology/time_series_classification,time series classification,0.5073469877243042,1
10.1088/1742-6596/305/1/012028,http://h-da.de/ml-ontology/audio_regression,audio regression,0.3578054904937744,1
10.1088/1748-9326/ab5268,http://h-da.de/ml-ontology/regression,regression,0.4102109968662262,1
10.1088/1748-9326/ac0acb,http://h-da.de/ml-ontology/time_series_forecasting,time series forecasting,0.42260003089904785,1
10.1088/1755-1315/1101/8/082022,http://h-da.de/ml-ontology/feature_extraction,feature extraction,0.5178113579750061,1
10.1088/1755-1315/195/1/012033,http://h-da.de/ml-ontology/association_rule_learning,association rule learning,0.35924920439720154,1
10.1088/1755-1315/214/1/012023,http://h-da.de/ml-ontology/regression,regression,0.4129656255245209,1
10.1088/1755-1315/489/1/012006,http://h-da.de/ml-ontology/feature_extraction,feature extraction,0.3745744228363037,1
10.1088/1755-1315/655/1/012027,http://h-da.de/ml-ontology/feature_extraction,feature extraction,0.38742291927337646,1
10.1088/1755-1315/687/1/012082,http://h-da.de/ml-ontology/regression,regression,0.4127321243286133,1
10.1088/1755-1315/733/1/012115,http://h-da.de/ml-ontology/regression,regression,0.4662686586380005,1
10.1088/1757-899X/236/1/012101,http://h-da.de/ml-ontology/image_classification,image classification,0.4230496287345886,1
10.1088/1757-899X/495/1/012067,http://h-da.de/ml-ontology/time_series_classification,time series classification,0.3726080656051636,1
10.1088/1757-899X/624/1/012030,http://h-da.de/ml-ontology/image_classification,image classification,0.4050142168998718,1
10.1088/1757-899X/631/4/042046,http://h-da.de/ml-ontology/anomaly_detection,anomaly detection,0.612491250038147,1
10.1088/1757-899X/651/1/012107,http://h-da.de/ml-ontology/image_regression,image regression,0.3580525815486908,1
10.1088/1757-899X/714/1/012005,http://h-da.de/ml-ontology/time_series_classification,time series classification,0.39854615926742554,1
10.1088/2051-672X/ac9247,http://h-da.de/ml-ontology/image_classification,image classification,0.6078808307647705,1
10.1088/2053-1591/ac5a38,http://h-da.de/ml-ontology/image_classification,image classification,0.485990047454834,1
10.1088/2053-1591/ad8ca2,http://h-da.de/ml-ontology/image_classification,image classification,0.4016369581222534,1
10.1088/2053-1591/addd68,http://h-da.de/ml-ontology/regression,regression,0.36353009939193726,1
10.1088/2057-1976/adbdd3,http://h-da.de/ml-ontology/image_regression,image regression,0.3635967969894409,1
10.1088/2058-6272/aaf7bf,http://h-da.de/ml-ontology/image_classification,image classification,0.39158424735069275,1
10.1088/2515-7620/ade03b,http://h-da.de/ml-ontology/regression,regression,0.4188782274723053,1
10.1088/2631-8695/ace610,http://h-da.de/ml-ontology/feature_extraction,feature extraction,0.3755125105381012,1
10.1088/2631-8695/ad0fc3,http://h-da.de/ml-ontology/audio_regression,audio regression,0.35655874013900757,1
10.1088/2631-8695/ad5f1a,http://h-da.de/ml-ontology/feature_extraction,feature extraction,0.42165154218673706,1
10.1088/2631-8695/ad8989,http://h-da.de/ml-ontology/audio_regression,audio regression,0.3764159381389618,1
10.1088/2631-8695/ad8d33,http://h-da.de/ml-ontology/time_series_classification,time series classification,0.4590388238430023,1
10.1088/2631-8695/ad8ff0,http://h-da.de/ml-ontology/feature_extraction,feature extraction,0.45340171456336975,1
10.1088/2631-8695/ada669,http://h-da.de/ml-ontology/tabular_regression,tabular regression,0.3921393156051636,1
10.1088/2631-8695/adaf0c,http://h-da.de/ml-ontology/time_series_classification,time series classification,0.41634440422058105,1
10.1088/2631-8695/adbe26,http://h-da.de/ml-ontology/feature_extraction,feature extraction,0.44698846340179443,1
10.1088/2631-8695/adcb90,http://h-da.de/ml-ontology/feature_extraction,feature extraction,0.41947317123413086,1
10.1088/2631-8695/ade030,http://h-da.de/ml-ontology/audio_regression,audio regression,0.44661960005760193,1
10.1088/2631-8695/ae0107,http://h-da.de/ml-ontology/time_series_classification,time series classification,0.3939509391784668,1
10.1088/2632-2153/acccd5,http://h-da.de/ml-ontology/image_regression,image regression,0.37723463773727417,1
10.1088/2632-2153/ad2e18,http://h-da.de/ml-ontology/anomaly_detection,anomaly detection,0.3836783766746521,1
10.1088/2632-2153/ad64a6,http://h-da.de/ml-ontology/anomaly_detection,anomaly detection,0.6563467383384705,1
10.1088/2634-4505/ad5bfc,http://h-da.de/ml-ontology/regression,regression,0.4070550799369812,1
10.1088/2752-5724/ad89e2,http://h-da.de/ml-ontology/audio_regression,audio regression,0.3542964458465576,1
10.1089/3dp.2021.0191,http://h-da.de/ml-ontology/image_classification,image classification,0.4638938307762146,1
10.1089/3dp.2021.0231,http://h-da.de/ml-ontology/image_classification,image classification,0.451938271522522,1
10.1089/3dp.2022.0363,http://h-da.de/ml-ontology/feature_extraction,feature extraction,0.3889816999435425,1
10.1089/3dp.2024.0094,http://h-da.de/ml-ontology/image_classification,image classification,0.35507720708847046,1
10.1089/omi.2018.0097,http://h-da.de/ml-ontology/feature_extraction,feature extraction,0.4754622280597687,1
10.1093/annweh/wxab105,http://h-da.de/ml-ontology/image_regression,image regression,0.3805859386920929,1
10.1093/bioinformatics/btae305,http://h-da.de/ml-ontology/feature_reduction,feature reduction,0.3802011013031006,1
10.1093/ce/zkaf028,http://h-da.de/ml-ontology/feature_extraction,feature extraction,0.36217373609542847,1
10.1093/comjnl/bxaa056,http://h-da.de/ml-ontology/tabular_regression,tabular regression,0.3616781234741211,1
10.1093/gji/ggaa209,http://h-da.de/ml-ontology/feature_extraction,feature extraction,0.396528959274292,1
10.1093/jas/skaf021,http://h-da.de/ml-ontology/regression,regression,0.3659135699272156,1
10.1093/jcde/qwaa079,http://h-da.de/ml-ontology/feature_extraction,feature extraction,0.41100043058395386,1
10.1093/jcde/qwac028,http://h-da.de/ml-ontology/time_series_classification,time series classification,0.4260370135307312,1
10.1093/jcde/qwad067,http://h-da.de/ml-ontology/image_classification,image classification,0.40240931510925293,1
10.1093/jcde/qwad106,http://h-da.de/ml-ontology/feature_extraction,feature extraction,0.4389849901199341,1
10.1093/jcde/qwae018,http://h-da.de/ml-ontology/feature_extraction,feature extraction,0.43045124411582947,1
10.1093/jcde/qwae027,http://h-da.de/ml-ontology/feature_extraction,feature extraction,0.43128663301467896,1
10.1093/jcde/qwaf085,http://h-da.de/ml-ontology/anomaly_detection,anomaly detection,0.49475783109664917,1
10.1093/jge/gxac056,http://h-da.de/ml-ontology/feature_extraction,feature extraction,0.36367538571357727,1
10.1093/jigpal/jzae017,http://h-da.de/ml-ontology/feature_extraction,feature extraction,0.35759538412094116,1
10.1093/jigpal/jzae055,http://h-da.de/ml-ontology/binary_classification,binary classification,0.38980281352996826,1
10.1093/jigpal/jzae109,http://h-da.de/ml-ontology/feature_extraction,feature extraction,0.36324384808540344,1
10.1097/JOM.0000000000002700,http://h-da.de/ml-ontology/classification,classification,0.3931092619895935,1
10.1108/09544780510594207,http://h-da.de/ml-ontology/association_rule_learning,association rule learning,0.6118522882461548,1
10.1108/ACMM-09-2024-3094,http://h-da.de/ml-ontology/feature_extraction,feature extraction,0.38572388887405396,1
10.1108/AEAT-04-2025-0160,http://h-da.de/ml-ontology/binary_classification,binary classification,0.4149385094642639,1
10.1108/AEAT-06-2022-0166,http://h-da.de/ml-ontology/image_classification,image classification,0.3703320026397705,1
10.1108/BIJ-09-2021-0564,http://h-da.de/ml-ontology/topic_modeling,topic modeling,0.5023432970046997,1
10.1108/DTA-03-2019-0040,http://h-da.de/ml-ontology/binary_classification,binary classification,0.41440171003341675,1
10.1108/DTA-11-2020-0286,http://h-da.de/ml-ontology/regression,regression,0.39235150814056396,1
10.1108/EC-03-2024-0206,http://h-da.de/ml-ontology/time_series_classification,time series classification,0.4883970618247986,1
10.1108/EC-09-2024-0896,http://h-da.de/ml-ontology/binary_classification,binary classification,0.4341612458229065,1
10.1108/EC-12-2022-0747,http://h-da.de/ml-ontology/time_series_classification,time series classification,0.40299785137176514,1
10.1108/ECAM-06-2023-0544,http://h-da.de/ml-ontology/time_series_forecasting,time series forecasting,0.45473331212997437,1
10.1108/EJIM-11-2023-1004,http://h-da.de/ml-ontology/community_detection,community detection,0.3973456025123596,1
10.1108/F-02-2025-0032,http://h-da.de/ml-ontology/feature_extraction,feature extraction,0.394861102104187,1
10.1108/IJESM-06-2019-0005,http://h-da.de/ml-ontology/time_series_forecasting,time series forecasting,0.44112780690193176,1
10.1108/IJHMA-02-2022-0025,http://h-da.de/ml-ontology/feature_selection,feature selection,0.4233974814414978,1
10.1108/IJICC-06-2021-0101,http://h-da.de/ml-ontology/feature_extraction,feature extraction,0.3756793141365051,1
10.1108/IJIS-09-2020-0172,http://h-da.de/ml-ontology/image_classification,image classification,0.3876560926437378,1
10.1108/IJLSS-07-2024-0150,http://h-da.de/ml-ontology/binary_classification,binary classification,0.3981778621673584,1
10.1108/IJOPM-08-2024-0685,http://h-da.de/ml-ontology/recommendation,recommendation,0.3673172891139984,1
10.1108/IJPDLM-10-2022-0328,http://h-da.de/ml-ontology/association_rule_learning,association rule learning,0.4564152657985687,1
10.1108/IJQRM-04-2019-0131,http://h-da.de/ml-ontology/binary_classification,binary classification,0.4228355288505554,1
10.1108/IJQRM-06-2024-0185,http://h-da.de/ml-ontology/image_classification,image classification,0.3996923863887787,1
10.1108/IJQRM-07-2021-0210,http://h-da.de/ml-ontology/image_classification,image classification,0.35469257831573486,1
10.1108/IJQRM-12-2021-0439,http://h-da.de/ml-ontology/binary_classification,binary classification,0.43478304147720337,1
10.1108/IJSI-05-2025-0131,http://h-da.de/ml-ontology/image_classification,image classification,0.4278985261917114,1
10.1108/IJWIS-08-2024-0239,http://h-da.de/ml-ontology/named_entity_recognition,named entity recognition,0.5457810163497925,1
10.1108/ILT-02-2025-0070,http://h-da.de/ml-ontology/audio_regression,audio regression,0.36942237615585327,1
10.1108/IMDS-01-2017-0014,http://h-da.de/ml-ontology/binary_classification,binary classification,0.43745720386505127,1
10.1108/IMDS-06-2016-0195,http://h-da.de/ml-ontology/anomaly_detection,anomaly detection,0.5929504632949829,1
10.1108/IR-10-2021-0240,http://h-da.de/ml-ontology/classification,classification,0.39093196392059326,1
10.1108/JEIM-01-2020-0039,http://h-da.de/ml-ontology/recommendation,recommendation,0.36986345052719116,1
10.1108/JQME-03-2022-0019,http://h-da.de/ml-ontology/regression,regression,0.4464279115200043,1
10.1108/JQME-06-2021-0052,http://h-da.de/ml-ontology/binary_classification,binary classification,0.3948916494846344,1
10.1108/JQME-12-2024-0109,http://h-da.de/ml-ontology/binary_classification,binary classification,0.39790022373199463,1
10.1108/K-03-2023-0480,http://h-da.de/ml-ontology/association_rule_learning,association rule learning,0.3884088397026062,1
10.1108/MI-06-2024-0194,http://h-da.de/ml-ontology/binary_classification,binary classification,0.38920673727989197,1
10.1108/RJTA-04-2021-0046,http://h-da.de/ml-ontology/image_classification,image classification,0.38246768712997437,1
10.1108/RPJ-01-2024-0056,http://h-da.de/ml-ontology/image_regression,image regression,0.4116167426109314,1
10.1108/RPJ-02-2023-0042,http://h-da.de/ml-ontology/image_regression,image regression,0.35704246163368225,1
10.1108/RPJ-03-2016-0041,http://h-da.de/ml-ontology/feature_extraction,feature extraction,0.4005556106567383,1
10.1108/RPJ-03-2019-0066,http://h-da.de/ml-ontology/image_classification,image classification,0.39625442028045654,1
10.1108/RPJ-04-2018-0102,http://h-da.de/ml-ontology/clustering,clustering,0.392738938331604,1
10.1108/RPJ-08-2019-0213,http://h-da.de/ml-ontology/feature_extraction,feature extraction,0.4023991823196411,1
10.1108/RPJ-10-2020-0242,http://h-da.de/ml-ontology/image_classification,image classification,0.4257677495479584,1
10.1108/SASBE-08-2021-0148,http://h-da.de/ml-ontology/feature_extraction,feature extraction,0.3583770990371704,1
10.1108/TQM-10-2023-0344,http://h-da.de/ml-ontology/binary_classification,binary classification,0.44030818343162537,1
10.1109/3476.622881,http://h-da.de/ml-ontology/image_classification,image classification,0.4241640865802765,1
10.1109/5NANO53044.2022.9828917,http://h-da.de/ml-ontology/image_regression,image regression,0.40594273805618286,1
10.1109/ACC.2015.7170850,http://h-da.de/ml-ontology/feature_extraction,feature extraction,0.49954646825790405,1
10.1109/ACCAI58221.2023.10199335,http://h-da.de/ml-ontology/image_classification,image classification,0.5085477828979492,1
10.1109/ACCAI58221.2023.10199369,http://h-da.de/ml-ontology/time_series_forecasting,time series forecasting,0.393723726272583,1
10.1109/ACCAI58221.2023.10199740,http://h-da.de/ml-ontology/binary_classification,binary classification,0.4114378094673157,1
10.1109/ACCAI58221.2023.10201168,http://h-da.de/ml-ontology/regression,regression,0.4085899889469147,1
10.1109/ACCAI61061.2024.10601854,http://h-da.de/ml-ontology/feature_extraction,feature extraction,0.42605048418045044,1
10.1109/ACCAI61061.2024.10601963,http://h-da.de/ml-ontology/tabular_classification,tabular classification,0.36523300409317017,1
10.1109/ACCAI61061.2024.10601965,http://h-da.de/ml-ontology/feature_extraction,feature extraction,0.3538813889026642,1
10.1109/ACCAI61061.2024.10601981,http://h-da.de/ml-ontology/feature_extraction,feature extraction,0.4744890332221985,1
10.1109/ACCAI61061.2024.10602450,http://h-da.de/ml-ontology/regression,regression,0.4522034227848053,1
10.1109/ACCESS.2018.2853666,http://h-da.de/ml-ontology/audio_classification,audio classification,0.4474961757659912,1
10.1109/ACCESS.2018.2871732,http://h-da.de/ml-ontology/action_recognition,action recognition,0.5139100551605225,1
10.1109/ACCESS.2019.2920380,http://h-da.de/ml-ontology/feature_extraction,feature extraction,0.40711694955825806,1
10.1109/ACCESS.2019.2923405,http://h-da.de/ml-ontology/binary_classification,binary classification,0.46459895372390747,1
10.1109/ACCESS.2019.2924445,http://h-da.de/ml-ontology/image_classification,image classification,0.5482491850852966,1
10.1109/ACCESS.2019.2926109,http://h-da.de/ml-ontology/binary_classification,binary classification,0.39635998010635376,1
10.1109/ACCESS.2019.2937576,http://h-da.de/ml-ontology/anomaly_detection,anomaly detection,0.41312408447265625,1
10.1109/ACCESS.2019.2942957,http://h-da.de/ml-ontology/image_classification,image classification,0.3869587779045105,1
10.1109/ACCESS.2019.2947714,http://h-da.de/ml-ontology/feature_extraction,feature extraction,0.4561338424682617,1
10.1109/ACCESS.2019.2948358,http://h-da.de/ml-ontology/feature_extraction,feature extraction,0.39556360244750977,1
10.1109/ACCESS.2019.2953499,http://h-da.de/ml-ontology/binary_classification,binary classification,0.382244348526001,1
10.1109/ACCESS.2019.2960406,http://h-da.de/ml-ontology/feature_extraction,feature extraction,0.3509289622306824,1
10.1109/ACCESS.2020.2967858,http://h-da.de/ml-ontology/binary_classification,binary classification,0.48443835973739624,1
10.1109/ACCESS.2020.2968615,http://h-da.de/ml-ontology/anomaly_detection,anomaly detection,0.44279780983924866,1
10.1109/ACCESS.2020.2970461,http://h-da.de/ml-ontology/image_classification,image classification,0.43934816122055054,1
10.1109/ACCESS.2020.2975738,http://h-da.de/ml-ontology/time_series_forecasting,time series forecasting,0.3536817133426666,1
10.1109/ACCESS.2020.2981819,http://h-da.de/ml-ontology/feature_selection,feature selection,0.40493345260620117,1
10.1109/ACCESS.2020.2986014,http://h-da.de/ml-ontology/feature_reduction,feature reduction,0.3697364032268524,1
10.1109/ACCESS.2020.2997663,http://h-da.de/ml-ontology/feature_extraction,feature extraction,0.3594781756401062,1
10.1109/ACCESS.2020.3006788,http://h-da.de/ml-ontology/time_series_classification,time series classification,0.46933192014694214,1
10.1109/ACCESS.2020.3008475,http://h-da.de/ml-ontology/feature_selection,feature selection,0.5138912200927734,1
10.1109/ACCESS.2020.3010050,http://h-da.de/ml-ontology/regression,regression,0.374299019575119,1
10.1109/ACCESS.2020.3010066,http://h-da.de/ml-ontology/feature_extraction,feature extraction,0.4009001851081848,1
10.1109/ACCESS.2020.3015346,http://h-da.de/ml-ontology/anomaly_detection,anomaly detection,0.5361205339431763,1
10.1109/ACCESS.2020.3016725,http://h-da.de/ml-ontology/feature_extraction,feature extraction,0.3839113116264343,1
10.1109/ACCESS.2020.3020356,http://h-da.de/ml-ontology/audio_regression,audio regression,0.35107529163360596,1
10.1109/ACCESS.2020.3028146,http://h-da.de/ml-ontology/time_series_classification,time series classification,0.4423474967479706,1
10.1109/ACCESS.2020.3029826,http://h-da.de/ml-ontology/anomaly_detection,anomaly detection,0.6274363398551941,1
10.1109/ACCESS.2020.3037540,http://h-da.de/ml-ontology/object_detection,object detection,0.44315922260284424,1
10.1109/ACCESS.2021.3053117,http://h-da.de/ml-ontology/action_recognition,action recognition,0.39228057861328125,1
10.1109/ACCESS.2021.3058887,http://h-da.de/ml-ontology/regression,regression,0.42462241649627686,1
10.1109/ACCESS.2021.3059298,http://h-da.de/ml-ontology/feature_selection,feature selection,0.428119957447052,1
10.1109/ACCESS.2021.3065391,http://h-da.de/ml-ontology/feature_selection,feature selection,0.4146680235862732,1
10.1109/ACCESS.2021.3075620,http://h-da.de/ml-ontology/binary_classification,binary classification,0.3944603204727173,1
10.1109/ACCESS.2021.3080330,http://h-da.de/ml-ontology/anomaly_detection,anomaly detection,0.5423910617828369,1
10.1109/ACCESS.2021.3084545,http://h-da.de/ml-ontology/binary_classification,binary classification,0.4021119475364685,1
10.1109/ACCESS.2021.3097116,http://h-da.de/ml-ontology/image_classification,image classification,0.36478519439697266,1
10.1109/ACCESS.2021.3097177,http://h-da.de/ml-ontology/feature_extraction,feature extraction,0.37672194838523865,1
10.1109/ACCESS.2021.3105362,http://h-da.de/ml-ontology/feature_extraction,feature extraction,0.3646019697189331,1
10.1109/ACCESS.2021.3123255,http://h-da.de/ml-ontology/regression,regression,0.4471753239631653,1
10.1109/ACCESS.2021.3127084,http://h-da.de/ml-ontology/feature_extraction,feature extraction,0.43250250816345215,1
10.1109/ACCESS.2021.3127560,http://h-da.de/ml-ontology/association_rule_learning,association rule learning,0.3757002651691437,1
10.1109/ACCESS.2022.3147206,http://h-da.de/ml-ontology/image_classification,image classification,0.4306577444076538,1
10.1109/ACCESS.2022.3158952,http://h-da.de/ml-ontology/image_classification,image classification,0.44462305307388306,1
10.1109/ACCESS.2022.3168862,http://h-da.de/ml-ontology/image_classification,image classification,0.4557393193244934,1
10.1109/ACCESS.2022.3185607,http://h-da.de/ml-ontology/feature_extraction,feature extraction,0.42469120025634766,1
10.1109/ACCESS.2022.3188102,http://h-da.de/ml-ontology/anomaly_detection,anomaly detection,0.5856972932815552,1
10.1109/ACCESS.2022.3193676,http://h-da.de/ml-ontology/image_classification,image classification,0.39161598682403564,1
10.1109/ACCESS.2022.3201338,http://h-da.de/ml-ontology/image_classification,image classification,0.40428370237350464,1
10.1109/ACCESS.2022.3208957,http://h-da.de/ml-ontology/clustering,clustering,0.4354744255542755,1
10.1109/ACCESS.2022.3212410,http://h-da.de/ml-ontology/binary_classification,binary classification,0.396659791469574,1
10.1109/ACCESS.2022.3222823,http://h-da.de/ml-ontology/feature_extraction,feature extraction,0.4391844868659973,1
10.1109/ACCESS.2022.3226780,http://h-da.de/ml-ontology/time_series_classification,time series classification,0.3574935793876648,1
10.1109/ACCESS.2023.3235619,http://h-da.de/ml-ontology/time_series_analysis,time series analysis,0.41336196660995483,1
10.1109/ACCESS.2023.3235969,http://h-da.de/ml-ontology/feature_extraction,feature extraction,0.3673343062400818,1
10.1109/ACCESS.2023.3240216,http://h-da.de/ml-ontology/classification,classification,0.4081117808818817,1
10.1109/ACCESS.2023.3250110,http://h-da.de/ml-ontology/time_series_forecasting,time series forecasting,0.37340033054351807,1
10.1109/ACCESS.2023.3252901,http://h-da.de/ml-ontology/anomaly_detection,anomaly detection,0.5359454154968262,1
10.1109/ACCESS.2023.3278800,http://h-da.de/ml-ontology/classification,classification,0.4108728766441345,1
10.1109/ACCESS.2023.3283466,http://h-da.de/ml-ontology/time_series_classification,time series classification,0.46334660053253174,1
10.1109/ACCESS.2023.3284030,http://h-da.de/ml-ontology/time_series_classification,time series classification,0.3648124933242798,1
10.1109/ACCESS.2023.3288576,http://h-da.de/ml-ontology/regression,regression,0.45438912510871887,1
10.1109/ACCESS.2023.3289076,http://h-da.de/ml-ontology/time_series_classification,time series classification,0.38482606410980225,1
10.1109/ACCESS.2023.3289536,http://h-da.de/ml-ontology/image_classification,image classification,0.41346949338912964,1
10.1109/ACCESS.2023.3315605,http://h-da.de/ml-ontology/feature_selection,feature selection,0.3588108718395233,1
10.1109/ACCESS.2023.3322587,http://h-da.de/ml-ontology/image_classification,image classification,0.4227646589279175,1
10.1109/ACCESS.2023.3324192,http://h-da.de/ml-ontology/binary_classification,binary classification,0.41314810514450073,1
10.1109/ACCESS.2023.3325885,http://h-da.de/ml-ontology/object_detection,object detection,0.4482249915599823,1
10.1109/ACCESS.2023.3326751,http://h-da.de/ml-ontology/association_rule_learning,association rule learning,0.36075955629348755,1
10.1109/ACCESS.2023.3328582,http://h-da.de/ml-ontology/audio_regression,audio regression,0.41261571645736694,1
10.1109/ACCESS.2023.3334388,http://h-da.de/ml-ontology/time_series_forecasting,time series forecasting,0.3592785596847534,1
10.1109/ACCESS.2023.3339561,http://h-da.de/ml-ontology/image_classification,image classification,0.40546512603759766,1
10.1109/ACCESS.2024.3365586,http://h-da.de/ml-ontology/feature_extraction,feature extraction,0.3747667670249939,1
10.1109/ACCESS.2024.3370679,http://h-da.de/ml-ontology/time_series_forecasting,time series forecasting,0.43461695313453674,1
10.1109/ACCESS.2024.3380438,http://h-da.de/ml-ontology/image_classification,image classification,0.40068644285202026,1
10.1109/ACCESS.2024.3384263,http://h-da.de/ml-ontology/feature_extraction,feature extraction,0.36357229948043823,1
10.1109/ACCESS.2024.3387071,http://h-da.de/ml-ontology/regression,regression,0.3879000246524811,1
10.1109/ACCESS.2024.3389648,http://h-da.de/ml-ontology/image_classification,image classification,0.3776489794254303,1
10.1109/ACCESS.2024.3391130,http://h-da.de/ml-ontology/binary_classification,binary classification,0.3574643135070801,1
10.1109/ACCESS.2024.3400970,http://h-da.de/ml-ontology/anomaly_detection,anomaly detection,0.4553722143173218,1
10.1109/ACCESS.2024.3406020,http://h-da.de/ml-ontology/association_rule_learning,association rule learning,0.4585440754890442,1
10.1109/ACCESS.2024.3406433,http://h-da.de/ml-ontology/feature_extraction,feature extraction,0.35389527678489685,1
10.1109/ACCESS.2024.3412928,http://h-da.de/ml-ontology/image_classification,image classification,0.4357204735279083,1
10.1109/ACCESS.2024.3425226,http://h-da.de/ml-ontology/feature_extraction,feature extraction,0.4005398750305176,1
10.1109/ACCESS.2024.3431015,http://h-da.de/ml-ontology/audio_regression,audio regression,0.38498327136039734,1
10.1109/ACCESS.2024.3431040,http://h-da.de/ml-ontology/binary_classification,binary classification,0.4485276937484741,1
10.1109/ACCESS.2024.3442085,http://h-da.de/ml-ontology/recommendation,recommendation,0.38193076848983765,1
10.1109/ACCESS.2024.3444907,http://h-da.de/ml-ontology/feature_selection,feature selection,0.37468451261520386,1
10.1109/ACCESS.2024.3446875,http://h-da.de/ml-ontology/audio_regression,audio regression,0.378190279006958,1
10.1109/ACCESS.2024.3454511,http://h-da.de/ml-ontology/regression,regression,0.365100622177124,1
10.1109/ACCESS.2024.3474861,http://h-da.de/ml-ontology/feature_extraction,feature extraction,0.37384241819381714,1
10.1109/ACCESS.2024.3486653,http://h-da.de/ml-ontology/feature_selection,feature selection,0.44263797998428345,1
10.1109/ACCESS.2024.3490670,http://h-da.de/ml-ontology/feature_extraction,feature extraction,0.35111427307128906,1
10.1109/ACCESS.2024.3492973,http://h-da.de/ml-ontology/feature_extraction,feature extraction,0.3911967873573303,1
10.1109/ACCESS.2024.3495820,http://h-da.de/ml-ontology/regression,regression,0.43486055731773376,1
10.1109/ACCESS.2024.3516785,http://h-da.de/ml-ontology/binary_classification,binary classification,0.4026358127593994,1
10.1109/ACCESS.2024.3518516,http://h-da.de/ml-ontology/binary_classification,binary classification,0.3882157802581787,1
10.1109/ACCESS.2024.3522595,http://h-da.de/ml-ontology/feature_extraction,feature extraction,0.3886987566947937,1
10.1109/ACCESS.2024.3523519,http://h-da.de/ml-ontology/binary_classification,binary classification,0.44161930680274963,1
10.1109/ACCESS.2024.3523522,http://h-da.de/ml-ontology/feature_extraction,feature extraction,0.4447442293167114,1
10.1109/ACCESS.2025.3530902,http://h-da.de/ml-ontology/anomaly_detection,anomaly detection,0.3848133087158203,1
10.1109/ACCESS.2025.3537649,http://h-da.de/ml-ontology/anomaly_detection,anomaly detection,0.5077362060546875,1
10.1109/ACCESS.2025.3544578,http://h-da.de/ml-ontology/image_classification,image classification,0.459758460521698,1
10.1109/ACCESS.2025.3545645,http://h-da.de/ml-ontology/image_classification,image classification,0.42669931054115295,1
10.1109/ACCESS.2025.3552219,http://h-da.de/ml-ontology/feature_extraction,feature extraction,0.4224494397640228,1
10.1109/ACCESS.2025.3565002,http://h-da.de/ml-ontology/image_classification,image classification,0.37576088309288025,1
10.1109/ACCESS.2025.3565812,http://h-da.de/ml-ontology/audio_regression,audio regression,0.4727669954299927,1
10.1109/ACCESS.2025.3567702,http://h-da.de/ml-ontology/feature_extraction,feature extraction,0.3550800085067749,1
10.1109/ACCESS.2025.3569078,http://h-da.de/ml-ontology/image_classification,image classification,0.4496762752532959,1
10.1109/ACCESS.2025.3570451,http://h-da.de/ml-ontology/feature_extraction,feature extraction,0.45440685749053955,1
10.1109/ACCESS.2025.3571145,http://h-da.de/ml-ontology/binary_classification,binary classification,0.39240700006484985,1
10.1109/ACCESS.2025.3571297,http://h-da.de/ml-ontology/image_classification,image classification,0.5083118677139282,1
10.1109/ACCESS.2025.3573400,http://h-da.de/ml-ontology/feature_extraction,feature extraction,0.4811277687549591,1
10.1109/ACCESS.2025.3578686,http://h-da.de/ml-ontology/binary_classification,binary classification,0.4048697352409363,1
10.1109/ACCESS.2025.3580487,http://h-da.de/ml-ontology/regression,regression,0.4030695855617523,1
10.1109/ACCESS.2025.3580729,http://h-da.de/ml-ontology/time_series_analysis,time series analysis,0.3861578404903412,1
10.1109/ACCESS.2025.3581711,http://h-da.de/ml-ontology/time_series_classification,time series classification,0.4588289260864258,1
10.1109/ACCESS.2025.3582216,http://h-da.de/ml-ontology/time_series_classification,time series classification,0.5394399166107178,1
10.1109/ACCESS.2025.3583740,http://h-da.de/ml-ontology/time_series_forecasting,time series forecasting,0.4261656403541565,1
10.1109/ACCESS.2025.3584923,http://h-da.de/ml-ontology/time_series_forecasting,time series forecasting,0.42026209831237793,1
10.1109/ACCESS.2025.3584966,http://h-da.de/ml-ontology/feature_extraction,feature extraction,0.37661170959472656,1
10.1109/ACCESS.2025.3585914,http://h-da.de/ml-ontology/feature_extraction,feature extraction,0.41520386934280396,1
10.1109/ACCESS.2025.3586978,http://h-da.de/ml-ontology/feature_extraction,feature extraction,0.3912334144115448,1
10.1109/ACCESS.2025.3589959,http://h-da.de/ml-ontology/ranking,ranking,0.4256230592727661,1
10.1109/ACCESS.2025.3591720,http://h-da.de/ml-ontology/vertex_classification,vertex classification,0.37952446937561035,1
10.1109/ACCESS.2025.3596444,http://h-da.de/ml-ontology/feature_extraction,feature extraction,0.38159266114234924,1
10.1109/ACCESS.2025.3600864,http://h-da.de/ml-ontology/time_series_forecasting,time series forecasting,0.39313626289367676,1
10.1109/ACCESS.2025.3601385,http://h-da.de/ml-ontology/binary_classification,binary classification,0.3864646852016449,1
10.1109/ACCESS.2025.3601999,http://h-da.de/ml-ontology/audio_classification,audio classification,0.4866163730621338,1
10.1109/ACCESS.2025.3603958,http://h-da.de/ml-ontology/image_classification,image classification,0.3580819368362427,1
10.1109/ACCESS.2025.3605553,http://h-da.de/ml-ontology/binary_classification,binary classification,0.3865722417831421,1
10.1109/ACCESS.2025.3610358,http://h-da.de/ml-ontology/image_classification,image classification,0.47209152579307556,1
10.1109/ACCESS.2025.3610992,http://h-da.de/ml-ontology/image_classification,image classification,0.41351139545440674,1
10.1109/ACCESS.2025.3611009,http://h-da.de/ml-ontology/anomaly_detection,anomaly detection,0.436439573764801,1
10.1109/ACCESS.2025.3611453,http://h-da.de/ml-ontology/binary_classification,binary classification,0.35211074352264404,1
10.1109/ACCESS.2025.3615908,http://h-da.de/ml-ontology/feature_extraction,feature extraction,0.3829197287559509,1
10.1109/ACCESS.2025.3618698,http://h-da.de/ml-ontology/audio_regression,audio regression,0.4507533311843872,1
10.1109/ACCTCS66275.2025.00082,http://h-da.de/ml-ontology/binary_classification,binary classification,0.41794174909591675,1
10.1109/ACCTCS66275.2025.00231,http://h-da.de/ml-ontology/feature_extraction,feature extraction,0.41252201795578003,1
10.1109/ACDSA65407.2025.11165921,http://h-da.de/ml-ontology/feature_extraction,feature extraction,0.4095594882965088,1
10.1109/ACDSA65407.2025.11166013,http://h-da.de/ml-ontology/anomaly_detection,anomaly detection,0.4121154546737671,1
10.1109/ACDSA65407.2025.11166299,http://h-da.de/ml-ontology/anomaly_detection,anomaly detection,0.3875545263290405,1
10.1109/ACDSA65407.2025.11166407,http://h-da.de/ml-ontology/regression,regression,0.35636839270591736,1
10.1109/ACDSA65407.2025.11166509,http://h-da.de/ml-ontology/regression,regression,0.35185039043426514,1
10.1109/ACDSA65407.2025.11166574,http://h-da.de/ml-ontology/anomaly_detection,anomaly detection,0.447354257106781,1
10.1109/ACET61898.2024.10730480,http://h-da.de/ml-ontology/feature_selection,feature selection,0.4012991786003113,1
10.1109/ACIT62805.2024.10877104,http://h-da.de/ml-ontology/feature_extraction,feature extraction,0.38378429412841797,1
10.1109/ACOIT62457.2024.10939438,http://h-da.de/ml-ontology/image_classification,image classification,0.4332827627658844,1
10.1109/ACOIT62457.2024.10939752,http://h-da.de/ml-ontology/time_series_classification,time series classification,0.38353607058525085,1
10.1109/ACROSET62108.2024.10743318,http://h-da.de/ml-ontology/regression,regression,0.3979259729385376,1
10.1109/ACROSET62108.2024.10743409,http://h-da.de/ml-ontology/anomaly_detection,anomaly detection,0.3504369258880615,1
10.1109/ACROSET62108.2024.10743754,http://h-da.de/ml-ontology/feature_extraction,feature extraction,0.399925172328949,1
10.1109/ACROSET62108.2024.10743977,http://h-da.de/ml-ontology/binary_classification,binary classification,0.3775894343852997,1
10.1109/AECE62803.2024.10911113,http://h-da.de/ml-ontology/image_classification,image classification,0.3941414952278137,1
10.1109/AECE62803.2024.10911486,http://h-da.de/ml-ontology/regression,regression,0.4761645793914795,1
10.1109/AECE62803.2024.10911490,http://h-da.de/ml-ontology/feature_extraction,feature extraction,0.38638046383857727,1
10.1109/AEECA52519.2021.9574344,http://h-da.de/ml-ontology/image_classification,image classification,0.5695639848709106,1
10.1109/AEECA62331.2024.00054,http://h-da.de/ml-ontology/feature_extraction,feature extraction,0.36817824840545654,1
10.1109/AEES59800.2023.10469260,http://h-da.de/ml-ontology/time_series_analysis,time series analysis,0.3948437571525574,1
10.1109/AERO.2018.8396547,http://h-da.de/ml-ontology/binary_classification,binary classification,0.42298439145088196,1
10.1109/AERO50100.2021.9438381,http://h-da.de/ml-ontology/image_classification,image classification,0.4572887718677521,1
10.1109/AERO53065.2022.9843528,http://h-da.de/ml-ontology/anomaly_detection,anomaly detection,0.3736731708049774,1
10.1109/AERO55745.2023.10115751,http://h-da.de/ml-ontology/feature_extraction,feature extraction,0.3985312879085541,1
10.1109/AFRICON55910.2023.10293286,http://h-da.de/ml-ontology/regression,regression,0.44065776467323303,1
10.1109/AFROS62115.2024.11037112,http://h-da.de/ml-ontology/classification,classification,0.3995087146759033,1
10.1109/AHPCAI57455.2022.10087636,http://h-da.de/ml-ontology/object_detection,object detection,0.412109911441803,1
10.1109/AI4I51902.2021.00028,http://h-da.de/ml-ontology/feature_extraction,feature extraction,0.38181570172309875,1
10.1109/AIAC63745.2024.10899464,http://h-da.de/ml-ontology/image_classification,image classification,0.4606388509273529,1
10.1109/AIARS63200.2024.00048,http://h-da.de/ml-ontology/anomaly_detection,anomaly detection,0.5562655329704285,1
10.1109/AIC57670.2023.10263912,http://h-da.de/ml-ontology/regression,regression,0.49687495827674866,1
10.1109/AIC61668.2024.10730908,http://h-da.de/ml-ontology/image_classification,image classification,0.477336049079895,1
10.1109/AIC61668.2024.10730914,http://h-da.de/ml-ontology/binary_classification,binary classification,0.40830573439598083,1
10.1109/AIC61668.2024.10731028,http://h-da.de/ml-ontology/binary_classification,binary classification,0.40830573439598083,1
10.1109/AICAS57966.2023.10168655,http://h-da.de/ml-ontology/feature_reduction,feature reduction,0.37075716257095337,1
10.1109/AICCONF64766.2025.11064212,http://h-da.de/ml-ontology/anomaly_detection,anomaly detection,0.4295390844345093,1
10.1109/AICCSA.2016.7945719,http://h-da.de/ml-ontology/binary_classification,binary classification,0.38714176416397095,1
10.1109/AICERA/ICIS59538.2023.10420299,http://h-da.de/ml-ontology/image_classification,image classification,0.4198567271232605,1
10.1109/AIDLNN65358.2024.00042,http://h-da.de/ml-ontology/image_classification,image classification,0.38505327701568604,1
10.1109/AIE61866.2024.10561397,http://h-da.de/ml-ontology/time_series_classification,time series classification,0.4681406021118164,1
10.1109/AIID51893.2021.9456463,http://h-da.de/ml-ontology/time_series_forecasting,time series forecasting,0.4551394581794739,1
10.1109/AIID51893.2021.9456538,http://h-da.de/ml-ontology/feature_selection,feature selection,0.38397514820098877,1
10.1109/AIID51893.2021.9456556,http://h-da.de/ml-ontology/recommendation,recommendation,0.41396570205688477,1
10.1109/AIID51893.2021.9456579,http://h-da.de/ml-ontology/recommendation,recommendation,0.43214336037635803,1
10.1109/AIID51893.2021.9456586,http://h-da.de/ml-ontology/feature_extraction,feature extraction,0.35705268383026123,1
10.1109/AIITA65135.2025.11047993,http://h-da.de/ml-ontology/classification,classification,0.48093539476394653,1
10.1109/AIIoT52608.2021.9454173,http://h-da.de/ml-ontology/feature_extraction,feature extraction,0.3883163332939148,1
10.1109/AIIoT52608.2021.9454190,http://h-da.de/ml-ontology/image_classification,image classification,0.3750379979610443,1
10.1109/AIIoT58121.2023.10174541,http://h-da.de/ml-ontology/tabular_classification,tabular classification,0.3814648985862732,1
10.1109/AIIoT61789.2024.10578975,http://h-da.de/ml-ontology/feature_extraction,feature extraction,0.3766377568244934,1
10.1109/AIKIIE60097.2023.10389922,http://h-da.de/ml-ontology/regression,regression,0.42457228899002075,1
10.1109/AIKIIE60097.2023.10390300,http://h-da.de/ml-ontology/anomaly_detection,anomaly detection,0.4818999171257019,1
10.1109/AIM64088.2025.11175749,http://h-da.de/ml-ontology/audio_regression,audio regression,0.39207738637924194,1
10.1109/AIM64088.2025.11175806,http://h-da.de/ml-ontology/feature_extraction,feature extraction,0.365682452917099,1
10.1109/AIMLA63829.2025.11040358,http://h-da.de/ml-ontology/image_classification,image classification,0.5187720656394958,1
10.1109/AISP57993.2023.10135000,http://h-da.de/ml-ontology/regression,regression,0.38685840368270874,1
10.1109/AISP61711.2024.10870736,http://h-da.de/ml-ontology/feature_extraction,feature extraction,0.37928688526153564,1
10.1109/AITest58265.2023.00018,http://h-da.de/ml-ontology/recommendation,recommendation,0.3665614724159241,1
10.1109/AITest58265.2023.00023,http://h-da.de/ml-ontology/anomaly_detection,anomaly detection,0.4475749135017395,1
10.1109/AMATHE61652.2024.10582075,http://h-da.de/ml-ontology/feature_extraction,feature extraction,0.3640151023864746,1
10.1109/AMATHE61652.2024.10582141,http://h-da.de/ml-ontology/feature_extraction,feature extraction,0.5006160736083984,1
10.1109/AMATHE65477.2025.11081251,http://h-da.de/ml-ontology/regression,regression,0.35842934250831604,1
10.1109/AMCAI59331.2023.10431528,http://h-da.de/ml-ontology/anomaly_detection,anomaly detection,0.38680970668792725,1
10.1109/APCI61480.2024.10617154,http://h-da.de/ml-ontology/binary_classification,binary classification,0.3855800926685333,1
10.1109/APCI65531.2025.11137157,http://h-da.de/ml-ontology/audio_classification,audio classification,0.45868220925331116,1
10.1109/APCIT62007.2024.10673505,http://h-da.de/ml-ontology/feature_extraction,feature extraction,0.3982038199901581,1
10.1109/APCIT62007.2024.10673618,http://h-da.de/ml-ontology/feature_selection,feature selection,0.3570912778377533,1
10.1109/APCIT62007.2024.10673659,http://h-da.de/ml-ontology/sentiment_analysis,sentiment analysis,0.4702315926551819,1
10.1109/APEIE.2018.8546139,http://h-da.de/ml-ontology/feature_extraction,feature extraction,0.39537662267684937,1
10.1109/APPEEC.2009.4918943,http://h-da.de/ml-ontology/feature_reduction,feature reduction,0.4081759750843048,1
10.1109/APPEEC57400.2023.10561986,http://h-da.de/ml-ontology/time_series_classification,time series classification,0.3781246840953827,1
10.1109/APSIT63993.2025.11086266,http://h-da.de/ml-ontology/sentiment_analysis,sentiment analysis,0.571076512336731,1
10.1109/AQTR61889.2024.10554115,http://h-da.de/ml-ontology/binary_classification,binary classification,0.4827162027359009,1
10.1109/ARGENCON55245.2022.9939782,http://h-da.de/ml-ontology/anomaly_detection,anomaly detection,0.41201549768447876,1
10.1109/ASET53988.2022.9734799,http://h-da.de/ml-ontology/image_classification,image classification,0.46054303646087646,1
10.1109/ASET60340.2024.10708708,http://h-da.de/ml-ontology/tabular_classification,tabular classification,0.3580204248428345,1
10.1109/ASIANCON62057.2024.10837745,http://h-da.de/ml-ontology/feature_extraction,feature extraction,0.35418063402175903,1
10.1109/ASIANCON62057.2024.10837788,http://h-da.de/ml-ontology/binary_classification,binary classification,0.42181071639060974,1
10.1109/ASIANCON62057.2024.10837862,http://h-da.de/ml-ontology/feature_extraction,feature extraction,0.40921467542648315,1
10.1109/ASIANCON62057.2024.10837867,http://h-da.de/ml-ontology/image_classification,image classification,0.460610032081604,1
10.1109/ASMC.2011.5898218,http://h-da.de/ml-ontology/association_rule_learning,association rule learning,0.40414947271347046,1
10.1109/ASMC.2019.8791783,http://h-da.de/ml-ontology/image_regression,image regression,0.3623887896537781,1
10.1109/ASMC.2019.8791815,http://h-da.de/ml-ontology/image_classification,image classification,0.4890648126602173,1
10.1109/ASMC49169.2020.9185292,http://h-da.de/ml-ontology/feature_extraction,feature extraction,0.4764561653137207,1
10.1109/ASMC51741.2021.9435721,http://h-da.de/ml-ontology/image_classification,image classification,0.5154988765716553,1
10.1109/ASMC54647.2022.9792500,http://h-da.de/ml-ontology/image_classification,image classification,0.5163401961326599,1
10.1109/ASMC54647.2022.9792507,http://h-da.de/ml-ontology/feature_extraction,feature extraction,0.3569008708000183,1
10.1109/ASMC54647.2022.9792530,http://h-da.de/ml-ontology/anomaly_detection,anomaly detection,0.455826997756958,1
10.1109/ASMC57536.2023.10121112,http://h-da.de/ml-ontology/image_classification,image classification,0.41968613862991333,1
10.1109/ASMC61125.2024.10545468,http://h-da.de/ml-ontology/image_classification,image classification,0.4348469376564026,1
10.1109/ASMC64512.2025.11010401,http://h-da.de/ml-ontology/binary_classification,binary classification,0.3982684910297394,1
10.1109/ASMC64512.2025.11010700,http://h-da.de/ml-ontology/image_classification,image classification,0.46105706691741943,1
10.1109/ASMC64512.2025.11010721,http://h-da.de/ml-ontology/anomaly_detection,anomaly detection,0.4444805383682251,1
10.1109/ASPDAC.2016.7428100,http://h-da.de/ml-ontology/binary_classification,binary classification,0.3782975673675537,1
10.1109/ASSIC64892.2025.11158617,http://h-da.de/ml-ontology/image_classification,image classification,0.4905521273612976,1
10.1109/ASYU48272.2019.8946397,http://h-da.de/ml-ontology/feature_selection,feature selection,0.4556104838848114,1
10.1109/ASYU48272.2019.8946399,http://h-da.de/ml-ontology/feature_extraction,feature extraction,0.4098321795463562,1
10.1109/ASYU56188.2022.9925273,http://h-da.de/ml-ontology/time_series_classification,time series classification,0.4573483467102051,1
10.1109/ASYU62119.2024.10757079,http://h-da.de/ml-ontology/audio_regression,audio regression,0.35527676343917847,1
10.1109/AUTEEE60196.2023.10407575,http://h-da.de/ml-ontology/feature_extraction,feature extraction,0.3810575008392334,1
10.1109/AUTOCOM60220.2024.10486134,http://h-da.de/ml-ontology/anomaly_detection,anomaly detection,0.49172407388687134,1
10.1109/AUTOCOM64127.2025.10956372,http://h-da.de/ml-ontology/feature_extraction,feature extraction,0.3506889045238495,1
10.1109/AUTOCOM64127.2025.10956789,http://h-da.de/ml-ontology/feature_extraction,feature extraction,0.38856440782546997,1
10.1109/AUTOCOM64127.2025.10957361,http://h-da.de/ml-ontology/regression,regression,0.44212937355041504,1
10.1109/AdCONIP55568.2022.9894133,http://h-da.de/ml-ontology/regression,regression,0.41852399706840515,1
10.1109/AdCONIP55568.2022.9894195,http://h-da.de/ml-ontology/feature_extraction,feature extraction,0.36335355043411255,1
10.1109/BEC56180.2022.9935598,http://h-da.de/ml-ontology/image_segmentation,image segmentation,0.43746116757392883,1
10.1109/BIBE50027.2020.00105,http://h-da.de/ml-ontology/image_classification,image classification,0.3701169192790985,1
10.1109/BIBM49941.2020.9313297,http://h-da.de/ml-ontology/feature_extraction,feature extraction,0.41243892908096313,1
10.1109/BITCON63716.2024.10985413,http://h-da.de/ml-ontology/image_classification,image classification,0.4074179530143738,1
10.1109/BMEI.2012.6513123,http://h-da.de/ml-ontology/time_series_forecasting,time series forecasting,0.3944443464279175,1
10.1109/BigComp48618.2020.0-106,http://h-da.de/ml-ontology/image_classification,image classification,0.458692729473114,1
10.1109/BigComp54360.2022.00053,http://h-da.de/ml-ontology/feature_extraction,feature extraction,0.4263947010040283,1
10.1109/BigData.2016.7840827,http://h-da.de/ml-ontology/binary_classification,binary classification,0.4702513813972473,1
10.1109/BigData.2016.7840828,http://h-da.de/ml-ontology/binary_classification,binary classification,0.5135858654975891,1
10.1109/BigData.2016.7840831,http://h-da.de/ml-ontology/feature_extraction,feature extraction,0.35605403780937195,1
10.1109/BigData.2016.7841045,http://h-da.de/ml-ontology/feature_extraction,feature extraction,0.37891319394111633,1
10.1109/BigData.2017.8258116,http://h-da.de/ml-ontology/feature_extraction,feature extraction,0.35129836201667786,1
10.1109/BigData.2017.8258158,http://h-da.de/ml-ontology/feature_extraction,feature extraction,0.43870604038238525,1
10.1109/BigData47090.2019.9005581,http://h-da.de/ml-ontology/regression,regression,0.4109898507595062,1
10.1109/BigData47090.2019.9006439,http://h-da.de/ml-ontology/image_regression,image regression,0.4865417182445526,1
10.1109/BigData47090.2019.9006588,http://h-da.de/ml-ontology/object_detection,object detection,0.5089554786682129,1
10.1109/BigData50022.2020.9377947,http://h-da.de/ml-ontology/time_series_forecasting,time series forecasting,0.4690220355987549,1
10.1109/BigData52589.2021.9671298,http://h-da.de/ml-ontology/feature_extraction,feature extraction,0.40688252449035645,1
10.1109/BigData52589.2021.9671618,http://h-da.de/ml-ontology/feature_extraction,feature extraction,0.3826751112937927,1
10.1109/BigData52589.2021.9671835,http://h-da.de/ml-ontology/time_series_classification,time series classification,0.4660741090774536,1
10.1109/BigData52589.2021.9671903,http://h-da.de/ml-ontology/feature_extraction,feature extraction,0.44094693660736084,1
10.1109/BigData52589.2021.9671939,http://h-da.de/ml-ontology/sentiment_analysis,sentiment analysis,0.48792874813079834,1
10.1109/BigData55660.2022.10020384,http://h-da.de/ml-ontology/binary_classification,binary classification,0.427810400724411,1
10.1109/BigData55660.2022.10020525,http://h-da.de/ml-ontology/image_classification,image classification,0.446752667427063,1
10.1109/BigData55660.2022.10020526,http://h-da.de/ml-ontology/regression,regression,0.46376585960388184,1
10.1109/BigData55660.2022.10020580,http://h-da.de/ml-ontology/image_classification,image classification,0.3719269633293152,1
10.1109/BigData55660.2022.10020836,http://h-da.de/ml-ontology/feature_extraction,feature extraction,0.40462446212768555,1
10.1109/BigData59044.2023.10386141,http://h-da.de/ml-ontology/feature_extraction,feature extraction,0.3829389214515686,1
10.1109/BigData59044.2023.10386699,http://h-da.de/ml-ontology/feature_extraction,feature extraction,0.3523827791213989,1
10.1109/BigDataCongress.2018.00044,http://h-da.de/ml-ontology/time_series_forecasting,time series forecasting,0.39755359292030334,1
10.1109/BigDataService52369.2021.00007,http://h-da.de/ml-ontology/feature_extraction,feature extraction,0.38429373502731323,1
10.1109/BigDataService52369.2021.00035,http://h-da.de/ml-ontology/anomaly_detection,anomaly detection,0.5317292213439941,1
10.1109/BlackSeaCom48709.2020.9234957,http://h-da.de/ml-ontology/anomaly_detection,anomaly detection,0.49451589584350586,1
10.1109/C2I663243.2024.10895191,http://h-da.de/ml-ontology/regression,regression,0.39789408445358276,1
10.1109/C2I663243.2024.10895762,http://h-da.de/ml-ontology/time_series_classification,time series classification,0.39918845891952515,1
10.1109/CAC48633.2019.8996854,http://h-da.de/ml-ontology/feature_extraction,feature extraction,0.4786750078201294,1
10.1109/CAC48633.2019.8996997,http://h-da.de/ml-ontology/feature_extraction,feature extraction,0.3895314037799835,1
10.1109/CAC59555.2023.10451650,http://h-da.de/ml-ontology/feature_extraction,feature extraction,0.42110127210617065,1
10.1109/CACS.2016.7973883,http://h-da.de/ml-ontology/action_recognition,action recognition,0.48100394010543823,1
10.1109/CACS47674.2019.9024364,http://h-da.de/ml-ontology/regression,regression,0.40472567081451416,1
10.1109/CACS50047.2020.9289771,http://h-da.de/ml-ontology/feature_extraction,feature extraction,0.3503011465072632,1
10.1109/CACS50047.2020.9289830,http://h-da.de/ml-ontology/regression,regression,0.3923513889312744,1
10.1109/CACS55319.2022.9969826,http://h-da.de/ml-ontology/image_classification,image classification,0.4382762908935547,1
10.1109/CACS63404.2024.10773263,http://h-da.de/ml-ontology/tabular_classification,tabular classification,0.3543449640274048,1
10.1109/CAI59869.2024.00036,http://h-da.de/ml-ontology/feature_extraction,feature extraction,0.39381128549575806,1
10.1109/CAI64502.2025.00011,http://h-da.de/ml-ontology/feature_extraction,feature extraction,0.434466153383255,1
10.1109/CAI64502.2025.00275,http://h-da.de/ml-ontology/feature_selection,feature selection,0.3586064577102661,1
10.1109/CAIN58948.2023.00014,http://h-da.de/ml-ontology/feature_extraction,feature extraction,0.433479368686676,1
10.1109/CANDAR64496.2024.00031,http://h-da.de/ml-ontology/anomaly_detection,anomaly detection,0.4780105948448181,1
10.1109/CASE48305.2020.9216787,http://h-da.de/ml-ontology/audio_classification,audio classification,0.5024266839027405,1
10.1109/CASE48305.2020.9216842,http://h-da.de/ml-ontology/feature_extraction,feature extraction,0.3784228563308716,1
10.1109/CASE48305.2020.9216979,http://h-da.de/ml-ontology/feature_extraction,feature extraction,0.35293084383010864,1
10.1109/CASE48305.2020.9217000,http://h-da.de/ml-ontology/feature_extraction,feature extraction,0.4028970003128052,1
10.1109/CASE56687.2023.10260501,http://h-da.de/ml-ontology/link_prediction,link prediction,0.45705097913742065,1
10.1109/CASE58245.2025.11163765,http://h-da.de/ml-ontology/feature_extraction,feature extraction,0.43130403757095337,1
10.1109/CASE58245.2025.11163931,http://h-da.de/ml-ontology/binary_classification,binary classification,0.36318421363830566,1
10.1109/CASE58245.2025.11163955,http://h-da.de/ml-ontology/image_regression,image regression,0.3560274839401245,1
10.1109/CASE58245.2025.11164069,http://h-da.de/ml-ontology/feature_extraction,feature extraction,0.481469988822937,1
10.1109/CASE58245.2025.11164084,http://h-da.de/ml-ontology/feature_extraction,feature extraction,0.3926413655281067,1
10.1109/CASE58245.2025.11164094,http://h-da.de/ml-ontology/regression,regression,0.36648380756378174,1
10.1109/CASE59546.2024.10711348,http://h-da.de/ml-ontology/object_detection,object detection,0.4094333052635193,1
10.1109/CASE59546.2024.10711510,http://h-da.de/ml-ontology/image_classification,image classification,0.4532715678215027,1
10.1109/CBD65573.2024.00013,http://h-da.de/ml-ontology/feature_extraction,feature extraction,0.3546181321144104,1
10.1109/CBD65573.2024.00071,http://h-da.de/ml-ontology/regression,regression,0.4197080731391907,1
10.1109/CBI.2018.00028,http://h-da.de/ml-ontology/time_series_classification,time series classification,0.4717337489128113,1
10.1109/CCAC58200.2023.10333661,http://h-da.de/ml-ontology/audio_regression,audio regression,0.4864029884338379,1
10.1109/CCCS.2018.8586818,http://h-da.de/ml-ontology/image_classification,image classification,0.5060740113258362,1
10.1109/CCDC62350.2024.10587398,http://h-da.de/ml-ontology/time_series_classification,time series classification,0.43126118183135986,1
10.1109/CCDC62350.2024.10587772,http://h-da.de/ml-ontology/regression,regression,0.3641144335269928,1
10.1109/CCE50788.2020.9299143,http://h-da.de/ml-ontology/audio_classification,audio classification,0.4190012812614441,1
10.1109/CCE50788.2020.9299208,http://h-da.de/ml-ontology/time_series_classification,time series classification,0.4641216993331909,1
10.1109/CCE53527.2021.9633116,http://h-da.de/ml-ontology/association_rule_learning,association rule learning,0.45249074697494507,1
10.1109/CCE56709.2022.9975884,http://h-da.de/ml-ontology/tabular_classification,tabular classification,0.43084827065467834,1
10.1109/CCECE.2016.7726783,http://h-da.de/ml-ontology/feature_extraction,feature extraction,0.3884666860103607,1
10.1109/CCECE47787.2020.9255800,http://h-da.de/ml-ontology/binary_classification,binary classification,0.35336732864379883,1
10.1109/CCECE49351.2022.9918212,http://h-da.de/ml-ontology/regression,regression,0.49910059571266174,1
10.1109/CCECE53047.2021.9569060,http://h-da.de/ml-ontology/feature_extraction,feature extraction,0.4321663975715637,1
10.1109/CCECE59415.2024.10667188,http://h-da.de/ml-ontology/regression,regression,0.40273773670196533,1
10.1109/CCECE59415.2024.10667305,http://h-da.de/ml-ontology/feature_extraction,feature extraction,0.37501972913742065,1
10.1109/CCET56606.2022.10080532,http://h-da.de/ml-ontology/time_series_classification,time series classification,0.43395182490348816,1
10.1109/CCIS63231.2024.10932064,http://h-da.de/ml-ontology/anomaly_detection,anomaly detection,0.4959002435207367,1
10.1109/CCIS63231.2024.10932082,http://h-da.de/ml-ontology/time_series_forecasting,time series forecasting,0.3911633789539337,1
10.1109/CCISP55629.2022.9974345,http://h-da.de/ml-ontology/image_classification,image classification,0.39998704195022583,1
10.1109/CCNC49032.2021.9369455,http://h-da.de/ml-ontology/feature_extraction,feature extraction,0.3587920665740967,1
10.1109/CCPIS59145.2023.10291333,http://h-da.de/ml-ontology/time_series_forecasting,time series forecasting,0.48179689049720764,1
10.1109/CCTA48906.2021.9659110,http://h-da.de/ml-ontology/anomaly_detection,anomaly detection,0.46758580207824707,1
10.1109/CCTA49430.2022.9966138,http://h-da.de/ml-ontology/anomaly_detection,anomaly detection,0.5949060916900635,1
10.1109/CCWC51732.2021.9376171,http://h-da.de/ml-ontology/association_rule_learning,association rule learning,0.36932647228240967,1
10.1109/CCWC60891.2024.10427649,http://h-da.de/ml-ontology/feature_extraction,feature extraction,0.40891575813293457,1
10.1109/CDC42340.2020.9304418,http://h-da.de/ml-ontology/feature_extraction,feature extraction,0.3760561943054199,1
10.1109/CDC45484.2021.9683231,http://h-da.de/ml-ontology/anomaly_detection,anomaly detection,0.4478009343147278,1
10.1109/CDMA61895.2025.00013,http://h-da.de/ml-ontology/tabular_classification,tabular classification,0.40584659576416016,1
10.1109/CDS49703.2020.00020,http://h-da.de/ml-ontology/audio_regression,audio regression,0.35892367362976074,1
10.1109/CE2CT64011.2025.10939142,http://h-da.de/ml-ontology/binary_classification,binary classification,0.4347134828567505,1
10.1109/CE2CT64011.2025.10939295,http://h-da.de/ml-ontology/anomaly_detection,anomaly detection,0.44487929344177246,1
10.1109/CE2CT64011.2025.10939302,http://h-da.de/ml-ontology/feature_selection,feature selection,0.3728387951850891,1
10.1109/CE2CT64011.2025.10939840,http://h-da.de/ml-ontology/binary_classification,binary classification,0.3641584515571594,1
10.1109/CEC.2019.8790020,http://h-da.de/ml-ontology/sentiment_analysis,sentiment analysis,0.5322738885879517,1
10.1109/CECIT53797.2021.00084,http://h-da.de/ml-ontology/binary_classification,binary classification,0.3781612515449524,1
10.1109/CECIT53797.2021.00128,http://h-da.de/ml-ontology/anomaly_detection,anomaly detection,0.38109004497528076,1
10.1109/CEEGE62093.2024.10744072,http://h-da.de/ml-ontology/feature_extraction,feature extraction,0.3937099874019623,1
10.1109/CENIM64038.2024.10882712,http://h-da.de/ml-ontology/image_classification,image classification,0.3865889310836792,1
10.1109/CENIM64038.2024.10882774,http://h-da.de/ml-ontology/binary_classification,binary classification,0.3619552254676819,1
10.1109/CERA59325.2023.10455442,http://h-da.de/ml-ontology/image_classification,image classification,0.4407820701599121,1
10.1109/CGEE62671.2024.10955928,http://h-da.de/ml-ontology/regression,regression,0.35715046525001526,1
10.1109/CICED.2008.5211667,http://h-da.de/ml-ontology/binary_classification,binary classification,0.3745018243789673,1
10.1109/CICN51697.2021.9574668,http://h-da.de/ml-ontology/binary_classification,binary classification,0.42093637585639954,1
10.1109/CICN63059.2024.10847337,http://h-da.de/ml-ontology/time_series_classification,time series classification,0.40734851360321045,1
10.1109/CICN63059.2024.10847360,http://h-da.de/ml-ontology/image_classification,image classification,0.36934393644332886,1
10.1109/CIEEC64805.2025.11116225,http://h-da.de/ml-ontology/audio_regression,audio regression,0.367845743894577,1
10.1109/CIEES62939.2024.10811260,http://h-da.de/ml-ontology/regression,regression,0.40818554162979126,1
10.1109/CIES64955.2025.11007634,http://h-da.de/ml-ontology/feature_extraction,feature extraction,0.45755502581596375,1
10.1109/CIISCA59740.2023.00066,http://h-da.de/ml-ontology/image_classification,image classification,0.46596795320510864,1
10.1109/CIMPS65195.2024.11095958,http://h-da.de/ml-ontology/time_series_classification,time series classification,0.3604295551776886,1
10.1109/CINE.2016.35,http://h-da.de/ml-ontology/recommendation,recommendation,0.37901800870895386,1
10.1109/CINE63708.2024.10881672,http://h-da.de/ml-ontology/regression,regression,0.37370067834854126,1
10.1109/CIS-RAM55796.2023.10370014,http://h-da.de/ml-ontology/anomaly_detection,anomaly detection,0.4714369773864746,1
10.1109/CIS-RAM55796.2023.10370990,http://h-da.de/ml-ontology/image_classification,image classification,0.4249078631401062,1
10.1109/CISAI54367.2021.00164,http://h-da.de/ml-ontology/feature_extraction,feature extraction,0.4783346354961395,1
10.1109/CISCT62494.2024.11134272,http://h-da.de/ml-ontology/anomaly_detection,anomaly detection,0.47176676988601685,1
10.1109/CITDS54976.2022.9914338,http://h-da.de/ml-ontology/anomaly_detection,anomaly detection,0.445445716381073,1
10.1109/CITDS54976.2022.9914377,http://h-da.de/ml-ontology/anomaly_detection,anomaly detection,0.4701370596885681,1
10.1109/CIVEMSA53371.2022.9853685,http://h-da.de/ml-ontology/binary_classification,binary classification,0.43464359641075134,1
10.1109/CLOUD.2019.00038,http://h-da.de/ml-ontology/anomaly_detection,anomaly detection,0.47814279794692993,1
10.1109/CMT.2019.8931327,http://h-da.de/ml-ontology/binary_classification,binary classification,0.3730872869491577,1
10.1109/COASE.2008.4626545,http://h-da.de/ml-ontology/binary_classification,binary classification,0.3953344523906708,1
10.1109/COASE.2019.8843232,http://h-da.de/ml-ontology/clustering,clustering,0.4226973354816437,1
10.1109/COINS49042.2020.9191386,http://h-da.de/ml-ontology/image_classification,image classification,0.36973485350608826,1
10.1109/COINS61597.2024.10622240,http://h-da.de/ml-ontology/feature_extraction,feature extraction,0.5019604563713074,1
10.1109/COMPAS60761.2024.10796006,http://h-da.de/ml-ontology/image_classification,image classification,0.49389511346817017,1
10.1109/COMPAS60761.2024.10796308,http://h-da.de/ml-ontology/binary_classification,binary classification,0.42979109287261963,1
10.1109/COMPAS60761.2024.10797051,http://h-da.de/ml-ontology/regression,regression,0.44104209542274475,1
10.1109/COMPENG50184.2022.9905438,http://h-da.de/ml-ontology/image_classification,image classification,0.3506901264190674,1
10.1109/COMPSAC61105.2024.00044,http://h-da.de/ml-ontology/association_rule_learning,association rule learning,0.444293737411499,1
10.1109/CONECCT52877.2021.9622361,http://h-da.de/ml-ontology/image_classification,image classification,0.3759654760360718,1
10.1109/CONECCT62155.2024.10677118,http://h-da.de/ml-ontology/feature_extraction,feature extraction,0.3552325367927551,1
10.1109/CONIT55038.2022.9847990,http://h-da.de/ml-ontology/clustering,clustering,0.48759907484054565,1
10.1109/CONIT65521.2025.11167141,http://h-da.de/ml-ontology/object_detection,object detection,0.37311261892318726,1
10.1109/CPE-POWERENG63314.2025.11027253,http://h-da.de/ml-ontology/image_classification,image classification,0.36738133430480957,1
10.1109/CSASE51777.2022.9759655,http://h-da.de/ml-ontology/feature_extraction,feature extraction,0.4217914044857025,1
10.1109/CSCC55931.2022.00066,http://h-da.de/ml-ontology/binary_classification,binary classification,0.4574960768222809,1
10.1109/CSCE60160.2023.00042,http://h-da.de/ml-ontology/time_series_forecasting,time series forecasting,0.4331422746181488,1
10.1109/CSCE60160.2023.00048,http://h-da.de/ml-ontology/regression,regression,0.4477768838405609,1
10.1109/CSCI49370.2019.00059,http://h-da.de/ml-ontology/feature_extraction,feature extraction,0.4094359576702118,1
10.1109/CSCWD49262.2021.9437888,http://h-da.de/ml-ontology/time_series_forecasting,time series forecasting,0.3654967248439789,1
10.1109/CSDE50874.2020.9411386,http://h-da.de/ml-ontology/feature_extraction,feature extraction,0.4095274806022644,1
10.1109/CSNT57126.2023.10134593,http://h-da.de/ml-ontology/regression,regression,0.4526959955692291,1
10.1109/CSNT64827.2025.10968676,http://h-da.de/ml-ontology/feature_extraction,feature extraction,0.40175729990005493,1
10.1109/CSPA48992.2020.9068669,http://h-da.de/ml-ontology/image_classification,image classification,0.5071588754653931,1
10.1109/CSTIC55103.2022.9856736,http://h-da.de/ml-ontology/image_regression,image regression,0.4125213027000427,1
10.1109/CSTIC58779.2023.10219236,http://h-da.de/ml-ontology/image_regression,image regression,0.4763285517692566,1
10.1109/CSTIC61820.2024.10531947,http://h-da.de/ml-ontology/image_classification,image classification,0.3720751404762268,1
10.1109/CSTIC61820.2024.10532078,http://h-da.de/ml-ontology/feature_extraction,feature extraction,0.4404349625110626,1
10.1109/CVMI61877.2024.10782617,http://h-da.de/ml-ontology/image_classification,image classification,0.46158140897750854,1
10.1109/CVPR46437.2021.01153,http://h-da.de/ml-ontology/feature_extraction,feature extraction,0.3722345232963562,1
10.1109/CVPRW50498.2020.00096,http://h-da.de/ml-ontology/feature_extraction,feature extraction,0.4070977568626404,1
10.1109/CW.2019.00025,http://h-da.de/ml-ontology/image_classification,image classification,0.5037704110145569,1
10.1109/CYBERCOM63683.2024.10803250,http://h-da.de/ml-ontology/feature_extraction,feature extraction,0.400185763835907,1
10.1109/CiSt56084.2023.10410011,http://h-da.de/ml-ontology/feature_extraction,feature extraction,0.3713626563549042,1
10.1109/CoASE.2015.7294264,http://h-da.de/ml-ontology/image_regression,image regression,0.3852367103099823,1
10.1109/CoDIT55151.2022.9803911,http://h-da.de/ml-ontology/image_classification,image classification,0.5142788887023926,1
10.1109/CoDIT55151.2022.9803983,http://h-da.de/ml-ontology/feature_extraction,feature extraction,0.43698588013648987,1
10.1109/CoDIT55151.2022.9804113,http://h-da.de/ml-ontology/regression,regression,0.3799821436405182,1
10.1109/CoDIT58514.2023.10284132,http://h-da.de/ml-ontology/image_regression,image regression,0.3975293040275574,1
10.1109/CoDIT62066.2024.10708222,http://h-da.de/ml-ontology/anomaly_detection,anomaly detection,0.5762442350387573,1
10.1109/ComComAp51192.2020.9398889,http://h-da.de/ml-ontology/feature_extraction,feature extraction,0.37523606419563293,1
10.1109/ComPE53109.2021.9751990,http://h-da.de/ml-ontology/feature_extraction,feature extraction,0.39469361305236816,1
10.1109/ComTech65062.2025.11034461,http://h-da.de/ml-ontology/text_analytics,text analytics,0.46078217029571533,1
10.1109/CompComm.2017.8323052,http://h-da.de/ml-ontology/association_rule_learning,association rule learning,0.5173872709274292,1
10.1109/CompComm.2018.8780992,http://h-da.de/ml-ontology/translation,translation,0.42479658126831055,1
10.1109/Confluence51648.2021.9377131,http://h-da.de/ml-ontology/time_series_classification,time series classification,0.3928825855255127,1
10.1109/Confluence52989.2022.9734203,http://h-da.de/ml-ontology/image_classification,image classification,0.40042561292648315,1
10.1109/Confluence60223.2024.10463280,http://h-da.de/ml-ontology/anomaly_detection,anomaly detection,0.46072012186050415,1
10.1109/Confluence60223.2024.10463373,http://h-da.de/ml-ontology/feature_extraction,feature extraction,0.3545895218849182,1
10.1109/Confluence60223.2024.10463495,http://h-da.de/ml-ontology/feature_extraction,feature extraction,0.38082408905029297,1
10.1109/CyberSecPODS.2018.8560683,http://h-da.de/ml-ontology/anomaly_detection,anomaly detection,0.4985724687576294,1
10.1109/DAC18074.2021.9586238,http://h-da.de/ml-ontology/feature_extraction,feature extraction,0.4098397493362427,1
10.1109/DAPIC66097.2025.00142,http://h-da.de/ml-ontology/time_series_classification,time series classification,0.4072766602039337,1
10.1109/DAS49615.2020.9108913,http://h-da.de/ml-ontology/binary_classification,binary classification,0.3671359121799469,1
10.1109/DASA59624.2023.10286671,http://h-da.de/ml-ontology/image_classification,image classification,0.48139941692352295,1
10.1109/DASC/PiCom/CBDCom/Cy55231.2022.9927978,http://h-da.de/ml-ontology/time_series_forecasting,time series forecasting,0.4352887272834778,1
10.1109/DASC/PiCom/CBDCom/Cy59711.2023.10361506,http://h-da.de/ml-ontology/feature_extraction,feature extraction,0.36959144473075867,1
10.1109/DASC/PiCom/DataCom/CyberSciTec.2018.00037,http://h-da.de/ml-ontology/anomaly_detection,anomaly detection,0.44552522897720337,1
10.1109/DASC52595.2021.9594374,http://h-da.de/ml-ontology/time_series_classification,time series classification,0.37164199352264404,1
10.1109/DASC62030.2024.10749490,http://h-da.de/ml-ontology/audio_regression,audio regression,0.38539814949035645,1
10.1109/DCAS53974.2022.9845611,http://h-da.de/ml-ontology/image_classification,image classification,0.4401199221611023,1
10.1109/DCNA59899.2023.10290340,http://h-da.de/ml-ontology/image_classification,image classification,0.4564029574394226,1
10.1109/DCOSS-IoT58021.2023.00062,http://h-da.de/ml-ontology/anomaly_detection,anomaly detection,0.4365387558937073,1
10.1109/DCOSS.2019.00071,http://h-da.de/ml-ontology/feature_extraction,feature extraction,0.47339048981666565,1
10.1109/DCOSS.2019.00073,http://h-da.de/ml-ontology/feature_extraction,feature extraction,0.3761504888534546,1
10.1109/DCOSS49796.2020.00046,http://h-da.de/ml-ontology/time_series_forecasting,time series forecasting,0.37628376483917236,1
10.1109/DDCLS52934.2021.9455547,http://h-da.de/ml-ontology/feature_extraction,feature extraction,0.3712359666824341,1
10.1109/DDCLS55054.2022.9858502,http://h-da.de/ml-ontology/binary_classification,binary classification,0.4837508499622345,1
10.1109/DDCLS58216.2023.10167213,http://h-da.de/ml-ontology/audio_regression,audio regression,0.3681913912296295,1
10.1109/DDCLS61622.2024.10606690,http://h-da.de/ml-ontology/feature_extraction,feature extraction,0.36953413486480713,1
10.1109/DDCLS61622.2024.10606723,http://h-da.de/ml-ontology/feature_extraction,feature extraction,0.48271894454956055,1
10.1109/DEMPED.2017.8062371,http://h-da.de/ml-ontology/clustering,clustering,0.38371986150741577,1
10.1109/DESSERT58054.2022.10018614,http://h-da.de/ml-ontology/regression,regression,0.38969722390174866,1
10.1109/DFT52944.2021.9568321,http://h-da.de/ml-ontology/feature_extraction,feature extraction,0.388455867767334,1
10.1109/DICCT61038.2024.10532991,http://h-da.de/ml-ontology/image_classification,image classification,0.42330437898635864,1
10.1109/DSAA.2019.00069,http://h-da.de/ml-ontology/tabular_regression,tabular regression,0.3721727132797241,1
10.1109/DSAA53316.2021.9564184,http://h-da.de/ml-ontology/feature_extraction,feature extraction,0.39701128005981445,1
10.1109/DSAA53316.2021.9564228,http://h-da.de/ml-ontology/anomaly_detection,anomaly detection,0.45937517285346985,1
10.1109/DSD60849.2023.00051,http://h-da.de/ml-ontology/time_series_forecasting,time series forecasting,0.41512709856033325,1
10.1109/DSPA57594.2023.10113395,http://h-da.de/ml-ontology/anomaly_detection,anomaly detection,0.5344564914703369,1
10.1109/DeSE.2019.00181,http://h-da.de/ml-ontology/binary_classification,binary classification,0.461810439825058,1
10.1109/DeSE58274.2023.10099694,http://h-da.de/ml-ontology/image_classification,image classification,0.5282860398292542,1
10.1109/DeSE60595.2023.10469279,http://h-da.de/ml-ontology/regression,regression,0.48687848448753357,1
10.1109/EAIC66483.2025.11101425,http://h-da.de/ml-ontology/feature_extraction,feature extraction,0.37624746561050415,1
10.1109/EAIT.2012.6407883,http://h-da.de/ml-ontology/image_classification,image classification,0.5433338284492493,1
10.1109/ECAI54874.2022.9847479,http://h-da.de/ml-ontology/feature_extraction,feature extraction,0.4077676236629486,1
10.1109/ECCE-Asia63110.2025.11112401,http://h-da.de/ml-ontology/anomaly_detection,anomaly detection,0.48648151755332947,1
10.1109/ECCE.2019.8912697,http://h-da.de/ml-ontology/feature_extraction,feature extraction,0.36766472458839417,1
10.1109/ECCE55643.2024.10861733,http://h-da.de/ml-ontology/anomaly_detection,anomaly detection,0.44808074831962585,1
10.1109/ECCE64574.2025.11013163,http://h-da.de/ml-ontology/feature_extraction,feature extraction,0.40843796730041504,1
10.1109/ECCE64574.2025.11013292,http://h-da.de/ml-ontology/image_classification,image classification,0.4668450355529785,1
10.1109/ECCE64574.2025.11013384,http://h-da.de/ml-ontology/time_series_classification,time series classification,0.42322325706481934,1
10.1109/ECICE47484.2019.8942689,http://h-da.de/ml-ontology/image_classification,image classification,0.4229963421821594,1
10.1109/ECNCT59757.2023.10281160,http://h-da.de/ml-ontology/feature_extraction,feature extraction,0.3595719635486603,1
10.1109/ECTC32696.2021.00346,http://h-da.de/ml-ontology/image_classification,image classification,0.48593980073928833,1
10.1109/EDM55285.2022.9855092,http://h-da.de/ml-ontology/feature_extraction,feature extraction,0.44491732120513916,1
10.1109/EDM58354.2023.10225198,http://h-da.de/ml-ontology/binary_classification,binary classification,0.36241400241851807,1
10.1109/EDM65517.2025.11096662,http://h-da.de/ml-ontology/time_series_classification,time series classification,0.3975616991519928,1
10.1109/EDPC.2018.8658346,http://h-da.de/ml-ontology/image_classification,image classification,0.37673109769821167,1
10.1109/EDPC48408.2019.9011820,http://h-da.de/ml-ontology/image_classification,image classification,0.42685025930404663,1
10.1109/EDPC51184.2020.9388211,http://h-da.de/ml-ontology/feature_extraction,feature extraction,0.39278388023376465,1
10.1109/EDPEE61724.2024.00074,http://h-da.de/ml-ontology/feature_extraction,feature extraction,0.3694172501564026,1
10.1109/EDPEE65754.2025.00154,http://h-da.de/ml-ontology/feature_extraction,feature extraction,0.4687957763671875,1
10.1109/EDiS63605.2024.10783269,http://h-da.de/ml-ontology/audio_regression,audio regression,0.37057965993881226,1
10.1109/EECSI63442.2024.10776426,http://h-da.de/ml-ontology/image_classification,image classification,0.4049801826477051,1
10.1109/EEE-AM58328.2023.10395078,http://h-da.de/ml-ontology/anomaly_detection,anomaly detection,0.6282109022140503,1
10.1109/EEEIC/ICPSEurope57605.2023.10194689,http://h-da.de/ml-ontology/time_series_forecasting,time series forecasting,0.41824597120285034,1
10.1109/EEEIC/ICPSEurope64998.2025.11169068,http://h-da.de/ml-ontology/binary_classification,binary classification,0.3584537208080292,1
10.1109/EEEIC/ICPSEurope64998.2025.11169206,http://h-da.de/ml-ontology/time_series_forecasting,time series forecasting,0.4578816592693329,1
10.1109/EEM58374.2023.10161961,http://h-da.de/ml-ontology/time_series_forecasting,time series forecasting,0.42869850993156433,1
10.1109/EI252483.2021.9713267,http://h-da.de/ml-ontology/regression,regression,0.47566157579421997,1
10.1109/EIRCON52903.2021.9613559,http://h-da.de/ml-ontology/feature_extraction,feature extraction,0.38004571199417114,1
10.1109/EIT48999.2020.9208238,http://h-da.de/ml-ontology/association_rule_learning,association rule learning,0.36885228753089905,1
10.1109/EIT51626.2021.9491833,http://h-da.de/ml-ontology/feature_extraction,feature extraction,0.4053990840911865,1
10.1109/EIT51626.2021.9491844,http://h-da.de/ml-ontology/image_classification,image classification,0.3575388789176941,1
10.1109/ELMA65795.2025.11083388,http://h-da.de/ml-ontology/binary_classification,binary classification,0.44935086369514465,1
10.1109/ELMAR62909.2024.10694600,http://h-da.de/ml-ontology/image_classification,image classification,0.40828564763069153,1
10.1109/ELTICOM64085.2024.10864725,http://h-da.de/ml-ontology/regression,regression,0.44934362173080444,1
10.1109/ENBENG.2019.8692463,http://h-da.de/ml-ontology/feature_extraction,feature extraction,0.3662928342819214,1
10.1109/EPEC.2016.7771704,http://h-da.de/ml-ontology/anomaly_detection,anomaly detection,0.49465033411979675,1
10.1109/EPTC56328.2022.10013210,http://h-da.de/ml-ontology/feature_extraction,feature extraction,0.3700786828994751,1
10.1109/ES64449.2025.11136394,http://h-da.de/ml-ontology/time_series_classification,time series classification,0.4236581325531006,1
10.1109/ESCI53509.2022.9758280,http://h-da.de/ml-ontology/image_classification,image classification,0.5061235427856445,1
10.1109/ESCI59607.2024.10497276,http://h-da.de/ml-ontology/binary_classification,binary classification,0.3726574182510376,1
10.1109/ESIC64052.2025.10962777,http://h-da.de/ml-ontology/tabular_classification,tabular classification,0.43121516704559326,1
10.1109/ETCC65847.2025.11108468,http://h-da.de/ml-ontology/binary_classification,binary classification,0.4103403091430664,1
10.1109/ETCM56276.2022.9935765,http://h-da.de/ml-ontology/time_series_classification,time series classification,0.46594786643981934,1
10.1109/ETECTE63967.2024.10824020,http://h-da.de/ml-ontology/time_series_classification,time series classification,0.49253201484680176,1
10.1109/ETFA.2001.996426,http://h-da.de/ml-ontology/association_rule_learning,association rule learning,0.4495645761489868,1
10.1109/ETFA.2009.5347229,http://h-da.de/ml-ontology/feature_extraction,feature extraction,0.35638076066970825,1
10.1109/ETFA.2016.7733534,http://h-da.de/ml-ontology/time_series_classification,time series classification,0.4456946551799774,1
10.1109/ETFA.2017.8247642,http://h-da.de/ml-ontology/time_series_classification,time series classification,0.4629446566104889,1
10.1109/ETFA.2017.8247659,http://h-da.de/ml-ontology/feature_extraction,feature extraction,0.4378196597099304,1
10.1109/ETFA.2017.8247740,http://h-da.de/ml-ontology/regression,regression,0.45175740122795105,1
10.1109/ETFA.2018.8502599,http://h-da.de/ml-ontology/feature_extraction,feature extraction,0.3737014830112457,1
10.1109/ETFA.2019.8869017,http://h-da.de/ml-ontology/feature_extraction,feature extraction,0.4361599087715149,1
10.1109/ETFA.2019.8869075,http://h-da.de/ml-ontology/feature_extraction,feature extraction,0.3848527669906616,1
10.1109/ETFA.2019.8869311,http://h-da.de/ml-ontology/image_classification,image classification,0.5067980289459229,1
10.1109/ETFA.2019.8869371,http://h-da.de/ml-ontology/feature_extraction,feature extraction,0.46821901202201843,1
10.1109/ETFA.2019.8869517,http://h-da.de/ml-ontology/regression,regression,0.4135434925556183,1
10.1109/ETFA45728.2021.9613342,http://h-da.de/ml-ontology/action_recognition,action recognition,0.4478488564491272,1
10.1109/ETFA45728.2021.9613467,http://h-da.de/ml-ontology/feature_selection,feature selection,0.43843919038772583,1
10.1109/ETFA45728.2021.9613529,http://h-da.de/ml-ontology/anomaly_detection,anomaly detection,0.5081655979156494,1
10.1109/ETFA52439.2022.9921534,http://h-da.de/ml-ontology/image_classification,image classification,0.39555624127388,1
10.1109/ETFA52439.2022.9921587,http://h-da.de/ml-ontology/image_classification,image classification,0.5382416248321533,1
10.1109/ETFA52439.2022.9921593,http://h-da.de/ml-ontology/anomaly_detection,anomaly detection,0.36437028646469116,1
10.1109/ETFA54631.2023.10275361,http://h-da.de/ml-ontology/association_rule_learning,association rule learning,0.38330644369125366,1
10.1109/ETFA54631.2023.10275500,http://h-da.de/ml-ontology/anomaly_detection,anomaly detection,0.4597497284412384,1
10.1109/ETFA54631.2023.10275680,http://h-da.de/ml-ontology/feature_extraction,feature extraction,0.3661419451236725,1
10.1109/ETFA54631.2023.10275699,http://h-da.de/ml-ontology/image_classification,image classification,0.41791337728500366,1
10.1109/ETFA61755.2024.10710739,http://h-da.de/ml-ontology/feature_extraction,feature extraction,0.37116092443466187,1
10.1109/ETFA61755.2024.10710794,http://h-da.de/ml-ontology/feature_extraction,feature extraction,0.3859967589378357,1
10.1109/ETNCC63262.2024.10767562,http://h-da.de/ml-ontology/image_classification,image classification,0.4092141389846802,1
10.1109/ETS56758.2023.10174083,http://h-da.de/ml-ontology/feature_extraction,feature extraction,0.39587104320526123,1
10.1109/EUC.2018.00012,http://h-da.de/ml-ontology/feature_extraction,feature extraction,0.42009758949279785,1
10.1109/EUROCON64445.2025.11073438,http://h-da.de/ml-ontology/anomaly_detection,anomaly detection,0.5002169609069824,1
10.1109/ElConRus51938.2021.9396094,http://h-da.de/ml-ontology/binary_classification,binary classification,0.41957423090934753,1
10.1109/EmergIN63207.2024.10961749,http://h-da.de/ml-ontology/regression,regression,0.42896711826324463,1
10.1109/EuroSimE.2019.8724523,http://h-da.de/ml-ontology/feature_extraction,feature extraction,0.3680598735809326,1
10.1109/EuroSimE56861.2023.10100781,http://h-da.de/ml-ontology/time_series_forecasting,time series forecasting,0.3857994079589844,1
10.1109/EuroSimE56861.2023.10100782,http://h-da.de/ml-ontology/association_rule_learning,association rule learning,0.37146711349487305,1
10.1109/FIE44824.2020.9274156,http://h-da.de/ml-ontology/text_analytics,text analytics,0.4307868480682373,1
10.1109/FIT47737.2019.00073,http://h-da.de/ml-ontology/image_classification,image classification,0.43295007944107056,1
10.1109/FIT60620.2023.00036,http://h-da.de/ml-ontology/image_classification,image classification,0.4382636547088623,1
10.1109/FLEPS65444.2025.11105598,http://h-da.de/ml-ontology/tabular_classification,tabular classification,0.3845316767692566,1
10.1109/FLTA63145.2024.10839986,http://h-da.de/ml-ontology/feature_extraction,feature extraction,0.35359740257263184,1
10.1109/FMEC65595.2025.11119371,http://h-da.de/ml-ontology/feature_extraction,feature extraction,0.36577242612838745,1
10.1109/FMLDS63805.2024.00035,http://h-da.de/ml-ontology/regression,regression,0.37129145860671997,1
10.1109/FMLDS63805.2024.00059,http://h-da.de/ml-ontology/binary_classification,binary classification,0.3803824782371521,1
10.1109/FSKD.2015.7382212,http://h-da.de/ml-ontology/image_regression,image regression,0.3743099272251129,1
10.1109/FSKD.2018.8687274,http://h-da.de/ml-ontology/time_series_classification,time series classification,0.4132755398750305,1
10.1109/FUZZ-IEEE.2018.8491662,http://h-da.de/ml-ontology/feature_extraction,feature extraction,0.3670627474784851,1
10.1109/FUZZ48607.2020.9177537,http://h-da.de/ml-ontology/feature_selection,feature selection,0.40083974599838257,1
10.1109/FiCloud49777.2021.00019,http://h-da.de/ml-ontology/binary_classification,binary classification,0.46639886498451233,1
10.1109/FiCloud62933.2024.00030,http://h-da.de/ml-ontology/feature_extraction,feature extraction,0.3601177930831909,1
10.1109/FiCloud62933.2024.00033,http://h-da.de/ml-ontology/classification,classification,0.45981451869010925,1
10.1109/FiCloud62933.2024.00053,http://h-da.de/ml-ontology/link_prediction,link prediction,0.3534071445465088,1
10.1109/GCAIOT63427.2024.10833527,http://h-da.de/ml-ontology/regression,regression,0.3608032464981079,1
10.1109/GCAT52182.2021.9586806,http://h-da.de/ml-ontology/feature_extraction,feature extraction,0.4524018466472626,1
10.1109/GCAT52182.2021.9587744,http://h-da.de/ml-ontology/image_classification,image classification,0.4034848213195801,1
10.1109/GCAT55367.2022.9971823,http://h-da.de/ml-ontology/feature_extraction,feature extraction,0.4276706576347351,1
10.1109/GCAT59970.2023.10353456,http://h-da.de/ml-ontology/regression,regression,0.4601847529411316,1
10.1109/GCCE59613.2023.10315663,http://h-da.de/ml-ontology/binary_classification,binary classification,0.39959096908569336,1
10.1109/GCCIT63234.2024.10861930,http://h-da.de/ml-ontology/regression,regression,0.3991397023200989,1
10.1109/GCITC60406.2023.10426253,http://h-da.de/ml-ontology/binary_classification,binary classification,0.4063307046890259,1
10.1109/GCITC60406.2023.10426582,http://h-da.de/ml-ontology/feature_extraction,feature extraction,0.45798826217651367,1
10.1109/GCWOT63882.2024.10805699,http://h-da.de/ml-ontology/regression,regression,0.3687190115451813,1
10.1109/GEC61857.2024.10881931,http://h-da.de/ml-ontology/anomaly_detection,anomaly detection,0.35400599241256714,1
10.1109/GINOTECH63460.2025.11076800,http://h-da.de/ml-ontology/binary_classification,binary classification,0.3891141414642334,1
10.1109/GINOTECH63460.2025.11076852,http://h-da.de/ml-ontology/binary_classification,binary classification,0.4001886546611786,1
10.1109/GINOTECH63460.2025.11077063,http://h-da.de/ml-ontology/image_classification,image classification,0.42457836866378784,1
10.1109/GLOBECOM42002.2020.9348249,http://h-da.de/ml-ontology/anomaly_detection,anomaly detection,0.4076392948627472,1
10.1109/GPECOM52585.2021.9587640,http://h-da.de/ml-ontology/binary_classification,binary classification,0.3718911409378052,1
10.1109/GPECOM61896.2024.10582718,http://h-da.de/ml-ontology/feature_extraction,feature extraction,0.3754432201385498,1
10.1109/GTDAsia.2019.8715987,http://h-da.de/ml-ontology/audio_regression,audio regression,0.3529583513736725,1
10.1109/GTSD62346.2024.10675076,http://h-da.de/ml-ontology/feature_extraction,feature extraction,0.41951626539230347,1
10.1109/GloSIC50886.2020.9267864,http://h-da.de/ml-ontology/anomaly_detection,anomaly detection,0.46280190348625183,1
10.1109/GlobalAISummit62156.2024.10947776,http://h-da.de/ml-ontology/feature_extraction,feature extraction,0.3845246434211731,1
10.1109/GlobalAISummit62156.2024.10947981,http://h-da.de/ml-ontology/image_classification,image classification,0.44462496042251587,1
10.1109/GreenTech.2018.00042,http://h-da.de/ml-ontology/action_recognition,action recognition,0.39811205863952637,1
10.1109/HICSS.2013.163,http://h-da.de/ml-ontology/image_regression,image regression,0.439660906791687,1
10.1109/HNICEM.2017.8269513,http://h-da.de/ml-ontology/image_classification,image classification,0.5323268175125122,1
10.1109/HONET63146.2024.10822914,http://h-da.de/ml-ontology/regression,regression,0.3824825584888458,1
10.1109/HORA55278.2022.9800055,http://h-da.de/ml-ontology/regression,regression,0.38129860162734985,1
10.1109/HORA58378.2023.10155780,http://h-da.de/ml-ontology/object_detection,object detection,0.39459627866744995,1
10.1109/HORA58378.2023.10156765,http://h-da.de/ml-ontology/anomaly_detection,anomaly detection,0.4382038712501526,1
10.1109/HPCC-DSS-SmartCity-DependSys53884.2021.00277,http://h-da.de/ml-ontology/action_recognition,action recognition,0.5323843955993652,1
10.1109/HPEC.2018.8547797,http://h-da.de/ml-ontology/feature_extraction,feature extraction,0.3649294972419739,1
10.1109/HPEC43674.2020.9286139,http://h-da.de/ml-ontology/anomaly_detection,anomaly detection,0.4953480660915375,1
10.1109/HYDCON48903.2020.9242866,http://h-da.de/ml-ontology/feature_extraction,feature extraction,0.45310136675834656,1
10.1109/I-SMAC55078.2022.9987401,http://h-da.de/ml-ontology/binary_classification,binary classification,0.35405200719833374,1
10.1109/I2CACIS.2017.8239052,http://h-da.de/ml-ontology/feature_reduction,feature reduction,0.4875219464302063,1
10.1109/I2CACIS.2018.8603700,http://h-da.de/ml-ontology/image_classification,image classification,0.37899404764175415,1
10.1109/I2CACIS52118.2021.9495862,http://h-da.de/ml-ontology/classification,classification,0.42795485258102417,1
10.1109/I2CACIS52118.2021.9495864,http://h-da.de/ml-ontology/anomaly_detection,anomaly detection,0.45233386754989624,1
10.1109/I2CACIS52118.2021.9495877,http://h-da.de/ml-ontology/association_rule_learning,association rule learning,0.4215296506881714,1
10.1109/I2CACIS52118.2021.9495897,http://h-da.de/ml-ontology/anomaly_detection,anomaly detection,0.390011727809906,1
10.1109/I2CACIS61270.2024.10649874,http://h-da.de/ml-ontology/tabular_classification,tabular classification,0.45102226734161377,1
10.1109/I2CT51068.2021.9418181,http://h-da.de/ml-ontology/classification,classification,0.46889543533325195,1
10.1109/I2CT54291.2022.9824462,http://h-da.de/ml-ontology/image_regression,image regression,0.40958961844444275,1
10.1109/I2CT61223.2024.10543715,http://h-da.de/ml-ontology/feature_extraction,feature extraction,0.3543921709060669,1
10.1109/I2MTC50364.2021.9459829,http://h-da.de/ml-ontology/binary_classification,binary classification,0.4807452857494354,1
10.1109/I2MTC53148.2023.10175895,http://h-da.de/ml-ontology/feature_extraction,feature extraction,0.41671550273895264,1
10.1109/I2MTC60896.2024.10560702,http://h-da.de/ml-ontology/feature_extraction,feature extraction,0.402759313583374,1
10.1109/I2MTC60896.2024.10560776,http://h-da.de/ml-ontology/image_classification,image classification,0.4244121015071869,1
10.1109/I2MTC60896.2024.10560978,http://h-da.de/ml-ontology/feature_extraction,feature extraction,0.408780962228775,1
10.1109/I2MTC60896.2024.10561167,http://h-da.de/ml-ontology/anomaly_detection,anomaly detection,0.5061915516853333,1
10.1109/I2MTC62753.2025.11079010,http://h-da.de/ml-ontology/time_series_classification,time series classification,0.4763598144054413,1
10.1109/I2MTC62753.2025.11079127,http://h-da.de/ml-ontology/feature_extraction,feature extraction,0.4025379419326782,1
10.1109/I2MTC62753.2025.11079205,http://h-da.de/ml-ontology/image_classification,image classification,0.5028684139251709,1
10.1109/I4C57141.2022.10057885,http://h-da.de/ml-ontology/image_classification,image classification,0.5390059947967529,1
10.1109/I4C62240.2024.10748487,http://h-da.de/ml-ontology/feature_selection,feature selection,0.3831639289855957,1
10.1109/I4C62240.2024.10748524,http://h-da.de/ml-ontology/feature_selection,feature selection,0.42460018396377563,1
10.1109/IACIS61494.2024.10721859,http://h-da.de/ml-ontology/feature_extraction,feature extraction,0.3753940463066101,1
10.1109/IAI50351.2020.9262158,http://h-da.de/ml-ontology/binary_classification,binary classification,0.46635836362838745,1
10.1109/IAI63275.2024.10730244,http://h-da.de/ml-ontology/anomaly_detection,anomaly detection,0.36941537261009216,1
10.1109/IAI63275.2024.10730246,http://h-da.de/ml-ontology/anomaly_detection,anomaly detection,0.5124489068984985,1
10.1109/IAICT59002.2023.10205862,http://h-da.de/ml-ontology/feature_extraction,feature extraction,0.3789111375808716,1
10.1109/IAICT59002.2023.10205949,http://h-da.de/ml-ontology/feature_extraction,feature extraction,0.4002729058265686,1
10.1109/IAICT65714.2025.11100855,http://h-da.de/ml-ontology/anomaly_detection,anomaly detection,0.43163907527923584,1
10.1109/IAS54024.2023.10406490,http://h-da.de/ml-ontology/binary_classification,binary classification,0.4382672905921936,1
10.1109/IATMSI64286.2025.10984797,http://h-da.de/ml-ontology/time_series_classification,time series classification,0.4033101201057434,1
10.1109/IBDAP65587.2025.11145829,http://h-da.de/ml-ontology/binary_classification,binary classification,0.4860137701034546,1
10.1109/IBDAP65587.2025.11145853,http://h-da.de/ml-ontology/binary_classification,binary classification,0.4049570560455322,1
10.1109/IC-ASET61847.2024.10596255,http://h-da.de/ml-ontology/translation,translation,0.482763409614563,1
10.1109/IC2E365635.2025.11167068,http://h-da.de/ml-ontology/binary_classification,binary classification,0.44028204679489136,1
10.1109/IC2PCT60090.2024.10486340,http://h-da.de/ml-ontology/time_series_forecasting,time series forecasting,0.47300687432289124,1
10.1109/IC2PCT60090.2024.10486591,http://h-da.de/ml-ontology/anomaly_detection,anomaly detection,0.4464094638824463,1
10.1109/IC2SDT62152.2024.10696857,http://h-da.de/ml-ontology/feature_reduction,feature reduction,0.3656068444252014,1
10.1109/IC3ECSBHI63591.2025.10990609,http://h-da.de/ml-ontology/time_series_classification,time series classification,0.43767327070236206,1
10.1109/IC3I61595.2024.10828647,http://h-da.de/ml-ontology/regression,regression,0.40389251708984375,1
10.1109/IC3I61595.2024.10828669,http://h-da.de/ml-ontology/feature_extraction,feature extraction,0.36770492792129517,1
10.1109/IC3I61595.2024.10829267,http://h-da.de/ml-ontology/binary_classification,binary classification,0.371402382850647,1
10.1109/IC3SE62002.2024.10593295,http://h-da.de/ml-ontology/binary_classification,binary classification,0.41078710556030273,1
10.1109/IC3TES62412.2024.10877450,http://h-da.de/ml-ontology/object_detection,object detection,0.3948376774787903,1
10.1109/IC3TES62412.2024.10877646,http://h-da.de/ml-ontology/feature_extraction,feature extraction,0.47546932101249695,1
10.1109/ICA-ACCA56767.2022.10006330,http://h-da.de/ml-ontology/image_classification,image classification,0.46544384956359863,1
10.1109/ICAA53760.2021.00016,http://h-da.de/ml-ontology/image_classification,image classification,0.38323989510536194,1
10.1109/ICAACCA51523.2021.9465272,http://h-da.de/ml-ontology/classification,classification,0.3794791102409363,1
10.1109/ICAACCA51523.2021.9465297,http://h-da.de/ml-ontology/feature_extraction,feature extraction,0.45669111609458923,1
10.1109/ICAACCA51523.2021.9465311,http://h-da.de/ml-ontology/feature_extraction,feature extraction,0.37246620655059814,1
10.1109/ICAACCA51523.2021.9465333,http://h-da.de/ml-ontology/link_prediction,link prediction,0.44653117656707764,1
10.1109/ICAAIC53929.2022.9792860,http://h-da.de/ml-ontology/feature_extraction,feature extraction,0.40424808859825134,1
10.1109/ICAAIC60222.2024.10575035,http://h-da.de/ml-ontology/feature_extraction,feature extraction,0.3584473431110382,1
10.1109/ICAC2N63387.2024.10895271,http://h-da.de/ml-ontology/binary_classification,binary classification,0.4493888020515442,1
10.1109/ICAC54203.2021.9671224,http://h-da.de/ml-ontology/regression,regression,0.39711377024650574,1
10.1109/ICAC55051.2022.9911162,http://h-da.de/ml-ontology/feature_extraction,feature extraction,0.36070096492767334,1
10.1109/ICAC57885.2023.10275201,http://h-da.de/ml-ontology/regression,regression,0.4965745210647583,1
10.1109/ICAC57885.2023.10275310,http://h-da.de/ml-ontology/feature_extraction,feature extraction,0.39360347390174866,1
10.1109/ICAC61394.2024.10718768,http://h-da.de/ml-ontology/binary_classification,binary classification,0.443640798330307,1
10.1109/ICAC64487.2024.10851152,http://h-da.de/ml-ontology/feature_extraction,feature extraction,0.4183743894100189,1
10.1109/ICACCI.2016.7732316,http://h-da.de/ml-ontology/association_rule_learning,association rule learning,0.447727233171463,1
10.1109/ICACCS60874.2024.10716954,http://h-da.de/ml-ontology/image_classification,image classification,0.40796422958374023,1
10.1109/ICACCS60874.2024.10717187,http://h-da.de/ml-ontology/audio_regression,audio regression,0.36793315410614014,1
10.1109/ICACDOT.2016.7877588,http://h-da.de/ml-ontology/association_rule_learning,association rule learning,0.38456064462661743,1
10.1109/ICACDOT.2016.7877622,http://h-da.de/ml-ontology/binary_classification,binary classification,0.39244794845581055,1
10.1109/ICACDOT.2016.7877720,http://h-da.de/ml-ontology/sentiment_analysis,sentiment analysis,0.3528319001197815,1
10.1109/ICACI55529.2022.9837710,http://h-da.de/ml-ontology/binary_classification,binary classification,0.41310012340545654,1
10.1109/ICACITE51222.2021.9404726,http://h-da.de/ml-ontology/association_rule_learning,association rule learning,0.4304141700267792,1
10.1109/ICACITE57410.2023.10183012,http://h-da.de/ml-ontology/image_classification,image classification,0.4340265393257141,1
10.1109/ICACRS55517.2022.10029046,http://h-da.de/ml-ontology/recommendation,recommendation,0.6543244123458862,1
10.1109/ICACRS58579.2023.10404790,http://h-da.de/ml-ontology/sentiment_analysis,sentiment analysis,0.5891401171684265,1
10.1109/ICACRS62842.2024.10841492,http://h-da.de/ml-ontology/image_classification,image classification,0.3627445697784424,1
10.1109/ICACRS62842.2024.10841592,http://h-da.de/ml-ontology/regression,regression,0.41700035333633423,1
10.1109/ICACRS62842.2024.10841700,http://h-da.de/ml-ontology/image_classification,image classification,0.38411399722099304,1
10.1109/ICAD65464.2025.11114049,http://h-da.de/ml-ontology/image_classification,image classification,0.4582783579826355,1
10.1109/ICADEE51157.2020.9368922,http://h-da.de/ml-ontology/regression,regression,0.3909735083580017,1
10.1109/ICAECA63854.2025.11012173,http://h-da.de/ml-ontology/time_series_classification,time series classification,0.3560163080692291,1
10.1109/ICAECT54875.2022.9808060,http://h-da.de/ml-ontology/binary_classification,binary classification,0.4428039789199829,1
10.1109/ICAECT60202.2024.10468887,http://h-da.de/ml-ontology/image_classification,image classification,0.3743460476398468,1
10.1109/ICAECT63952.2025.10958878,http://h-da.de/ml-ontology/feature_selection,feature selection,0.4382842779159546,1
10.1109/ICAEECI58247.2023.10370785,http://h-da.de/ml-ontology/regression,regression,0.44858863949775696,1
10.1109/ICAEECI58247.2023.10370850,http://h-da.de/ml-ontology/regression,regression,0.4400790333747864,1
10.1109/ICAET63349.2025.10932305,http://h-da.de/ml-ontology/feature_extraction,feature extraction,0.36933088302612305,1
10.1109/ICAET63349.2025.10932317,http://h-da.de/ml-ontology/feature_selection,feature selection,0.38394230604171753,1
10.1109/ICAI55857.2022.9960034,http://h-da.de/ml-ontology/classification,classification,0.4894813597202301,1
10.1109/ICAIBD55127.2022.9820235,http://h-da.de/ml-ontology/feature_extraction,feature extraction,0.41261646151542664,1
10.1109/ICAIBD55127.2022.9820466,http://h-da.de/ml-ontology/translation,translation,0.3918873071670532,1
10.1109/ICAIBD57115.2023.10206369,http://h-da.de/ml-ontology/regression,regression,0.37743690609931946,1
10.1109/ICAIC57335.2023.10044121,http://h-da.de/ml-ontology/feature_extraction,feature extraction,0.4186372756958008,1
10.1109/ICAIC57335.2023.10044126,http://h-da.de/ml-ontology/time_series_forecasting,time series forecasting,0.45142704248428345,1
10.1109/ICAIC57335.2023.10044177,http://h-da.de/ml-ontology/sentiment_analysis,sentiment analysis,0.4489629566669464,1
10.1109/ICAICA.2019.8873494,http://h-da.de/ml-ontology/regression,regression,0.35996681451797485,1
10.1109/ICAICCIT64383.2024.10912133,http://h-da.de/ml-ontology/feature_extraction,feature extraction,0.3867575526237488,1
10.1109/ICAICCIT64383.2024.10912235,http://h-da.de/ml-ontology/image_classification,image classification,0.3945270776748657,1
10.1109/ICAICE54393.2021.00050,http://h-da.de/ml-ontology/feature_extraction,feature extraction,0.3778146803379059,1
10.1109/ICAID65275.2025.11034522,http://h-da.de/ml-ontology/feature_extraction,feature extraction,0.3562771677970886,1
10.1109/ICAIDT66272.2025.00077,http://h-da.de/ml-ontology/feature_extraction,feature extraction,0.362617552280426,1
10.1109/ICAIIC51459.2021.9415249,http://h-da.de/ml-ontology/binary_classification,binary classification,0.382021963596344,1
10.1109/ICAIIC57133.2023.10067054,http://h-da.de/ml-ontology/regression,regression,0.4513242244720459,1
10.1109/ICAIIC57133.2023.10067092,http://h-da.de/ml-ontology/feature_extraction,feature extraction,0.35873740911483765,1
10.1109/ICAIIC57133.2023.10067129,http://h-da.de/ml-ontology/feature_extraction,feature extraction,0.46889033913612366,1
10.1109/ICAIIC60209.2024.10463344,http://h-da.de/ml-ontology/anomaly_detection,anomaly detection,0.5941534042358398,1
10.1109/ICAIIC60209.2024.10463497,http://h-da.de/ml-ontology/feature_extraction,feature extraction,0.36724525690078735,1
10.1109/ICAIQSA64000.2024.10882329,http://h-da.de/ml-ontology/binary_classification,binary classification,0.44632482528686523,1
10.1109/ICAIQSA64000.2024.10882336,http://h-da.de/ml-ontology/time_series_forecasting,time series forecasting,0.46234214305877686,1
10.1109/ICAIQSA64000.2024.10882368,http://h-da.de/ml-ontology/text_analytics,text analytics,0.4477132558822632,1
10.1109/ICAIQSA64000.2024.10882378,http://h-da.de/ml-ontology/binary_classification,binary classification,0.41480913758277893,1
10.1109/ICAIS53314.2022.9742716,http://h-da.de/ml-ontology/image_classification,image classification,0.40626657009124756,1
10.1109/ICAIS53314.2022.9742921,http://h-da.de/ml-ontology/feature_extraction,feature extraction,0.37733572721481323,1
10.1109/ICAISC64594.2025.10959535,http://h-da.de/ml-ontology/anomaly_detection,anomaly detection,0.4718458652496338,1
10.1109/ICAISS58487.2023.10250619,http://h-da.de/ml-ontology/feature_extraction,feature extraction,0.36141884326934814,1
10.1109/ICAN56228.2022.10007139,http://h-da.de/ml-ontology/feature_extraction,feature extraction,0.36573344469070435,1
10.1109/ICAPAI49758.2021.9462060,http://h-da.de/ml-ontology/image_classification,image classification,0.46316081285476685,1
10.1109/ICARC64760.2025.10963068,http://h-da.de/ml-ontology/regression,regression,0.4643988013267517,1
10.1109/ICASSP.2018.8461840,http://h-da.de/ml-ontology/feature_extraction,feature extraction,0.45161134004592896,1
10.1109/ICATC64549.2024.11025373,http://h-da.de/ml-ontology/recommendation,recommendation,0.36376798152923584,1
10.1109/ICBAIE49996.2020.00092,http://h-da.de/ml-ontology/feature_extraction,feature extraction,0.44592350721359253,1
10.1109/ICBAIE52039.2021.9389954,http://h-da.de/ml-ontology/time_series_classification,time series classification,0.5545650720596313,1
10.1109/ICBASE51474.2020.00098,http://h-da.de/ml-ontology/feature_selection,feature selection,0.40585213899612427,1
10.1109/ICBDA47563.2019.8987015,http://h-da.de/ml-ontology/feature_extraction,feature extraction,0.39795148372650146,1
10.1109/ICBDA55095.2022.9760336,http://h-da.de/ml-ontology/feature_extraction,feature extraction,0.4766033887863159,1
10.1109/ICBDA61153.2024.10607213,http://h-da.de/ml-ontology/recommendation,recommendation,0.46546754240989685,1
10.1109/ICBIR52339.2021.9465830,http://h-da.de/ml-ontology/topic_modeling,topic modeling,0.5112652778625488,1
10.1109/ICBIR65229.2025.11163114,http://h-da.de/ml-ontology/binary_classification,binary classification,0.4108447730541229,1
10.1109/ICC-ROBINS60238.2024.10533924,http://h-da.de/ml-ontology/feature_extraction,feature extraction,0.38366881012916565,1
10.1109/ICC-ROBINS64345.2025.11086167,http://h-da.de/ml-ontology/regression,regression,0.38000309467315674,1
10.1109/ICCA51723.2023.10181907,http://h-da.de/ml-ontology/tabular_classification,tabular classification,0.4056149125099182,1
10.1109/ICCAD51958.2021.9643459,http://h-da.de/ml-ontology/binary_classification,binary classification,0.35118332505226135,1
10.1109/ICCAD52417.2021.9638757,http://h-da.de/ml-ontology/regression,regression,0.3500857949256897,1
10.1109/ICCAD55197.2022.9853909,http://h-da.de/ml-ontology/binary_classification,binary classification,0.4389893412590027,1
10.1109/ICCAD55197.2022.9853995,http://h-da.de/ml-ontology/anomaly_detection,anomaly detection,0.5346240997314453,1
10.1109/ICCAD57653.2023.10152401,http://h-da.de/ml-ontology/feature_extraction,feature extraction,0.429548978805542,1
10.1109/ICCAD64771.2025.11099154,http://h-da.de/ml-ontology/feature_extraction,feature extraction,0.3957045078277588,1
10.1109/ICCAD64771.2025.11099203,http://h-da.de/ml-ontology/anomaly_detection,anomaly detection,0.5829766392707825,1
10.1109/ICCAD64771.2025.11099500,http://h-da.de/ml-ontology/feature_extraction,feature extraction,0.37882620096206665,1
10.1109/ICCAE.2010.5451376,http://h-da.de/ml-ontology/tabular_regression,tabular regression,0.36825037002563477,1
10.1109/ICCAE.2010.5451695,http://h-da.de/ml-ontology/binary_classification,binary classification,0.43347758054733276,1
10.1109/ICCAE59995.2024.10569244,http://h-da.de/ml-ontology/feature_extraction,feature extraction,0.47765761613845825,1
10.1109/ICCAIS.2018.8570515,http://h-da.de/ml-ontology/feature_extraction,feature extraction,0.39051663875579834,1
10.1109/ICCAIS48893.2020.9096667,http://h-da.de/ml-ontology/anomaly_detection,anomaly detection,0.5285835862159729,1
10.1109/ICCAMS60113.2023.10525844,http://h-da.de/ml-ontology/feature_extraction,feature extraction,0.4540855288505554,1
10.1109/ICCAMS60113.2023.10525932,http://h-da.de/ml-ontology/text_analytics,text analytics,0.4831010699272156,1
10.1109/ICCAMS60113.2023.10526000,http://h-da.de/ml-ontology/anomaly_detection,anomaly detection,0.373741090297699,1
10.1109/ICCAMS60113.2023.10526085,http://h-da.de/ml-ontology/regression,regression,0.44372856616973877,1
10.1109/ICCASIT62299.2024.10827833,http://h-da.de/ml-ontology/image_classification,image classification,0.5511387586593628,1
10.1109/ICCASIT62299.2024.10827935,http://h-da.de/ml-ontology/binary_classification,binary classification,0.35637909173965454,1
10.1109/ICCASIT62299.2024.10828089,http://h-da.de/ml-ontology/feature_extraction,feature extraction,0.3994321823120117,1
10.1109/ICCC54292.2022.9805918,http://h-da.de/ml-ontology/action_recognition,action recognition,0.37204551696777344,1
10.1109/ICCC56324.2022.10065716,http://h-da.de/ml-ontology/action_recognition,action recognition,0.4543202817440033,1
10.1109/ICCC57093.2023.10178944,http://h-da.de/ml-ontology/audio_regression,audio regression,0.5703643560409546,1
10.1109/ICCC57788.2023.10233507,http://h-da.de/ml-ontology/feature_extraction,feature extraction,0.4099229574203491,1
10.1109/ICCC57789.2023.10165078,http://h-da.de/ml-ontology/image_classification,image classification,0.43265312910079956,1
10.1109/ICCC59590.2023.10507444,http://h-da.de/ml-ontology/regression,regression,0.4055953621864319,1
10.1109/ICCC62069.2024.10569235,http://h-da.de/ml-ontology/feature_extraction,feature extraction,0.436936616897583,1
10.1109/ICCC62609.2024.10941778,http://h-da.de/ml-ontology/feature_extraction,feature extraction,0.4518251419067383,1
10.1109/ICCC62609.2024.10941783,http://h-da.de/ml-ontology/time_series_classification,time series classification,0.4419376254081726,1
10.1109/ICCC64928.2025.10999131,http://h-da.de/ml-ontology/tabular_regression,tabular regression,0.40385007858276367,1
10.1109/ICCC65605.2025.11022802,http://h-da.de/ml-ontology/time_series_classification,time series classification,0.4966464042663574,1
10.1109/ICCC65605.2025.11022817,http://h-da.de/ml-ontology/binary_classification,binary classification,0.4122789204120636,1
10.1109/ICCCA52192.2021.9666377,http://h-da.de/ml-ontology/regression,regression,0.3534085154533386,1
10.1109/ICCCAS62034.2024.10652843,http://h-da.de/ml-ontology/audio_regression,audio regression,0.35464972257614136,1
10.1109/ICCCCM61016.2024.11039932,http://h-da.de/ml-ontology/image_classification,image classification,0.49115586280822754,1
10.1109/ICCCI56745.2023.10128327,http://h-da.de/ml-ontology/translation,translation,0.4460115432739258,1
10.1109/ICCCIT62592.2025.10927971,http://h-da.de/ml-ontology/anomaly_detection,anomaly detection,0.44516822695732117,1
10.1109/ICCCNT56998.2023.10306701,http://h-da.de/ml-ontology/action_recognition,action recognition,0.3883153796195984,1
10.1109/ICCCNT56998.2023.10307229,http://h-da.de/ml-ontology/regression,regression,0.4459136724472046,1
10.1109/ICCCNT56998.2023.10307239,http://h-da.de/ml-ontology/regression,regression,0.4423728585243225,1
10.1109/ICCCNT56998.2023.10307296,http://h-da.de/ml-ontology/binary_classification,binary classification,0.3554840683937073,1
10.1109/ICCCNT56998.2023.10307694,http://h-da.de/ml-ontology/feature_selection,feature selection,0.3874298930168152,1
10.1109/ICCCNT56998.2023.10308364,http://h-da.de/ml-ontology/sentiment_analysis,sentiment analysis,0.5301544666290283,1
10.1109/ICCCNT61001.2024.10724176,http://h-da.de/ml-ontology/anomaly_detection,anomaly detection,0.5952670574188232,1
10.1109/ICCCNT61001.2024.10724210,http://h-da.de/ml-ontology/tabular_classification,tabular classification,0.44918525218963623,1
10.1109/ICCCNT61001.2024.10724518,http://h-da.de/ml-ontology/regression,regression,0.4172680377960205,1
10.1109/ICCCNT61001.2024.10725055,http://h-da.de/ml-ontology/classification,classification,0.4108521342277527,1
10.1109/ICCCNT61001.2024.10725256,http://h-da.de/ml-ontology/feature_extraction,feature extraction,0.3676014840602875,1
10.1109/ICCCNT61001.2024.10725322,http://h-da.de/ml-ontology/image_classification,image classification,0.5027183890342712,1
10.1109/ICCCNT61001.2024.10725479,http://h-da.de/ml-ontology/regression,regression,0.4212193787097931,1
10.1109/ICCCNT61001.2024.10725751,http://h-da.de/ml-ontology/feature_extraction,feature extraction,0.35872066020965576,1
10.1109/ICCCNT61001.2024.10725868,http://h-da.de/ml-ontology/image_classification,image classification,0.3688986897468567,1
10.1109/ICCCT53315.2021.9711777,http://h-da.de/ml-ontology/regression,regression,0.47373321652412415,1
10.1109/ICCCT63501.2025.11019827,http://h-da.de/ml-ontology/anomaly_detection,anomaly detection,0.47965312004089355,1
10.1109/ICCCT63501.2025.11020057,http://h-da.de/ml-ontology/feature_extraction,feature extraction,0.37871798872947693,1
10.1109/ICCCT63501.2025.11020248,http://h-da.de/ml-ontology/feature_extraction,feature extraction,0.417479008436203,1
10.1109/ICCE-Asia63397.2024.10773889,http://h-da.de/ml-ontology/feature_extraction,feature extraction,0.3846750557422638,1
10.1109/ICCE-Taiwan49838.2020.9258171,http://h-da.de/ml-ontology/image_classification,image classification,0.47799867391586304,1
10.1109/ICCE-Taiwan55306.2022.9869015,http://h-da.de/ml-ontology/anomaly_detection,anomaly detection,0.5835159420967102,1
10.1109/ICCE59016.2024.10444225,http://h-da.de/ml-ontology/image_classification,image classification,0.5115076303482056,1
10.1109/ICCEA62105.2024.10604271,http://h-da.de/ml-ontology/image_classification,image classification,0.400216281414032,1
10.1109/ICCEBS58601.2023.10448940,http://h-da.de/ml-ontology/feature_extraction,feature extraction,0.39329349994659424,1
10.1109/ICCECE58645.2024.10497204,http://h-da.de/ml-ontology/feature_extraction,feature extraction,0.44090792536735535,1
10.1109/ICCES54183.2022.9835853,http://h-da.de/ml-ontology/feature_extraction,feature extraction,0.3588789403438568,1
10.1109/ICCES63552.2024.10859691,http://h-da.de/ml-ontology/feature_extraction,feature extraction,0.4976239800453186,1
10.1109/ICCES63552.2024.10860184,http://h-da.de/ml-ontology/image_classification,image classification,0.4192799925804138,1
10.1109/ICCI51257.2020.9247843,http://h-da.de/ml-ontology/binary_classification,binary classification,0.4219205379486084,1
10.1109/ICCIA61416.2023.10506348,http://h-da.de/ml-ontology/binary_classification,binary classification,0.4653589129447937,1
10.1109/ICCIAA65327.2025.11013007,http://h-da.de/ml-ontology/feature_extraction,feature extraction,0.37040165066719055,1
10.1109/ICCIC.2016.7919549,http://h-da.de/ml-ontology/anomaly_detection,anomaly detection,0.4140163064002991,1
10.1109/ICCIES63851.2025.11032595,http://h-da.de/ml-ontology/binary_classification,binary classification,0.4064520001411438,1
10.1109/ICCIES63851.2025.11032611,http://h-da.de/ml-ontology/binary_classification,binary classification,0.42913633584976196,1
10.1109/ICCIT60459.2023.10441036,http://h-da.de/ml-ontology/regression,regression,0.4372760057449341,1
10.1109/ICCIT64611.2024.11022600,http://h-da.de/ml-ontology/sentiment_analysis,sentiment analysis,0.5215756893157959,1
10.1109/ICCIT65724.2025.11166827,http://h-da.de/ml-ontology/recommendation,recommendation,0.3530036211013794,1
10.1109/ICCIT65724.2025.11166961,http://h-da.de/ml-ontology/binary_classification,binary classification,0.3802710771560669,1
10.1109/ICCMA63715.2024.10843876,http://h-da.de/ml-ontology/image_regression,image regression,0.46848148107528687,1
10.1109/ICCMC48092.2020.ICCMC-0000111,http://h-da.de/ml-ontology/binary_classification,binary classification,0.4052073359489441,1
10.1109/ICCMC51019.2021.9418399,http://h-da.de/ml-ontology/image_classification,image classification,0.4652988612651825,1
10.1109/ICCMC65190.2025.11140639,http://h-da.de/ml-ontology/image_classification,image classification,0.45452773571014404,1
10.1109/ICCMC65190.2025.11140652,http://h-da.de/ml-ontology/image_classification,image classification,0.38758185505867004,1
10.1109/ICCP.2017.8116997,http://h-da.de/ml-ontology/feature_extraction,feature extraction,0.4832897186279297,1
10.1109/ICCP51029.2020.9266269,http://h-da.de/ml-ontology/image_classification,image classification,0.4053099751472473,1
10.1109/ICCPCT58313.2023.10244964,http://h-da.de/ml-ontology/feature_extraction,feature extraction,0.3907754421234131,1
10.1109/ICCPCT61902.2024.10672822,http://h-da.de/ml-ontology/anomaly_detection,anomaly detection,0.38688260316848755,1
10.1109/ICCPCT61902.2024.10673069,http://h-da.de/ml-ontology/anomaly_detection,anomaly detection,0.4125729203224182,1
10.1109/ICCPCT61902.2024.10673378,http://h-da.de/ml-ontology/sentiment_analysis,sentiment analysis,0.6128973960876465,1
10.1109/ICCPS.2018.00022,http://h-da.de/ml-ontology/time_series_forecasting,time series forecasting,0.356816828250885,1
10.1109/ICCRTEE64519.2025.11052958,http://h-da.de/ml-ontology/image_classification,image classification,0.37337395548820496,1
10.1109/ICCRTEE64519.2025.11052989,http://h-da.de/ml-ontology/regression,regression,0.44145384430885315,1
10.1109/ICCRTEE64519.2025.11053100,http://h-da.de/ml-ontology/binary_classification,binary classification,0.389188289642334,1
10.1109/ICCSAI64074.2025.11064125,http://h-da.de/ml-ontology/time_series_classification,time series classification,0.38946062326431274,1
10.1109/ICCSAI64074.2025.11064464,http://h-da.de/ml-ontology/feature_extraction,feature extraction,0.3765375316143036,1
10.1109/ICCSE.2018.8468854,http://h-da.de/ml-ontology/text_analytics,text analytics,0.3752618432044983,1
10.1109/ICCSEA49143.2020.9132925,http://h-da.de/ml-ontology/recommendation,recommendation,0.3523525893688202,1
10.1109/ICCSP60870.2024.10543463,http://h-da.de/ml-ontology/regression,regression,0.38920241594314575,1
10.1109/ICCSP60870.2024.10544040,http://h-da.de/ml-ontology/time_series_classification,time series classification,0.3528539538383484,1
10.1109/ICCST59048.2023.10474248,http://h-da.de/ml-ontology/image_classification,image classification,0.4599563181400299,1
10.1109/ICCT56969.2023.10075658,http://h-da.de/ml-ontology/image_classification,image classification,0.4130285382270813,1
10.1109/ICCTA58027.2022.10206263,http://h-da.de/ml-ontology/regression,regression,0.43720701336860657,1
10.1109/ICCTDC64446.2025.11158736,http://h-da.de/ml-ontology/feature_extraction,feature extraction,0.36801719665527344,1
10.1109/ICCUBEA47591.2019.9128741,http://h-da.de/ml-ontology/regression,regression,0.4591173529624939,1
10.1109/ICCUBEA54992.2022.10010941,http://h-da.de/ml-ontology/image_classification,image classification,0.4010869264602661,1
10.1109/ICCUBEA61740.2024.10774993,http://h-da.de/ml-ontology/binary_classification,binary classification,0.37315112352371216,1
10.1109/ICCV48922.2021.00701,http://h-da.de/ml-ontology/vertex_classification,vertex classification,0.3579074442386627,1
10.1109/ICCWAMTIP64812.2024.10873713,http://h-da.de/ml-ontology/binary_classification,binary classification,0.4007120728492737,1
10.1109/ICCoSITE57641.2023.10127735,http://h-da.de/ml-ontology/time_series_forecasting,time series forecasting,0.4830854535102844,1
10.1109/ICCoSITE57641.2023.10127767,http://h-da.de/ml-ontology/regression,regression,0.3757026493549347,1
10.1109/ICDABI60145.2023.10629554,http://h-da.de/ml-ontology/time_series_classification,time series classification,0.47071272134780884,1
10.1109/ICDACAI65086.2024.00078,http://h-da.de/ml-ontology/regression,regression,0.36175739765167236,1
10.1109/ICDATA58816.2023.00026,http://h-da.de/ml-ontology/regression,regression,0.36738282442092896,1
10.1109/ICDATE58146.2023.10248485,http://h-da.de/ml-ontology/feature_extraction,feature extraction,0.3651776611804962,1
10.1109/ICDCECE57866.2023.10150883,http://h-da.de/ml-ontology/image_classification,image classification,0.5227678418159485,1
10.1109/ICDCECE65353.2025.11034955,http://h-da.de/ml-ontology/image_classification,image classification,0.38125279545783997,1
10.1109/ICDCECE65353.2025.11035236,http://h-da.de/ml-ontology/feature_extraction,feature extraction,0.35634875297546387,1
10.1109/ICDIM.2018.8847132,http://h-da.de/ml-ontology/anomaly_detection,anomaly detection,0.4278872609138489,1
10.1109/ICDMW.2010.19,http://h-da.de/ml-ontology/binary_classification,binary classification,0.3643386960029602,1
10.1109/ICDMW60847.2023.00189,http://h-da.de/ml-ontology/link_prediction,link prediction,0.4410868287086487,1
10.1109/ICDSAAI59313.2023.10452438,http://h-da.de/ml-ontology/image_classification,image classification,0.4416215121746063,1
10.1109/ICDSAAI59313.2023.10452465,http://h-da.de/ml-ontology/binary_classification,binary classification,0.47501713037490845,1
10.1109/ICDSAAI59313.2023.10452657,http://h-da.de/ml-ontology/feature_extraction,feature extraction,0.4470602571964264,1
10.1109/ICDSAAI59313.2023.10452665,http://h-da.de/ml-ontology/regression,regression,0.4230839014053345,1
10.1109/ICDSAAI65575.2025.11011688,http://h-da.de/ml-ontology/feature_extraction,feature extraction,0.38083064556121826,1
10.1109/ICDSBA48748.2019.00020,http://h-da.de/ml-ontology/recommendation,recommendation,0.5177106857299805,1
10.1109/ICDSBS63635.2025.11031639,http://h-da.de/ml-ontology/regression,regression,0.4019729495048523,1
10.1109/ICDSCNC62492.2024.10939220,http://h-da.de/ml-ontology/image_classification,image classification,0.3855580687522888,1
10.1109/ICDSCNC62492.2024.10939633,http://h-da.de/ml-ontology/anomaly_detection,anomaly detection,0.5086647272109985,1
10.1109/ICDSIS61070.2024.10594390,http://h-da.de/ml-ontology/anomaly_detection,anomaly detection,0.5173736810684204,1
10.1109/ICDSIS65355.2025.11070403,http://h-da.de/ml-ontology/image_classification,image classification,0.3664412498474121,1
10.1109/ICDSIS65355.2025.11071050,http://h-da.de/ml-ontology/image_classification,image classification,0.38038620352745056,1
10.1109/ICDSNS58469.2023.10245154,http://h-da.de/ml-ontology/tabular_classification,tabular classification,0.37909892201423645,1
10.1109/ICDSNS58469.2023.10245887,http://h-da.de/ml-ontology/regression,regression,0.39040523767471313,1
10.1109/ICDSNS62112.2024.10690873,http://h-da.de/ml-ontology/binary_classification,binary classification,0.4124632477760315,1
10.1109/ICDSNS62112.2024.10690959,http://h-da.de/ml-ontology/time_series_forecasting,time series forecasting,0.45144200325012207,1
10.1109/ICDSNS62112.2024.10691295,http://h-da.de/ml-ontology/regression,regression,0.3722858428955078,1
10.1109/ICDT61202.2024.10489292,http://h-da.de/ml-ontology/image_classification,image classification,0.38905689120292664,1
10.1109/ICDT63985.2025.10986559,http://h-da.de/ml-ontology/feature_extraction,feature extraction,0.3744950294494629,1
10.1109/ICDXA61007.2024.10470870,http://h-da.de/ml-ontology/regression,regression,0.39369291067123413,1
10.1109/ICE/ITMC58018.2023.10332265,http://h-da.de/ml-ontology/feature_extraction,feature extraction,0.3923640549182892,1
10.1109/ICE/ITMC58018.2023.10332317,http://h-da.de/ml-ontology/feature_extraction,feature extraction,0.3715859055519104,1
10.1109/ICE/ITMC58018.2023.10332374,http://h-da.de/ml-ontology/time_series_forecasting,time series forecasting,0.4743202328681946,1
10.1109/ICE/ITMC61926.2024.10794238,http://h-da.de/ml-ontology/feature_selection,feature selection,0.46546077728271484,1
10.1109/ICE/ITMC65658.2025.11106668,http://h-da.de/ml-ontology/time_series_forecasting,time series forecasting,0.46519431471824646,1
10.1109/ICE2T58637.2023.10540464,http://h-da.de/ml-ontology/regression,regression,0.3766365647315979,1
10.1109/ICE3IS62977.2024.10775309,http://h-da.de/ml-ontology/audio_regression,audio regression,0.38657623529434204,1
10.1109/ICEAAI64185.2025.10957062,http://h-da.de/ml-ontology/regression,regression,0.4403585195541382,1
10.1109/ICEACE63551.2024.10898356,http://h-da.de/ml-ontology/regression,regression,0.39532899856567383,1
10.1109/ICEACE63551.2024.10898377,http://h-da.de/ml-ontology/binary_classification,binary classification,0.4021328091621399,1
10.1109/ICEACE63551.2024.10898428,http://h-da.de/ml-ontology/feature_extraction,feature extraction,0.45880573987960815,1
10.1109/ICEACE63551.2024.10898513,http://h-da.de/ml-ontology/feature_extraction,feature extraction,0.37933751940727234,1
10.1109/ICEACE63551.2024.10898613,http://h-da.de/ml-ontology/feature_extraction,feature extraction,0.36126452684402466,1
10.1109/ICEACE63551.2024.10899011,http://h-da.de/ml-ontology/binary_classification,binary classification,0.38373684883117676,1
10.1109/ICEARS53579.2022.9751840,http://h-da.de/ml-ontology/binary_classification,binary classification,0.4137759804725647,1
10.1109/ICEARS64219.2025.10940813,http://h-da.de/ml-ontology/time_series_forecasting,time series forecasting,0.3796841502189636,1
10.1109/ICEAST64767.2025.11088148,http://h-da.de/ml-ontology/binary_classification,binary classification,0.4749853014945984,1
10.1109/ICEBE62490.2024.00042,http://h-da.de/ml-ontology/image_classification,image classification,0.4598144292831421,1
10.1109/ICECA55336.2022.10009059,http://h-da.de/ml-ontology/anomaly_detection,anomaly detection,0.4929077625274658,1
10.1109/ICECA55336.2022.10009277,http://h-da.de/ml-ontology/regression,regression,0.4324507713317871,1
10.1109/ICECA55336.2022.10009433,http://h-da.de/ml-ontology/time_series_classification,time series classification,0.4529227018356323,1
10.1109/ICECA55336.2022.10703527,http://h-da.de/ml-ontology/anomaly_detection,anomaly detection,0.4826916754245758,1
10.1109/ICECA63461.2024.10800879,http://h-da.de/ml-ontology/image_classification,image classification,0.36540475487709045,1
10.1109/ICECA63461.2024.10800924,http://h-da.de/ml-ontology/image_classification,image classification,0.443878173828125,1
10.1109/ICECA63461.2024.10801060,http://h-da.de/ml-ontology/binary_classification,binary classification,0.3938405513763428,1
10.1109/ICECAA55415.2022.9936279,http://h-da.de/ml-ontology/binary_classification,binary classification,0.3797993063926697,1
10.1109/ICECCC61767.2024.10593917,http://h-da.de/ml-ontology/regression,regression,0.4313278794288635,1
10.1109/ICECCE49384.2020.9179391,http://h-da.de/ml-ontology/feature_extraction,feature extraction,0.43487483263015747,1
10.1109/ICECCE49384.2020.9179459,http://h-da.de/ml-ontology/time_series_forecasting,time series forecasting,0.359481543302536,1
10.1109/ICECCE61019.2023.10442609,http://h-da.de/ml-ontology/action_recognition,action recognition,0.3660757541656494,1
10.1109/ICECCT.2019.8869103,http://h-da.de/ml-ontology/association_rule_learning,association rule learning,0.5506289005279541,1
10.1109/ICECCT56650.2023.10179619,http://h-da.de/ml-ontology/time_series_classification,time series classification,0.43113982677459717,1
10.1109/ICECET55527.2022.9872875,http://h-da.de/ml-ontology/binary_classification,binary classification,0.4194716811180115,1
10.1109/ICECET55527.2022.9872890,http://h-da.de/ml-ontology/feature_extraction,feature extraction,0.4388747215270996,1
10.1109/ICECET55527.2022.9872903,http://h-da.de/ml-ontology/time_series_forecasting,time series forecasting,0.37605947256088257,1
10.1109/ICECET55527.2022.9873073,http://h-da.de/ml-ontology/binary_classification,binary classification,0.4582379460334778,1
10.1109/ICECONF57129.2023.10083525,http://h-da.de/ml-ontology/image_classification,image classification,0.4827072024345398,1
10.1109/ICECONF57129.2023.10083970,http://h-da.de/ml-ontology/image_classification,image classification,0.49501287937164307,1
10.1109/ICECSP61809.2024.10698084,http://h-da.de/ml-ontology/image_classification,image classification,0.4647904634475708,1
10.1109/ICECSP61809.2024.10698480,http://h-da.de/ml-ontology/image_classification,image classification,0.4818611145019531,1
10.1109/ICECT61618.2024.10581005,http://h-da.de/ml-ontology/tabular_classification,tabular classification,0.41101372241973877,1
10.1109/ICEDCS64328.2024.00075,http://h-da.de/ml-ontology/regression,regression,0.35094696283340454,1
10.1109/ICEDCS64328.2024.00115,http://h-da.de/ml-ontology/feature_extraction,feature extraction,0.387978196144104,1
10.1109/ICEDCS64328.2024.00217,http://h-da.de/ml-ontology/feature_extraction,feature extraction,0.42767757177352905,1
10.1109/ICEEAC61226.2024.10576259,http://h-da.de/ml-ontology/feature_extraction,feature extraction,0.3867153823375702,1
10.1109/ICEEAC61226.2024.10576501,http://h-da.de/ml-ontology/regression,regression,0.4030976891517639,1
10.1109/ICEEE.2013.6676005,http://h-da.de/ml-ontology/action_recognition,action recognition,0.48798447847366333,1
10.1109/ICEEE.2014.6978261,http://h-da.de/ml-ontology/clustering,clustering,0.4210180640220642,1
10.1109/ICEEE.2015.7357960,http://h-da.de/ml-ontology/classification,classification,0.5153929591178894,1
10.1109/ICEEE.2018.8533947,http://h-da.de/ml-ontology/time_series_classification,time series classification,0.43920886516571045,1
10.1109/ICEEE.2018.8533968,http://h-da.de/ml-ontology/time_series_classification,time series classification,0.4769444465637207,1
10.1109/ICEEE.2019.8884547,http://h-da.de/ml-ontology/image_classification,image classification,0.44648367166519165,1
10.1109/ICEEE.2019.8884572,http://h-da.de/ml-ontology/audio_classification,audio classification,0.4029776453971863,1
10.1109/ICEEE49618.2020.9102476,http://h-da.de/ml-ontology/binary_classification,binary classification,0.3914976119995117,1
10.1109/ICEEE55327.2022.9772532,http://h-da.de/ml-ontology/regression,regression,0.385900616645813,1
10.1109/ICEEIE52663.2021.9616687,http://h-da.de/ml-ontology/audio_regression,audio regression,0.432411253452301,1
10.1109/ICEEM58740.2023.10319482,http://h-da.de/ml-ontology/image_classification,image classification,0.42397013306617737,1
10.1109/ICEESE62315.2024.10828537,http://h-da.de/ml-ontology/feature_extraction,feature extraction,0.4018937349319458,1
10.1109/ICEI60179.2023.00053,http://h-da.de/ml-ontology/anomaly_detection,anomaly detection,0.43071913719177246,1
10.1109/ICEIC57457.2023.10049883,http://h-da.de/ml-ontology/anomaly_detection,anomaly detection,0.35222363471984863,1
10.1109/ICEIC64972.2025.10879773,http://h-da.de/ml-ontology/image_classification,image classification,0.3615695834159851,1
10.1109/ICEKIM52309.2021.00091,http://h-da.de/ml-ontology/anomaly_detection,anomaly detection,0.44142693281173706,1
10.1109/ICELIE58531.2023.10313107,http://h-da.de/ml-ontology/feature_extraction,feature extraction,0.37307602167129517,1
10.1109/ICEMCE64157.2024.10862003,http://h-da.de/ml-ontology/feature_extraction,feature extraction,0.421460896730423,1
10.1109/ICEMPS60684.2024.10559377,http://h-da.de/ml-ontology/audio_regression,audio regression,0.3925102949142456,1
10.1109/ICEPT47577.2019.245135,http://h-da.de/ml-ontology/image_classification,image classification,0.3866543769836426,1
10.1109/ICERA66156.2025.11087272,http://h-da.de/ml-ontology/sentiment_analysis,sentiment analysis,0.5104155540466309,1
10.1109/ICERCS63125.2024.10894878,http://h-da.de/ml-ontology/feature_extraction,feature extraction,0.3651825785636902,1
10.1109/ICERCS63125.2024.10895692,http://h-da.de/ml-ontology/binary_classification,binary classification,0.3989652395248413,1
10.1109/ICERECT56837.2022.10059651,http://h-da.de/ml-ontology/image_classification,image classification,0.3936193883419037,1
10.1109/ICESC54411.2022.9885377,http://h-da.de/ml-ontology/regression,regression,0.44542357325553894,1
10.1109/ICESC57686.2023.10193493,http://h-da.de/ml-ontology/feature_extraction,feature extraction,0.38275235891342163,1
10.1109/ICESEP62218.2024.10652040,http://h-da.de/ml-ontology/image_classification,image classification,0.36194610595703125,1
10.1109/ICESIT53460.2021.9696839,http://h-da.de/ml-ontology/regression,regression,0.4321514964103699,1
10.1109/ICEST66328.2025.11098236,http://h-da.de/ml-ontology/binary_classification,binary classification,0.4178844690322876,1
10.1109/ICET63392.2024.10935208,http://h-da.de/ml-ontology/feature_extraction,feature extraction,0.36833882331848145,1
10.1109/ICETCI62771.2024.10704211,http://h-da.de/ml-ontology/feature_extraction,feature extraction,0.37490278482437134,1
10.1109/ICETEMS64039.2024.10965099,http://h-da.de/ml-ontology/feature_selection,feature selection,0.38629353046417236,1
10.1109/ICETET-SIP58143.2023.10151453,http://h-da.de/ml-ontology/anomaly_detection,anomaly detection,0.37146568298339844,1
10.1109/ICETI4T63625.2025.11132272,http://h-da.de/ml-ontology/audio_classification,audio classification,0.36931073665618896,1
10.1109/ICFTS62006.2025.11031548,http://h-da.de/ml-ontology/feature_extraction,feature extraction,0.4049820005893707,1
10.1109/ICFTS62006.2025.11031810,http://h-da.de/ml-ontology/time_series_classification,time series classification,0.44977468252182007,1
10.1109/ICFTSC57269.2022.10039824,http://h-da.de/ml-ontology/feature_extraction,feature extraction,0.41144871711730957,1
10.1109/ICFTSC57269.2022.10040046,http://h-da.de/ml-ontology/anomaly_detection,anomaly detection,0.39744311571121216,1
10.1109/ICHORA65333.2025.11017037,http://h-da.de/ml-ontology/image_classification,image classification,0.4841635227203369,1
10.1109/ICHVE49031.2020.9279984,http://h-da.de/ml-ontology/image_classification,image classification,0.3505047559738159,1
10.1109/ICIC53490.2021.9693044,http://h-da.de/ml-ontology/image_classification,image classification,0.36249321699142456,1
10.1109/ICICACS57338.2023.10099829,http://h-da.de/ml-ontology/recommendation,recommendation,0.3695152699947357,1
10.1109/ICICACS57338.2023.10099996,http://h-da.de/ml-ontology/binary_classification,binary classification,0.41499069333076477,1
10.1109/ICICACS65178.2025.10968470,http://h-da.de/ml-ontology/feature_extraction,feature extraction,0.36871975660324097,1
10.1109/ICICACS65178.2025.10968632,http://h-da.de/ml-ontology/feature_extraction,feature extraction,0.40779268741607666,1
10.1109/ICICAT62666.2024.10923362,http://h-da.de/ml-ontology/regression,regression,0.4306602478027344,1
10.1109/ICICAT62666.2024.10923472,http://h-da.de/ml-ontology/image_classification,image classification,0.37838268280029297,1
10.1109/ICICCS65191.2025.10985478,http://h-da.de/ml-ontology/audio_regression,audio regression,0.4135895371437073,1
10.1109/ICICCS65191.2025.10985479,http://h-da.de/ml-ontology/feature_extraction,feature extraction,0.37021198868751526,1
10.1109/ICICI65870.2025.11069476,http://h-da.de/ml-ontology/regression,regression,0.4230358898639679,1
10.1109/ICICI65870.2025.11069513,http://h-da.de/ml-ontology/time_series_classification,time series classification,0.429717481136322,1
10.1109/ICICI65870.2025.11069576,http://h-da.de/ml-ontology/feature_selection,feature selection,0.42191001772880554,1
10.1109/ICICICT54557.2022.9917882,http://h-da.de/ml-ontology/image_classification,image classification,0.41418367624282837,1
10.1109/ICICICT54557.2022.9917966,http://h-da.de/ml-ontology/time_series_classification,time series classification,0.42899203300476074,1
10.1109/ICICIS56802.2023.10430253,http://h-da.de/ml-ontology/regression,regression,0.4240846037864685,1
10.1109/ICICIS58388.2023.10391130,http://h-da.de/ml-ontology/binary_classification,binary classification,0.4336244463920593,1
10.1109/ICICML63543.2024.10958017,http://h-da.de/ml-ontology/feature_extraction,feature extraction,0.40931564569473267,1
10.1109/ICICNIS64247.2024.10823350,http://h-da.de/ml-ontology/feature_extraction,feature extraction,0.3893241286277771,1
10.1109/ICICS65354.2025.11072954,http://h-da.de/ml-ontology/anomaly_detection,anomaly detection,0.49414098262786865,1
10.1109/ICICSP54369.2021.9611971,http://h-da.de/ml-ontology/time_series_classification,time series classification,0.40902456641197205,1
10.1109/ICICT48043.2020.9112473,http://h-da.de/ml-ontology/audio_regression,audio regression,0.5508018732070923,1
10.1109/ICICT54344.2022.9850618,http://h-da.de/ml-ontology/feature_reduction,feature reduction,0.3632088303565979,1
10.1109/ICICT60155.2024.10544610,http://h-da.de/ml-ontology/action_recognition,action recognition,0.38234132528305054,1
10.1109/ICICT60155.2024.10544852,http://h-da.de/ml-ontology/audio_classification,audio classification,0.42907607555389404,1
10.1109/ICICoS62600.2024.10636820,http://h-da.de/ml-ontology/feature_extraction,feature extraction,0.38215935230255127,1
10.1109/ICICyTA57421.2022.10037988,http://h-da.de/ml-ontology/anomaly_detection,anomaly detection,0.47587674856185913,1
10.1109/ICICyTA60173.2023.10428838,http://h-da.de/ml-ontology/anomaly_detection,anomaly detection,0.507615327835083,1
10.1109/ICIEA.2012.6360910,http://h-da.de/ml-ontology/image_classification,image classification,0.43312153220176697,1
10.1109/ICIEA.2013.6566497,http://h-da.de/ml-ontology/image_classification,image classification,0.39876842498779297,1
10.1109/ICIEA65512.2025.11148872,http://h-da.de/ml-ontology/image_classification,image classification,0.38362741470336914,1
10.1109/ICIEAM65163.2025.11028312,http://h-da.de/ml-ontology/feature_extraction,feature extraction,0.42562350630760193,1
10.1109/ICIETDW61607.2024.10939884,http://h-da.de/ml-ontology/regression,regression,0.3945660889148712,1
10.1109/ICIETDW61607.2024.10941248,http://h-da.de/ml-ontology/feature_extraction,feature extraction,0.3878173828125,1
10.1109/ICIICS59993.2023.10421234,http://h-da.de/ml-ontology/anomaly_detection,anomaly detection,0.42209675908088684,1
10.1109/ICIICS63763.2024.10860260,http://h-da.de/ml-ontology/feature_extraction,feature extraction,0.42116108536720276,1
10.1109/ICIIET55458.2022.9967513,http://h-da.de/ml-ontology/anomaly_detection,anomaly detection,0.5595385432243347,1
10.1109/ICIIP61524.2023.10537634,http://h-da.de/ml-ontology/feature_selection,feature selection,0.49777862429618835,1
10.1109/ICIIS51140.2020.9342675,http://h-da.de/ml-ontology/binary_classification,binary classification,0.4261554777622223,1
10.1109/ICIMA64861.2025.11073849,http://h-da.de/ml-ontology/image_classification,image classification,0.3906502425670624,1
10.1109/ICIMCIS63449.2024.10957227,http://h-da.de/ml-ontology/regression,regression,0.40676048398017883,1
10.1109/ICIOT.2019.00031,http://h-da.de/ml-ontology/feature_extraction,feature extraction,0.4074006974697113,1
10.1109/ICIP51287.2024.10647364,http://h-da.de/ml-ontology/image_regression,image regression,0.3777526617050171,1
10.1109/ICIPCA59209.2023.10257933,http://h-da.de/ml-ontology/image_classification,image classification,0.3900641202926636,1
10.1109/ICIPCA61593.2024.10709133,http://h-da.de/ml-ontology/recommendation,recommendation,0.4440499544143677,1
10.1109/ICIPCA65645.2025.11138530,http://h-da.de/ml-ontology/binary_classification,binary classification,0.44033533334732056,1
10.1109/ICIPCN63822.2024.00151,http://h-da.de/ml-ontology/feature_extraction,feature extraction,0.3517186939716339,1
10.1109/ICIPTM54933.2022.9753864,http://h-da.de/ml-ontology/regression,regression,0.41079652309417725,1
10.1109/ICIPTM57143.2023.10118252,http://h-da.de/ml-ontology/binary_classification,binary classification,0.454900324344635,1
10.1109/ICIPTM59628.2024.10563755,http://h-da.de/ml-ontology/binary_classification,binary classification,0.5115453600883484,1
10.1109/ICIPTM59628.2024.10563826,http://h-da.de/ml-ontology/binary_classification,binary classification,0.4262533187866211,1
10.1109/ICIRCA54612.2022.9985503,http://h-da.de/ml-ontology/binary_classification,binary classification,0.35687267780303955,1
10.1109/ICIRCA57980.2023.10220804,http://h-da.de/ml-ontology/classification,classification,0.35310468077659607,1
10.1109/ICIRCA65293.2025.11089570,http://h-da.de/ml-ontology/time_series_classification,time series classification,0.3694833517074585,1
10.1109/ICIS64839.2024.10887500,http://h-da.de/ml-ontology/anomaly_detection,anomaly detection,0.45307525992393494,1
10.1109/ICISC62624.2024.00012,http://h-da.de/ml-ontology/regression,regression,0.4395858645439148,1
10.1109/ICISCN64258.2025.10934470,http://h-da.de/ml-ontology/image_regression,image regression,0.36131566762924194,1
10.1109/ICISCT64202.2024.10957047,http://h-da.de/ml-ontology/image_classification,image classification,0.48172324895858765,1
10.1109/ICISPC51671.2020.00014,http://h-da.de/ml-ontology/image_classification,image classification,0.4149361848831177,1
10.1109/ICISS63372.2025.11076243,http://h-da.de/ml-ontology/time_series_classification,time series classification,0.38042938709259033,1
10.1109/ICIT.2015.7125351,http://h-da.de/ml-ontology/time_series_classification,time series classification,0.4063253402709961,1
10.1109/ICIT64950.2025.11049183,http://h-da.de/ml-ontology/audio_regression,audio regression,0.46245694160461426,1
10.1109/ICITACEE62763.2024.10762812,http://h-da.de/ml-ontology/regression,regression,0.4158684015274048,1
10.1109/ICITEICS61368.2024.10625155,http://h-da.de/ml-ontology/image_classification,image classification,0.44217902421951294,1
10.1109/ICITEICS61368.2024.10625442,http://h-da.de/ml-ontology/feature_extraction,feature extraction,0.4184802770614624,1
10.1109/ICITEICS61368.2024.10625502,http://h-da.de/ml-ontology/time_series_forecasting,time series forecasting,0.37051841616630554,1
10.1109/ICITEICS61368.2024.10625539,http://h-da.de/ml-ontology/time_series_analysis,time series analysis,0.5069801211357117,1
10.1109/ICITIIT64777.2025.11040493,http://h-da.de/ml-ontology/feature_extraction,feature extraction,0.36194318532943726,1
10.1109/ICITISEE58992.2023.10405049,http://h-da.de/ml-ontology/regression,regression,0.41894736886024475,1
10.1109/ICITISEE63424.2024.10730046,http://h-da.de/ml-ontology/feature_extraction,feature extraction,0.3743119239807129,1
10.1109/ICITR64794.2024.10857772,http://h-da.de/ml-ontology/regression,regression,0.4418260455131531,1
10.1109/ICITR64794.2024.10857803,http://h-da.de/ml-ontology/regression,regression,0.4400215148925781,1
10.1109/ICITRI62858.2024.10699115,http://h-da.de/ml-ontology/feature_extraction,feature extraction,0.4218907654285431,1
10.1109/ICKII58656.2023.10332609,http://h-da.de/ml-ontology/recommendation,recommendation,0.5031448602676392,1
10.1109/ICL-GNSS60721.2024.10578380,http://h-da.de/ml-ontology/time_series_classification,time series classification,0.37857121229171753,1
10.1109/ICM63406.2024.10815781,http://h-da.de/ml-ontology/binary_classification,binary classification,0.45717641711235046,1
10.1109/ICMA57826.2023.10216091,http://h-da.de/ml-ontology/feature_extraction,feature extraction,0.3916471004486084,1
10.1109/ICMCSI64620.2025.10883243,http://h-da.de/ml-ontology/translation,translation,0.42834752798080444,1
10.1109/ICMCSI64620.2025.10883466,http://h-da.de/ml-ontology/regression,regression,0.4500598907470703,1
10.1109/ICMCSI64620.2025.10883526,http://h-da.de/ml-ontology/feature_extraction,feature extraction,0.4569815993309021,1
10.1109/ICMI60790.2024.10585829,http://h-da.de/ml-ontology/audio_regression,audio regression,0.4713333547115326,1
10.1109/ICMI65310.2025.11141125,http://h-da.de/ml-ontology/binary_classification,binary classification,0.4868927001953125,1
10.1109/ICMI65310.2025.11141197,http://h-da.de/ml-ontology/text_analytics,text analytics,0.38949307799339294,1
10.1109/ICMI65310.2025.11141255,http://h-da.de/ml-ontology/recommendation,recommendation,0.4036523103713989,1
10.1109/ICMI65310.2025.11141314,http://h-da.de/ml-ontology/regression,regression,0.4621461033821106,1
10.1109/ICMIAM54662.2021.9715224,http://h-da.de/ml-ontology/image_classification,image classification,0.42653125524520874,1
10.1109/ICMIAM54662.2021.9715225,http://h-da.de/ml-ontology/feature_extraction,feature extraction,0.3594461679458618,1
10.1109/ICMIMT49010.2020.9041239,http://h-da.de/ml-ontology/feature_extraction,feature extraction,0.4297485947608948,1
10.1109/ICMISI65108.2025.11115359,http://h-da.de/ml-ontology/time_series_forecasting,time series forecasting,0.41473326086997986,1
10.1109/ICMLA.2012.172,http://h-da.de/ml-ontology/audio_classification,audio classification,0.5911402702331543,1
10.1109/ICMLA.2013.186,http://h-da.de/ml-ontology/feature_extraction,feature extraction,0.43306607007980347,1
10.1109/ICMLA.2016.90,http://h-da.de/ml-ontology/anomaly_detection,anomaly detection,0.47459203004837036,1
10.1109/ICMLA.2017.0-115,http://h-da.de/ml-ontology/regression,regression,0.41372865438461304,1
10.1109/ICMLA.2017.0-126,http://h-da.de/ml-ontology/anomaly_detection,anomaly detection,0.5790460109710693,1
10.1109/ICMLA.2018.00051,http://h-da.de/ml-ontology/binary_classification,binary classification,0.46763837337493896,1
10.1109/ICMLA.2018.00131,http://h-da.de/ml-ontology/binary_classification,binary classification,0.49063509702682495,1
10.1109/ICMLA.2018.00201,http://h-da.de/ml-ontology/image_classification,image classification,0.4269217848777771,1
10.1109/ICMLA.2019.00029,http://h-da.de/ml-ontology/time_series_forecasting,time series forecasting,0.45713376998901367,1
10.1109/ICMLA.2019.00172,http://h-da.de/ml-ontology/anomaly_detection,anomaly detection,0.5386785268783569,1
10.1109/ICMLA.2019.00218,http://h-da.de/ml-ontology/image_classification,image classification,0.4488656520843506,1
10.1109/ICMLA.2019.00304,http://h-da.de/ml-ontology/tabular_regression,tabular regression,0.4166722297668457,1
10.1109/ICMLA.2019.00320,http://h-da.de/ml-ontology/image_segmentation,image segmentation,0.44754451513290405,1
10.1109/ICMLA.2019.00321,http://h-da.de/ml-ontology/image_classification,image classification,0.4287368655204773,1
10.1109/ICMLA51294.2020.00109,http://h-da.de/ml-ontology/anomaly_detection,anomaly detection,0.5441733598709106,1
10.1109/ICMLA52953.2021.00140,http://h-da.de/ml-ontology/image_classification,image classification,0.3943846821784973,1
10.1109/ICMLA55696.2022.00022,http://h-da.de/ml-ontology/image_classification,image classification,0.43670254945755005,1
10.1109/ICMLA58977.2023.00306,http://h-da.de/ml-ontology/time_series_classification,time series classification,0.41373658180236816,1
10.1109/ICMLA61862.2024.00070,http://h-da.de/ml-ontology/image_classification,image classification,0.4558340907096863,1
10.1109/ICMLA61862.2024.00236,http://h-da.de/ml-ontology/feature_extraction,feature extraction,0.4408397078514099,1
10.1109/ICMLA61862.2024.00271,http://h-da.de/ml-ontology/audio_regression,audio regression,0.39825665950775146,1
10.1109/ICMLA61862.2024.00276,http://h-da.de/ml-ontology/feature_extraction,feature extraction,0.4126266837120056,1
10.1109/ICMLA61862.2024.00296,http://h-da.de/ml-ontology/feature_extraction,feature extraction,0.4468979835510254,1
10.1109/ICMLANT63295.2024.00026,http://h-da.de/ml-ontology/classification,classification,0.4297105073928833,1
10.1109/ICMLAS64557.2025.10967789,http://h-da.de/ml-ontology/feature_extraction,feature extraction,0.387500524520874,1
10.1109/ICMLAS64557.2025.10967832,http://h-da.de/ml-ontology/image_classification,image classification,0.3568283021450043,1
10.1109/ICMLC48188.2019.8949295,http://h-da.de/ml-ontology/topic_modeling,topic modeling,0.497895210981369,1
10.1109/ICMLC63072.2024.10935115,http://h-da.de/ml-ontology/image_classification,image classification,0.35251912474632263,1
10.1109/ICMLC63072.2024.10935148,http://h-da.de/ml-ontology/regression,regression,0.4405952990055084,1
10.1109/ICMLCN59089.2024.10624870,http://h-da.de/ml-ontology/anomaly_detection,anomaly detection,0.44360917806625366,1
10.1109/ICMNWC56175.2022.10031638,http://h-da.de/ml-ontology/anomaly_detection,anomaly detection,0.46597617864608765,1
10.1109/ICMRE60776.2024.10532204,http://h-da.de/ml-ontology/feature_extraction,feature extraction,0.47346895933151245,1
10.1109/ICMSCI62561.2025.10893959,http://h-da.de/ml-ontology/image_classification,image classification,0.35691016912460327,1
10.1109/ICMSCI62561.2025.10894630,http://h-da.de/ml-ontology/feature_extraction,feature extraction,0.40643244981765747,1
10.1109/ICMSP64464.2024.10866502,http://h-da.de/ml-ontology/image_classification,image classification,0.40851813554763794,1
10.1109/ICMSSE53595.2021.00016,http://h-da.de/ml-ontology/feature_selection,feature selection,0.3523324728012085,1
10.1109/ICMT56556.2022.9997777,http://h-da.de/ml-ontology/feature_extraction,feature extraction,0.4183621406555176,1
10.1109/ICMT65201.2025.11061298,http://h-da.de/ml-ontology/binary_classification,binary classification,0.399716317653656,1
10.1109/ICMV.2009.54,http://h-da.de/ml-ontology/binary_classification,binary classification,0.42365530133247375,1
10.1109/ICNC.2008.869,http://h-da.de/ml-ontology/binary_classification,binary classification,0.38729429244995117,1
10.1109/ICNEWS60873.2024.10730983,http://h-da.de/ml-ontology/binary_classification,binary classification,0.44319477677345276,1
10.1109/ICNGN63705.2024.10871832,http://h-da.de/ml-ontology/time_series_analysis,time series analysis,0.41725558042526245,1
10.1109/ICNISC54316.2021.00080,http://h-da.de/ml-ontology/recommendation,recommendation,0.4137060046195984,1
10.1109/ICNLP60986.2024.10692614,http://h-da.de/ml-ontology/translation,translation,0.36455413699150085,1
10.1109/ICNSC62968.2024.10760004,http://h-da.de/ml-ontology/feature_selection,feature selection,0.4834471344947815,1
10.1109/ICNWC57852.2023.10127269,http://h-da.de/ml-ontology/regression,regression,0.4254947304725647,1
10.1109/ICNWC60771.2024.10537268,http://h-da.de/ml-ontology/binary_classification,binary classification,0.36813560128211975,1
10.1109/ICOA62581.2024.10753854,http://h-da.de/ml-ontology/feature_extraction,feature extraction,0.358126163482666,1
10.1109/ICOCT64433.2025.11118396,http://h-da.de/ml-ontology/video_regression,video regression,0.38278764486312866,1
10.1109/ICOECA62351.2024.00026,http://h-da.de/ml-ontology/binary_classification,binary classification,0.3918813467025757,1
10.1109/ICOECA62351.2024.00080,http://h-da.de/ml-ontology/time_series_classification,time series classification,0.3743385076522827,1
10.1109/ICOECA62351.2024.00111,http://h-da.de/ml-ontology/feature_extraction,feature extraction,0.3860436677932739,1
10.1109/ICOEI53556.2022.9776731,http://h-da.de/ml-ontology/binary_classification,binary classification,0.4476538300514221,1
10.1109/ICOEI65986.2025.11013044,http://h-da.de/ml-ontology/time_series_classification,time series classification,0.41067707538604736,1
10.1109/ICOIACT64819.2024.10912907,http://h-da.de/ml-ontology/time_series_classification,time series classification,0.39080989360809326,1
10.1109/ICOIN53446.2022.9687205,http://h-da.de/ml-ontology/anomaly_detection,anomaly detection,0.4723256826400757,1
10.1109/ICOIN63865.2025.10993165,http://h-da.de/ml-ontology/regression,regression,0.4177340269088745,1
10.1109/ICOISS.2013.6678403,http://h-da.de/ml-ontology/sentiment_analysis,sentiment analysis,0.4022986888885498,1
10.1109/ICOM61675.2024.10652325,http://h-da.de/ml-ontology/binary_classification,binary classification,0.44509586691856384,1
10.1109/ICOM61675.2024.10652505,http://h-da.de/ml-ontology/binary_classification,binary classification,0.38604575395584106,1
10.1109/ICONAT61936.2024.10774722,http://h-da.de/ml-ontology/image_classification,image classification,0.4348740577697754,1
10.1109/ICONIP.2002.1199019,http://h-da.de/ml-ontology/feature_extraction,feature extraction,0.3652549982070923,1
10.1109/ICONNIC59854.2023.10467262,http://h-da.de/ml-ontology/regression,regression,0.42205822467803955,1
10.1109/ICONSTEM60960.2024.10568814,http://h-da.de/ml-ontology/binary_classification,binary classification,0.4131743311882019,1
10.1109/ICORIS63540.2024.10903813,http://h-da.de/ml-ontology/regression,regression,0.3902228772640228,1
10.1109/ICORIS63540.2024.10903940,http://h-da.de/ml-ontology/image_classification,image classification,0.4777274429798126,1
10.1109/ICOSEC49089.2020.9215277,http://h-da.de/ml-ontology/regression,regression,0.3553156852722168,1
10.1109/ICOSEC61587.2024.10722177,http://h-da.de/ml-ontology/time_series_forecasting,time series forecasting,0.35743653774261475,1
10.1109/ICPADS47876.2019.00099,http://h-da.de/ml-ontology/anomaly_detection,anomaly detection,0.3975333571434021,1
10.1109/ICPC2T63847.2025.10958573,http://h-da.de/ml-ontology/binary_classification,binary classification,0.3986912667751312,1
10.1109/ICPC2T63847.2025.10958721,http://h-da.de/ml-ontology/feature_extraction,feature extraction,0.35043978691101074,1
10.1109/ICPCSN58827.2023.00266,http://h-da.de/ml-ontology/regression,regression,0.43751901388168335,1
10.1109/ICPCT64145.2025.10940889,http://h-da.de/ml-ontology/classification,classification,0.3767424523830414,1
10.1109/ICPECTS62210.2024.10779994,http://h-da.de/ml-ontology/time_series_classification,time series classification,0.37170496582984924,1
10.1109/ICPECTS62210.2024.10780009,http://h-da.de/ml-ontology/anomaly_detection,anomaly detection,0.4285582900047302,1
10.1109/ICPECTS62210.2024.10780104,http://h-da.de/ml-ontology/image_classification,image classification,0.4726846218109131,1
10.1109/ICPEEV58650.2023.10391877,http://h-da.de/ml-ontology/tabular_classification,tabular classification,0.38076746463775635,1
10.1109/ICPEI55293.2022.9986545,http://h-da.de/ml-ontology/binary_classification,binary classification,0.3605656623840332,1
10.1109/ICPEICES.2018.8897457,http://h-da.de/ml-ontology/regression,regression,0.4708012640476227,1
10.1109/ICPHM.2018.8448900,http://h-da.de/ml-ontology/time_series_classification,time series classification,0.4098678529262543,1
10.1109/ICPHM.2019.8819374,http://h-da.de/ml-ontology/time_series_classification,time series classification,0.4075945019721985,1
10.1109/ICPHM49022.2020.9187047,http://h-da.de/ml-ontology/time_series_forecasting,time series forecasting,0.45043283700942993,1
10.1109/ICPHM49022.2020.9187048,http://h-da.de/ml-ontology/feature_extraction,feature extraction,0.4157158434391022,1
10.1109/ICPHM49022.2020.9187056,http://h-da.de/ml-ontology/feature_extraction,feature extraction,0.39869290590286255,1
10.1109/ICPHM49022.2020.9187061,http://h-da.de/ml-ontology/binary_classification,binary classification,0.37012147903442383,1
10.1109/ICPHM51084.2021.9486549,http://h-da.de/ml-ontology/feature_extraction,feature extraction,0.4272587299346924,1
10.1109/ICPHM53196.2022.9815655,http://h-da.de/ml-ontology/regression,regression,0.3534945845603943,1
10.1109/ICPHM61352.2024.10626846,http://h-da.de/ml-ontology/time_series_classification,time series classification,0.4434942901134491,1
10.1109/ICPICS62053.2024.10796993,http://h-da.de/ml-ontology/feature_extraction,feature extraction,0.39591068029403687,1
10.1109/ICPIDS65698.2024.00075,http://h-da.de/ml-ontology/feature_selection,feature selection,0.41412293910980225,1
10.1109/ICPRS58416.2023.10179057,http://h-da.de/ml-ontology/regression,regression,0.4175730049610138,1
10.1109/ICPS48405.2020.9274779,http://h-da.de/ml-ontology/time_series_classification,time series classification,0.42987626791000366,1
10.1109/ICPS49255.2021.9468191,http://h-da.de/ml-ontology/feature_extraction,feature extraction,0.4840282201766968,1
10.1109/ICPS49255.2021.9468245,http://h-da.de/ml-ontology/feature_extraction,feature extraction,0.5247677564620972,1
10.1109/ICPS51978.2022.9816906,http://h-da.de/ml-ontology/anomaly_detection,anomaly detection,0.4809077978134155,1
10.1109/ICRA.2011.5979961,http://h-da.de/ml-ontology/action_recognition,action recognition,0.3624045252799988,1
10.1109/ICRA57147.2024.10610033,http://h-da.de/ml-ontology/object_detection,object detection,0.3707315921783447,1
10.1109/ICRAE48301.2019.9043784,http://h-da.de/ml-ontology/audio_regression,audio regression,0.39126941561698914,1
10.1109/ICRAI57502.2023.10089572,http://h-da.de/ml-ontology/feature_extraction,feature extraction,0.44911548495292664,1
10.1109/ICRAIE59459.2023.10468478,http://h-da.de/ml-ontology/regression,regression,0.3733864426612854,1
10.1109/ICRCICN.2016.7813651,http://h-da.de/ml-ontology/feature_extraction,feature extraction,0.39381664991378784,1
10.1109/ICRCV62709.2024.10758576,http://h-da.de/ml-ontology/binary_classification,binary classification,0.43153446912765503,1
10.1109/ICRERA47325.2019.8996518,http://h-da.de/ml-ontology/regression,regression,0.39189642667770386,1
10.1109/ICRERA55966.2022.9922823,http://h-da.de/ml-ontology/regression,regression,0.45118293166160583,1
10.1109/ICRISST59181.2024.10921835,http://h-da.de/ml-ontology/regression,regression,0.4003061056137085,1
10.1109/ICRMS59672.2023.00210,http://h-da.de/ml-ontology/feature_extraction,feature extraction,0.4009745121002197,1
10.1109/ICRTCST54752.2022.9782009,http://h-da.de/ml-ontology/feature_extraction,feature extraction,0.3797709345817566,1
10.1109/ICRTCST61793.2024.10578499,http://h-da.de/ml-ontology/feature_extraction,feature extraction,0.39296358823776245,1
10.1109/ICRoM54204.2021.9663495,http://h-da.de/ml-ontology/anomaly_detection,anomaly detection,0.4074326157569885,1
10.1109/ICSADL61749.2024.00038,http://h-da.de/ml-ontology/feature_extraction,feature extraction,0.4201861023902893,1
10.1109/ICSADL61749.2024.00107,http://h-da.de/ml-ontology/feature_extraction,feature extraction,0.4175116717815399,1
10.1109/ICSADL65848.2025.10933311,http://h-da.de/ml-ontology/anomaly_detection,anomaly detection,0.3908374309539795,1
10.1109/ICSADL65848.2025.10933312,http://h-da.de/ml-ontology/anomaly_detection,anomaly detection,0.3545931577682495,1
10.1109/ICSAI.2016.7811100,http://h-da.de/ml-ontology/feature_reduction,feature reduction,0.381753146648407,1
10.1109/ICSAI.2018.8599292,http://h-da.de/ml-ontology/binary_classification,binary classification,0.3936406075954437,1
10.1109/ICSC56153.2023.00043,http://h-da.de/ml-ontology/feature_selection,feature selection,0.40284019708633423,1
10.1109/ICSC56153.2023.00069,http://h-da.de/ml-ontology/time_series_classification,time series classification,0.37457603216171265,1
10.1109/ICSC60394.2023.10441284,http://h-da.de/ml-ontology/binary_classification,binary classification,0.3645758628845215,1
10.1109/ICSC64553.2025.10968949,http://h-da.de/ml-ontology/recommendation,recommendation,0.3690323233604431,1
10.1109/ICSCAI61790.2024.10866204,http://h-da.de/ml-ontology/image_classification,image classification,0.4381140172481537,1
10.1109/ICSCAI61790.2024.10866867,http://h-da.de/ml-ontology/feature_extraction,feature extraction,0.35389792919158936,1
10.1109/ICSCAN53069.2021.9526497,http://h-da.de/ml-ontology/feature_extraction,feature extraction,0.46220672130584717,1
10.1109/ICSCAN62807.2024.10894547,http://h-da.de/ml-ontology/feature_extraction,feature extraction,0.39336270093917847,1
10.1109/ICSCC59169.2023.10335028,http://h-da.de/ml-ontology/feature_extraction,feature extraction,0.4098224639892578,1
10.1109/ICSCDS65426.2025.11167755,http://h-da.de/ml-ontology/anomaly_detection,anomaly detection,0.45347219705581665,1
10.1109/ICSCNA63714.2024.10864352,http://h-da.de/ml-ontology/feature_extraction,feature extraction,0.37925443053245544,1
10.1109/ICSCSA66339.2025.11170814,http://h-da.de/ml-ontology/feature_extraction,feature extraction,0.4340619444847107,1
10.1109/ICSCSA66339.2025.11170885,http://h-da.de/ml-ontology/binary_classification,binary classification,0.3508906960487366,1
10.1109/ICSCSA66339.2025.11170952,http://h-da.de/ml-ontology/image_classification,image classification,0.3517845869064331,1
10.1109/ICSCSA66339.2025.11171292,http://h-da.de/ml-ontology/time_series_classification,time series classification,0.3572891354560852,1
10.1109/ICSCSS57650.2023.10169183,http://h-da.de/ml-ontology/feature_selection,feature selection,0.44275426864624023,1
10.1109/ICSCSS60660.2024.10624883,http://h-da.de/ml-ontology/feature_selection,feature selection,0.3983742296695709,1
10.1109/ICSCSS60660.2024.10625431,http://h-da.de/ml-ontology/anomaly_detection,anomaly detection,0.3875001072883606,1
10.1109/ICSCSS60660.2024.10625436,http://h-da.de/ml-ontology/image_classification,image classification,0.4820170998573303,1
10.1109/ICSCTI.2015.7489554,http://h-da.de/ml-ontology/regression,regression,0.44352400302886963,1
10.1109/ICSD60021.2024.10751331,http://h-da.de/ml-ontology/feature_extraction,feature extraction,0.41594237089157104,1
10.1109/ICSEC47112.2019.8974738,http://h-da.de/ml-ontology/classification,classification,0.3773917555809021,1
10.1109/ICSEC59635.2023.10329708,http://h-da.de/ml-ontology/association_rule_learning,association rule learning,0.3843047022819519,1
10.1109/ICSES63445.2024.10763241,http://h-da.de/ml-ontology/object_detection,object detection,0.4306755065917969,1
10.1109/ICSES63760.2024.10910391,http://h-da.de/ml-ontology/image_classification,image classification,0.38963550329208374,1
10.1109/ICSES63760.2024.10910626,http://h-da.de/ml-ontology/image_classification,image classification,0.37843358516693115,1
10.1109/ICSES63760.2024.10910669,http://h-da.de/ml-ontology/sentiment_analysis,sentiment analysis,0.44390869140625,1
10.1109/ICSESS.2017.8342870,http://h-da.de/ml-ontology/time_series_forecasting,time series forecasting,0.4391181468963623,1
10.1109/ICSI64877.2025.11009789,http://h-da.de/ml-ontology/feature_extraction,feature extraction,0.46390730142593384,1
10.1109/ICSICT49897.2020.9278302,http://h-da.de/ml-ontology/link_prediction,link prediction,0.3674073815345764,1
10.1109/ICSP48669.2020.9321007,http://h-da.de/ml-ontology/time_series_classification,time series classification,0.4171290993690491,1
10.1109/ICSPC47137.2019.9068004,http://h-da.de/ml-ontology/time_series_classification,time series classification,0.426380455493927,1
10.1109/ICSPC47137.2019.9068081,http://h-da.de/ml-ontology/anomaly_detection,anomaly detection,0.4368988871574402,1
10.1109/ICSPC47137.2019.9068095,http://h-da.de/ml-ontology/feature_extraction,feature extraction,0.36671531200408936,1
10.1109/ICSPC50992.2020.9305784,http://h-da.de/ml-ontology/feature_extraction,feature extraction,0.3785754442214966,1
10.1109/ICSPC50992.2020.9305787,http://h-da.de/ml-ontology/regression,regression,0.44782555103302,1
10.1109/ICSPCRE62303.2024.10674832,http://h-da.de/ml-ontology/feature_extraction,feature extraction,0.3770650625228882,1
10.1109/ICSPIS51611.2020.9349574,http://h-da.de/ml-ontology/feature_extraction,feature extraction,0.4043184816837311,1
10.1109/ICSRS59833.2023.10381233,http://h-da.de/ml-ontology/feature_extraction,feature extraction,0.37901151180267334,1
10.1109/ICSRS63046.2024.10927496,http://h-da.de/ml-ontology/feature_extraction,feature extraction,0.41820722818374634,1
10.1109/ICSRS63046.2024.10927531,http://h-da.de/ml-ontology/time_series_classification,time series classification,0.3978004455566406,1
10.1109/ICSSA54161.2022.9870965,http://h-da.de/ml-ontology/feature_extraction,feature extraction,0.3957575559616089,1
10.1109/ICSSAS64001.2024.10760901,http://h-da.de/ml-ontology/image_classification,image classification,0.3808271288871765,1
10.1109/ICSSAS66150.2025.11080704,http://h-da.de/ml-ontology/feature_extraction,feature extraction,0.37148523330688477,1
10.1109/ICSSAS66150.2025.11080736,http://h-da.de/ml-ontology/binary_classification,binary classification,0.35067513585090637,1
10.1109/ICSSAS66150.2025.11081301,http://h-da.de/ml-ontology/feature_extraction,feature extraction,0.370238721370697,1
10.1109/ICSSES58299.2023.10200374,http://h-da.de/ml-ontology/image_classification,image classification,0.4088401198387146,1
10.1109/ICSSES64899.2025.11009644,http://h-da.de/ml-ontology/image_classification,image classification,0.529069185256958,1
10.1109/ICSSIT46314.2019.8987820,http://h-da.de/ml-ontology/regression,regression,0.37091559171676636,1
10.1109/ICSSIT55814.2023.10060923,http://h-da.de/ml-ontology/regression,regression,0.4516981244087219,1
10.1109/ICSTCC55426.2022.9931831,http://h-da.de/ml-ontology/feature_extraction,feature extraction,0.3748950958251953,1
10.1109/ICSTCEE54422.2021.9708591,http://h-da.de/ml-ontology/audio_regression,audio regression,0.4137918949127197,1
10.1109/ICSTEM61137.2024.10560666,http://h-da.de/ml-ontology/binary_classification,binary classification,0.4464878439903259,1
10.1109/ICSTSDG61998.2024.11026208,http://h-da.de/ml-ontology/feature_extraction,feature extraction,0.41268235445022583,1
10.1109/ICSTSDG61998.2024.11026365,http://h-da.de/ml-ontology/regression,regression,0.4376518726348877,1
10.1109/ICSTSDG61998.2024.11026633,http://h-da.de/ml-ontology/image_classification,image classification,0.4734276533126831,1
10.1109/ICSTSDG61998.2024.11026661,http://h-da.de/ml-ontology/feature_extraction,feature extraction,0.35862046480178833,1
10.1109/ICSTSDG61998.2024.11026730,http://h-da.de/ml-ontology/action_recognition,action recognition,0.39865243434906006,1
10.1109/ICSTSN57873.2023.10151632,http://h-da.de/ml-ontology/regression,regression,0.44360917806625366,1
10.1109/ICT-PEP50916.2020.9249905,http://h-da.de/ml-ontology/feature_extraction,feature extraction,0.39907222986221313,1
10.1109/ICT-PEP63827.2024.10733513,http://h-da.de/ml-ontology/audio_classification,audio classification,0.4031537175178528,1
10.1109/ICTACS62700.2024.10840413,http://h-da.de/ml-ontology/image_classification,image classification,0.3939920663833618,1
10.1109/ICTACS62700.2024.10840692,http://h-da.de/ml-ontology/feature_extraction,feature extraction,0.3937774896621704,1
10.1109/ICTACS62700.2024.10840839,http://h-da.de/ml-ontology/image_classification,image classification,0.39822906255722046,1
10.1109/ICTBIG64922.2024.10911261,http://h-da.de/ml-ontology/feature_extraction,feature extraction,0.4066188335418701,1
10.1109/ICTC49870.2020.9289286,http://h-da.de/ml-ontology/association_rule_learning,association rule learning,0.35922542214393616,1
10.1109/ICTC52510.2021.9621110,http://h-da.de/ml-ontology/regression,regression,0.42177721858024597,1
10.1109/ICTC55196.2022.9952484,http://h-da.de/ml-ontology/image_classification,image classification,0.43087995052337646,1
10.1109/ICTC62082.2024.10826807,http://h-da.de/ml-ontology/object_detection,object detection,0.3756828308105469,1
10.1109/ICTC62082.2024.10827164,http://h-da.de/ml-ontology/binary_classification,binary classification,0.362579882144928,1
10.1109/ICTECA60133.2023.10491030,http://h-da.de/ml-ontology/regression,regression,0.4767158627510071,1
10.1109/ICTEST64710.2025.11042634,http://h-da.de/ml-ontology/image_classification,image classification,0.4306081533432007,1
10.1109/ICTEST64710.2025.11042668,http://h-da.de/ml-ontology/binary_classification,binary classification,0.4111587405204773,1
10.1109/ICTKE.2018.8612435,http://h-da.de/ml-ontology/classification,classification,0.40428435802459717,1
10.1109/ICTMIM65579.2025.10988032,http://h-da.de/ml-ontology/image_classification,image classification,0.38064607977867126,1
10.1109/ICTMIM65579.2025.10988051,http://h-da.de/ml-ontology/feature_extraction,feature extraction,0.3520222306251526,1
10.1109/ICTMIM65579.2025.10988166,http://h-da.de/ml-ontology/regression,regression,0.39209049940109253,1
10.1109/ICTMIM65579.2025.10988170,http://h-da.de/ml-ontology/binary_classification,binary classification,0.4035177230834961,1
10.1109/ICTMIM65579.2025.10988332,http://h-da.de/ml-ontology/time_series_classification,time series classification,0.3582308292388916,1
10.1109/ICTMIM65579.2025.10988339,http://h-da.de/ml-ontology/anomaly_detection,anomaly detection,0.39139771461486816,1
10.1109/ICTMOD59086.2023.10472900,http://h-da.de/ml-ontology/regression,regression,0.479392409324646,1
10.1109/ICTMOD63116.2024.10878108,http://h-da.de/ml-ontology/binary_classification,binary classification,0.44585299491882324,1
10.1109/ICUFN.2018.8436973,http://h-da.de/ml-ontology/feature_extraction,feature extraction,0.41289374232292175,1
10.1109/ICUIS64676.2024.10867081,http://h-da.de/ml-ontology/regression,regression,0.4070418179035187,1
10.1109/ICVADV63329.2025.10960848,http://h-da.de/ml-ontology/feature_extraction,feature extraction,0.40470194816589355,1
10.1109/ICVADV63329.2025.10961055,http://h-da.de/ml-ontology/feature_extraction,feature extraction,0.3708234429359436,1
10.1109/ICVADV63329.2025.10961665,http://h-da.de/ml-ontology/regression,regression,0.3693277835845947,1
10.1109/ICVEE63912.2024.10823713,http://h-da.de/ml-ontology/binary_classification,binary classification,0.43450939655303955,1
10.1109/ICWS.2019.00065,http://h-da.de/ml-ontology/binary_classification,binary classification,0.40039753913879395,1
10.1109/ICWS.2019.00079,http://h-da.de/ml-ontology/feature_extraction,feature extraction,0.41351747512817383,1
10.1109/ICWS49710.2020.00029,http://h-da.de/ml-ontology/feature_extraction,feature extraction,0.3937584161758423,1
10.1109/ICWS62655.2024.00142,http://h-da.de/ml-ontology/anomaly_detection,anomaly detection,0.5169314742088318,1
10.1109/ICWS67624.2025.00062,http://h-da.de/ml-ontology/link_prediction,link prediction,0.35637277364730835,1
10.1109/IC_ASET53395.2022.9765939,http://h-da.de/ml-ontology/regression,regression,0.42990314960479736,1
10.1109/ICoABCD59879.2023.10390968,http://h-da.de/ml-ontology/classification,classification,0.36591243743896484,1
10.1109/ICoACT63339.2025.11005339,http://h-da.de/ml-ontology/feature_extraction,feature extraction,0.38553351163864136,1
10.1109/ICoDSA62899.2024.10652065,http://h-da.de/ml-ontology/anomaly_detection,anomaly detection,0.5376871824264526,1
10.1109/ICoDSE53690.2021.9648445,http://h-da.de/ml-ontology/image_classification,image classification,0.5822135210037231,1
10.1109/ICoICI62503.2024.10696519,http://h-da.de/ml-ontology/feature_extraction,feature extraction,0.40926986932754517,1
10.1109/ICoICI62503.2024.10696655,http://h-da.de/ml-ontology/anomaly_detection,anomaly detection,0.3648529052734375,1
10.1109/ICoICT52021.2021.9527528,http://h-da.de/ml-ontology/time_series_forecasting,time series forecasting,0.3840017318725586,1
10.1109/ICoSTA48221.2020.1570609975,http://h-da.de/ml-ontology/association_rule_learning,association rule learning,0.3944597840309143,1
10.1109/IDAP64064.2024.10710843,http://h-da.de/ml-ontology/time_series_classification,time series classification,0.46046340465545654,1
10.1109/IDCIOT64235.2025.10914835,http://h-da.de/ml-ontology/regression,regression,0.4361138939857483,1
10.1109/IDCIOT64235.2025.10915099,http://h-da.de/ml-ontology/translation,translation,0.3607723116874695,1
10.1109/IDCIOT64235.2025.10915129,http://h-da.de/ml-ontology/binary_classification,binary classification,0.4231628179550171,1
10.1109/IDCIOT64235.2025.10915149,http://h-da.de/ml-ontology/binary_classification,binary classification,0.38727813959121704,1
10.1109/IDCIoT56793.2023.10053487,http://h-da.de/ml-ontology/image_classification,image classification,0.4617308974266052,1
10.1109/IDCIoT59759.2024.10467368,http://h-da.de/ml-ontology/image_classification,image classification,0.45928943157196045,1
10.1109/IDCIoT59759.2024.10468044,http://h-da.de/ml-ontology/anomaly_detection,anomaly detection,0.5515774488449097,1
10.1109/IDICAIEI61867.2024.10842946,http://h-da.de/ml-ontology/binary_classification,binary classification,0.42420506477355957,1
10.1109/IDSTA50958.2020.9264135,http://h-da.de/ml-ontology/image_classification,image classification,0.4885927438735962,1
10.1109/IDSTA53674.2021.9660821,http://h-da.de/ml-ontology/feature_extraction,feature extraction,0.43496763706207275,1
10.1109/IEA.2018.8387124,http://h-da.de/ml-ontology/time_series_classification,time series classification,0.43247538805007935,1
10.1109/IECON.2016.7793838,http://h-da.de/ml-ontology/feature_extraction,feature extraction,0.35110634565353394,1
10.1109/IECON.2019.8927129,http://h-da.de/ml-ontology/time_series_classification,time series classification,0.42131704092025757,1
10.1109/IECON43393.2020.9255234,http://h-da.de/ml-ontology/image_classification,image classification,0.491769015789032,1
10.1109/IECON48115.2021.9589189,http://h-da.de/ml-ontology/time_series_classification,time series classification,0.4980512261390686,1
10.1109/IECON48115.2021.9589593,http://h-da.de/ml-ontology/image_classification,image classification,0.4481765031814575,1
10.1109/IECON49645.2022.9968875,http://h-da.de/ml-ontology/binary_classification,binary classification,0.3974612355232239,1
10.1109/IECON55916.2024.10905225,http://h-da.de/ml-ontology/feature_extraction,feature extraction,0.42780691385269165,1
10.1109/IECON55916.2024.10905358,http://h-da.de/ml-ontology/image_classification,image classification,0.4784276485443115,1
10.1109/IECON55916.2024.10905382,http://h-da.de/ml-ontology/translation,translation,0.39473289251327515,1
10.1109/IECON55916.2024.10905474,http://h-da.de/ml-ontology/feature_extraction,feature extraction,0.381101131439209,1
10.1109/IECON55916.2024.10905741,http://h-da.de/ml-ontology/regression,regression,0.39291417598724365,1
10.1109/IECON55916.2024.10905858,http://h-da.de/ml-ontology/image_classification,image classification,0.47570013999938965,1
10.1109/IECON55916.2024.10905990,http://h-da.de/ml-ontology/time_series_classification,time series classification,0.43859511613845825,1
10.1109/IEEE.ICCC.2017.20,http://h-da.de/ml-ontology/audio_classification,audio classification,0.4966813921928406,1
10.1109/IEEECONF48524.2019.9102605,http://h-da.de/ml-ontology/anomaly_detection,anomaly detection,0.43807685375213623,1
10.1109/IEEECONF61558.2024.10585472,http://h-da.de/ml-ontology/anomaly_detection,anomaly detection,0.3803454637527466,1
10.1109/IEEM.2016.7798207,http://h-da.de/ml-ontology/association_rule_learning,association rule learning,0.40846747159957886,1
10.1109/IEEM.2018.8607461,http://h-da.de/ml-ontology/regression,regression,0.386308491230011,1
10.1109/IEEM44572.2019.8978604,http://h-da.de/ml-ontology/regression,regression,0.4421480596065521,1
10.1109/IEEM44572.2019.8978605,http://h-da.de/ml-ontology/regression,regression,0.3667479157447815,1
10.1109/IEEM45057.2020.9309784,http://h-da.de/ml-ontology/feature_extraction,feature extraction,0.41420677304267883,1
10.1109/IEEM50564.2021.9672921,http://h-da.de/ml-ontology/image_classification,image classification,0.4330652356147766,1
10.1109/IEEM55944.2022.9989673,http://h-da.de/ml-ontology/binary_classification,binary classification,0.417254775762558,1
10.1109/IEEM58616.2023.10406875,http://h-da.de/ml-ontology/binary_classification,binary classification,0.4691793918609619,1
10.1109/IEEM62345.2024.10857013,http://h-da.de/ml-ontology/feature_extraction,feature extraction,0.3589842915534973,1
10.1109/IEMCON51383.2020.9284921,http://h-da.de/ml-ontology/image_classification,image classification,0.46729332208633423,1
10.1109/IEMT55343.2022.9969495,http://h-da.de/ml-ontology/binary_classification,binary classification,0.4363231956958771,1
10.1109/IESES53571.2023.10253705,http://h-da.de/ml-ontology/time_series_classification,time series classification,0.3540591895580292,1
10.1109/IESTEC54539.2022.00041,http://h-da.de/ml-ontology/feature_extraction,feature extraction,0.40172111988067627,1
10.1109/IETC64455.2025.11039366,http://h-da.de/ml-ontology/feature_extraction,feature extraction,0.37926650047302246,1
10.1109/IETC64455.2025.11039428,http://h-da.de/ml-ontology/image_classification,image classification,0.48175108432769775,1
10.1109/IFEEA64237.2024.10878654,http://h-da.de/ml-ontology/anomaly_detection,anomaly detection,0.38468092679977417,1
10.1109/IGARSS.2019.8897864,http://h-da.de/ml-ontology/image_regression,image regression,0.38031357526779175,1
10.1109/IGARSS46834.2022.9883737,http://h-da.de/ml-ontology/feature_extraction,feature extraction,0.39407747983932495,1
10.1109/IHCSP56702.2023.10127157,http://h-da.de/ml-ontology/association_rule_learning,association rule learning,0.5209001302719116,1
10.1109/IHMSC.2009.16,http://h-da.de/ml-ontology/anomaly_detection,anomaly detection,0.35865408182144165,1
10.1109/IIAI-AAI-Winter61682.2023.00038,http://h-da.de/ml-ontology/time_series_classification,time series classification,0.5397105813026428,1
10.1109/IIAI-AAI50415.2020.00117,http://h-da.de/ml-ontology/time_series_forecasting,time series forecasting,0.424452543258667,1
10.1109/IIAI-AAI59060.2023.00062,http://h-da.de/ml-ontology/image_classification,image classification,0.46374642848968506,1
10.1109/IIAI-AAI63651.2024.00052,http://h-da.de/ml-ontology/binary_classification,binary classification,0.37648987770080566,1
10.1109/IISA50023.2020.9284356,http://h-da.de/ml-ontology/feature_extraction,feature extraction,0.37183308601379395,1
10.1109/IISA52424.2021.9555507,http://h-da.de/ml-ontology/association_rule_learning,association rule learning,0.4092748165130615,1
10.1109/IISA52424.2021.9555544,http://h-da.de/ml-ontology/feature_extraction,feature extraction,0.3791196346282959,1
10.1109/IISA62523.2024.10786682,http://h-da.de/ml-ontology/time_series_forecasting,time series forecasting,0.3887152075767517,1
10.1109/IISEC56263.2022.9998213,http://h-da.de/ml-ontology/regression,regression,0.4155162572860718,1
10.1109/IISEC59749.2023.10391036,http://h-da.de/ml-ontology/anomaly_detection,anomaly detection,0.491362988948822,1
10.1109/IITCEE64140.2025.10915274,http://h-da.de/ml-ontology/feature_extraction,feature extraction,0.41136884689331055,1
10.1109/IJCNN.2019.8851708,http://h-da.de/ml-ontology/tabular_regression,tabular regression,0.4611968398094177,1
10.1109/IJCNN.2019.8851722,http://h-da.de/ml-ontology/feature_extraction,feature extraction,0.39727750420570374,1
10.1109/IJCNN48605.2020.9207462,http://h-da.de/ml-ontology/anomaly_detection,anomaly detection,0.45293307304382324,1
10.1109/IJCNN55064.2022.9892409,http://h-da.de/ml-ontology/time_series_classification,time series classification,0.42965561151504517,1
10.1109/IJCNN55064.2022.9892880,http://h-da.de/ml-ontology/clustering,clustering,0.4325568974018097,1
10.1109/IJCNN55064.2022.9892939,http://h-da.de/ml-ontology/anomaly_detection,anomaly detection,0.5720258951187134,1
10.1109/IJCNN60899.2024.10650046,http://h-da.de/ml-ontology/feature_extraction,feature extraction,0.3890228271484375,1
10.1109/IJCNN60899.2024.10651072,http://h-da.de/ml-ontology/translation,translation,0.4124140739440918,1
10.1109/IMBDKM57416.2023.00012,http://h-da.de/ml-ontology/time_series_forecasting,time series forecasting,0.43746131658554077,1
10.1109/IMCOM64595.2025.10857584,http://h-da.de/ml-ontology/link_prediction,link prediction,0.47107118368148804,1
10.1109/IMPACT47228.2019.9024985,http://h-da.de/ml-ontology/image_classification,image classification,0.5043314099311829,1
10.1109/IMPACT53160.2021.9696716,http://h-da.de/ml-ontology/image_classification,image classification,0.4945388436317444,1
10.1109/IMSA65733.2025.11167090,http://h-da.de/ml-ontology/audio_regression,audio regression,0.3763987421989441,1
10.1109/IMSA65733.2025.11167649,http://h-da.de/ml-ontology/feature_extraction,feature extraction,0.401561975479126,1
10.1109/IMSA65733.2025.11167815,http://h-da.de/ml-ontology/regression,regression,0.4648127853870392,1
10.1109/INCET57972.2023.10170493,http://h-da.de/ml-ontology/regression,regression,0.42698371410369873,1
10.1109/INCET61516.2024.10593146,http://h-da.de/ml-ontology/image_classification,image classification,0.35044553875923157,1
10.1109/INCET61516.2024.10593168,http://h-da.de/ml-ontology/feature_extraction,feature extraction,0.39415818452835083,1
10.1109/INCET61516.2024.10593348,http://h-da.de/ml-ontology/recommendation,recommendation,0.4096152186393738,1
10.1109/INCET61516.2024.10593614,http://h-da.de/ml-ontology/binary_classification,binary classification,0.42499756813049316,1
10.1109/INCET64471.2025.11140111,http://h-da.de/ml-ontology/image_classification,image classification,0.5255311727523804,1
10.1109/INCET64471.2025.11140210,http://h-da.de/ml-ontology/feature_extraction,feature extraction,0.37870365381240845,1
10.1109/INCET64471.2025.11140303,http://h-da.de/ml-ontology/image_regression,image regression,0.4117210805416107,1
10.1109/INCET64471.2025.11140377,http://h-da.de/ml-ontology/time_series_forecasting,time series forecasting,0.41257840394973755,1
10.1109/INCIP64058.2025.11020528,http://h-da.de/ml-ontology/binary_classification,binary classification,0.45001524686813354,1
10.1109/INCIT.2019.8911950,http://h-da.de/ml-ontology/image_classification,image classification,0.4130789339542389,1
10.1109/INCOFT55651.2022.10094448,http://h-da.de/ml-ontology/feature_extraction,feature extraction,0.4614759087562561,1
10.1109/INDIACom51348.2021.00094,http://h-da.de/ml-ontology/image_classification,image classification,0.5091251730918884,1
10.1109/INDICON47234.2019.9029030,http://h-da.de/ml-ontology/audio_classification,audio classification,0.41770797967910767,1
10.1109/INDICON59947.2023.10440901,http://h-da.de/ml-ontology/image_classification,image classification,0.37226808071136475,1
10.1109/INDICON63790.2024.10958383,http://h-da.de/ml-ontology/regression,regression,0.40103575587272644,1
10.1109/INDIN.2012.6301128,http://h-da.de/ml-ontology/feature_extraction,feature extraction,0.4112147092819214,1
10.1109/INDIN.2018.8472065,http://h-da.de/ml-ontology/time_series_classification,time series classification,0.45136523246765137,1
10.1109/INDIN41052.2019.8972099,http://h-da.de/ml-ontology/feature_extraction,feature extraction,0.41562020778656006,1
10.1109/INDIN41052.2019.8972200,http://h-da.de/ml-ontology/feature_extraction,feature extraction,0.35524874925613403,1
10.1109/INDIN41052.2019.8972270,http://h-da.de/ml-ontology/feature_extraction,feature extraction,0.4197607636451721,1
10.1109/INDIN41052.2019.8972281,http://h-da.de/ml-ontology/image_classification,image classification,0.4301716089248657,1
10.1109/INDIN41052.2019.8972289,http://h-da.de/ml-ontology/image_classification,image classification,0.5239423513412476,1
10.1109/INDIN45523.2021.9557387,http://h-da.de/ml-ontology/binary_classification,binary classification,0.43137842416763306,1
10.1109/INDIN51400.2023.10217989,http://h-da.de/ml-ontology/anomaly_detection,anomaly detection,0.49263694882392883,1
10.1109/INDIN51400.2023.10218027,http://h-da.de/ml-ontology/anomaly_detection,anomaly detection,0.5422885417938232,1
10.1109/INDIN51400.2023.10218164,http://h-da.de/ml-ontology/feature_extraction,feature extraction,0.38726893067359924,1
10.1109/INDIN51400.2023.10218260,http://h-da.de/ml-ontology/binary_classification,binary classification,0.35831600427627563,1
10.1109/INDIN58382.2024.10774335,http://h-da.de/ml-ontology/feature_extraction,feature extraction,0.4204012155532837,1
10.1109/INDIN58382.2024.10774338,http://h-da.de/ml-ontology/regression,regression,0.40732336044311523,1
10.1109/INDIN58382.2024.10774444,http://h-da.de/ml-ontology/image_classification,image classification,0.36294376850128174,1
10.1109/INDIN58382.2024.10774451,http://h-da.de/ml-ontology/binary_classification,binary classification,0.4304327368736267,1
10.1109/INDISCON50162.2020.00042,http://h-da.de/ml-ontology/image_regression,image regression,0.4324601888656616,1
10.1109/INDUSCON58041.2023.10374593,http://h-da.de/ml-ontology/binary_classification,binary classification,0.40739312767982483,1
10.1109/INDUSCON58041.2023.10374690,http://h-da.de/ml-ontology/tabular_regression,tabular regression,0.3793269395828247,1
10.1109/INES59282.2023.10297884,http://h-da.de/ml-ontology/regression,regression,0.3930774927139282,1
10.1109/INISTA.2019.8778283,http://h-da.de/ml-ontology/anomaly_detection,anomaly detection,0.45258134603500366,1
10.1109/INISTA62901.2024.10683866,http://h-da.de/ml-ontology/anomaly_detection,anomaly detection,0.6024813652038574,1
10.1109/INMIC64792.2024.11004403,http://h-da.de/ml-ontology/time_series_forecasting,time series forecasting,0.3955335319042206,1
10.1109/INTCEC61833.2024.10602994,http://h-da.de/ml-ontology/binary_classification,binary classification,0.44384822249412537,1
10.1109/INTCEC61833.2024.10603044,http://h-da.de/ml-ontology/binary_classification,binary classification,0.4031483232975006,1
10.1109/INTERCON63140.2024.10833458,http://h-da.de/ml-ontology/time_series_classification,time series classification,0.446310818195343,1
10.1109/IOLTS50870.2020.9159704,http://h-da.de/ml-ontology/binary_classification,binary classification,0.37201303243637085,1
10.1109/IOTSMS62296.2024.10710259,http://h-da.de/ml-ontology/time_series_classification,time series classification,0.4444723129272461,1
10.1109/IPDPSW.2018.00207,http://h-da.de/ml-ontology/anomaly_detection,anomaly detection,0.4445149600505829,1
10.1109/IPDPSW.2019.00138,http://h-da.de/ml-ontology/feature_extraction,feature extraction,0.37612810730934143,1
10.1109/IPEC57296.2023.00030,http://h-da.de/ml-ontology/image_classification,image classification,0.43389827013015747,1
10.1109/IRASET52964.2022.9737786,http://h-da.de/ml-ontology/time_series_classification,time series classification,0.3728267550468445,1
10.1109/IRASET60544.2024.10548540,http://h-da.de/ml-ontology/regression,regression,0.4222947657108307,1
10.1109/IRASET64571.2025.11008037,http://h-da.de/ml-ontology/audio_regression,audio regression,0.4178125858306885,1
10.1109/IREC52758.2021.9624894,http://h-da.de/ml-ontology/regression,regression,0.3527897000312805,1
10.1109/IREC59750.2023.10389561,http://h-da.de/ml-ontology/feature_extraction,feature extraction,0.40216779708862305,1
10.1109/IRI.2010.5558952,http://h-da.de/ml-ontology/recommendation,recommendation,0.4467872381210327,1
10.1109/IRI.2019.00030,http://h-da.de/ml-ontology/image_classification,image classification,0.40913593769073486,1
10.1109/IRI66576.2025.00028,http://h-da.de/ml-ontology/feature_extraction,feature extraction,0.36526167392730713,1
10.1109/IROS55552.2023.10341406,http://h-da.de/ml-ontology/object_detection,object detection,0.38414278626441956,1
10.1109/IRTM54583.2022.9791633,http://h-da.de/ml-ontology/feature_extraction,feature extraction,0.3622203469276428,1
10.1109/IS.2012.6335158,http://h-da.de/ml-ontology/time_series_classification,time series classification,0.37301337718963623,1
10.1109/IS.2016.7737438,http://h-da.de/ml-ontology/binary_classification,binary classification,0.41707518696784973,1
10.1109/IS.2018.8710501,http://h-da.de/ml-ontology/image_classification,image classification,0.47926491498947144,1
10.1109/IS3C65361.2025.11131035,http://h-da.de/ml-ontology/feature_extraction,feature extraction,0.4739678204059601,1
10.1109/ISAC364032.2025.11156337,http://h-da.de/ml-ontology/regression,regression,0.41091275215148926,1
10.1109/ISAC364032.2025.11156744,http://h-da.de/ml-ontology/binary_classification,binary classification,0.4445500373840332,1
10.1109/ISAC364032.2025.11156935,http://h-da.de/ml-ontology/feature_extraction,feature extraction,0.35737544298171997,1
10.1109/ISACC65211.2025.10969370,http://h-da.de/ml-ontology/binary_classification,binary classification,0.4682658016681671,1
10.1109/ISAEECE66033.2025.11159917,http://h-da.de/ml-ontology/binary_classification,binary classification,0.3502657413482666,1
10.1109/ISAEECE66033.2025.11160227,http://h-da.de/ml-ontology/binary_classification,binary classification,0.4171457290649414,1
10.1109/ISAM.2009.5376916,http://h-da.de/ml-ontology/feature_extraction,feature extraction,0.3839219808578491,1
10.1109/ISAP.2011.6082211,http://h-da.de/ml-ontology/regression,regression,0.4488239884376526,1
10.1109/ISAP48318.2019.9065995,http://h-da.de/ml-ontology/image_classification,image classification,0.3909798860549927,1
10.1109/ISAS55863.2022.9757261,http://h-da.de/ml-ontology/time_series_classification,time series classification,0.39583611488342285,1
10.1109/ISAS60782.2023.10391729,http://h-da.de/ml-ontology/binary_classification,binary classification,0.4247950613498688,1
10.1109/ISAS66241.2025.11101807,http://h-da.de/ml-ontology/image_classification,image classification,0.5078519582748413,1
10.1109/ISAS66241.2025.11101861,http://h-da.de/ml-ontology/regression,regression,0.3971266746520996,1
10.1109/ISAS66241.2025.11101925,http://h-da.de/ml-ontology/time_series_classification,time series classification,0.45320677757263184,1
10.1109/ISC260477.2024.11004254,http://h-da.de/ml-ontology/link_prediction,link prediction,0.3715832531452179,1
10.1109/ISCAIE61308.2024.10576340,http://h-da.de/ml-ontology/time_series_forecasting,time series forecasting,0.4864481985569,1
10.1109/ISCAS.2019.8702575,http://h-da.de/ml-ontology/image_classification,image classification,0.4349377155303955,1
10.1109/ISCAS.2019.8702644,http://h-da.de/ml-ontology/image_classification,image classification,0.35747838020324707,1
10.1109/ISCI62787.2024.10667922,http://h-da.de/ml-ontology/image_classification,image classification,0.489013135433197,1
10.1109/ISCID63852.2024.00037,http://h-da.de/ml-ontology/feature_extraction,feature extraction,0.3517930507659912,1
10.1109/ISCMI51676.2020.9311555,http://h-da.de/ml-ontology/image_classification,image classification,0.5408775806427002,1
10.1109/ISCT62336.2024.10791291,http://h-da.de/ml-ontology/feature_extraction,feature extraction,0.35229653120040894,1
10.1109/ISCTIS63324.2024.10699061,http://h-da.de/ml-ontology/audio_regression,audio regression,0.46104463934898376,1
10.1109/ISCV54655.2022.9806111,http://h-da.de/ml-ontology/regression,regression,0.4653918147087097,1
10.1109/ISDFS55398.2022.9800811,http://h-da.de/ml-ontology/feature_extraction,feature extraction,0.376126766204834,1
10.1109/ISEDA59274.2023.10218574,http://h-da.de/ml-ontology/image_classification,image classification,0.4264211654663086,1
10.1109/ISEDA62518.2024.10617594,http://h-da.de/ml-ontology/binary_classification,binary classification,0.3528729975223541,1
10.1109/ISEM.2017.7993548,http://h-da.de/ml-ontology/time_series_classification,time series classification,0.4297163486480713,1
10.1109/ISGTEurope52324.2021.9640216,http://h-da.de/ml-ontology/image_classification,image classification,0.3835591673851013,1
10.1109/ISIE.2009.5213760,http://h-da.de/ml-ontology/image_classification,image classification,0.5475441217422485,1
10.1109/ISIE45552.2021.9576445,http://h-da.de/ml-ontology/anomaly_detection,anomaly detection,0.448352575302124,1
10.1109/ISLPED58423.2023.10244321,http://h-da.de/ml-ontology/time_series_classification,time series classification,0.37987175583839417,1
10.1109/ISML60050.2024.11007444,http://h-da.de/ml-ontology/image_classification,image classification,0.4009419083595276,1
10.1109/ISMSIT56059.2022.9932699,http://h-da.de/ml-ontology/classification,classification,0.37826210260391235,1
10.1109/ISMSIT56059.2022.9932727,http://h-da.de/ml-ontology/time_series_forecasting,time series forecasting,0.36079007387161255,1
10.1109/ISMSIT63511.2024.10757297,http://h-da.de/ml-ontology/binary_classification,binary classification,0.3786297142505646,1
10.1109/ISNCC55209.2022.9851759,http://h-da.de/ml-ontology/binary_classification,binary classification,0.36151325702667236,1
10.1109/ISPA63168.2024.00026,http://h-da.de/ml-ontology/anomaly_detection,anomaly detection,0.5127545595169067,1
10.1109/ISPACS48206.2019.8986293,http://h-da.de/ml-ontology/regression,regression,0.42490869760513306,1
10.1109/ISPCEM64498.2024.00115,http://h-da.de/ml-ontology/recommendation,recommendation,0.37056028842926025,1
10.1109/ISQED57927.2023.10129339,http://h-da.de/ml-ontology/image_classification,image classification,0.4636406898498535,1
10.1109/ISRITI64779.2024.10963501,http://h-da.de/ml-ontology/regression,regression,0.46631166338920593,1
10.1109/ISSE49702.2020.9121044,http://h-da.de/ml-ontology/image_classification,image classification,0.44579464197158813,1
10.1109/ISSE54558.2022.9812839,http://h-da.de/ml-ontology/binary_classification,binary classification,0.38219594955444336,1
10.1109/ISSE57496.2023.10168524,http://h-da.de/ml-ontology/image_classification,image classification,0.4176267981529236,1
10.1109/ISSSR56778.2022.00022,http://h-da.de/ml-ontology/anomaly_detection,anomaly detection,0.3882119655609131,1
10.1109/ISSSR58837.2023.00042,http://h-da.de/ml-ontology/regression,regression,0.4249991774559021,1
10.1109/ISWCS.2019.8877287,http://h-da.de/ml-ontology/anomaly_detection,anomaly detection,0.3810935914516449,1
10.1109/ITC-Asia53059.2021.9808718,http://h-da.de/ml-ontology/binary_classification,binary classification,0.3891105651855469,1
10.1109/ITC-CSCC.2019.8793342,http://h-da.de/ml-ontology/action_recognition,action recognition,0.37734055519104004,1
10.1109/ITC-CSCC55581.2022.9894869,http://h-da.de/ml-ontology/feature_extraction,feature extraction,0.4055929481983185,1
10.1109/ITC50571.2021.00013,http://h-da.de/ml-ontology/binary_classification,binary classification,0.41053569316864014,1
10.1109/ITC51656.2023.00024,http://h-da.de/ml-ontology/feature_extraction,feature extraction,0.38546037673950195,1
10.1109/ITCIndia66078.2025.11141640,http://h-da.de/ml-ontology/anomaly_detection,anomaly detection,0.4663088321685791,1
10.1109/ITEC53557.2022.9813767,http://h-da.de/ml-ontology/anomaly_detection,anomaly detection,0.42469489574432373,1
10.1109/ITEC63604.2025.11098131,http://h-da.de/ml-ontology/time_series_classification,time series classification,0.39850789308547974,1
10.1109/ITIKD63574.2025.11005039,http://h-da.de/ml-ontology/image_classification,image classification,0.47495973110198975,1
10.1109/ITIS64716.2024.10845492,http://h-da.de/ml-ontology/anomaly_detection,anomaly detection,0.5818111896514893,1
10.1109/ITME60234.2023.00126,http://h-da.de/ml-ontology/clustering,clustering,0.3767036199569702,1
10.1109/ITNEC56291.2023.10082530,http://h-da.de/ml-ontology/text_analytics,text analytics,0.351860910654068,1
10.1109/ITQMIS56172.2022.9976502,http://h-da.de/ml-ontology/feature_extraction,feature extraction,0.3815336227416992,1
10.1109/ITSC55140.2022.9922235,http://h-da.de/ml-ontology/anomaly_detection,anomaly detection,0.39494985342025757,1
10.1109/ITSC57777.2023.10422375,http://h-da.de/ml-ontology/time_series_classification,time series classification,0.3980109989643097,1
10.1109/ITSC58415.2024.10919593,http://h-da.de/ml-ontology/regression,regression,0.4213424324989319,1
10.1109/ITT59889.2023.10184236,http://h-da.de/ml-ontology/image_classification,image classification,0.4302487373352051,1
10.1109/ITherm55375.2024.10709488,http://h-da.de/ml-ontology/feature_selection,feature selection,0.3751969337463379,1
10.1109/IUS54386.2022.9957554,http://h-da.de/ml-ontology/audio_regression,audio regression,0.40654054284095764,1
10.1109/IV47402.2020.9304752,http://h-da.de/ml-ontology/object_detection,object detection,0.3980812430381775,1
10.1109/IV64158.2025.11097492,http://h-da.de/ml-ontology/feature_extraction,feature extraction,0.3716181516647339,1
10.1109/IV64158.2025.11097822,http://h-da.de/ml-ontology/feature_extraction,feature extraction,0.35931670665740967,1
10.1109/IVCNZ64857.2024.10794457,http://h-da.de/ml-ontology/feature_extraction,feature extraction,0.37229615449905396,1
10.1109/IWAPS60466.2023.10366060,http://h-da.de/ml-ontology/image_classification,image classification,0.4855102300643921,1
10.1109/IWCMC65282.2025.11059524,http://h-da.de/ml-ontology/binary_classification,binary classification,0.4244615435600281,1
10.1109/IWQoS65803.2025.11143277,http://h-da.de/ml-ontology/anomaly_detection,anomaly detection,0.43863409757614136,1
10.1109/IWSSIP66997.2025.11151940,http://h-da.de/ml-ontology/anomaly_detection,anomaly detection,0.47068044543266296,1
10.1109/InC457730.2023.10263026,http://h-da.de/ml-ontology/sentiment_analysis,sentiment analysis,0.6624562740325928,1
10.1109/InC457730.2023.10263147,http://h-da.de/ml-ontology/regression,regression,0.3556385636329651,1
10.1109/InC460750.2024.10649212,http://h-da.de/ml-ontology/regression,regression,0.3959221839904785,1
10.1109/InCACCT61598.2024.10551222,http://h-da.de/ml-ontology/image_classification,image classification,0.4864703416824341,1
10.1109/InCACCT65424.2025.11011467,http://h-da.de/ml-ontology/regression,regression,0.37136462330818176,1
10.1109/InCIT56086.2022.10067436,http://h-da.de/ml-ontology/anomaly_detection,anomaly detection,0.42574530839920044,1
10.1109/InCIT63192.2024.10810568,http://h-da.de/ml-ontology/regression,regression,0.3966256380081177,1
10.1109/InCoWoCo64194.2024.10863622,http://h-da.de/ml-ontology/binary_classification,binary classification,0.42964833974838257,1
10.1109/InGARSS61818.2024.10984042,http://h-da.de/ml-ontology/feature_extraction,feature extraction,0.3854483366012573,1
10.1109/IoD55468.2022.9986645,http://h-da.de/ml-ontology/binary_classification,binary classification,0.41114652156829834,1
10.1109/IoT-SIU.2018.8519897,http://h-da.de/ml-ontology/image_classification,image classification,0.39147883653640747,1
10.1109/IoTaIS64014.2024.10799407,http://h-da.de/ml-ontology/binary_classification,binary classification,0.40871065855026245,1
10.1109/JAS.2020.1003114,http://h-da.de/ml-ontology/feature_extraction,feature extraction,0.4376126527786255,1
10.1109/JAS.2020.1003387,http://h-da.de/ml-ontology/image_classification,image classification,0.4152059555053711,1
10.1109/JBHI.2022.3168004,http://h-da.de/ml-ontology/action_recognition,action recognition,0.5353331565856934,1
10.1109/JBHI.2024.3438885,http://h-da.de/ml-ontology/recommendation,recommendation,0.3933447301387787,1
10.1109/JCSSE58229.2023.10202113,http://h-da.de/ml-ontology/image_classification,image classification,0.5253690481185913,1
10.1109/JCSSE61278.2024.10613634,http://h-da.de/ml-ontology/feature_extraction,feature extraction,0.42100369930267334,1
10.1109/JCSSE61278.2024.10613648,http://h-da.de/ml-ontology/ranking,ranking,0.43998849391937256,1
10.1109/JIOT.2018.2871719,http://h-da.de/ml-ontology/association_rule_learning,association rule learning,0.36636078357696533,1
10.1109/JIOT.2020.3016297,http://h-da.de/ml-ontology/feature_extraction,feature extraction,0.3924327492713928,1
10.1109/JIOT.2020.3018691,http://h-da.de/ml-ontology/binary_classification,binary classification,0.39837491512298584,1
10.1109/JIOT.2020.3034311,http://h-da.de/ml-ontology/anomaly_detection,anomaly detection,0.5775039792060852,1
10.1109/JIOT.2021.3050441,http://h-da.de/ml-ontology/binary_classification,binary classification,0.3759544789791107,1
10.1109/JIOT.2024.3352051,http://h-da.de/ml-ontology/audio_regression,audio regression,0.47972699999809265,1
10.1109/JIOT.2024.3405356,http://h-da.de/ml-ontology/time_series_classification,time series classification,0.4208671450614929,1
10.1109/JIOT.2024.3524005,http://h-da.de/ml-ontology/feature_extraction,feature extraction,0.3738473653793335,1
10.1109/JIOT.2025.3549038,http://h-da.de/ml-ontology/feature_extraction,feature extraction,0.40291979908943176,1
10.1109/JIOT.2025.3550916,http://h-da.de/ml-ontology/feature_extraction,feature extraction,0.3746448755264282,1
10.1109/JIOT.2025.3569780,http://h-da.de/ml-ontology/anomaly_detection,anomaly detection,0.3797387480735779,1
10.1109/JIOT.2025.3572901,http://h-da.de/ml-ontology/feature_extraction,feature extraction,0.42730259895324707,1
10.1109/JIOT.2025.3580548,http://h-da.de/ml-ontology/feature_reduction,feature reduction,0.35908836126327515,1
10.1109/JIOT.2025.3583081,http://h-da.de/ml-ontology/feature_extraction,feature extraction,0.3682039678096771,1
10.1109/JIOT.2025.3613830,http://h-da.de/ml-ontology/feature_extraction,feature extraction,0.5190249681472778,1
10.1109/JLT.2021.3129646,http://h-da.de/ml-ontology/link_prediction,link prediction,0.3814343810081482,1
10.1109/JPHOT.2019.2938536,http://h-da.de/ml-ontology/feature_reduction,feature reduction,0.4606097936630249,1
10.1109/JSEN.2020.3031882,http://h-da.de/ml-ontology/image_regression,image regression,0.3640598654747009,1
10.1109/JSEN.2021.3069452,http://h-da.de/ml-ontology/anomaly_detection,anomaly detection,0.47549131512641907,1
10.1109/JSEN.2022.3193981,http://h-da.de/ml-ontology/audio_regression,audio regression,0.3805578947067261,1
10.1109/JSEN.2022.3225227,http://h-da.de/ml-ontology/image_classification,image classification,0.4192776083946228,1
10.1109/JSEN.2023.3247597,http://h-da.de/ml-ontology/feature_extraction,feature extraction,0.402224600315094,1
10.1109/JSEN.2023.3249668,http://h-da.de/ml-ontology/feature_extraction,feature extraction,0.3659069538116455,1
10.1109/JSEN.2023.3285106,http://h-da.de/ml-ontology/feature_extraction,feature extraction,0.39750128984451294,1
10.1109/JSEN.2023.3309620,http://h-da.de/ml-ontology/feature_extraction,feature extraction,0.4323713481426239,1
10.1109/JSEN.2023.3342205,http://h-da.de/ml-ontology/image_classification,image classification,0.3678778409957886,1
10.1109/JSEN.2023.3347189,http://h-da.de/ml-ontology/binary_classification,binary classification,0.387456476688385,1
10.1109/JSEN.2024.3506154,http://h-da.de/ml-ontology/feature_extraction,feature extraction,0.4663103222846985,1
10.1109/JSEN.2025.3549596,http://h-da.de/ml-ontology/feature_extraction,feature extraction,0.46262621879577637,1
10.1109/JSEN.2025.3583256,http://h-da.de/ml-ontology/image_regression,image regression,0.3668011426925659,1
10.1109/JSEN.2025.3597796,http://h-da.de/ml-ontology/feature_extraction,feature extraction,0.37889355421066284,1
10.1109/JSEN.2025.3606488,http://h-da.de/ml-ontology/time_series_classification,time series classification,0.44539129734039307,1
10.1109/JSEN.2025.3615962,http://h-da.de/ml-ontology/link_prediction,link prediction,0.4336126744747162,1
10.1109/JSEN.2025.3617806,http://h-da.de/ml-ontology/time_series_classification,time series classification,0.38954687118530273,1
10.1109/JSTARS.2023.3339297,http://h-da.de/ml-ontology/image_classification,image classification,0.4085938632488251,1
10.1109/JSTARS.2024.3374630,http://h-da.de/ml-ontology/feature_extraction,feature extraction,0.3638378381729126,1
10.1109/JSTARS.2025.3585779,http://h-da.de/ml-ontology/regression,regression,0.39586955308914185,1
10.1109/KST53302.2022.9729058,http://h-da.de/ml-ontology/audio_classification,audio classification,0.4844966530799866,1
10.1109/LA-CCI58595.2023.10409489,http://h-da.de/ml-ontology/binary_classification,binary classification,0.422968327999115,1
10.1109/LA-CCI62337.2024.10814776,http://h-da.de/ml-ontology/time_series_classification,time series classification,0.4795559346675873,1
10.1109/LA-CCI62337.2024.10814845,http://h-da.de/ml-ontology/time_series_classification,time series classification,0.48488444089889526,1
10.1109/LA-CCI62337.2024.10814888,http://h-da.de/ml-ontology/feature_extraction,feature extraction,0.3574863076210022,1
10.1109/LATINCOM62985.2024.10770652,http://h-da.de/ml-ontology/action_recognition,action recognition,0.3692120909690857,1
10.1109/LATS49555.2020.9093672,http://h-da.de/ml-ontology/binary_classification,binary classification,0.4341771602630615,1
10.1109/LCOMM.2025.3598034,http://h-da.de/ml-ontology/feature_extraction,feature extraction,0.3637307584285736,1
10.1109/LCSYS.2023.3287507,http://h-da.de/ml-ontology/video_regression,video regression,0.4161278009414673,1
10.1109/LRA.2021.3084882,http://h-da.de/ml-ontology/feature_extraction,feature extraction,0.3838116526603699,1
10.1109/LRA.2022.3186502,http://h-da.de/ml-ontology/feature_extraction,feature extraction,0.42668700218200684,1
10.1109/LRA.2025.3606807,http://h-da.de/ml-ontology/link_prediction,link prediction,0.4854506850242615,1
10.1109/LSENS.2018.2889274,http://h-da.de/ml-ontology/feature_extraction,feature extraction,0.42039158940315247,1
10.1109/LSENS.2019.2923590,http://h-da.de/ml-ontology/audio_classification,audio classification,0.41110843420028687,1
10.1109/LSENS.2020.3007880,http://h-da.de/ml-ontology/anomaly_detection,anomaly detection,0.5656304359436035,1
10.1109/LSENS.2022.3228327,http://h-da.de/ml-ontology/image_classification,image classification,0.4211540222167969,1
10.1109/LSENS.2025.3527058,http://h-da.de/ml-ontology/feature_extraction,feature extraction,0.39316728711128235,1
10.1109/LSENS.2025.3587091,http://h-da.de/ml-ontology/anomaly_detection,anomaly detection,0.5521095991134644,1
10.1109/LSENS.2025.3588538,http://h-da.de/ml-ontology/audio_regression,audio regression,0.3848825693130493,1
10.1109/LT64002.2025.10941322,http://h-da.de/ml-ontology/image_classification,image classification,0.43600907921791077,1
10.1109/M2VIP62491.2024.10746047,http://h-da.de/ml-ontology/feature_extraction,feature extraction,0.4101898670196533,1
10.1109/M2VIP62491.2024.10746167,http://h-da.de/ml-ontology/feature_extraction,feature extraction,0.37299084663391113,1
10.1109/MASS52906.2021.00014,http://h-da.de/ml-ontology/action_recognition,action recognition,0.47906315326690674,1
10.1109/MASSW.2019.00032,http://h-da.de/ml-ontology/anomaly_detection,anomaly detection,0.3924286961555481,1
10.1109/ME61309.2024.10789707,http://h-da.de/ml-ontology/image_classification,image classification,0.41712653636932373,1
10.1109/MECO58584.2023.10154991,http://h-da.de/ml-ontology/anomaly_detection,anomaly detection,0.5879172086715698,1
10.1109/MECO58584.2023.10155083,http://h-da.de/ml-ontology/regression,regression,0.4566541910171509,1
10.1109/MED.2018.8442437,http://h-da.de/ml-ontology/feature_extraction,feature extraction,0.3651476502418518,1
10.1109/MED59994.2023.10185716,http://h-da.de/ml-ontology/feature_extraction,feature extraction,0.3697103261947632,1
10.1109/MED64031.2025.11073247,http://h-da.de/ml-ontology/binary_classification,binary classification,0.379202663898468,1
10.1109/MED64031.2025.11073490,http://h-da.de/ml-ontology/binary_classification,binary classification,0.4829862117767334,1
10.1109/MEMS51670.2022.9699529,http://h-da.de/ml-ontology/time_series_classification,time series classification,0.39210575819015503,1
10.1109/MERCon.2019.8818750,http://h-da.de/ml-ontology/anomaly_detection,anomaly detection,0.5315629243850708,1
10.1109/MESA.2018.8449150,http://h-da.de/ml-ontology/feature_extraction,feature extraction,0.3728693723678589,1
10.1109/MFI62651.2024.10705783,http://h-da.de/ml-ontology/feature_extraction,feature extraction,0.40637826919555664,1
10.1109/MI-STA52233.2021.9464406,http://h-da.de/ml-ontology/image_classification,image classification,0.39693504571914673,1
10.1109/MI-STA61267.2024.10599657,http://h-da.de/ml-ontology/feature_extraction,feature extraction,0.3789488673210144,1
10.1109/MIPRO65660.2025.11131939,http://h-da.de/ml-ontology/regression,regression,0.3934941291809082,1
10.1109/MITADTSoCiCon60330.2024.10575626,http://h-da.de/ml-ontology/feature_extraction,feature extraction,0.4147370457649231,1
10.1109/MIUCC55081.2022.9781749,http://h-da.de/ml-ontology/feature_extraction,feature extraction,0.37711843848228455,1
10.1109/MLBDBI51377.2020.00039,http://h-da.de/ml-ontology/time_series_analysis,time series analysis,0.4062773883342743,1
10.1109/MLCCIM55934.2022.00050,http://h-da.de/ml-ontology/feature_extraction,feature extraction,0.4036097228527069,1
10.1109/MLHMI63000.2024.00019,http://h-da.de/ml-ontology/text_analytics,text analytics,0.4718136787414551,1
10.1109/MLISE66443.2025.11100199,http://h-da.de/ml-ontology/feature_selection,feature selection,0.40092623233795166,1
10.1109/MLSP.2019.8918694,http://h-da.de/ml-ontology/image_segmentation,image segmentation,0.36243748664855957,1
10.1109/MLSP55844.2023.10285973,http://h-da.de/ml-ontology/time_series_classification,time series classification,0.4911455810070038,1
10.1109/MMAR.2016.7575171,http://h-da.de/ml-ontology/feature_extraction,feature extraction,0.4064190089702606,1
10.1109/MMAR62187.2024.10680808,http://h-da.de/ml-ontology/image_classification,image classification,0.4018823504447937,1
10.1109/MPSecICETA64837.2025.11118330,http://h-da.de/ml-ontology/binary_classification,binary classification,0.4661984443664551,1
10.1109/MPSecICETA64837.2025.11118401,http://h-da.de/ml-ontology/audio_regression,audio regression,0.4015812873840332,1
10.1109/MPSecICETA64837.2025.11118452,http://h-da.de/ml-ontology/image_classification,image classification,0.47918644547462463,1
10.1109/MSM49833.2020.9201739,http://h-da.de/ml-ontology/feature_extraction,feature extraction,0.40367430448532104,1
10.1109/MSN48538.2019.00072,http://h-da.de/ml-ontology/time_series_classification,time series classification,0.42202985286712646,1
10.1109/MWSCAS57524.2023.10405892,http://h-da.de/ml-ontology/anomaly_detection,anomaly detection,0.4268839359283447,1
10.1109/MeMeA52024.2021.9478696,http://h-da.de/ml-ontology/classification,classification,0.4921799898147583,1
10.1109/MeditCom61057.2024.10621273,http://h-da.de/ml-ontology/feature_extraction,feature extraction,0.4676731824874878,1
10.1109/MetroAutomotive57488.2023.10219139,http://h-da.de/ml-ontology/image_regression,image regression,0.3515322208404541,1
10.1109/MetroInd4.0IoT48571.2020.9138294,http://h-da.de/ml-ontology/binary_classification,binary classification,0.4723060727119446,1
10.1109/MetroInd4.0IoT57462.2023.10180127,http://h-da.de/ml-ontology/binary_classification,binary classification,0.35304659605026245,1
10.1109/MetroInd4.0IoT57462.2023.10180128,http://h-da.de/ml-ontology/action_recognition,action recognition,0.4954570531845093,1
10.1109/MetroInd4.0IoT61288.2024.10584209,http://h-da.de/ml-ontology/association_rule_learning,association rule learning,0.37445053458213806,1
10.1109/MetroInd4.0IoT66048.2025.11122046,http://h-da.de/ml-ontology/binary_classification,binary classification,0.43158435821533203,1
10.1109/MetroInd4.0IoT66048.2025.11122048,http://h-da.de/ml-ontology/time_series_classification,time series classification,0.3765706419944763,1
10.1109/MetroLivEnv64961.2025.11106974,http://h-da.de/ml-ontology/anomaly_detection,anomaly detection,0.3787587881088257,1
10.1109/MetroXRAINE54828.2022.9967582,http://h-da.de/ml-ontology/feature_extraction,feature extraction,0.40884244441986084,1
10.1109/MetroXRAINE58569.2023.10405548,http://h-da.de/ml-ontology/time_series_classification,time series classification,0.47611576318740845,1
10.1109/MetroXRAINE58569.2023.10405793,http://h-da.de/ml-ontology/time_series_classification,time series classification,0.5054145455360413,1
10.1109/MetroXRAINE62247.2024.10796343,http://h-da.de/ml-ontology/time_series_classification,time series classification,0.4613523483276367,1
10.1109/MoSICom59118.2023.10458752,http://h-da.de/ml-ontology/binary_classification,binary classification,0.46214115619659424,1
10.1109/MoSICom63082.2024.10881378,http://h-da.de/ml-ontology/regression,regression,0.43945202231407166,1
10.1109/NAECON46414.2019.9058251,http://h-da.de/ml-ontology/image_classification,image classification,0.4134347438812256,1
10.1109/NAECON61878.2024.10670660,http://h-da.de/ml-ontology/anomaly_detection,anomaly detection,0.47654014825820923,1
10.1109/NBEC58134.2023.10352591,http://h-da.de/ml-ontology/image_classification,image classification,0.3594862222671509,1
10.1109/NBEC58134.2023.10352622,http://h-da.de/ml-ontology/binary_classification,binary classification,0.5090155005455017,1
10.1109/NBEC58134.2023.10352634,http://h-da.de/ml-ontology/time_series_analysis,time series analysis,0.3595393896102905,1
10.1109/NET-LC65482.2025.11071212,http://h-da.de/ml-ontology/feature_selection,feature selection,0.36135342717170715,1
10.1109/NETCRYPT65877.2025.11102187,http://h-da.de/ml-ontology/image_classification,image classification,0.37910163402557373,1
10.1109/NETCRYPT65877.2025.11102627,http://h-da.de/ml-ontology/feature_extraction,feature extraction,0.3824603855609894,1
10.1109/NETCRYPT65877.2025.11102653,http://h-da.de/ml-ontology/image_classification,image classification,0.5186954736709595,1
10.1109/NIGERCON62786.2024.10927082,http://h-da.de/ml-ontology/regression,regression,0.48527762293815613,1
10.1109/NIGERCON62786.2024.10927105,http://h-da.de/ml-ontology/anomaly_detection,anomaly detection,0.3964889943599701,1
10.1109/NIGERCON62786.2024.10927133,http://h-da.de/ml-ontology/binary_classification,binary classification,0.4238884747028351,1
10.1109/NILES63360.2024.10753198,http://h-da.de/ml-ontology/association_rule_learning,association rule learning,0.3558705449104309,1
10.1109/NMITCON58196.2023.10275902,http://h-da.de/ml-ontology/regression,regression,0.5169042944908142,1
10.1109/NMITCON65824.2025.11188917,http://h-da.de/ml-ontology/action_recognition,action recognition,0.3626411557197571,1
10.1109/NNICE64954.2025.11064314,http://h-da.de/ml-ontology/vertex_classification,vertex classification,0.3607805371284485,1
10.1109/NOMS57970.2025.11073591,http://h-da.de/ml-ontology/feature_extraction,feature extraction,0.38275831937789917,1
10.1109/NicoInt.2016.15,http://h-da.de/ml-ontology/image_classification,image classification,0.5861196517944336,1
10.1109/OCEANS58557.2025.11104559,http://h-da.de/ml-ontology/feature_extraction,feature extraction,0.35612666606903076,1
10.1109/OCIT56763.2022.00028,http://h-da.de/ml-ontology/regression,regression,0.36736491322517395,1
10.1109/OJCS.2025.3577588,http://h-da.de/ml-ontology/time_series_classification,time series classification,0.35613948106765747,1
10.1109/OJIES.2023.3323870,http://h-da.de/ml-ontology/time_series_classification,time series classification,0.3830615282058716,1
10.1109/OJIES.2023.3334429,http://h-da.de/ml-ontology/feature_selection,feature selection,0.4097784161567688,1
10.1109/OJIES.2024.3455264,http://h-da.de/ml-ontology/binary_classification,binary classification,0.35374754667282104,1
10.1109/OJIM.2025.3613073,http://h-da.de/ml-ontology/anomaly_detection,anomaly detection,0.4185829758644104,1
10.1109/OJITS.2024.3412820,http://h-da.de/ml-ontology/feature_extraction,feature extraction,0.3994041681289673,1
10.1109/ONCON62778.2024.10931566,http://h-da.de/ml-ontology/feature_extraction,feature extraction,0.38392549753189087,1
10.1109/OPEE.2010.5508157,http://h-da.de/ml-ontology/regression,regression,0.4333149194717407,1
10.1109/OTCON60325.2024.10687751,http://h-da.de/ml-ontology/time_series_forecasting,time series forecasting,0.4427889287471771,1
10.1109/OTCON65728.2025.11070797,http://h-da.de/ml-ontology/time_series_classification,time series classification,0.42801737785339355,1
10.1109/PC.2017.7976254,http://h-da.de/ml-ontology/image_classification,image classification,0.37513142824172974,1
10.1109/PC52310.2021.9447527,http://h-da.de/ml-ontology/time_series_classification,time series classification,0.4453779458999634,1
10.1109/PC58330.2023.10217543,http://h-da.de/ml-ontology/time_series_classification,time series classification,0.4865899085998535,1
10.1109/PDGC56933.2022.10053203,http://h-da.de/ml-ontology/time_series_classification,time series classification,0.3903024196624756,1
10.1109/PDGC64653.2024.10984080,http://h-da.de/ml-ontology/image_classification,image classification,0.4225042462348938,1
10.1109/PECTEA61788.2025.11076281,http://h-da.de/ml-ontology/binary_classification,binary classification,0.4215993881225586,1
10.1109/PEED63748.2025.00042,http://h-da.de/ml-ontology/anomaly_detection,anomaly detection,0.41596418619155884,1
10.1109/PEEEC63877.2024.00126,http://h-da.de/ml-ontology/anomaly_detection,anomaly detection,0.5391416549682617,1
10.1109/PEEIC59336.2023.10451092,http://h-da.de/ml-ontology/feature_extraction,feature extraction,0.5173237323760986,1
10.1109/PEEIC59336.2023.10703806,http://h-da.de/ml-ontology/feature_extraction,feature extraction,0.48044300079345703,1
10.1109/PESGM48719.2022.9917007,http://h-da.de/ml-ontology/feature_extraction,feature extraction,0.39752012491226196,1
10.1109/PESGM52003.2023.10253077,http://h-da.de/ml-ontology/feature_extraction,feature extraction,0.41782572865486145,1
10.1109/PESGRE58662.2023.10404256,http://h-da.de/ml-ontology/anomaly_detection,anomaly detection,0.3739526867866516,1
10.1109/PHM-BEIJING63284.2024.10874723,http://h-da.de/ml-ontology/feature_extraction,feature extraction,0.35282397270202637,1
10.1109/PHM-Besancon49106.2020.00009,http://h-da.de/ml-ontology/time_series_classification,time series classification,0.47095543146133423,1
10.1109/PHM-Besancon49106.2020.00024,http://h-da.de/ml-ontology/feature_extraction,feature extraction,0.35778695344924927,1
10.1109/PHM-Besancon49106.2020.00025,http://h-da.de/ml-ontology/feature_extraction,feature extraction,0.3656396269798279,1
10.1109/PHM-Chongqing.2018.00161,http://h-da.de/ml-ontology/regression,regression,0.37761449813842773,1
10.1109/PHM-HANGZHOU58797.2023.10482529,http://h-da.de/ml-ontology/vertex_classification,vertex classification,0.39497601985931396,1
10.1109/PHM-Qingdao46334.2019.8942835,http://h-da.de/ml-ontology/time_series_classification,time series classification,0.386770099401474,1
10.1109/PHM-Shanghai49105.2020.9281004,http://h-da.de/ml-ontology/feature_extraction,feature extraction,0.3898499011993408,1
10.1109/PHM-Yantai55411.2022.9941982,http://h-da.de/ml-ontology/time_series_forecasting,time series forecasting,0.3773186504840851,1
10.1109/PHM.2008.4711422,http://h-da.de/ml-ontology/time_series_forecasting,time series forecasting,0.3820447325706482,1
10.1109/PHM58589.2023.00014,http://h-da.de/ml-ontology/feature_extraction,feature extraction,0.3683260679244995,1
10.1109/PHM61473.2024.00071,http://h-da.de/ml-ontology/image_classification,image classification,0.3589809536933899,1
10.1109/PICET60765.2024.10716089,http://h-da.de/ml-ontology/time_series_classification,time series classification,0.47219181060791016,1
10.1109/PICST54195.2021.9772149,http://h-da.de/ml-ontology/regression,regression,0.3801999092102051,1
10.1109/PIICON56320.2022.10045202,http://h-da.de/ml-ontology/image_classification,image classification,0.3618369698524475,1
10.1109/PRAI62207.2024.10826798,http://h-da.de/ml-ontology/regression,regression,0.38232487440109253,1
10.1109/PRAI62207.2024.10826982,http://h-da.de/ml-ontology/feature_extraction,feature extraction,0.36865806579589844,1
10.1109/PUNECON.2018.8745432,http://h-da.de/ml-ontology/association_rule_learning,association rule learning,0.39194947481155396,1
10.1109/PVSC48320.2023.10359869,http://h-da.de/ml-ontology/regression,regression,0.47081971168518066,1
10.1109/PVSC59419.2025.11133389,http://h-da.de/ml-ontology/time_series_forecasting,time series forecasting,0.40600213408470154,1
10.1109/PerComWorkshops56833.2023.10150236,http://h-da.de/ml-ontology/anomaly_detection,anomaly detection,0.40104150772094727,1
10.1109/PowerCon60995.2024.10870559,http://h-da.de/ml-ontology/audio_regression,audio regression,0.43745359778404236,1
10.1109/QCE53715.2022.00150,http://h-da.de/ml-ontology/binary_classification,binary classification,0.439830482006073,1
10.1109/QMTISIT63393.2024.10762940,http://h-da.de/ml-ontology/feature_extraction,feature extraction,0.4107506275177002,1
10.1109/QPAIN66474.2025.11171877,http://h-da.de/ml-ontology/time_series_classification,time series classification,0.48242896795272827,1
10.1109/QPAIN66474.2025.11172108,http://h-da.de/ml-ontology/anomaly_detection,anomaly detection,0.4027971029281616,1
10.1109/QPAIN66474.2025.11172123,http://h-da.de/ml-ontology/regression,regression,0.39643073081970215,1
10.1109/QPAIN66474.2025.11172270,http://h-da.de/ml-ontology/regression,regression,0.49524614214897156,1
10.1109/QR2MSE46217.2019.9021177,http://h-da.de/ml-ontology/binary_classification,binary classification,0.4221663773059845,1
10.1109/R10-HTC54060.2022.9929791,http://h-da.de/ml-ontology/time_series_classification,time series classification,0.46091628074645996,1
10.1109/R10-HTC57504.2023.10461855,http://h-da.de/ml-ontology/anomaly_detection,anomaly detection,0.4351716935634613,1
10.1109/RAAI56146.2022.10092999,http://h-da.de/ml-ontology/regression,regression,0.36314964294433594,1
10.1109/RAAICON64172.2024.10928426,http://h-da.de/ml-ontology/image_classification,image classification,0.3930933475494385,1
10.1109/RAEEUCCI57140.2023.10134207,http://h-da.de/ml-ontology/feature_extraction,feature extraction,0.398134708404541,1
10.1109/RAEEUCCI61380.2024.10547750,http://h-da.de/ml-ontology/feature_extraction,feature extraction,0.35381197929382324,1
10.1109/RAEEUCCI63961.2025.11048216,http://h-da.de/ml-ontology/feature_extraction,feature extraction,0.365190327167511,1
10.1109/RAMS48030.2020.9153694,http://h-da.de/ml-ontology/anomaly_detection,anomaly detection,0.4772762656211853,1
10.1109/RAMS48127.2025.10935089,http://h-da.de/ml-ontology/image_regression,image regression,0.3601914942264557,1
10.1109/RAMS48127.2025.10935108,http://h-da.de/ml-ontology/binary_classification,binary classification,0.41309836506843567,1
10.1109/RAMS48127.2025.10935141,http://h-da.de/ml-ontology/time_series_forecasting,time series forecasting,0.40697425603866577,1
10.1109/RAMS51473.2023.10088180,http://h-da.de/ml-ontology/feature_extraction,feature extraction,0.3874446153640747,1
10.1109/RAMS51473.2023.10088199,http://h-da.de/ml-ontology/binary_classification,binary classification,0.36802220344543457,1
10.1109/RAMS51473.2023.10088252,http://h-da.de/ml-ontology/binary_classification,binary classification,0.3626522421836853,1
10.1109/RAMS51473.2023.10088274,http://h-da.de/ml-ontology/feature_extraction,feature extraction,0.35624825954437256,1
10.1109/RAMS51492.2024.10457679,http://h-da.de/ml-ontology/text_analytics,text analytics,0.41365551948547363,1
10.1109/RASSE64357.2024.10773692,http://h-da.de/ml-ontology/audio_regression,audio regression,0.4068980813026428,1
10.1109/RASSE64357.2024.10773693,http://h-da.de/ml-ontology/anomaly_detection,anomaly detection,0.4846269488334656,1
10.1109/RCAR54675.2022.9872225,http://h-da.de/ml-ontology/feature_reduction,feature reduction,0.36542558670043945,1
10.1109/REEPE60449.2024.10479879,http://h-da.de/ml-ontology/regression,regression,0.43015381693840027,1
10.1109/REPE55559.2022.9950046,http://h-da.de/ml-ontology/regression,regression,0.353695273399353,1
10.1109/RESTCON60981.2024.10463549,http://h-da.de/ml-ontology/feature_extraction,feature extraction,0.3813546895980835,1
10.1109/RFID-TA64374.2024.10965163,http://h-da.de/ml-ontology/action_recognition,action recognition,0.35804930329322815,1
10.1109/RI2C48728.2019.8999912,http://h-da.de/ml-ontology/time_series_classification,time series classification,0.3934482932090759,1
10.1109/RMKMATE59243.2023.10369836,http://h-da.de/ml-ontology/tabular_classification,tabular classification,0.3788110613822937,1
10.1109/ROBOTHIA63806.2025.10986414,http://h-da.de/ml-ontology/action_recognition,action recognition,0.4453089237213135,1
10.1109/ROMA46407.2018.8986736,http://h-da.de/ml-ontology/image_classification,image classification,0.44825279712677,1
10.1109/ROSE52750.2021.9611768,http://h-da.de/ml-ontology/time_series_classification,time series classification,0.45073628425598145,1
10.1109/ROSE62198.2024.10591033,http://h-da.de/ml-ontology/image_classification,image classification,0.39726346731185913,1
10.1109/RPIC59053.2023.10530656,http://h-da.de/ml-ontology/anomaly_detection,anomaly detection,0.4588780999183655,1
10.1109/RTEICT42901.2018.9012350,http://h-da.de/ml-ontology/image_classification,image classification,0.38466525077819824,1
10.1109/RTEICT52294.2021.9573595,http://h-da.de/ml-ontology/named_entity_recognition,named entity recognition,0.4427367150783539,1
10.1109/RTSI61910.2024.10761724,http://h-da.de/ml-ontology/anomaly_detection,anomaly detection,0.48733246326446533,1
10.1109/RTSI61910.2024.10761847,http://h-da.de/ml-ontology/feature_extraction,feature extraction,0.38706350326538086,1
10.1109/RUSAUTOCON.2019.8867762,http://h-da.de/ml-ontology/feature_extraction,feature extraction,0.35206568241119385,1
10.1109/RoEduNet51892.2020.9324855,http://h-da.de/ml-ontology/binary_classification,binary classification,0.4124540090560913,1
10.1109/RusAutoCon58002.2023.10272816,http://h-da.de/ml-ontology/time_series_forecasting,time series forecasting,0.4104000926017761,1
10.1109/RusAutoCon61949.2024.10694558,http://h-da.de/ml-ontology/time_series_classification,time series classification,0.4499320685863495,1
10.1109/RusAutoCon65989.2025.11177340,http://h-da.de/ml-ontology/feature_extraction,feature extraction,0.44716310501098633,1
10.1109/RusAutoCon65989.2025.11177445,http://h-da.de/ml-ontology/image_classification,image classification,0.48089587688446045,1
10.1109/S.A.I.ence50533.2020.9303200,http://h-da.de/ml-ontology/feature_extraction,feature extraction,0.40769174695014954,1
10.1109/S.A.I.ence50533.2020.9303223,http://h-da.de/ml-ontology/time_series_classification,time series classification,0.3975003659725189,1
10.1109/SACI51354.2021.9465608,http://h-da.de/ml-ontology/regression,regression,0.4482947587966919,1
10.1109/SACI60582.2024.10619814,http://h-da.de/ml-ontology/feature_extraction,feature extraction,0.3646482229232788,1
10.1109/SACI66288.2025.11030098,http://h-da.de/ml-ontology/feature_extraction,feature extraction,0.3859497308731079,1
10.1109/SAFEPROCESS52771.2021.9693722,http://h-da.de/ml-ontology/anomaly_detection,anomaly detection,0.39570480585098267,1
10.1109/SAFEPROCESS58597.2023.10295598,http://h-da.de/ml-ontology/audio_regression,audio regression,0.3587838411331177,1
10.1109/SAFEPROCESS58597.2023.10295893,http://h-da.de/ml-ontology/time_series_classification,time series classification,0.5146409869194031,1
10.1109/SAIS55783.2022.9833044,http://h-da.de/ml-ontology/feature_selection,feature selection,0.48159587383270264,1
10.1109/SAMI63904.2025.10883313,http://h-da.de/ml-ontology/time_series_forecasting,time series forecasting,0.3619324564933777,1
10.1109/SAS60918.2024.10636697,http://h-da.de/ml-ontology/image_classification,image classification,0.37003210186958313,1
10.1109/SASG57022.2022.10200610,http://h-da.de/ml-ontology/feature_extraction,feature extraction,0.39121508598327637,1
10.1109/SATC65530.2025.11137121,http://h-da.de/ml-ontology/recommendation,recommendation,0.6686171293258667,1
10.1109/SAUPEC/RobMech/PRASA48453.2020.9041003,http://h-da.de/ml-ontology/image_classification,image classification,0.42781150341033936,1
10.1109/SAUPEC57889.2023.10057713,http://h-da.de/ml-ontology/image_classification,image classification,0.42950135469436646,1
10.1109/SAUPEC57889.2023.10057836,http://h-da.de/ml-ontology/image_classification,image classification,0.35316359996795654,1
10.1109/SBESC.2018.00017,http://h-da.de/ml-ontology/audio_regression,audio regression,0.4808681011199951,1
10.1109/SCCC63879.2024.10767635,http://h-da.de/ml-ontology/classification,classification,0.43303626775741577,1
10.1109/SCEECS61402.2024.10482034,http://h-da.de/ml-ontology/feature_extraction,feature extraction,0.3949539065361023,1
10.1109/SCEECS61402.2024.10482127,http://h-da.de/ml-ontology/anomaly_detection,anomaly detection,0.39890044927597046,1
10.1109/SCISISIS50064.2020.9322691,http://h-da.de/ml-ontology/time_series_classification,time series classification,0.48931553959846497,1
10.1109/SCOReD64708.2024.10872655,http://h-da.de/ml-ontology/binary_classification,binary classification,0.3742995858192444,1
10.1109/SCOReD64708.2024.10872724,http://h-da.de/ml-ontology/time_series_classification,time series classification,0.39102011919021606,1
10.1109/SCSE53661.2021.9568315,http://h-da.de/ml-ontology/image_classification,image classification,0.4885241389274597,1
10.1109/SCSE65633.2025.11031022,http://h-da.de/ml-ontology/sentiment_analysis,sentiment analysis,0.4576876163482666,1
10.1109/SCSE65633.2025.11031044,http://h-da.de/ml-ontology/time_series_classification,time series classification,0.48256489634513855,1
10.1109/SCW63240.2024.00011,http://h-da.de/ml-ontology/anomaly_detection,anomaly detection,0.4080977439880371,1
10.1109/SDEMPED54949.2023.10271429,http://h-da.de/ml-ontology/time_series_classification,time series classification,0.4637019634246826,1
10.1109/SEAI65851.2025.11108755,http://h-da.de/ml-ontology/image_classification,image classification,0.4336090683937073,1
10.1109/SEAI65851.2025.11108816,http://h-da.de/ml-ontology/time_series_forecasting,time series forecasting,0.3613561987876892,1
10.1109/SEFET61574.2024.10718160,http://h-da.de/ml-ontology/regression,regression,0.38808733224868774,1
10.1109/SENNET64220.2025.11135975,http://h-da.de/ml-ontology/time_series_classification,time series classification,0.43490779399871826,1
10.1109/SENSORS56945.2023.10325140,http://h-da.de/ml-ontology/image_classification,image classification,0.37170225381851196,1
10.1109/SENSORS60989.2024.10784817,http://h-da.de/ml-ontology/feature_extraction,feature extraction,0.4645414650440216,1
10.1109/SEPOC58810.2023.10322625,http://h-da.de/ml-ontology/image_classification,image classification,0.3683221936225891,1
10.1109/SERA57763.2023.10197769,http://h-da.de/ml-ontology/feature_extraction,feature extraction,0.453683078289032,1
10.1109/SERA61261.2024.10685579,http://h-da.de/ml-ontology/regression,regression,0.45949292182922363,1
10.1109/SEST57387.2023.10257517,http://h-da.de/ml-ontology/anomaly_detection,anomaly detection,0.49963051080703735,1
10.1109/SGC64640.2024.10983433,http://h-da.de/ml-ontology/feature_extraction,feature extraction,0.3892582356929779,1
10.1109/SGRE59715.2024.10428959,http://h-da.de/ml-ontology/time_series_analysis,time series analysis,0.37991899251937866,1
10.1109/SIBCON.2017.7998552,http://h-da.de/ml-ontology/audio_regression,audio regression,0.38403236865997314,1
10.1109/SIBGRAPI54419.2021.00061,http://h-da.de/ml-ontology/anomaly_detection,anomaly detection,0.5357378721237183,1
10.1109/SIBIRCON63777.2024.10758496,http://h-da.de/ml-ontology/time_series_classification,time series classification,0.35007184743881226,1
10.1109/SIEDS.2019.8735603,http://h-da.de/ml-ontology/image_classification,image classification,0.47646692395210266,1
10.1109/SIITME50350.2020.9292292,http://h-da.de/ml-ontology/image_classification,image classification,0.48019057512283325,1
10.1109/SIITME53254.2021.9663663,http://h-da.de/ml-ontology/image_classification,image classification,0.5541346669197083,1
10.1109/SIMPAR.2016.7862373,http://h-da.de/ml-ontology/time_series_classification,time series classification,0.4406009912490845,1
10.1109/SIST61657.2025.11139293,http://h-da.de/ml-ontology/sentiment_analysis,sentiment analysis,0.4423307776451111,1
10.1109/SISY62279.2024.10737615,http://h-da.de/ml-ontology/text_analytics,text analytics,0.3942517042160034,1
10.1109/SIU.2016.7495891,http://h-da.de/ml-ontology/image_classification,image classification,0.4454811215400696,1
10.1109/SIU61531.2024.10601069,http://h-da.de/ml-ontology/regression,regression,0.4111071825027466,1
10.1109/SKIMA59232.2023.10387339,http://h-da.de/ml-ontology/audio_classification,audio classification,0.5177271962165833,1
10.1109/SKIMA66621.2025.11155456,http://h-da.de/ml-ontology/image_classification,image classification,0.42083996534347534,1
10.1109/SLAAI-ICAI63667.2024.10844933,http://h-da.de/ml-ontology/regression,regression,0.3855898380279541,1
10.1109/SLAAI-ICAI63667.2024.10844966,http://h-da.de/ml-ontology/time_series_classification,time series classification,0.40924787521362305,1
10.1109/SLAAI-ICAI63667.2024.10844978,http://h-da.de/ml-ontology/regression,regression,0.4853029251098633,1
10.1109/SMAGRIMET66590.2025.11030050,http://h-da.de/ml-ontology/image_classification,image classification,0.4348931312561035,1
10.1109/SMAP63474.2024.00038,http://h-da.de/ml-ontology/sentiment_analysis,sentiment analysis,0.6180513501167297,1
10.1109/SMART63812.2024.10882225,http://h-da.de/ml-ontology/classification,classification,0.3559443950653076,1
10.1109/SMARTCOMP.2019.00059,http://h-da.de/ml-ontology/time_series_classification,time series classification,0.41405797004699707,1
10.1109/SMARTGENCON56628.2022.10083672,http://h-da.de/ml-ontology/image_classification,image classification,0.3933543860912323,1
10.1109/SMC52423.2021.9659069,http://h-da.de/ml-ontology/binary_classification,binary classification,0.4486663341522217,1
10.1109/SMC53654.2022.9945535,http://h-da.de/ml-ontology/action_recognition,action recognition,0.3945816159248352,1
10.1109/SMC53992.2023.10394096,http://h-da.de/ml-ontology/feature_extraction,feature extraction,0.36648738384246826,1
10.1109/SMI.2005.27,http://h-da.de/ml-ontology/image_classification,image classification,0.4493308663368225,1
10.1109/SNAMS.2019.8931714,http://h-da.de/ml-ontology/anomaly_detection,anomaly detection,0.49562472105026245,1
10.1109/SNPD.2019.8935752,http://h-da.de/ml-ontology/feature_extraction,feature extraction,0.4590369164943695,1
10.1109/SNPD54884.2022.10051795,http://h-da.de/ml-ontology/image_classification,image classification,0.40621519088745117,1
10.1109/SOCA.2019.00021,http://h-da.de/ml-ontology/anomaly_detection,anomaly detection,0.560094952583313,1
10.1109/SPC.2016.7920705,http://h-da.de/ml-ontology/clustering,clustering,0.382983922958374,1
10.1109/SPC.2018.8704135,http://h-da.de/ml-ontology/feature_extraction,feature extraction,0.35418692231178284,1
10.1109/SPED.2019.8906653,http://h-da.de/ml-ontology/time_series_classification,time series classification,0.44506388902664185,1
10.1109/SPEEDAM61530.2024.10609035,http://h-da.de/ml-ontology/binary_classification,binary classification,0.36847537755966187,1
10.1109/SPIN60856.2024.10511515,http://h-da.de/ml-ontology/image_classification,image classification,0.35445672273635864,1
10.1109/SPW54247.2022.9833865,http://h-da.de/ml-ontology/anomaly_detection,anomaly detection,0.38932979106903076,1
10.1109/SRSE56746.2022.10067595,http://h-da.de/ml-ontology/regression,regression,0.36427992582321167,1
10.1109/SSAIC61213.2024.00049,http://h-da.de/ml-ontology/feature_extraction,feature extraction,0.3501608967781067,1
10.1109/SSCI.2018.8628664,http://h-da.de/ml-ontology/feature_extraction,feature extraction,0.36057817935943604,1
10.1109/SSCI44817.2019.9002995,http://h-da.de/ml-ontology/image_regression,image regression,0.3680746555328369,1
10.1109/SSCI44817.2019.9003044,http://h-da.de/ml-ontology/feature_extraction,feature extraction,0.43097198009490967,1
10.1109/SSCI47803.2020.9308370,http://h-da.de/ml-ontology/regression,regression,0.45688652992248535,1
10.1109/SSCI50451.2021.9659840,http://h-da.de/ml-ontology/anomaly_detection,anomaly detection,0.47816991806030273,1
10.1109/SSCI52147.2023.10371899,http://h-da.de/ml-ontology/anomaly_detection,anomaly detection,0.39795053005218506,1
10.1109/SSD58187.2023.10411236,http://h-da.de/ml-ontology/feature_extraction,feature extraction,0.3876795172691345,1
10.1109/SSD58187.2023.10411295,http://h-da.de/ml-ontology/feature_extraction,feature extraction,0.3848867416381836,1
10.1109/SSD64182.2025.10989914,http://h-da.de/ml-ontology/binary_classification,binary classification,0.4391844570636749,1
10.1109/SSI58917.2023.10387755,http://h-da.de/ml-ontology/action_recognition,action recognition,0.4852164387702942,1
10.1109/SSI58917.2023.10387955,http://h-da.de/ml-ontology/feature_extraction,feature extraction,0.4249483346939087,1
10.1109/SST55530.2022.9954659,http://h-da.de/ml-ontology/regression,regression,0.46522802114486694,1
10.1109/SST61991.2024.10755283,http://h-da.de/ml-ontology/feature_selection,feature selection,0.4526580572128296,1
10.1109/STA.2019.8717201,http://h-da.de/ml-ontology/recommendation,recommendation,0.456132709980011,1
10.1109/STA.2019.8717297,http://h-da.de/ml-ontology/audio_classification,audio classification,0.47679364681243896,1
10.1109/STA50679.2020.9329304,http://h-da.de/ml-ontology/feature_extraction,feature extraction,0.3950818181037903,1
10.1109/STA50679.2020.9329325,http://h-da.de/ml-ontology/time_series_classification,time series classification,0.3694542944431305,1
10.1109/STI56238.2022.10103310,http://h-da.de/ml-ontology/time_series_forecasting,time series forecasting,0.3693142533302307,1
10.1109/SUMMA53307.2021.9632089,http://h-da.de/ml-ontology/feature_extraction,feature extraction,0.4182245135307312,1
10.1109/SUSTAINED63638.2024.11073942,http://h-da.de/ml-ontology/image_classification,image classification,0.45054012537002563,1
10.1109/SYSOSE.2007.4304331,http://h-da.de/ml-ontology/binary_classification,binary classification,0.376297265291214,1
10.1109/SYSOSE.2019.8753830,http://h-da.de/ml-ontology/binary_classification,binary classification,0.42073750495910645,1
10.1109/SmartBlock4Africa61928.2024.10779556,http://h-da.de/ml-ontology/image_classification,image classification,0.407779335975647,1
10.1109/SmartGridComm52983.2022.9961002,http://h-da.de/ml-ontology/anomaly_detection,anomaly detection,0.5799791812896729,1
10.1109/SmartIndustryCon65166.2025.10986132,http://h-da.de/ml-ontology/feature_extraction,feature extraction,0.4364474415779114,1
10.1109/SmartIndustryCon65166.2025.10986158,http://h-da.de/ml-ontology/regression,regression,0.41806936264038086,1
10.1109/SmartIndustryCon65166.2025.10986190,http://h-da.de/ml-ontology/feature_extraction,feature extraction,0.4578421711921692,1
10.1109/SoutheastCon42311.2019.9020445,http://h-da.de/ml-ontology/time_series_forecasting,time series forecasting,0.5213334560394287,1
10.1109/SoutheastCon56624.2025.10971545,http://h-da.de/ml-ontology/audio_classification,audio classification,0.42456579208374023,1
10.1109/SoutheastCon56624.2025.10971647,http://h-da.de/ml-ontology/audio_regression,audio regression,0.44255685806274414,1
10.1109/SusTech60925.2024.10553570,http://h-da.de/ml-ontology/regression,regression,0.3645345866680145,1
10.1109/TAI.2023.3323923,http://h-da.de/ml-ontology/anomaly_detection,anomaly detection,0.4725465178489685,1
10.1109/TAI.2024.3357041,http://h-da.de/ml-ontology/feature_selection,feature selection,0.39160609245300293,1
10.1109/TAI.2024.3429479,http://h-da.de/ml-ontology/feature_extraction,feature extraction,0.4341380000114441,1
10.1109/TASE.2019.2921285,http://h-da.de/ml-ontology/time_series_forecasting,time series forecasting,0.3947319984436035,1
10.1109/TASE.2019.2935314,http://h-da.de/ml-ontology/feature_extraction,feature extraction,0.41612690687179565,1
10.1109/TASE.2019.2957232,http://h-da.de/ml-ontology/binary_classification,binary classification,0.37963318824768066,1
10.1109/TASE.2019.2959211,http://h-da.de/ml-ontology/image_regression,image regression,0.39097172021865845,1
10.1109/TASE.2020.2983061,http://h-da.de/ml-ontology/image_classification,image classification,0.48580223321914673,1
10.1109/TASE.2020.2990401,http://h-da.de/ml-ontology/regression,regression,0.3741902709007263,1
10.1109/TASE.2020.3026065,http://h-da.de/ml-ontology/time_series_classification,time series classification,0.513374388217926,1
10.1109/TASE.2021.3106011,http://h-da.de/ml-ontology/image_classification,image classification,0.37209928035736084,1
10.1109/TASE.2021.3118635,http://h-da.de/ml-ontology/anomaly_detection,anomaly detection,0.4475288987159729,1
10.1109/TASE.2023.3248623,http://h-da.de/ml-ontology/regression,regression,0.49333101511001587,1
10.1109/TASE.2024.3388709,http://h-da.de/ml-ontology/feature_extraction,feature extraction,0.3990636467933655,1
10.1109/TASE.2024.3486688,http://h-da.de/ml-ontology/anomaly_detection,anomaly detection,0.5247885584831238,1
10.1109/TC.2024.3500378,http://h-da.de/ml-ontology/feature_reduction,feature reduction,0.3983656167984009,1
10.1109/TCAD.2012.2234827,http://h-da.de/ml-ontology/binary_classification,binary classification,0.5008052587509155,1
10.1109/TCAD.2022.3192361,http://h-da.de/ml-ontology/feature_reduction,feature reduction,0.3840164542198181,1
10.1109/TCBB.2016.2561927,http://h-da.de/ml-ontology/time_series_classification,time series classification,0.4593689441680908,1
10.1109/TCE.2024.3371440,http://h-da.de/ml-ontology/feature_extraction,feature extraction,0.3849012553691864,1
10.1109/TCE.2025.3563895,http://h-da.de/ml-ontology/image_classification,image classification,0.3610385060310364,1
10.1109/TCE.2025.3573649,http://h-da.de/ml-ontology/anomaly_detection,anomaly detection,0.3933389186859131,1
10.1109/TCPMT.2016.2589206,http://h-da.de/ml-ontology/regression,regression,0.3884814977645874,1
10.1109/TCPMT.2017.2788896,http://h-da.de/ml-ontology/image_classification,image classification,0.43691059947013855,1
10.1109/TCSI.2024.3357975,http://h-da.de/ml-ontology/feature_extraction,feature extraction,0.5319037437438965,1
10.1109/TCYB.2020.2983871,http://h-da.de/ml-ontology/time_series_forecasting,time series forecasting,0.35818377137184143,1
10.1109/TCYB.2025.3558515,http://h-da.de/ml-ontology/feature_extraction,feature extraction,0.4106343984603882,1
10.1109/TCYB.2025.3583035,http://h-da.de/ml-ontology/feature_extraction,feature extraction,0.41305243968963623,1
10.1109/TDEI.2021.009770,http://h-da.de/ml-ontology/image_classification,image classification,0.3861534595489502,1
10.1109/TDEI.2022.3230377,http://h-da.de/ml-ontology/image_classification,image classification,0.390909343957901,1
10.1109/TDEI.2023.3271609,http://h-da.de/ml-ontology/image_classification,image classification,0.40693140029907227,1
10.1109/TDEI.2023.3322669,http://h-da.de/ml-ontology/audio_regression,audio regression,0.4319385290145874,1
10.1109/TDMR.2017.2694227,http://h-da.de/ml-ontology/time_series_classification,time series classification,0.39167606830596924,1
10.1109/TDSC.2024.3450951,http://h-da.de/ml-ontology/binary_classification,binary classification,0.3636922240257263,1
10.1109/TEM.2023.3335237,http://h-da.de/ml-ontology/feature_extraction,feature extraction,0.4226621687412262,1
10.1109/TEMC.2018.2797053,http://h-da.de/ml-ontology/named_entity_recognition,named entity recognition,0.3654668927192688,1
10.1109/TEMC.2023.3317974,http://h-da.de/ml-ontology/image_regression,image regression,0.43204501271247864,1
10.1109/TENCON.2016.7848290,http://h-da.de/ml-ontology/image_classification,image classification,0.4912358522415161,1
10.1109/TENCON.2019.8929267,http://h-da.de/ml-ontology/feature_extraction,feature extraction,0.3742421567440033,1
10.1109/TENCON61640.2024.10903083,http://h-da.de/ml-ontology/binary_classification,binary classification,0.3959560990333557,1
10.1109/TENCON61640.2024.10903135,http://h-da.de/ml-ontology/feature_extraction,feature extraction,0.35431843996047974,1
10.1109/TENCONSpring.2017.8069973,http://h-da.de/ml-ontology/regression,regression,0.4589541554450989,1
10.1109/TENSYMP54529.2022.9864498,http://h-da.de/ml-ontology/time_series_forecasting,time series forecasting,0.4452472925186157,1
10.1109/TEST.2012.6401531,http://h-da.de/ml-ontology/feature_extraction,feature extraction,0.4049436151981354,1
10.1109/TEST.2018.8624884,http://h-da.de/ml-ontology/binary_classification,binary classification,0.5105679631233215,1
10.1109/TETC.2021.3108844,http://h-da.de/ml-ontology/image_classification,image classification,0.37226247787475586,1
10.1109/TETCI.2025.3579274,http://h-da.de/ml-ontology/image_classification,image classification,0.4520355463027954,1
10.1109/TEVC.2024.3388725,http://h-da.de/ml-ontology/feature_extraction,feature extraction,0.4695388078689575,1
10.1109/TFUZZ.2024.3398075,http://h-da.de/ml-ontology/time_series_classification,time series classification,0.4614678621292114,1
10.1109/TGRS.2023.3236500,http://h-da.de/ml-ontology/feature_extraction,feature extraction,0.4584386348724365,1
10.1109/TGRS.2024.3515157,http://h-da.de/ml-ontology/image_segmentation,image segmentation,0.38400328159332275,1
10.1109/THMS.2014.2366914,http://h-da.de/ml-ontology/binary_classification,binary classification,0.4000109136104584,1
10.1109/TIA.2023.3255227,http://h-da.de/ml-ontology/image_classification,image classification,0.39815419912338257,1
10.1109/TIA.2024.3351112,http://h-da.de/ml-ontology/time_series_forecasting,time series forecasting,0.40606868267059326,1
10.1109/TIA.2025.3550104,http://h-da.de/ml-ontology/binary_classification,binary classification,0.363126277923584,1
10.1109/TIE.2014.2319216,http://h-da.de/ml-ontology/feature_extraction,feature extraction,0.4461020231246948,1
10.1109/TIE.2017.2767551,http://h-da.de/ml-ontology/audio_regression,audio regression,0.4603378474712372,1
10.1109/TIE.2018.2860532,http://h-da.de/ml-ontology/regression,regression,0.39467179775238037,1
10.1109/TIE.2019.2962465,http://h-da.de/ml-ontology/feature_extraction,feature extraction,0.45495641231536865,1
10.1109/TIE.2020.3047040,http://h-da.de/ml-ontology/time_series_classification,time series classification,0.357183039188385,1
10.1109/TII.2019.2910524,http://h-da.de/ml-ontology/feature_extraction,feature extraction,0.39977365732192993,1
10.1109/TII.2019.2915846,http://h-da.de/ml-ontology/anomaly_detection,anomaly detection,0.35345619916915894,1
10.1109/TII.2019.2932398,http://h-da.de/ml-ontology/feature_extraction,feature extraction,0.3717913031578064,1
10.1109/TII.2019.2959021,http://h-da.de/ml-ontology/image_classification,image classification,0.42807865142822266,1
10.1109/TII.2020.3005532,http://h-da.de/ml-ontology/feature_extraction,feature extraction,0.44126224517822266,1
10.1109/TII.2020.3043226,http://h-da.de/ml-ontology/image_classification,image classification,0.3749803304672241,1
10.1109/TII.2021.3078193,http://h-da.de/ml-ontology/audio_regression,audio regression,0.350887656211853,1
10.1109/TII.2022.3143148,http://h-da.de/ml-ontology/feature_extraction,feature extraction,0.40623074769973755,1
10.1109/TII.2022.3144177,http://h-da.de/ml-ontology/binary_classification,binary classification,0.4315708875656128,1
10.1109/TII.2022.3164087,http://h-da.de/ml-ontology/anomaly_detection,anomaly detection,0.4943443834781647,1
10.1109/TII.2022.3168432,http://h-da.de/ml-ontology/image_classification,image classification,0.36005401611328125,1
10.1109/TII.2022.3199258,http://h-da.de/ml-ontology/image_classification,image classification,0.3937836289405823,1
10.1109/TII.2024.3361489,http://h-da.de/ml-ontology/feature_extraction,feature extraction,0.4025653004646301,1
10.1109/TII.2024.3456671,http://h-da.de/ml-ontology/audio_regression,audio regression,0.39624354243278503,1
10.1109/TII.2025.3576870,http://h-da.de/ml-ontology/feature_extraction,feature extraction,0.3589148223400116,1
10.1109/TIM.2019.2917735,http://h-da.de/ml-ontology/feature_extraction,feature extraction,0.467842698097229,1
10.1109/TIM.2020.3031113,http://h-da.de/ml-ontology/time_series_forecasting,time series forecasting,0.36946529150009155,1
10.1109/TIM.2021.3082274,http://h-da.de/ml-ontology/feature_extraction,feature extraction,0.4384039044380188,1
10.1109/TIM.2021.3096283,http://h-da.de/ml-ontology/feature_extraction,feature extraction,0.47178179025650024,1
10.1109/TIM.2021.3117631,http://h-da.de/ml-ontology/feature_extraction,feature extraction,0.3519527316093445,1
10.1109/TIM.2023.3273676,http://h-da.de/ml-ontology/feature_extraction,feature extraction,0.4099350571632385,1
10.1109/TIM.2023.3308251,http://h-da.de/ml-ontology/time_series_classification,time series classification,0.35848233103752136,1
10.1109/TIM.2024.3374295,http://h-da.de/ml-ontology/image_classification,image classification,0.4106120765209198,1
10.1109/TIM.2024.3383052,http://h-da.de/ml-ontology/feature_extraction,feature extraction,0.46002280712127686,1
10.1109/TIM.2024.3457925,http://h-da.de/ml-ontology/image_classification,image classification,0.3553745746612549,1
10.1109/TIM.2024.3472794,http://h-da.de/ml-ontology/feature_extraction,feature extraction,0.4331580102443695,1
10.1109/TIM.2024.3507042,http://h-da.de/ml-ontology/anomaly_detection,anomaly detection,0.4859578013420105,1
10.1109/TIM.2025.3551586,http://h-da.de/ml-ontology/feature_extraction,feature extraction,0.42387980222702026,1
10.1109/TIM.2025.3602537,http://h-da.de/ml-ontology/image_classification,image classification,0.4535343647003174,1
10.1109/TIRVED63561.2024.10769807,http://h-da.de/ml-ontology/feature_extraction,feature extraction,0.41960036754608154,1
10.1109/TITS.2023.3237159,http://h-da.de/ml-ontology/feature_extraction,feature extraction,0.4427046477794647,1
10.1109/TLA.2015.7112025,http://h-da.de/ml-ontology/time_series_analysis,time series analysis,0.3906693458557129,1
10.1109/TLA.2022.9904762,http://h-da.de/ml-ontology/clustering,clustering,0.3707382082939148,1
10.1109/TLA.2024.10500720,http://h-da.de/ml-ontology/regression,regression,0.3789854943752289,1
10.1109/TLA.2024.10790547,http://h-da.de/ml-ontology/time_series_classification,time series classification,0.4655050039291382,1
10.1109/TLA.2025.10930373,http://h-da.de/ml-ontology/binary_classification,binary classification,0.3546663522720337,1
10.1109/TMECH.2020.3012179,http://h-da.de/ml-ontology/feature_extraction,feature extraction,0.43679511547088623,1
10.1109/TMECH.2022.3189344,http://h-da.de/ml-ontology/image_classification,image classification,0.38404762744903564,1
10.1109/TNNLS.2014.2329097,http://h-da.de/ml-ontology/image_classification,image classification,0.4277416467666626,1
10.1109/TNNLS.2016.2609437,http://h-da.de/ml-ontology/feature_extraction,feature extraction,0.375618040561676,1
10.1109/TNNLS.2019.2921841,http://h-da.de/ml-ontology/link_prediction,link prediction,0.5014677047729492,1
10.1109/TNNLS.2023.3257038,http://h-da.de/ml-ontology/feature_reduction,feature reduction,0.4176877737045288,1
10.1109/TNNLS.2023.3330864,http://h-da.de/ml-ontology/feature_extraction,feature extraction,0.3866450786590576,1
10.1109/TNNLS.2024.3395334,http://h-da.de/ml-ontology/recommendation,recommendation,0.41154515743255615,1
10.1109/TNNLS.2025.3527501,http://h-da.de/ml-ontology/vertex_classification,vertex classification,0.43258431553840637,1
10.1109/TNSE.2022.3163473,http://h-da.de/ml-ontology/feature_extraction,feature extraction,0.39322251081466675,1
10.1109/TPAMI.2021.3095381,http://h-da.de/ml-ontology/feature_extraction,feature extraction,0.37160730361938477,1
10.1109/TQCEBT59414.2024.10545044,http://h-da.de/ml-ontology/sentiment_analysis,sentiment analysis,0.689065158367157,1
10.1109/TQCEBT59414.2024.10545167,http://h-da.de/ml-ontology/time_series_classification,time series classification,0.37763699889183044,1
10.1109/TQCEBT59414.2024.10545257,http://h-da.de/ml-ontology/image_classification,image classification,0.40477579832077026,1
10.1109/TQCEBT59414.2024.10545280,http://h-da.de/ml-ontology/feature_extraction,feature extraction,0.4230302572250366,1
10.1109/TSC.2025.3552345,http://h-da.de/ml-ontology/translation,translation,0.40873995423316956,1
10.1109/TSM.2011.2118775,http://h-da.de/ml-ontology/association_rule_learning,association rule learning,0.4633908271789551,1
10.1109/TSM.2016.2602226,http://h-da.de/ml-ontology/binary_classification,binary classification,0.4965595006942749,1
10.1109/TSM.2019.2904306,http://h-da.de/ml-ontology/image_classification,image classification,0.5266799926757812,1
10.1109/TSM.2019.2940334,http://h-da.de/ml-ontology/feature_extraction,feature extraction,0.46882861852645874,1
10.1109/TSM.2019.2941752,http://h-da.de/ml-ontology/image_classification,image classification,0.46417075395584106,1
10.1109/TSM.2020.2994357,http://h-da.de/ml-ontology/image_classification,image classification,0.4654189646244049,1
10.1109/TSM.2020.2998441,http://h-da.de/ml-ontology/image_classification,image classification,0.5101735591888428,1
10.1109/TSM.2020.3029049,http://h-da.de/ml-ontology/image_classification,image classification,0.38883858919143677,1
10.1109/TSM.2020.3042803,http://h-da.de/ml-ontology/image_regression,image regression,0.3512284755706787,1
10.1109/TSM.2021.3056717,http://h-da.de/ml-ontology/image_classification,image classification,0.4394984245300293,1
10.1109/TSM.2021.3071178,http://h-da.de/ml-ontology/time_series_classification,time series classification,0.3781161606311798,1
10.1109/TSM.2021.3121006,http://h-da.de/ml-ontology/image_classification,image classification,0.46031004190444946,1
10.1109/TSM.2021.3137982,http://h-da.de/ml-ontology/anomaly_detection,anomaly detection,0.504308819770813,1
10.1109/TSM.2021.3138918,http://h-da.de/ml-ontology/feature_extraction,feature extraction,0.3748984932899475,1
10.1109/TSM.2022.3146849,http://h-da.de/ml-ontology/image_classification,image classification,0.5678119659423828,1
10.1109/TSM.2022.3161512,http://h-da.de/ml-ontology/image_classification,image classification,0.45051777362823486,1
10.1109/TSM.2022.3164578,http://h-da.de/ml-ontology/feature_extraction,feature extraction,0.4415411353111267,1
10.1109/TSM.2022.3164904,http://h-da.de/ml-ontology/image_classification,image classification,0.42601221799850464,1
10.1109/TSM.2022.3182855,http://h-da.de/ml-ontology/feature_selection,feature selection,0.4740784168243408,1
10.1109/TSM.2022.3186607,http://h-da.de/ml-ontology/image_classification,image classification,0.5206347703933716,1
10.1109/TSM.2023.3270230,http://h-da.de/ml-ontology/image_regression,image regression,0.45018187165260315,1
10.1109/TSM.2023.3284817,http://h-da.de/ml-ontology/feature_extraction,feature extraction,0.42251908779144287,1
10.1109/TSM.2023.3314431,http://h-da.de/ml-ontology/binary_classification,binary classification,0.3718106150627136,1
10.1109/TSM.2024.3392898,http://h-da.de/ml-ontology/image_regression,image regression,0.36997026205062866,1
10.1109/TSM.2024.3444720,http://h-da.de/ml-ontology/feature_reduction,feature reduction,0.44817274808883667,1
10.1109/TSM.2025.3574015,http://h-da.de/ml-ontology/feature_extraction,feature extraction,0.37608057260513306,1
10.1109/TSMC.2021.3131662,http://h-da.de/ml-ontology/anomaly_detection,anomaly detection,0.4915306866168976,1
10.1109/TSMC.2022.3152430,http://h-da.de/ml-ontology/time_series_classification,time series classification,0.37009161710739136,1
10.1109/TSMC.2022.3198833,http://h-da.de/ml-ontology/feature_extraction,feature extraction,0.41614097356796265,1
10.1109/TSMCA.2010.2055156,http://h-da.de/ml-ontology/time_series_forecasting,time series forecasting,0.44308847188949585,1
10.1109/TSMCB.2003.817033,http://h-da.de/ml-ontology/association_rule_learning,association rule learning,0.3790329396724701,1
10.1109/TST52996.2021.00015,http://h-da.de/ml-ontology/regression,regression,0.37534618377685547,1
10.1109/TVT.2020.3000970,http://h-da.de/ml-ontology/regression,regression,0.35399967432022095,1
10.1109/TechDefense63521.2024.10863097,http://h-da.de/ml-ontology/image_classification,image classification,0.4534892141819,1
10.1109/UBMK.2017.8093500,http://h-da.de/ml-ontology/regression,regression,0.4112637937068939,1
10.1109/UBMK.2019.8907120,http://h-da.de/ml-ontology/regression,regression,0.4901845157146454,1
10.1109/UBMK55850.2022.9919450,http://h-da.de/ml-ontology/time_series_forecasting,time series forecasting,0.3910144865512848,1
10.1109/UBMK55850.2022.9919563,http://h-da.de/ml-ontology/regression,regression,0.45375239849090576,1
10.1109/UBMK63289.2024.10773462,http://h-da.de/ml-ontology/time_series_classification,time series classification,0.40183621644973755,1
10.1109/UBMK63289.2024.10773482,http://h-da.de/ml-ontology/feature_selection,feature selection,0.4618748128414154,1
10.1109/UBMK63289.2024.10773607,http://h-da.de/ml-ontology/time_series_forecasting,time series forecasting,0.4804421663284302,1
10.1109/UEMCON53757.2021.9666539,http://h-da.de/ml-ontology/recommendation,recommendation,0.38570594787597656,1
10.1109/UEMCON59035.2023.10316083,http://h-da.de/ml-ontology/action_recognition,action recognition,0.3725753426551819,1
10.1109/UEMCON62879.2024.10754668,http://h-da.de/ml-ontology/binary_classification,binary classification,0.4365278482437134,1
10.1109/UEMCON62879.2024.10754677,http://h-da.de/ml-ontology/feature_extraction,feature extraction,0.39600974321365356,1
10.1109/UKSIM.2008.80,http://h-da.de/ml-ontology/binary_classification,binary classification,0.3628559708595276,1
10.1109/UPCON59197.2023.10434409,http://h-da.de/ml-ontology/anomaly_detection,anomaly detection,0.3598461151123047,1
10.1109/UPCON59197.2023.10434528,http://h-da.de/ml-ontology/association_rule_learning,association rule learning,0.37618914246559143,1
10.1109/URTC65039.2024.10937577,http://h-da.de/ml-ontology/audio_regression,audio regression,0.4601185917854309,1
10.1109/URUCON53396.2021.9647250,http://h-da.de/ml-ontology/binary_classification,binary classification,0.3893813490867615,1
10.1109/USBEREIT58508.2023.10158893,http://h-da.de/ml-ontology/recommendation,recommendation,0.3548731803894043,1
10.1109/USBEREIT65494.2025.11054138,http://h-da.de/ml-ontology/anomaly_detection,anomaly detection,0.4364660382270813,1
10.1109/VLSISATA65374.2025.11070006,http://h-da.de/ml-ontology/binary_classification,binary classification,0.35428357124328613,1
10.1109/VPPC60535.2023.10403231,http://h-da.de/ml-ontology/feature_extraction,feature extraction,0.3935200572013855,1
10.1109/VTS56346.2023.10140005,http://h-da.de/ml-ontology/anomaly_detection,anomaly detection,0.4860842823982239,1
10.1109/VTS65138.2025.11022777,http://h-da.de/ml-ontology/image_regression,image regression,0.37083864212036133,1
10.1109/WACV.2019.00084,http://h-da.de/ml-ontology/image_classification,image classification,0.3676454424858093,1
10.1109/WACV56688.2023.00546,http://h-da.de/ml-ontology/anomaly_detection,anomaly detection,0.5341155529022217,1
10.1109/WACVW65960.2025.00104,http://h-da.de/ml-ontology/action_recognition,action recognition,0.3519265055656433,1
10.1109/WCICA.2006.1714167,http://h-da.de/ml-ontology/feature_extraction,feature extraction,0.47838279604911804,1
10.1109/WCICA.2018.8630692,http://h-da.de/ml-ontology/anomaly_detection,anomaly detection,0.518839418888092,1
10.1109/WCICSS.2016.7882607,http://h-da.de/ml-ontology/feature_extraction,feature extraction,0.47519296407699585,1
10.1109/WCRE.2009.16,http://h-da.de/ml-ontology/binary_classification,binary classification,0.3818352520465851,1
10.1109/WETICE64632.2024.00022,http://h-da.de/ml-ontology/time_series_forecasting,time series forecasting,0.40385550260543823,1
10.1109/WF-IoT48130.2020.9221098,http://h-da.de/ml-ontology/feature_extraction,feature extraction,0.3846229910850525,1
10.1109/WF-IoT51360.2021.9595709,http://h-da.de/ml-ontology/image_regression,image regression,0.379463791847229,1
10.1109/WF-IoT62078.2024.10811344,http://h-da.de/ml-ontology/time_series_classification,time series classification,0.3701012134552002,1
10.1109/WIFS55849.2022.9975406,http://h-da.de/ml-ontology/audio_classification,audio classification,0.49617862701416016,1
10.1109/WINCOM62286.2024.10655007,http://h-da.de/ml-ontology/feature_extraction,feature extraction,0.3937481641769409,1
10.1109/WMED.2018.8360836,http://h-da.de/ml-ontology/feature_extraction,feature extraction,0.3636710047721863,1
10.1109/WNYISPW53194.2021.9661283,http://h-da.de/ml-ontology/time_series_classification,time series classification,0.4956921339035034,1
10.1109/WSAI55384.2022.9836412,http://h-da.de/ml-ontology/time_series_classification,time series classification,0.36040493845939636,1
10.1109/WSC.2015.7408344,http://h-da.de/ml-ontology/association_rule_learning,association rule learning,0.38194745779037476,1
10.1109/WSC.2018.8632330,http://h-da.de/ml-ontology/feature_extraction,feature extraction,0.4102078378200531,1
10.1109/WSC48552.2020.9383945,http://h-da.de/ml-ontology/feature_extraction,feature extraction,0.40347617864608765,1
10.1109/WSC48552.2020.9384026,http://h-da.de/ml-ontology/anomaly_detection,anomaly detection,0.6350886225700378,1
10.1109/WSC57314.2022.10015322,http://h-da.de/ml-ontology/regression,regression,0.3687279224395752,1
10.1109/WoWMoM65615.2025.00023,http://h-da.de/ml-ontology/anomaly_detection,anomaly detection,0.3996075391769409,1
10.1109/WorldS450073.2020.9210318,http://h-da.de/ml-ontology/anomaly_detection,anomaly detection,0.5153342485427856,1
10.1109/eSmarTA56775.2022.9935140,http://h-da.de/ml-ontology/image_classification,image classification,0.5139386057853699,1
10.1109/eSmarTA66764.2025.11132238,http://h-da.de/ml-ontology/time_series_forecasting,time series forecasting,0.47254815697669983,1
10.1109/i-COSTE60462.2023.10500776,http://h-da.de/ml-ontology/regression,regression,0.41639673709869385,1
10.1109/iCACCESS61735.2024.10499459,http://h-da.de/ml-ontology/regression,regression,0.4342637360095978,1
10.1109/iEECON51072.2021.9440326,http://h-da.de/ml-ontology/image_classification,image classification,0.4063642621040344,1
10.1109/iEECON53204.2022.9741683,http://h-da.de/ml-ontology/time_series_forecasting,time series forecasting,0.4355772137641907,1
10.1109/iEECON60677.2024.10537920,http://h-da.de/ml-ontology/feature_extraction,feature extraction,0.3989792764186859,1
10.1109/iSAI-NLP.2018.8692973,http://h-da.de/ml-ontology/sentiment_analysis,sentiment analysis,0.5952734351158142,1
10.1109/iSAI-NLP56921.2022.9960281,http://h-da.de/ml-ontology/anomaly_detection,anomaly detection,0.39641737937927246,1
10.1109/iSAI-NLP60301.2023.10354585,http://h-da.de/ml-ontology/binary_classification,binary classification,0.3534320592880249,1
10.1109/iSPEC53008.2021.9735647,http://h-da.de/ml-ontology/feature_extraction,feature extraction,0.35286015272140503,1
10.1109/iSTEM-Ed59413.2023.10305792,http://h-da.de/ml-ontology/binary_classification,binary classification,0.3635382652282715,1
10.1109/iSemantic63362.2024.10762416,http://h-da.de/ml-ontology/regression,regression,0.43305298686027527,1
10.1109/iSemantic63362.2024.10762597,http://h-da.de/ml-ontology/feature_extraction,feature extraction,0.45814967155456543,1
10.1109/iTherm54085.2022.9899615,http://h-da.de/ml-ontology/image_classification,image classification,0.4071570038795471,1
10.1109/ic-ETITE47903.2020.29,http://h-da.de/ml-ontology/feature_extraction,feature extraction,0.35860878229141235,1
10.1109/icSmartGrid52357.2021.9551264,http://h-da.de/ml-ontology/feature_extraction,feature extraction,0.36509180068969727,1
10.1109/icSmartGrid61824.2024.10578078,http://h-da.de/ml-ontology/regression,regression,0.37310153245925903,1
10.1109/icSmartGrid61824.2024.10578083,http://h-da.de/ml-ontology/anomaly_detection,anomaly detection,0.4698556065559387,1
10.1109/mim.2025.10982114,http://h-da.de/ml-ontology/time_series_classification,time series classification,0.41832435131073,1
10.1109/sii.2013.6776758,http://h-da.de/ml-ontology/image_regression,image regression,0.3746551275253296,1
10.1111/1365-2478.13127,http://h-da.de/ml-ontology/clustering,clustering,0.3949134945869446,1
10.1111/coin.12124,http://h-da.de/ml-ontology/feature_extraction,feature extraction,0.38441717624664307,1
10.1111/ejss.70009,http://h-da.de/ml-ontology/regression,regression,0.38335567712783813,1
10.1111/exsy.12958,http://h-da.de/ml-ontology/time_series_classification,time series classification,0.42803245782852173,1
10.1111/exsy.13128,http://h-da.de/ml-ontology/feature_extraction,feature extraction,0.5126734375953674,1
10.1111/exsy.13136,http://h-da.de/ml-ontology/image_classification,image classification,0.49787667393684387,1
10.1111/exsy.13323,http://h-da.de/ml-ontology/image_classification,image classification,0.46359825134277344,1
10.1111/exsy.13506,http://h-da.de/ml-ontology/feature_extraction,feature extraction,0.38761550188064575,1
10.1111/exsy.70085,http://h-da.de/ml-ontology/recommendation,recommendation,0.3865630626678467,1
10.1111/gfs.12707,http://h-da.de/ml-ontology/regression,regression,0.3970258831977844,1
10.1111/itor.12887,http://h-da.de/ml-ontology/image_regression,image regression,0.3823620080947876,1
10.1111/jac.70039,http://h-da.de/ml-ontology/image_regression,image regression,0.3825870156288147,1
10.1111/jfpe.13998,http://h-da.de/ml-ontology/image_classification,image classification,0.386982262134552,1
10.1111/jfpe.14436,http://h-da.de/ml-ontology/feature_extraction,feature extraction,0.40662652254104614,1
10.1111/jph.13388,http://h-da.de/ml-ontology/image_classification,image classification,0.43755000829696655,1
10.1111/jpim.12396,http://h-da.de/ml-ontology/recommendation,recommendation,0.39061468839645386,1
10.1111/mice.13479,http://h-da.de/ml-ontology/time_series_classification,time series classification,0.5031329989433289,1
10.11118/ejobsat.2024.010,http://h-da.de/ml-ontology/text_classification,text classification,0.4900127053260803,1
10.11137/1982-3908_2025_48_64062,http://h-da.de/ml-ontology/image_regression,image regression,0.3609853982925415,1
10.1115/1.4024232,http://h-da.de/ml-ontology/recommendation,recommendation,0.40149468183517456,1
10.1115/1.4036350,http://h-da.de/ml-ontology/feature_extraction,feature extraction,0.3666156232357025,1
10.1115/1.4036641,http://h-da.de/ml-ontology/feature_extraction,feature extraction,0.42876046895980835,1
10.1115/1.4037435,http://h-da.de/ml-ontology/action_recognition,action recognition,0.4411720037460327,1
10.1115/1.4042084,http://h-da.de/ml-ontology/feature_extraction,feature extraction,0.400137335062027,1
10.1115/1.4044199,http://h-da.de/ml-ontology/feature_extraction,feature extraction,0.3657485842704773,1
10.1115/1.4044506,http://h-da.de/ml-ontology/text_analytics,text analytics,0.5328150987625122,1
10.1115/1.4045293,http://h-da.de/ml-ontology/feature_extraction,feature extraction,0.38244324922561646,1
10.1115/1.4045411,http://h-da.de/ml-ontology/object_detection,object detection,0.36368528008461,1
10.1115/1.4045445,http://h-da.de/ml-ontology/feature_extraction,feature extraction,0.41401374340057373,1
10.1115/1.4045663,http://h-da.de/ml-ontology/time_series_classification,time series classification,0.4320552349090576,1
10.1115/1.4045719,http://h-da.de/ml-ontology/image_regression,image regression,0.4075447916984558,1
10.1115/1.4046135,http://h-da.de/ml-ontology/association_rule_learning,association rule learning,0.4152120351791382,1
10.1115/1.4046332,http://h-da.de/ml-ontology/feature_extraction,feature extraction,0.3942994177341461,1
10.1115/1.4047074,http://h-da.de/ml-ontology/object_detection,object detection,0.4485424757003784,1
10.1115/1.4047559,http://h-da.de/ml-ontology/feature_extraction,feature extraction,0.49868708848953247,1
10.1115/1.4048819,http://h-da.de/ml-ontology/sentiment_analysis,sentiment analysis,0.46359682083129883,1
10.1115/1.4049865,http://h-da.de/ml-ontology/sentiment_analysis,sentiment analysis,0.41099613904953003,1
10.1115/1.4049895,http://h-da.de/ml-ontology/binary_classification,binary classification,0.40209072828292847,1
10.1115/1.4049960,http://h-da.de/ml-ontology/image_classification,image classification,0.5112612247467041,1
10.1115/1.4050579,http://h-da.de/ml-ontology/feature_extraction,feature extraction,0.37580546736717224,1
10.1115/1.4051604,http://h-da.de/ml-ontology/image_regression,image regression,0.36192846298217773,1
10.1115/1.4051696,http://h-da.de/ml-ontology/binary_classification,binary classification,0.3836665153503418,1
10.1115/1.4051716,http://h-da.de/ml-ontology/anomaly_detection,anomaly detection,0.476634681224823,1
10.1115/1.4051886,http://h-da.de/ml-ontology/binary_classification,binary classification,0.44013848900794983,1
10.1115/1.4052192,http://h-da.de/ml-ontology/image_regression,image regression,0.3657587170600891,1
10.1115/1.4052673,http://h-da.de/ml-ontology/image_classification,image classification,0.35278815031051636,1
10.1115/1.4052720,http://h-da.de/ml-ontology/vertex_classification,vertex classification,0.4121588468551636,1
10.1115/1.4052761,http://h-da.de/ml-ontology/anomaly_detection,anomaly detection,0.5260719060897827,1
10.1115/1.4052762,http://h-da.de/ml-ontology/time_series_classification,time series classification,0.4683097302913666,1
10.1115/1.4052838,http://h-da.de/ml-ontology/feature_extraction,feature extraction,0.41250813007354736,1
10.1115/1.4053194,http://h-da.de/ml-ontology/time_series_classification,time series classification,0.43769627809524536,1
10.1115/1.4053670,http://h-da.de/ml-ontology/image_regression,image regression,0.47043636441230774,1
10.1115/1.4054090,http://h-da.de/ml-ontology/feature_extraction,feature extraction,0.40508610010147095,1
10.1115/1.4054091,http://h-da.de/ml-ontology/feature_extraction,feature extraction,0.41627854108810425,1
10.1115/1.4054558,http://h-da.de/ml-ontology/binary_classification,binary classification,0.44762367010116577,1
10.1115/1.4055634,http://h-da.de/ml-ontology/audio_regression,audio regression,0.3585168719291687,1
10.1115/1.4056138,http://h-da.de/ml-ontology/time_series_forecasting,time series forecasting,0.3765718340873718,1
10.1115/1.4056219,http://h-da.de/ml-ontology/image_classification,image classification,0.4300089478492737,1
10.1115/1.4056433,http://h-da.de/ml-ontology/feature_extraction,feature extraction,0.41302284598350525,1
10.1115/1.4056806,http://h-da.de/ml-ontology/feature_extraction,feature extraction,0.4577100872993469,1
10.1115/1.4057002,http://h-da.de/ml-ontology/image_classification,image classification,0.36096155643463135,1
10.1115/1.4057052,http://h-da.de/ml-ontology/feature_extraction,feature extraction,0.46357473731040955,1
10.1115/1.4062237,http://h-da.de/ml-ontology/feature_extraction,feature extraction,0.3619266748428345,1
10.1115/1.4062457,http://h-da.de/ml-ontology/feature_extraction,feature extraction,0.377357542514801,1
10.1115/1.4062731,http://h-da.de/ml-ontology/feature_extraction,feature extraction,0.42993462085723877,1
10.1115/1.4063003,http://h-da.de/ml-ontology/time_series_classification,time series classification,0.390388548374176,1
10.1115/1.4063235,http://h-da.de/ml-ontology/association_rule_learning,association rule learning,0.4393281042575836,1
10.1115/1.4063266,http://h-da.de/ml-ontology/feature_extraction,feature extraction,0.3519628942012787,1
10.1115/1.4063561,http://h-da.de/ml-ontology/image_classification,image classification,0.5129790306091309,1
10.1115/1.4063748,http://h-da.de/ml-ontology/image_classification,image classification,0.41267597675323486,1
10.1115/1.4063760,http://h-da.de/ml-ontology/feature_extraction,feature extraction,0.3681291341781616,1
10.1115/1.4063761,http://h-da.de/ml-ontology/feature_extraction,feature extraction,0.3660162091255188,1
10.1115/1.4064257,http://h-da.de/ml-ontology/image_classification,image classification,0.4179171323776245,1
10.1115/1.4064618,http://h-da.de/ml-ontology/feature_extraction,feature extraction,0.39771485328674316,1
10.1115/1.4064626,http://h-da.de/ml-ontology/feature_extraction,feature extraction,0.37312865257263184,1
10.1115/1.4065095,http://h-da.de/ml-ontology/feature_extraction,feature extraction,0.3526570796966553,1
10.1115/1.4065200,http://h-da.de/ml-ontology/feature_extraction,feature extraction,0.4269048571586609,1
10.1115/1.4065777,http://h-da.de/ml-ontology/time_series_classification,time series classification,0.41349273920059204,1
10.1115/1.4066097,http://h-da.de/ml-ontology/image_regression,image regression,0.36184608936309814,1
10.1115/1.4066124,http://h-da.de/ml-ontology/image_regression,image regression,0.4135799705982208,1
10.1115/1.4066746,http://h-da.de/ml-ontology/feature_extraction,feature extraction,0.4324277341365814,1
10.1115/1.4066865,http://h-da.de/ml-ontology/audio_regression,audio regression,0.3966754674911499,1
10.1115/1.4067057,http://h-da.de/ml-ontology/feature_extraction,feature extraction,0.4149634540081024,1
10.1115/1.4067157,http://h-da.de/ml-ontology/action_recognition,action recognition,0.4645519554615021,1
10.1115/1.4067210,http://h-da.de/ml-ontology/feature_extraction,feature extraction,0.3745698928833008,1
10.1115/1.4067270,http://h-da.de/ml-ontology/audio_regression,audio regression,0.3877185881137848,1
10.1115/1.4067533,http://h-da.de/ml-ontology/feature_extraction,feature extraction,0.3548981249332428,1
10.1115/1.4067742,http://h-da.de/ml-ontology/feature_extraction,feature extraction,0.3771434426307678,1
10.1115/1.4068472,http://h-da.de/ml-ontology/anomaly_detection,anomaly detection,0.47847557067871094,1
10.1115/1.4068831,http://h-da.de/ml-ontology/time_series_classification,time series classification,0.4071721136569977,1
10.1115/1.4069196,http://h-da.de/ml-ontology/time_series_classification,time series classification,0.3996318578720093,1
10.1115/1.4069270,http://h-da.de/ml-ontology/feature_extraction,feature extraction,0.3935520648956299,1
10.1115/1.4069434,http://h-da.de/ml-ontology/feature_extraction,feature extraction,0.36761772632598877,1
10.1115/1.4069993,http://h-da.de/ml-ontology/feature_extraction,feature extraction,0.3838433027267456,1
10.1115/DETC2010-29115,http://h-da.de/ml-ontology/text_analytics,text analytics,0.4462808072566986,1
10.1115/DETC2016-59645,http://h-da.de/ml-ontology/action_recognition,action recognition,0.4499428868293762,1
10.1115/DETC2016-60095,http://h-da.de/ml-ontology/object_detection,object detection,0.36348050832748413,1
10.1115/DETC2017-67679,http://h-da.de/ml-ontology/feature_extraction,feature extraction,0.406193345785141,1
10.1115/DETC2017-67987,http://h-da.de/ml-ontology/audio_regression,audio regression,0.5326340198516846,1
10.1115/DETC201885710,http://h-da.de/ml-ontology/tabular_regression,tabular regression,0.42645707726478577,1
10.1115/DETC201885865,http://h-da.de/ml-ontology/text_analytics,text analytics,0.5421404838562012,1
10.1115/DETC2019-97095,http://h-da.de/ml-ontology/image_classification,image classification,0.4793456196784973,1
10.1115/DETC2019-97917,http://h-da.de/ml-ontology/binary_classification,binary classification,0.3906823992729187,1
10.1115/DETC2020-22043,http://h-da.de/ml-ontology/feature_extraction,feature extraction,0.39328211545944214,1
10.1115/DETC2020-22126,http://h-da.de/ml-ontology/association_rule_learning,association rule learning,0.41242897510528564,1
10.1115/DETC2020-22295,http://h-da.de/ml-ontology/feature_extraction,feature extraction,0.370545357465744,1
10.1115/DETC2020-22487,http://h-da.de/ml-ontology/feature_extraction,feature extraction,0.37540048360824585,1
10.1115/DETC2021-66701,http://h-da.de/ml-ontology/audio_regression,audio regression,0.4723355770111084,1
10.1115/DETC2021-68177,http://h-da.de/ml-ontology/recommendation,recommendation,0.3591900169849396,1
10.1115/DETC2021-69259,http://h-da.de/ml-ontology/feature_extraction,feature extraction,0.42742589116096497,1
10.1115/DETC2021-69436,http://h-da.de/ml-ontology/image_classification,image classification,0.3932883143424988,1
10.1115/DETC2021-69462,http://h-da.de/ml-ontology/link_prediction,link prediction,0.5390886664390564,1
10.1115/DETC2021-69573,http://h-da.de/ml-ontology/feature_extraction,feature extraction,0.3920276165008545,1
10.1115/DETC2021-71403,http://h-da.de/ml-ontology/image_classification,image classification,0.4733433723449707,1
10.1115/DETC2022-88163,http://h-da.de/ml-ontology/regression,regression,0.4404910206794739,1
10.1115/DETC2022-88223,http://h-da.de/ml-ontology/feature_extraction,feature extraction,0.4416130781173706,1
10.1115/DETC2022-88313,http://h-da.de/ml-ontology/image_classification,image classification,0.43355244398117065,1
10.1115/DETC2022-89164,http://h-da.de/ml-ontology/image_classification,image classification,0.4031031131744385,1
10.1115/DETC2022-89921,http://h-da.de/ml-ontology/feature_extraction,feature extraction,0.5069454312324524,1
10.1115/DETC2023109137,http://h-da.de/ml-ontology/feature_extraction,feature extraction,0.42290186882019043,1
10.1115/DETC2023117184,http://h-da.de/ml-ontology/feature_extraction,feature extraction,0.4476693570613861,1
10.1115/DETC2024-139383,http://h-da.de/ml-ontology/image_classification,image classification,0.47051116824150085,1
10.1115/DETC2024-140496,http://h-da.de/ml-ontology/binary_classification,binary classification,0.3920287787914276,1
10.1115/DETC2024-141272,http://h-da.de/ml-ontology/image_regression,image regression,0.3929544687271118,1
10.1115/DETC2024-142944,http://h-da.de/ml-ontology/image_regression,image regression,0.4174932837486267,1
10.1115/DETC2024-144076,http://h-da.de/ml-ontology/feature_extraction,feature extraction,0.36110448837280273,1
10.1115/DSCC2019-8995,http://h-da.de/ml-ontology/image_regression,image regression,0.3612677752971649,1
10.1115/GT201875372,http://h-da.de/ml-ontology/image_classification,image classification,0.4035848379135132,1
10.1115/GT2021-58916,http://h-da.de/ml-ontology/time_series_classification,time series classification,0.43963032960891724,1
10.1115/GT2021-58925,http://h-da.de/ml-ontology/feature_extraction,feature extraction,0.35818129777908325,1
10.1115/GT2021-59801,http://h-da.de/ml-ontology/image_classification,image classification,0.5709578990936279,1
10.1115/GT2021-60049,http://h-da.de/ml-ontology/feature_extraction,feature extraction,0.38136833906173706,1
10.1115/GT2021-60116,http://h-da.de/ml-ontology/anomaly_detection,anomaly detection,0.5434983968734741,1
10.1115/GT2022-82427,http://h-da.de/ml-ontology/audio_regression,audio regression,0.36569860577583313,1
10.1115/GT2024-125838,http://h-da.de/ml-ontology/feature_extraction,feature extraction,0.3828020393848419,1
10.1115/GT2024-127544,http://h-da.de/ml-ontology/regression,regression,0.4052056670188904,1
10.1115/GTINDIA2023-118326,http://h-da.de/ml-ontology/feature_extraction,feature extraction,0.3995111584663391,1
10.1115/GTINDIA2023-118382,http://h-da.de/ml-ontology/binary_classification,binary classification,0.3627013564109802,1
10.1115/HT2025-156676,http://h-da.de/ml-ontology/feature_extraction,feature extraction,0.3979046940803528,1
10.1115/ICONE29-93193,http://h-da.de/ml-ontology/anomaly_detection,anomaly detection,0.4662490487098694,1
10.1115/IMECE201667641,http://h-da.de/ml-ontology/image_classification,image classification,0.5226720571517944,1
10.1115/IMECE2020-24047,http://h-da.de/ml-ontology/feature_extraction,feature extraction,0.38916030526161194,1
10.1115/IMECE2020-24107,http://h-da.de/ml-ontology/feature_extraction,feature extraction,0.38096678256988525,1
10.1115/IMECE2021-68835,http://h-da.de/ml-ontology/feature_extraction,feature extraction,0.410671204328537,1
10.1115/IMECE2021-71524,http://h-da.de/ml-ontology/feature_extraction,feature extraction,0.3907431364059448,1
10.1115/IMECE2022-94547,http://h-da.de/ml-ontology/time_series_classification,time series classification,0.3998516798019409,1
10.1115/IMECE2022-96162,http://h-da.de/ml-ontology/image_classification,image classification,0.45926588773727417,1
10.1115/IMECE2023-112254,http://h-da.de/ml-ontology/anomaly_detection,anomaly detection,0.4547666907310486,1
10.1115/IMECE2023-113360,http://h-da.de/ml-ontology/image_regression,image regression,0.3911975026130676,1
10.1115/IMECE2023-114152,http://h-da.de/ml-ontology/image_regression,image regression,0.38064783811569214,1
10.1115/IMECE2023-114248,http://h-da.de/ml-ontology/feature_extraction,feature extraction,0.4102625846862793,1
10.1115/IMECE2023-119647,http://h-da.de/ml-ontology/image_classification,image classification,0.4469040334224701,1
10.1115/IMECE2024-142250,http://h-da.de/ml-ontology/audio_regression,audio regression,0.4405781626701355,1
10.1115/IMECE2024-142963,http://h-da.de/ml-ontology/image_classification,image classification,0.4702220559120178,1
10.1115/IMECE2024-147155,http://h-da.de/ml-ontology/image_regression,image regression,0.3756217062473297,1
10.1115/IMECE2024-147233,http://h-da.de/ml-ontology/audio_regression,audio regression,0.5157714486122131,1
10.1115/IOWTC2018-1058,http://h-da.de/ml-ontology/time_series_classification,time series classification,0.40443703532218933,1
10.1115/IPACK2023-112056,http://h-da.de/ml-ontology/image_regression,image regression,0.35382258892059326,1
10.1115/ISFA2020-9643,http://h-da.de/ml-ontology/feature_extraction,feature extraction,0.4678671360015869,1
10.1115/MSEC2017-2679,http://h-da.de/ml-ontology/audio_regression,audio regression,0.37218302488327026,1
10.1115/MSEC2017-3069,http://h-da.de/ml-ontology/audio_regression,audio regression,0.46148350834846497,1
10.1115/MSEC2018-6501,http://h-da.de/ml-ontology/image_regression,image regression,0.37503916025161743,1
10.1115/MSEC2018-6513,http://h-da.de/ml-ontology/image_regression,image regression,0.3815903067588806,1
10.1115/MSEC2020-8261,http://h-da.de/ml-ontology/image_classification,image classification,0.4368063807487488,1
10.1115/MSEC2020-8274,http://h-da.de/ml-ontology/time_series_classification,time series classification,0.4770752191543579,1
10.1115/MSEC2020-8360,http://h-da.de/ml-ontology/time_series_classification,time series classification,0.4976296126842499,1
10.1115/MSEC2020-8362,http://h-da.de/ml-ontology/image_regression,image regression,0.4024251699447632,1
10.1115/MSEC2020-8496,http://h-da.de/ml-ontology/anomaly_detection,anomaly detection,0.5291672945022583,1
10.1115/MSEC2021-63465,http://h-da.de/ml-ontology/anomaly_detection,anomaly detection,0.5354847311973572,1
10.1115/MSEC2021-64036,http://h-da.de/ml-ontology/audio_regression,audio regression,0.5052043795585632,1
10.1115/MSEC2022-84712,http://h-da.de/ml-ontology/object_detection,object detection,0.36536261439323425,1
10.1115/MSEC2022-85382,http://h-da.de/ml-ontology/image_classification,image classification,0.41323569416999817,1
10.1115/MSEC2022-85404,http://h-da.de/ml-ontology/audio_regression,audio regression,0.4047621488571167,1
10.1115/MSEC2024-123863,http://h-da.de/ml-ontology/feature_extraction,feature extraction,0.3945436179637909,1
10.1115/MSEC2024-124113,http://h-da.de/ml-ontology/time_series_forecasting,time series forecasting,0.36528101563453674,1
10.1115/MSEC2024-124768,http://h-da.de/ml-ontology/feature_extraction,feature extraction,0.40746158361434937,1
10.1115/MSEC2024-125289,http://h-da.de/ml-ontology/feature_extraction,feature extraction,0.4285295009613037,1
10.1115/MSEC2024-125391,http://h-da.de/ml-ontology/audio_regression,audio regression,0.3742545247077942,1
10.1115/MSEC2025-154225,http://h-da.de/ml-ontology/feature_extraction,feature extraction,0.40733665227890015,1
10.1115/MSEC2025-155328,http://h-da.de/ml-ontology/image_regression,image regression,0.35972970724105835,1
10.1115/MSEC2025-155351,http://h-da.de/ml-ontology/feature_extraction,feature extraction,0.473893940448761,1
10.1115/MSEC2025-155404,http://h-da.de/ml-ontology/anomaly_detection,anomaly detection,0.49875354766845703,1
10.1115/MSEC2025-155799,http://h-da.de/ml-ontology/anomaly_detection,anomaly detection,0.38961276412010193,1
10.1115/OMAE2019-96201,http://h-da.de/ml-ontology/audio_regression,audio regression,0.4334796071052551,1
10.1115/OMAE2020-18677,http://h-da.de/ml-ontology/regression,regression,0.4001283347606659,1
10.1115/OMAE2023-101967,http://h-da.de/ml-ontology/feature_extraction,feature extraction,0.39760756492614746,1
10.1115/OMAE2023-104628,http://h-da.de/ml-ontology/time_series_forecasting,time series forecasting,0.39175963401794434,1
10.1115/OMAE2025-154981,http://h-da.de/ml-ontology/time_series_forecasting,time series forecasting,0.40595757961273193,1
10.1115/OMAE2025-156996,http://h-da.de/ml-ontology/feature_extraction,feature extraction,0.4133692681789398,1
10.1115/PVP2021-61529,http://h-da.de/ml-ontology/feature_extraction,feature extraction,0.3827804923057556,1
10.1115/PVP2022-84696,http://h-da.de/ml-ontology/time_series_classification,time series classification,0.3897073268890381,1
10.1115/SMASIS2018-8137,http://h-da.de/ml-ontology/feature_extraction,feature extraction,0.44249242544174194,1
10.1115/SMASIS2020-2311,http://h-da.de/ml-ontology/feature_extraction,feature extraction,0.39766013622283936,1
10.1115/SSDM2025-152228,http://h-da.de/ml-ontology/image_regression,image regression,0.4076918959617615,1
10.1115/msec2023-101060,http://h-da.de/ml-ontology/audio_regression,audio regression,0.39929312467575073,1
10.1115/msec2023-101213,http://h-da.de/ml-ontology/image_classification,image classification,0.5088984966278076,1
10.1115/msec2023-104792,http://h-da.de/ml-ontology/action_recognition,action recognition,0.4310483932495117,1
10.1115/msec2023-105015,http://h-da.de/ml-ontology/image_classification,image classification,0.3820077180862427,1
10.1115/msec2023-105105,http://h-da.de/ml-ontology/image_classification,image classification,0.43992868065834045,1
10.1115/msec2023-105178,http://h-da.de/ml-ontology/image_regression,image regression,0.3900851011276245,1
10.11159/icert24.102,http://h-da.de/ml-ontology/time_series_forecasting,time series forecasting,0.4080592691898346,1
10.11159/icsta23.118,http://h-da.de/ml-ontology/image_classification,image classification,0.48552507162094116,1
10.11159/mvml24.124,http://h-da.de/ml-ontology/object_detection,object detection,0.47770237922668457,1
10.1117/1.JMM.15.2.021009,http://h-da.de/ml-ontology/image_regression,image regression,0.3569072484970093,1
10.1117/1.JMM.18.2.023501,http://h-da.de/ml-ontology/tabular_classification,tabular classification,0.38476723432540894,1
10.1117/1.JMM.20.4.041206,http://h-da.de/ml-ontology/image_regression,image regression,0.4596741795539856,1
10.1117/1.JMM.20.4.044001,http://h-da.de/ml-ontology/anomaly_detection,anomaly detection,0.43329760432243347,1
10.1117/1.JRS.18.016512,http://h-da.de/ml-ontology/feature_extraction,feature extraction,0.4006742835044861,1
10.1117/1.OE.62.4.043101,http://h-da.de/ml-ontology/image_classification,image classification,0.4515889286994934,1
10.1117/12.2085787,http://h-da.de/ml-ontology/image_regression,image regression,0.35630130767822266,1
10.1117/12.2217746,http://h-da.de/ml-ontology/feature_extraction,feature extraction,0.356070876121521,1
10.1117/12.2264000,http://h-da.de/ml-ontology/image_classification,image classification,0.42787113785743713,1
10.1117/12.2300952,http://h-da.de/ml-ontology/image_classification,image classification,0.47845280170440674,1
10.1117/12.2302715,http://h-da.de/ml-ontology/feature_extraction,feature extraction,0.36658531427383423,1
10.1117/12.2500239,http://h-da.de/ml-ontology/feature_extraction,feature extraction,0.35918402671813965,1
10.1117/12.2503184,http://h-da.de/ml-ontology/image_classification,image classification,0.4590781629085541,1
10.1117/12.2513268,http://h-da.de/ml-ontology/image_regression,image regression,0.36634474992752075,1
10.1117/12.2513816,http://h-da.de/ml-ontology/image_classification,image classification,0.3640918731689453,1
10.1117/12.2514467,http://h-da.de/ml-ontology/feature_extraction,feature extraction,0.38116955757141113,1
10.1117/12.2515172,http://h-da.de/ml-ontology/feature_extraction,feature extraction,0.417756587266922,1
10.1117/12.2517285,http://h-da.de/ml-ontology/image_classification,image classification,0.4578140377998352,1
10.1117/12.2518953,http://h-da.de/ml-ontology/time_series_analysis,time series analysis,0.37018102407455444,1
10.1117/12.2524915,http://h-da.de/ml-ontology/image_classification,image classification,0.4502803683280945,1
10.1117/12.2525946,http://h-da.de/ml-ontology/image_classification,image classification,0.4518588185310364,1
10.1117/12.2528654,http://h-da.de/ml-ontology/image_classification,image classification,0.5529155731201172,1
10.1117/12.2529160,http://h-da.de/ml-ontology/image_classification,image classification,0.4298913776874542,1
10.1117/12.2534978,http://h-da.de/ml-ontology/image_classification,image classification,0.4272812604904175,1
10.1117/12.2536825,http://h-da.de/ml-ontology/time_series_classification,time series classification,0.4759542942047119,1
10.1117/12.2551504,http://h-da.de/ml-ontology/image_regression,image regression,0.4265238642692566,1
10.1117/12.2555032,http://h-da.de/ml-ontology/image_classification,image classification,0.5272045135498047,1
10.1117/12.2557625,http://h-da.de/ml-ontology/object_detection,object detection,0.38942092657089233,1
10.1117/12.2559030,http://h-da.de/ml-ontology/feature_extraction,feature extraction,0.35930272936820984,1
10.1117/12.2564633,http://h-da.de/ml-ontology/image_regression,image regression,0.3682106137275696,1
10.1117/12.2581468,http://h-da.de/ml-ontology/anomaly_detection,anomaly detection,0.4858018159866333,1
10.1117/12.2581881,http://h-da.de/ml-ontology/image_classification,image classification,0.3694419860839844,1
10.1117/12.2583469,http://h-da.de/ml-ontology/image_classification,image classification,0.44487446546554565,1
10.1117/12.2585829,http://h-da.de/ml-ontology/time_series_classification,time series classification,0.43379658460617065,1
10.1117/12.2589045,http://h-da.de/ml-ontology/binary_classification,binary classification,0.35249629616737366,1
10.1117/12.2590676,http://h-da.de/ml-ontology/action_recognition,action recognition,0.45650529861450195,1
10.1117/12.2592554,http://h-da.de/ml-ontology/image_classification,image classification,0.37890249490737915,1
10.1117/12.2592872,http://h-da.de/ml-ontology/image_classification,image classification,0.4417573809623718,1
10.1117/12.2600838,http://h-da.de/ml-ontology/image_regression,image regression,0.4793884754180908,1
10.1117/12.2607072,http://h-da.de/ml-ontology/time_series_classification,time series classification,0.4388737678527832,1
10.1117/12.2611404,http://h-da.de/ml-ontology/feature_extraction,feature extraction,0.4221712052822113,1
10.1117/12.2612149,http://h-da.de/ml-ontology/feature_extraction,feature extraction,0.3989538550376892,1
10.1117/12.2613933,http://h-da.de/ml-ontology/image_classification,image classification,0.3634435534477234,1
10.1117/12.2618913,http://h-da.de/ml-ontology/feature_extraction,feature extraction,0.40645068883895874,1
10.1117/12.2619004,http://h-da.de/ml-ontology/image_classification,image classification,0.4526292085647583,1
10.1117/12.2629287,http://h-da.de/ml-ontology/time_series_forecasting,time series forecasting,0.3544132709503174,1
10.1117/12.2635377,http://h-da.de/ml-ontology/feature_extraction,feature extraction,0.3986707329750061,1
10.1117/12.2646485,http://h-da.de/ml-ontology/image_classification,image classification,0.4726000428199768,1
10.1117/12.2658377,http://h-da.de/ml-ontology/feature_extraction,feature extraction,0.36953258514404297,1
10.1117/12.2680317,http://h-da.de/ml-ontology/feature_extraction,feature extraction,0.5135208368301392,1
10.1117/12.2686768,http://h-da.de/ml-ontology/regression,regression,0.4244202971458435,1
10.1117/12.3008958,http://h-da.de/ml-ontology/image_regression,image regression,0.36340123414993286,1
10.1117/12.3010574,http://h-da.de/ml-ontology/feature_extraction,feature extraction,0.35173696279525757,1
10.1117/12.3010940,http://h-da.de/ml-ontology/image_classification,image classification,0.4583778381347656,1
10.1117/12.3011142,http://h-da.de/ml-ontology/image_classification,image classification,0.3918379247188568,1
10.1117/12.3011769,http://h-da.de/ml-ontology/anomaly_detection,anomaly detection,0.47885191440582275,1
10.1117/12.3013119,http://h-da.de/ml-ontology/binary_classification,binary classification,0.4083181917667389,1
10.1117/12.3013253,http://h-da.de/ml-ontology/regression,regression,0.42901360988616943,1
10.1117/12.3013353,http://h-da.de/ml-ontology/recommendation,recommendation,0.6851249933242798,1
10.1117/12.3021411,http://h-da.de/ml-ontology/association_rule_learning,association rule learning,0.4155375361442566,1
10.1117/12.3025208,http://h-da.de/ml-ontology/binary_classification,binary classification,0.45155179500579834,1
10.1117/12.3025457,http://h-da.de/ml-ontology/feature_extraction,feature extraction,0.3617764711380005,1
10.1117/12.3026841,http://h-da.de/ml-ontology/regression,regression,0.41105759143829346,1
10.1117/12.3029100,http://h-da.de/ml-ontology/time_series_forecasting,time series forecasting,0.4258432984352112,1
10.1117/12.3030993,http://h-da.de/ml-ontology/recommendation,recommendation,0.5808326005935669,1
10.1117/12.3033476,http://h-da.de/ml-ontology/audio_classification,audio classification,0.3879956305027008,1
10.1117/12.3034282,http://h-da.de/ml-ontology/image_classification,image classification,0.4239718019962311,1
10.1117/12.3049907,http://h-da.de/ml-ontology/image_regression,image regression,0.35792723298072815,1
10.1117/12.3050176,http://h-da.de/ml-ontology/feature_extraction,feature extraction,0.3598044812679291,1
10.1117/12.3050333,http://h-da.de/ml-ontology/feature_extraction,feature extraction,0.38591957092285156,1
10.1117/12.3050401,http://h-da.de/ml-ontology/anomaly_detection,anomaly detection,0.5572221279144287,1
10.1117/12.3051110,http://h-da.de/ml-ontology/image_classification,image classification,0.425987184047699,1
10.1117/12.3051397,http://h-da.de/ml-ontology/image_classification,image classification,0.4080889821052551,1
10.1117/12.3052252,http://h-da.de/ml-ontology/image_classification,image classification,0.4288846552371979,1
10.1117/12.3052979,http://h-da.de/ml-ontology/binary_classification,binary classification,0.3973095417022705,1
10.1117/12.3053351,http://h-da.de/ml-ontology/audio_regression,audio regression,0.47189217805862427,1
10.1117/12.3054520,http://h-da.de/ml-ontology/association_rule_learning,association rule learning,0.36352217197418213,1
10.1117/12.3055131,http://h-da.de/ml-ontology/audio_regression,audio regression,0.4222492575645447,1
10.1117/12.3055824,http://h-da.de/ml-ontology/feature_extraction,feature extraction,0.362068772315979,1
10.1117/12.3056375,http://h-da.de/ml-ontology/feature_extraction,feature extraction,0.3721827268600464,1
10.1117/12.3058868,http://h-da.de/ml-ontology/translation,translation,0.3782411813735962,1
10.1117/12.3059629,http://h-da.de/ml-ontology/regression,regression,0.37305599451065063,1
10.1117/12.3068827,http://h-da.de/ml-ontology/feature_extraction,feature extraction,0.3992167115211487,1
10.1117/12.3068913,http://h-da.de/ml-ontology/feature_extraction,feature extraction,0.40507468581199646,1
10.1117/12.3070458,http://h-da.de/ml-ontology/regression,regression,0.4174608588218689,1
10.1117/12.3071509,http://h-da.de/ml-ontology/feature_extraction,feature extraction,0.37668973207473755,1
10.1117/12.3072053,http://h-da.de/ml-ontology/regression,regression,0.35852470993995667,1
10.1117/12.3075504,http://h-da.de/ml-ontology/feature_extraction,feature extraction,0.3997315764427185,1
10.1117/12.3079092,http://h-da.de/ml-ontology/image_regression,image regression,0.3552767038345337,1
10.1117/12.403677,http://h-da.de/ml-ontology/feature_extraction,feature extraction,0.38520902395248413,1
10.1117/12.420861,http://h-da.de/ml-ontology/image_classification,image classification,0.4186205267906189,1
10.1117/12.849248,http://h-da.de/ml-ontology/image_classification,image classification,0.41405510902404785,1
10.1118/1.3469268,http://h-da.de/ml-ontology/image_regression,image regression,0.3947634696960449,1
10.1121/10.0004992,http://h-da.de/ml-ontology/audio_regression,audio regression,0.4126265048980713,1
10.1121/10.0035575,http://h-da.de/ml-ontology/audio_regression,audio regression,0.4436793625354767,1
10.11221/jima.74.31,http://h-da.de/ml-ontology/action_recognition,action recognition,0.5227187871932983,1
10.1128/msystems.00840-24,http://h-da.de/ml-ontology/anomaly_detection,anomaly detection,0.3930681645870209,1
10.1134/S0012501625600020,http://h-da.de/ml-ontology/feature_extraction,feature extraction,0.3969617486000061,1
10.1134/S0040601519030042,http://h-da.de/ml-ontology/anomaly_detection,anomaly detection,0.5084044337272644,1
10.1134/S1810232824010053,http://h-da.de/ml-ontology/feature_extraction,feature extraction,0.4351544678211212,1
10.1134/S1995421225700364,http://h-da.de/ml-ontology/feature_extraction,feature extraction,0.3995027244091034,1
10.1134/S2070048225700280,http://h-da.de/ml-ontology/link_prediction,link prediction,0.46693429350852966,1
10.1139/cgj-2025-0181,http://h-da.de/ml-ontology/feature_extraction,feature extraction,0.3595390319824219,1
10.1140/epjqt/s40507-022-00157-8,http://h-da.de/ml-ontology/binary_classification,binary classification,0.4267255663871765,1
10.1142/9789811286711_0003,http://h-da.de/ml-ontology/feature_extraction,feature extraction,0.35292425751686096,1
10.1142/9789813272491_0025,http://h-da.de/ml-ontology/binary_classification,binary classification,0.3584110140800476,1
10.1142/9789814324700_0174,http://h-da.de/ml-ontology/feature_extraction,feature extraction,0.4180310070514679,1
10.1142/S0129065721500179,http://h-da.de/ml-ontology/audio_classification,audio classification,0.46250563859939575,1
10.1142/S0129156425403924,http://h-da.de/ml-ontology/anomaly_detection,anomaly detection,0.4242553114891052,1
10.1142/S0218001424500198,http://h-da.de/ml-ontology/image_classification,image classification,0.43078261613845825,1
10.1142/S0218001425590025,http://h-da.de/ml-ontology/audio_regression,audio regression,0.45282381772994995,1
10.1142/S0218001425590189,http://h-da.de/ml-ontology/anomaly_detection,anomaly detection,0.5174827575683594,1
10.1142/S0218126625500136,http://h-da.de/ml-ontology/anomaly_detection,anomaly detection,0.5061219334602356,1
10.1142/S0218126625502433,http://h-da.de/ml-ontology/image_classification,image classification,0.4184766411781311,1
10.1142/S021812662550450X,http://h-da.de/ml-ontology/anomaly_detection,anomaly detection,0.5301798582077026,1
10.1142/S0218539324400072,http://h-da.de/ml-ontology/anomaly_detection,anomaly detection,0.488206684589386,1
10.1142/S0218539324500086,http://h-da.de/ml-ontology/feature_selection,feature selection,0.4539211690425873,1
10.1142/S0219455425400164,http://h-da.de/ml-ontology/audio_regression,audio regression,0.3909463584423065,1
10.1142/S0219455426300065,http://h-da.de/ml-ontology/feature_extraction,feature extraction,0.3589085042476654,1
10.1142/S0219467813500113,http://h-da.de/ml-ontology/image_classification,image classification,0.5506128072738647,1
10.1142/S021964922350003X,http://h-da.de/ml-ontology/sentiment_analysis,sentiment analysis,0.5870118141174316,1
10.1142/S0219686725500040,http://h-da.de/ml-ontology/image_regression,image regression,0.3991503119468689,1
10.1142/S0219686725500179,http://h-da.de/ml-ontology/binary_classification,binary classification,0.4367160201072693,1
10.1142/S0219686726500083,http://h-da.de/ml-ontology/image_classification,image classification,0.4934474229812622,1
10.1142/S0219686726500265,http://h-da.de/ml-ontology/image_classification,image classification,0.43996721506118774,1
10.1142/S175882512450087X,http://h-da.de/ml-ontology/feature_extraction,feature extraction,0.3903852701187134,1
10.1145/2018673.2018678,http://h-da.de/ml-ontology/association_rule_learning,association rule learning,0.479871928691864,1
10.1145/206913.206955,http://h-da.de/ml-ontology/binary_classification,binary classification,0.4521157741546631,1
10.1145/2598394.2609860,http://h-da.de/ml-ontology/association_rule_learning,association rule learning,0.39744865894317627,1
10.1145/2699836,http://h-da.de/ml-ontology/tabular_classification,tabular classification,0.43311089277267456,1
10.1145/2818869.2818934,http://h-da.de/ml-ontology/feature_extraction,feature extraction,0.4160968065261841,1
10.1145/3077584.3077595,http://h-da.de/ml-ontology/text_classification,text classification,0.44887804985046387,1
10.1145/3090354.3090402,http://h-da.de/ml-ontology/feature_selection,feature selection,0.3830453157424927,1
10.1145/3098954.3103155,http://h-da.de/ml-ontology/anomaly_detection,anomaly detection,0.5639461278915405,1
10.1145/3122787,http://h-da.de/ml-ontology/binary_classification,binary classification,0.3669161796569824,1
10.1145/3166094.3166096,http://h-da.de/ml-ontology/regression,regression,0.4579516053199768,1
10.1145/3207677.3277953,http://h-da.de/ml-ontology/sentiment_analysis,sentiment analysis,0.5447668433189392,1
10.1145/3304079.3310288,http://h-da.de/ml-ontology/binary_classification,binary classification,0.5132720470428467,1
10.1145/3306307.3328197,http://h-da.de/ml-ontology/video_regression,video regression,0.3687760829925537,1
10.1145/3331453.3360974,http://h-da.de/ml-ontology/feature_extraction,feature extraction,0.48292404413223267,1
10.1145/3335656.3335658,http://h-da.de/ml-ontology/time_series_forecasting,time series forecasting,0.4240559935569763,1
10.1145/3342220.3344924,http://h-da.de/ml-ontology/sentiment_analysis,sentiment analysis,0.44363993406295776,1
10.1145/3342428.3342685,http://h-da.de/ml-ontology/feature_extraction,feature extraction,0.5075700283050537,1
10.1145/3357384.3357803,http://h-da.de/ml-ontology/audio_regression,audio regression,0.3739624619483948,1
10.1145/3360901.3364414,http://h-da.de/ml-ontology/feature_extraction,feature extraction,0.4049205780029297,1
10.1145/3364335.3364396,http://h-da.de/ml-ontology/regression,regression,0.5040556192398071,1
10.1145/3368089.3417051,http://h-da.de/ml-ontology/feature_extraction,feature extraction,0.39752018451690674,1
10.1145/3372044,http://h-da.de/ml-ontology/feature_extraction,feature extraction,0.3631282448768616,1
10.1145/3377325.3377528,http://h-da.de/ml-ontology/time_series_analysis,time series analysis,0.4030206799507141,1
10.1145/3383972.3384036,http://h-da.de/ml-ontology/image_classification,image classification,0.41966086626052856,1
10.1145/3388831.3388860,http://h-da.de/ml-ontology/anomaly_detection,anomaly detection,0.4802030920982361,1
10.1145/3400302.3415770,http://h-da.de/ml-ontology/feature_extraction,feature extraction,0.37578707933425903,1
10.1145/3404709.3404765,http://h-da.de/ml-ontology/image_classification,image classification,0.40562963485717773,1
10.1145/3409073.3409092,http://h-da.de/ml-ontology/regression,regression,0.35052043199539185,1
10.1145/3414274.3414508,http://h-da.de/ml-ontology/feature_extraction,feature extraction,0.3811835050582886,1
10.1145/3440943.3444728,http://h-da.de/ml-ontology/feature_extraction,feature extraction,0.4360845386981964,1
10.1145/3446132.3446420,http://h-da.de/ml-ontology/sentence_similarity,sentence similarity,0.368078351020813,1
10.1145/3448823.3448863,http://h-da.de/ml-ontology/time_series_classification,time series classification,0.473740816116333,1
10.1145/3453800.3453830,http://h-da.de/ml-ontology/object_detection,object detection,0.4300602078437805,1
10.1145/3457682.3457683,http://h-da.de/ml-ontology/feature_extraction,feature extraction,0.4049202799797058,1
10.1145/347090.347171,http://h-da.de/ml-ontology/association_rule_learning,association rule learning,0.5237323641777039,1
10.1145/3472674.3473981,http://h-da.de/ml-ontology/binary_classification,binary classification,0.35379457473754883,1
10.1145/3473714.3473821,http://h-da.de/ml-ontology/anomaly_detection,anomaly detection,0.4583812952041626,1
10.1145/3481127.3481165,http://h-da.de/ml-ontology/association_rule_learning,association rule learning,0.44680464267730713,1
10.1145/3486252,http://h-da.de/ml-ontology/feature_extraction,feature extraction,0.37344279885292053,1
10.1145/3487075.3487134,http://h-da.de/ml-ontology/audio_regression,audio regression,0.4051629900932312,1
10.1145/3491101.3503554,http://h-da.de/ml-ontology/recommendation,recommendation,0.3890066146850586,1
10.1145/3497623.3497679,http://h-da.de/ml-ontology/feature_extraction,feature extraction,0.46571317315101624,1
10.1145/3503961.3503982,http://h-da.de/ml-ontology/feature_extraction,feature extraction,0.4003843665122986,1
10.1145/3505688.3505692,http://h-da.de/ml-ontology/image_classification,image classification,0.4766974449157715,1
10.1145/3508259.3508291,http://h-da.de/ml-ontology/binary_classification,binary classification,0.5264577865600586,1
10.1145/3514221.3526141,http://h-da.de/ml-ontology/link_prediction,link prediction,0.36741411685943604,1
10.1145/3519313,http://h-da.de/ml-ontology/association_rule_learning,association rule learning,0.39320218563079834,1
10.1145/3520304.3529015,http://h-da.de/ml-ontology/association_rule_learning,association rule learning,0.4874822497367859,1
10.1145/3532213.3532216,http://h-da.de/ml-ontology/feature_extraction,feature extraction,0.45218831300735474,1
10.1145/3534678.3539057,http://h-da.de/ml-ontology/time_series_classification,time series classification,0.44830918312072754,1
10.1145/3535782.3535831,http://h-da.de/ml-ontology/binary_classification,binary classification,0.41176894307136536,1
10.1145/3539637.3558049,http://h-da.de/ml-ontology/binary_classification,binary classification,0.35009849071502686,1
10.1145/3540250.3558943,http://h-da.de/ml-ontology/feature_extraction,feature extraction,0.3782663941383362,1
10.1145/3543712.3543736,http://h-da.de/ml-ontology/feature_selection,feature selection,0.36428302526474,1
10.1145/3544549.3585788,http://h-da.de/ml-ontology/clustering,clustering,0.4444599747657776,1
10.1145/3548785.3548796,http://h-da.de/ml-ontology/feature_extraction,feature extraction,0.42812615633010864,1
10.1145/3551901.3556479,http://h-da.de/ml-ontology/feature_extraction,feature extraction,0.454675555229187,1
10.1145/3556677.3556697,http://h-da.de/ml-ontology/regression,regression,0.4446337819099426,1
10.1145/3557738.3557841,http://h-da.de/ml-ontology/regression,regression,0.3946455121040344,1
10.1145/3563357.3564079,http://h-da.de/ml-ontology/time_series_forecasting,time series forecasting,0.39473581314086914,1
10.1145/3568231.3568289,http://h-da.de/ml-ontology/sentiment_analysis,sentiment analysis,0.45236051082611084,1
10.1145/3570991.3570998,http://h-da.de/ml-ontology/feature_selection,feature selection,0.4684273600578308,1
10.1145/3570991.3571010,http://h-da.de/ml-ontology/translation,translation,0.42549246549606323,1
10.1145/3571306.3571444,http://h-da.de/ml-ontology/tabular_classification,tabular classification,0.44341784715652466,1
10.1145/3573428.3573503,http://h-da.de/ml-ontology/feature_extraction,feature extraction,0.39639168977737427,1
10.1145/3578245.3585335,http://h-da.de/ml-ontology/anomaly_detection,anomaly detection,0.4768267273902893,1
10.1145/3580305.3599880,http://h-da.de/ml-ontology/feature_extraction,feature extraction,0.4912395477294922,1
10.1145/3581784.3607076,http://h-da.de/ml-ontology/anomaly_detection,anomaly detection,0.5486600399017334,1
10.1145/3589883.3589890,http://h-da.de/ml-ontology/regression,regression,0.412470281124115,1
10.1145/3589883.3589897,http://h-da.de/ml-ontology/link_prediction,link prediction,0.40483349561691284,1
10.1145/3590837.3590893,http://h-da.de/ml-ontology/anomaly_detection,anomaly detection,0.4643784165382385,1
10.1145/3594441.3594478,http://h-da.de/ml-ontology/binary_classification,binary classification,0.4230179488658905,1
10.1145/3605098.3635962,http://h-da.de/ml-ontology/binary_classification,binary classification,0.44213682413101196,1
10.1145/3605390.3610834,http://h-da.de/ml-ontology/feature_extraction,feature extraction,0.4295763671398163,1
10.1145/3605423.3605449,http://h-da.de/ml-ontology/image_classification,image classification,0.4741196930408478,1
10.1145/3610548.3618235,http://h-da.de/ml-ontology/image_segmentation,image segmentation,0.35127466917037964,1
10.1145/3624062.3626083,http://h-da.de/ml-ontology/feature_extraction,feature extraction,0.3513014316558838,1
10.1145/3638530.3654428,http://h-da.de/ml-ontology/feature_extraction,feature extraction,0.3951783776283264,1
10.1145/3638584.3638630,http://h-da.de/ml-ontology/image_regression,image regression,0.4137718975543976,1
10.1145/3647444.3647833,http://h-da.de/ml-ontology/regression,regression,0.3854711055755615,1
10.1145/3647444.3647928,http://h-da.de/ml-ontology/anomaly_detection,anomaly detection,0.609329104423523,1
10.1145/3647444.3652471,http://h-da.de/ml-ontology/feature_extraction,feature extraction,0.38327646255493164,1
10.1145/3652037.3652049,http://h-da.de/ml-ontology/time_series_classification,time series classification,0.4815753698348999,1
10.1145/3664647.3680919,http://h-da.de/ml-ontology/anomaly_detection,anomaly detection,0.3936033546924591,1
10.1145/3670414,http://h-da.de/ml-ontology/anomaly_detection,anomaly detection,0.4059884548187256,1
10.1145/3674029.3674038,http://h-da.de/ml-ontology/anomaly_detection,anomaly detection,0.5380995273590088,1
10.1145/3674558.3674569,http://h-da.de/ml-ontology/image_classification,image classification,0.40124619007110596,1
10.1145/3675417.3675500,http://h-da.de/ml-ontology/recommendation,recommendation,0.3892911374568939,1
10.1145/3677182.3677297,http://h-da.de/ml-ontology/image_classification,image classification,0.4599188566207886,1
10.1145/3686397.3686422,http://h-da.de/ml-ontology/binary_classification,binary classification,0.3606087565422058,1
10.1145/3686490.3686500,http://h-da.de/ml-ontology/feature_extraction,feature extraction,0.41544491052627563,1
10.1145/3688671.3688740,http://h-da.de/ml-ontology/image_regression,image regression,0.3625795841217041,1
10.1145/3689236.3691500,http://h-da.de/ml-ontology/feature_extraction,feature extraction,0.3692261576652527,1
10.1145/3689930.3695211,http://h-da.de/ml-ontology/anomaly_detection,anomaly detection,0.5827831029891968,1
10.1145/3696500.3696555,http://h-da.de/ml-ontology/classification,classification,0.4349956512451172,1
10.1145/3696687.3696702,http://h-da.de/ml-ontology/image_classification,image classification,0.40670543909072876,1
10.1145/3698300.3698302,http://h-da.de/ml-ontology/feature_extraction,feature extraction,0.386626660823822,1
10.1145/3701551.3703571,http://h-da.de/ml-ontology/link_prediction,link prediction,0.4215683937072754,1
10.1145/3701716.3719637,http://h-da.de/ml-ontology/time_series_classification,time series classification,0.48611584305763245,1
10.1145/3705618.3705625,http://h-da.de/ml-ontology/association_rule_learning,association rule learning,0.3792227506637573,1
10.1145/3718491.3718674,http://h-da.de/ml-ontology/regression,regression,0.3932778835296631,1
10.1145/3719384.3719387,http://h-da.de/ml-ontology/binary_classification,binary classification,0.44166815280914307,1
10.1145/3724154.3724206,http://h-da.de/ml-ontology/regression,regression,0.3592766523361206,1
10.1145/3758093,http://h-da.de/ml-ontology/translation,translation,0.3928232789039612,1
10.1145/3759928.3759969,http://h-da.de/ml-ontology/feature_extraction,feature extraction,0.38191890716552734,1
10.1149/06001.1179ecst,http://h-da.de/ml-ontology/image_classification,image classification,0.37542498111724854,1
10.1149/10701.14729ecst,http://h-da.de/ml-ontology/feature_extraction,feature extraction,0.4303475618362427,1
10.1155/2015/850153,http://h-da.de/ml-ontology/association_rule_learning,association rule learning,0.36836814880371094,1
10.1155/2016/2041467,http://h-da.de/ml-ontology/time_series_classification,time series classification,0.4135271906852722,1
10.1155/2018/5795037,http://h-da.de/ml-ontology/binary_classification,binary classification,0.3746190369129181,1
10.1155/2018/8061514,http://h-da.de/ml-ontology/binary_classification,binary classification,0.42425909638404846,1
10.1155/2019/2716975,http://h-da.de/ml-ontology/image_classification,image classification,0.4607933759689331,1
10.1155/2020/6873891,http://h-da.de/ml-ontology/feature_selection,feature selection,0.42799267172813416,1
10.1155/2020/8349349,http://h-da.de/ml-ontology/audio_regression,audio regression,0.41163092851638794,1
10.1155/2020/8873137,http://h-da.de/ml-ontology/feature_extraction,feature extraction,0.3927741050720215,1
10.1155/2021/1936764,http://h-da.de/ml-ontology/binary_classification,binary classification,0.37641018629074097,1
10.1155/2021/5558623,http://h-da.de/ml-ontology/feature_extraction,feature extraction,0.4163891077041626,1
10.1155/2021/6315010,http://h-da.de/ml-ontology/time_series_classification,time series classification,0.3612986207008362,1
10.1155/2021/6515846,http://h-da.de/ml-ontology/feature_extraction,feature extraction,0.417132705450058,1
10.1155/2021/6641395,http://h-da.de/ml-ontology/feature_extraction,feature extraction,0.4032054841518402,1
10.1155/2021/6693617,http://h-da.de/ml-ontology/action_recognition,action recognition,0.42363032698631287,1
10.1155/2021/6777488,http://h-da.de/ml-ontology/time_series_forecasting,time series forecasting,0.4154754877090454,1
10.1155/2021/9441649,http://h-da.de/ml-ontology/feature_extraction,feature extraction,0.3812072277069092,1
10.1155/2022/1440538,http://h-da.de/ml-ontology/anomaly_detection,anomaly detection,0.36976855993270874,1
10.1155/2022/1558381,http://h-da.de/ml-ontology/anomaly_detection,anomaly detection,0.4557272791862488,1
10.1155/2022/1904158,http://h-da.de/ml-ontology/classification,classification,0.39446353912353516,1
10.1155/2022/1949061,http://h-da.de/ml-ontology/feature_extraction,feature extraction,0.3952394127845764,1
10.1155/2022/2062944,http://h-da.de/ml-ontology/tabular_classification,tabular classification,0.4149276316165924,1
10.1155/2022/2658211,http://h-da.de/ml-ontology/regression,regression,0.41050130128860474,1
10.1155/2022/3205960,http://h-da.de/ml-ontology/feature_extraction,feature extraction,0.39445358514785767,1
10.1155/2022/3222979,http://h-da.de/ml-ontology/feature_extraction,feature extraction,0.411798357963562,1
10.1155/2022/3234375,http://h-da.de/ml-ontology/recommendation,recommendation,0.44246816635131836,1
10.1155/2022/5067346,http://h-da.de/ml-ontology/action_recognition,action recognition,0.4279117286205292,1
10.1155/2022/5442304,http://h-da.de/ml-ontology/regression,regression,0.3763391971588135,1
10.1155/2022/5586737,http://h-da.de/ml-ontology/regression,regression,0.35583287477493286,1
10.1155/2022/6032255,http://h-da.de/ml-ontology/translation,translation,0.47210097312927246,1
10.1155/2022/6293985,http://h-da.de/ml-ontology/feature_selection,feature selection,0.40258359909057617,1
10.1155/2022/7256584,http://h-da.de/ml-ontology/feature_extraction,feature extraction,0.3640587329864502,1
10.1155/2022/7958932,http://h-da.de/ml-ontology/recommendation,recommendation,0.38316935300827026,1
10.1155/2022/8330144,http://h-da.de/ml-ontology/regression,regression,0.37496691942214966,1
10.1155/2022/9024165,http://h-da.de/ml-ontology/feature_extraction,feature extraction,0.36810991168022156,1
10.1155/2022/9160031,http://h-da.de/ml-ontology/feature_extraction,feature extraction,0.3830735683441162,1
10.1155/2022/9289320,http://h-da.de/ml-ontology/regression,regression,0.4059922695159912,1
10.1155/2022/9509167,http://h-da.de/ml-ontology/time_series_forecasting,time series forecasting,0.3688122630119324,1
10.1155/2022/9930176,http://h-da.de/ml-ontology/feature_extraction,feature extraction,0.5406610369682312,1
10.1155/2023/3954368,http://h-da.de/ml-ontology/tabular_classification,tabular classification,0.36491531133651733,1
10.1155/2023/5467956,http://h-da.de/ml-ontology/feature_extraction,feature extraction,0.37153252959251404,1
10.1155/2023/6665534,http://h-da.de/ml-ontology/audio_regression,audio regression,0.3815869688987732,1
10.1155/2023/7844835,http://h-da.de/ml-ontology/feature_extraction,feature extraction,0.36004531383514404,1
10.1155/2023/9991029,http://h-da.de/ml-ontology/action_recognition,action recognition,0.3743633031845093,1
10.1155/2024/4853773,http://h-da.de/ml-ontology/feature_extraction,feature extraction,0.40981847047805786,1
10.1155/acis/9961816,http://h-da.de/ml-ontology/tabular_regression,tabular regression,0.37013399600982666,1
10.1155/gfl/9802201,http://h-da.de/ml-ontology/feature_extraction,feature extraction,0.36729300022125244,1
10.1155/stc/8852297,http://h-da.de/ml-ontology/feature_extraction,feature extraction,0.46087196469306946,1
10.1155/vib/7434412,http://h-da.de/ml-ontology/feature_extraction,feature extraction,0.4266666769981384,1
10.11591/eei.v11i5.3664,http://h-da.de/ml-ontology/image_regression,image regression,0.36659732460975647,1
10.11591/eei.v14i2.9343,http://h-da.de/ml-ontology/clustering,clustering,0.445989191532135,1
10.11591/eei.v14i3.8901,http://h-da.de/ml-ontology/image_classification,image classification,0.36286431550979614,1
10.11591/ijai.v13.i1.pp850-862,http://h-da.de/ml-ontology/feature_extraction,feature extraction,0.404266357421875,1
10.11591/ijai.v13.i3.pp2946-2955,http://h-da.de/ml-ontology/binary_classification,binary classification,0.36221224069595337,1
10.11591/ijai.v14.i1.pp270-285,http://h-da.de/ml-ontology/tabular_classification,tabular classification,0.44038230180740356,1
10.11591/ijape.v13.i3.pp645-652,http://h-da.de/ml-ontology/regression,regression,0.39434051513671875,1
10.11591/ijece.v10i1.pp538-548,http://h-da.de/ml-ontology/feature_extraction,feature extraction,0.4478491246700287,1
10.11591/ijece.v12i6.pp6602-6613,http://h-da.de/ml-ontology/image_classification,image classification,0.4033704996109009,1
10.11591/ijece.v14i2.pp2191-2201,http://h-da.de/ml-ontology/image_classification,image classification,0.43974238634109497,1
10.11591/ijece.v14i6.pp6827-6837,http://h-da.de/ml-ontology/feature_extraction,feature extraction,0.4452762007713318,1
10.11591/ijece.v14i6.pp7211-7223,http://h-da.de/ml-ontology/binary_classification,binary classification,0.4178335666656494,1
10.11591/ijece.v8i1.pp497-504,http://h-da.de/ml-ontology/regression,regression,0.4059004783630371,1
10.11591/ijeecs.v20.i1.pp430-436,http://h-da.de/ml-ontology/binary_classification,binary classification,0.46676766872406006,1
10.11591/ijeecs.v20.i3.pp1278-1288,http://h-da.de/ml-ontology/image_classification,image classification,0.38882315158843994,1
10.11591/ijeecs.v25.i2.pp1047-1058,http://h-da.de/ml-ontology/time_series_forecasting,time series forecasting,0.4295814335346222,1
10.11591/ijeecs.v30.i1.pp174-182,http://h-da.de/ml-ontology/association_rule_learning,association rule learning,0.4779178202152252,1
10.11591/ijeecs.v31.i2.pp734-746,http://h-da.de/ml-ontology/feature_extraction,feature extraction,0.4802320599555969,1
10.11591/ijeecs.v35.i2.pp1139-1150,http://h-da.de/ml-ontology/regression,regression,0.48447465896606445,1
10.11591/ijeecs.v37.i2.pp1376-1386,http://h-da.de/ml-ontology/regression,regression,0.42486250400543213,1
10.11591/ijpeds.v15.i3.pp1934-1941,http://h-da.de/ml-ontology/regression,regression,0.38560327887535095,1
10.11698/PED.2020.02.16,http://h-da.de/ml-ontology/feature_extraction,feature extraction,0.36804723739624023,1
10.1172/JCI133821,http://h-da.de/ml-ontology/image_classification,image classification,0.3524109125137329,1
10.1177/0020294020932347,http://h-da.de/ml-ontology/feature_extraction,feature extraction,0.3687320649623871,1
10.1177/00202940211003938,http://h-da.de/ml-ontology/image_classification,image classification,0.3861028552055359,1
10.1177/00202940221092040,http://h-da.de/ml-ontology/feature_extraction,feature extraction,0.45079493522644043,1
10.1177/00202940231214868,http://h-da.de/ml-ontology/feature_extraction,feature extraction,0.3645373284816742,1
10.1177/00219983241289494,http://h-da.de/ml-ontology/feature_extraction,feature extraction,0.36134272813796997,1
10.1177/00368504221148842,http://h-da.de/ml-ontology/tabular_regression,tabular regression,0.36582502722740173,1
10.1177/00405175211044794,http://h-da.de/ml-ontology/image_classification,image classification,0.4225640892982483,1
10.1177/00405175221145571,http://h-da.de/ml-ontology/image_classification,image classification,0.4784270226955414,1
10.1177/00405175241239345,http://h-da.de/ml-ontology/image_classification,image classification,0.36714574694633484,1
10.1177/0142331219898937,http://h-da.de/ml-ontology/feature_extraction,feature extraction,0.5082394480705261,1
10.1177/01423312211038288,http://h-da.de/ml-ontology/feature_extraction,feature extraction,0.3914477825164795,1
10.1177/01423312231191569,http://h-da.de/ml-ontology/time_series_classification,time series classification,0.39636892080307007,1
10.1177/01445987251318353,http://h-da.de/ml-ontology/tabular_regression,tabular regression,0.38924264907836914,1
10.1177/02670836241308470,http://h-da.de/ml-ontology/image_classification,image classification,0.390678733587265,1
10.1177/03611981211064893,http://h-da.de/ml-ontology/feature_extraction,feature extraction,0.389398992061615,1
10.1177/03611981221100521,http://h-da.de/ml-ontology/regression,regression,0.38599517941474915,1
10.1177/03611981251324209,http://h-da.de/ml-ontology/tabular_regression,tabular regression,0.38373881578445435,1
10.1177/0734242X241237184,http://h-da.de/ml-ontology/image_regression,image regression,0.39767664670944214,1
10.1177/09287329241301665,http://h-da.de/ml-ontology/binary_classification,binary classification,0.44222843647003174,1
10.1177/0954405419840556,http://h-da.de/ml-ontology/feature_extraction,feature extraction,0.45594164729118347,1
10.1177/0954405419855224,http://h-da.de/ml-ontology/feature_extraction,feature extraction,0.44997692108154297,1
10.1177/0954405420958842,http://h-da.de/ml-ontology/binary_classification,binary classification,0.4577319025993347,1
10.1177/0954405420960892,http://h-da.de/ml-ontology/feature_extraction,feature extraction,0.44355952739715576,1
10.1177/09544054221136510,http://h-da.de/ml-ontology/image_regression,image regression,0.414793461561203,1
10.1177/09544054231209782,http://h-da.de/ml-ontology/image_classification,image classification,0.4429585337638855,1
10.1177/09544054241289514,http://h-da.de/ml-ontology/tabular_classification,tabular classification,0.35745614767074585,1
10.1177/09544054241302666,http://h-da.de/ml-ontology/feature_extraction,feature extraction,0.4130278527736664,1
10.1177/09544054251350507,http://h-da.de/ml-ontology/tabular_classification,tabular classification,0.49354416131973267,1
10.1177/09544054251378187,http://h-da.de/ml-ontology/feature_extraction,feature extraction,0.38323739171028137,1
10.1177/0954406215621585,http://h-da.de/ml-ontology/feature_extraction,feature extraction,0.4119596779346466,1
10.1177/0954406219888544,http://h-da.de/ml-ontology/audio_regression,audio regression,0.4065091013908386,1
10.1177/0954406220976154,http://h-da.de/ml-ontology/time_series_classification,time series classification,0.4253634214401245,1
10.1177/09544062241283330,http://h-da.de/ml-ontology/image_regression,image regression,0.35173749923706055,1
10.1177/09544062241288948,http://h-da.de/ml-ontology/image_regression,image regression,0.35975658893585205,1
10.1177/09544062241296596,http://h-da.de/ml-ontology/image_classification,image classification,0.4070519208908081,1
10.1177/09544089241304236,http://h-da.de/ml-ontology/tabular_regression,tabular regression,0.3803342282772064,1
10.1177/09544097221084419,http://h-da.de/ml-ontology/time_series_classification,time series classification,0.36580657958984375,1
10.1177/09544097231193186,http://h-da.de/ml-ontology/audio_regression,audio regression,0.37222790718078613,1
10.1177/09574565251390935,http://h-da.de/ml-ontology/time_series_classification,time series classification,0.47848594188690186,1
10.1177/09721509241234033,http://h-da.de/ml-ontology/regression,regression,0.3863847851753235,1
10.1177/1063293X241307456,http://h-da.de/ml-ontology/feature_extraction,feature extraction,0.383573442697525,1
10.1177/10775463241254252,http://h-da.de/ml-ontology/time_series_classification,time series classification,0.44557124376296997,1
10.1177/10775463241273080,http://h-da.de/ml-ontology/time_series_classification,time series classification,0.37477046251296997,1
10.1177/10775463251366352,http://h-da.de/ml-ontology/time_series_classification,time series classification,0.48378562927246094,1
10.1177/13272314241295963,http://h-da.de/ml-ontology/image_regression,image regression,0.3723049759864807,1
10.1177/14485869251362065,http://h-da.de/ml-ontology/binary_classification,binary classification,0.4432687759399414,1
10.1177/14613484241287620,http://h-da.de/ml-ontology/time_series_analysis,time series analysis,0.5451548099517822,1
10.1177/1475921719878259,http://h-da.de/ml-ontology/audio_classification,audio classification,0.41904497146606445,1
10.1177/1475921720933155,http://h-da.de/ml-ontology/time_series_classification,time series classification,0.4445197880268097,1
10.1177/14759217231202544,http://h-da.de/ml-ontology/audio_regression,audio regression,0.353302538394928,1
10.1177/14759217241252046,http://h-da.de/ml-ontology/time_series_classification,time series classification,0.438268780708313,1
10.1177/14759217241282876,http://h-da.de/ml-ontology/audio_regression,audio regression,0.39807942509651184,1
10.1177/14759217251324110,http://h-da.de/ml-ontology/feature_extraction,feature extraction,0.3551401197910309,1
10.1177/14759217251342195,http://h-da.de/ml-ontology/time_series_classification,time series classification,0.37419432401657104,1
10.1177/14780771251352964,http://h-da.de/ml-ontology/image_segmentation,image segmentation,0.40997010469436646,1
10.1177/15589250241267000,http://h-da.de/ml-ontology/audio_regression,audio regression,0.36043107509613037,1
10.1177/16878132231218586,http://h-da.de/ml-ontology/image_classification,image classification,0.4753662347793579,1
10.1177/16878132241229314,http://h-da.de/ml-ontology/feature_extraction,feature extraction,0.46238112449645996,1
10.1177/16878132241239802,http://h-da.de/ml-ontology/regression,regression,0.37616223096847534,1
10.1177/16878132241275750,http://h-da.de/ml-ontology/image_classification,image classification,0.4176248610019684,1
10.1177/16878132251348366,http://h-da.de/ml-ontology/feature_extraction,feature extraction,0.4285520613193512,1
10.1177/16878132251384345,http://h-da.de/ml-ontology/time_series_forecasting,time series forecasting,0.43937474489212036,1
10.1177/16878132251384493,http://h-da.de/ml-ontology/time_series_classification,time series classification,0.441301554441452,1
10.1177/1687814018755519,http://h-da.de/ml-ontology/binary_classification,binary classification,0.5363450050354004,1
10.1177/1687814018817184,http://h-da.de/ml-ontology/feature_extraction,feature extraction,0.4175417423248291,1
10.1177/16878140211009015,http://h-da.de/ml-ontology/time_series_classification,time series classification,0.45429515838623047,1
10.1177/1729881416664901,http://h-da.de/ml-ontology/image_classification,image classification,0.5668705701828003,1
10.1177/1729881417738884,http://h-da.de/ml-ontology/image_classification,image classification,0.36686182022094727,1
10.1177/1748006X221119301,http://h-da.de/ml-ontology/time_series_classification,time series classification,0.3509133458137512,1
10.1177/1748006X251331681,http://h-da.de/ml-ontology/binary_classification,binary classification,0.39936691522598267,1
10.1177/17568293221150171,http://h-da.de/ml-ontology/audio_regression,audio regression,0.3864023983478546,1
10.1177/18479790251375827,http://h-da.de/ml-ontology/sentiment_analysis,sentiment analysis,0.376640647649765,1
10.1177/20414196231184581,http://h-da.de/ml-ontology/audio_regression,audio regression,0.3839551508426666,1
10.1177/21582440241257800,http://h-da.de/ml-ontology/regression,regression,0.3658141493797302,1
10.1177/21582440241262695,http://h-da.de/ml-ontology/regression,regression,0.4649718999862671,1
10.1177/23998083241312948,http://h-da.de/ml-ontology/named_entity_recognition,named entity recognition,0.41619133949279785,1
10.1177/25726668241243265,http://h-da.de/ml-ontology/image_classification,image classification,0.4761638641357422,1
10.1177/25726668251348707,http://h-da.de/ml-ontology/regression,regression,0.3724634647369385,1
10.1177/25726668251348708,http://h-da.de/ml-ontology/feature_extraction,feature extraction,0.3866023123264313,1
10.11834/jig.200244,http://h-da.de/ml-ontology/image_classification,image classification,0.363325834274292,1
10.11834/jig.230518,http://h-da.de/ml-ontology/image_classification,image classification,0.513411283493042,1
10.11834/jig.240053,http://h-da.de/ml-ontology/image_classification,image classification,0.4645223021507263,1
10.11834/jrs.20219432,http://h-da.de/ml-ontology/feature_extraction,feature extraction,0.41867247223854065,1
10.11834/jrs.20243509,http://h-da.de/ml-ontology/feature_extraction,feature extraction,0.36155280470848083,1
10.1186/s10086-022-02029-2,http://h-da.de/ml-ontology/association_rule_learning,association rule learning,0.3690018355846405,1
10.1186/s12302-024-01028-y,http://h-da.de/ml-ontology/regression,regression,0.4408888518810272,1
10.1186/s12859-017-1769-7,http://h-da.de/ml-ontology/tabular_regression,tabular regression,0.35834580659866333,1
10.1186/s12864-020-07238-x,http://h-da.de/ml-ontology/link_prediction,link prediction,0.43676549196243286,1
10.1186/s12864-025-12009-7,http://h-da.de/ml-ontology/feature_extraction,feature extraction,0.3807023763656616,1
10.1186/s12896-023-00816-3,http://h-da.de/ml-ontology/feature_extraction,feature extraction,0.40059149265289307,1
10.1186/s12911-024-02814-7,http://h-da.de/ml-ontology/binary_classification,binary classification,0.4050389230251312,1
10.1186/s13326-019-0210-8,http://h-da.de/ml-ontology/feature_extraction,feature extraction,0.4032719135284424,1
10.1186/s13567-023-01197-3,http://h-da.de/ml-ontology/time_series_analysis,time series analysis,0.43445995450019836,1
10.1186/s13634-023-01025-y,http://h-da.de/ml-ontology/image_classification,image classification,0.3562934994697571,1
10.1186/s13640-024-00650-3,http://h-da.de/ml-ontology/feature_reduction,feature reduction,0.37653636932373047,1
10.1186/s40069-024-00703-x,http://h-da.de/ml-ontology/image_regression,image regression,0.4161626696586609,1
10.1186/s40537-020-00367-w,http://h-da.de/ml-ontology/feature_extraction,feature extraction,0.44727814197540283,1
10.1186/s40537-022-00612-4,http://h-da.de/ml-ontology/association_rule_learning,association rule learning,0.4260966181755066,1
10.1186/s40537-022-00644-w,http://h-da.de/ml-ontology/association_rule_learning,association rule learning,0.4136142134666443,1
10.1186/s40537-023-00706-7,http://h-da.de/ml-ontology/regression,regression,0.408546507358551,1
10.1186/s40537-024-01030-4,http://h-da.de/ml-ontology/binary_classification,binary classification,0.400341659784317,1
10.1186/s40644-025-00849-1,http://h-da.de/ml-ontology/feature_extraction,feature extraction,0.36272507905960083,1
10.1186/s40712-024-00146-y,http://h-da.de/ml-ontology/image_classification,image classification,0.4204586148262024,1
10.1186/s42162-022-00237-0,http://h-da.de/ml-ontology/clustering,clustering,0.38102471828460693,1
10.1186/s42162-024-00304-8,http://h-da.de/ml-ontology/time_series_classification,time series classification,0.43154072761535645,1
10.1186/s42162-024-00459-4,http://h-da.de/ml-ontology/time_series_forecasting,time series forecasting,0.36415743827819824,1
10.1186/s42162-025-00565-x,http://h-da.de/ml-ontology/anomaly_detection,anomaly detection,0.440305233001709,1
10.1186/s42400-023-00195-4,http://h-da.de/ml-ontology/anomaly_detection,anomaly detection,0.3519700765609741,1
10.1186/s42825-022-00080-9,http://h-da.de/ml-ontology/image_classification,image classification,0.45452696084976196,1
10.1186/s43065-021-00021-6,http://h-da.de/ml-ontology/feature_extraction,feature extraction,0.4138934910297394,1
10.1186/s43088-022-00327-8,http://h-da.de/ml-ontology/feature_extraction,feature extraction,0.3891987204551697,1
10.1186/s43251-020-00006-7,http://h-da.de/ml-ontology/audio_classification,audio classification,0.39715537428855896,1
10.1186/s44147-024-00530-7,http://h-da.de/ml-ontology/feature_extraction,feature extraction,0.4193931519985199,1
10.11885/j.issn.1674-5086.2020.05.29.02,http://h-da.de/ml-ontology/association_rule_learning,association rule learning,0.37073278427124023,1
10.1190/INT-2024-0125.1,http://h-da.de/ml-ontology/feature_extraction,feature extraction,0.45504921674728394,1
10.1190/geo2023-0403.1,http://h-da.de/ml-ontology/feature_extraction,feature extraction,0.3736071288585663,1
10.1190/iceg2023-050.1,http://h-da.de/ml-ontology/feature_extraction,feature extraction,0.3703022599220276,1
10.11933/j.issn.1007-9289.20221008001,http://h-da.de/ml-ontology/image_classification,image classification,0.5062754154205322,1
10.11936/bjutxb2023040013,http://h-da.de/ml-ontology/association_rule_learning,association rule learning,0.3819897770881653,1
10.11947/j.AGCS.2015.F048,http://h-da.de/ml-ontology/clustering,clustering,0.40149378776550293,1
10.11949/0438-1157.20221216,http://h-da.de/ml-ontology/feature_extraction,feature extraction,0.4758865237236023,1
10.11949/0438-1157.20230508,http://h-da.de/ml-ontology/binary_classification,binary classification,0.38335561752319336,1
10.11949/j.issn.0438-1157.20181355,http://h-da.de/ml-ontology/feature_extraction,feature extraction,0.48765671253204346,1
10.11975/j.issn.1002-6819.2019.11.036,http://h-da.de/ml-ontology/image_classification,image classification,0.3779033422470093,1
10.11975/j.issn.1002-6819.2021.21.025,http://h-da.de/ml-ontology/object_detection,object detection,0.43663787841796875,1
10.11975/j.issn.1002-6819.2022.06.019,http://h-da.de/ml-ontology/feature_extraction,feature extraction,0.3758072257041931,1
10.11975/j.issn.1002-6819.202406135,http://h-da.de/ml-ontology/feature_selection,feature selection,0.4079206585884094,1
10.11999/JEIT211434,http://h-da.de/ml-ontology/image_classification,image classification,0.4308977723121643,1
10.1201/9781003119838,http://h-da.de/ml-ontology/feature_extraction,feature extraction,0.44772234559059143,1
10.1201/9781003146711-12,http://h-da.de/ml-ontology/feature_extraction,feature extraction,0.44056445360183716,1
10.1201/9781003186823-9,http://h-da.de/ml-ontology/feature_extraction,feature extraction,0.3692200779914856,1
10.1201/9781003202776-3,http://h-da.de/ml-ontology/feature_extraction,feature extraction,0.39383333921432495,1
10.1201/9781003202776-4,http://h-da.de/ml-ontology/time_series_classification,time series classification,0.4756087064743042,1
10.1201/9781003202776-7,http://h-da.de/ml-ontology/feature_extraction,feature extraction,0.40221643447875977,1
10.1201/9781003202776-9,http://h-da.de/ml-ontology/association_rule_learning,association rule learning,0.41667425632476807,1
10.1201/9781003248750-4,http://h-da.de/ml-ontology/feature_extraction,feature extraction,0.4284653663635254,1
10.1201/9781003301820-12,http://h-da.de/ml-ontology/feature_extraction,feature extraction,0.3502308130264282,1
10.1201/9781003316435-8,http://h-da.de/ml-ontology/feature_extraction,feature extraction,0.3516130745410919,1
10.1201/9781003326830-13,http://h-da.de/ml-ontology/anomaly_detection,anomaly detection,0.49410516023635864,1
10.1201/9781003340621,http://h-da.de/ml-ontology/binary_classification,binary classification,0.3950875401496887,1
10.1201/9781003388449-1,http://h-da.de/ml-ontology/feature_extraction,feature extraction,0.4505268633365631,1
10.1201/9781003393580-27,http://h-da.de/ml-ontology/regression,regression,0.46163153648376465,1
10.1201/9781003400103,http://h-da.de/ml-ontology/feature_extraction,feature extraction,0.3877183794975281,1
10.1201/9781003406105-14,http://h-da.de/ml-ontology/time_series_classification,time series classification,0.40400388836860657,1
10.1201/9781003407959,http://h-da.de/ml-ontology/feature_extraction,feature extraction,0.39773643016815186,1
10.1201/9781003422440-7,http://h-da.de/ml-ontology/feature_extraction,feature extraction,0.40870702266693115,1
10.1201/9781003426974-8,http://h-da.de/ml-ontology/feature_extraction,feature extraction,0.3586519956588745,1
10.1201/9781003433309-2,http://h-da.de/ml-ontology/feature_extraction,feature extraction,0.517917275428772,1
10.1201/9781003435228-24,http://h-da.de/ml-ontology/feature_extraction,feature extraction,0.3663550317287445,1
10.1201/9781003473633-1,http://h-da.de/ml-ontology/binary_classification,binary classification,0.3755367696285248,1
10.1201/9781003473886-4,http://h-da.de/ml-ontology/tabular_classification,tabular classification,0.4394117295742035,1
10.1201/9781003474036-14,http://h-da.de/ml-ontology/feature_extraction,feature extraction,0.4366052746772766,1
10.1201/9781003480822-6,http://h-da.de/ml-ontology/feature_extraction,feature extraction,0.41973793506622314,1
10.1201/9781003480860-2,http://h-da.de/ml-ontology/feature_extraction,feature extraction,0.39569008350372314,1
10.1201/9781003480860-3,http://h-da.de/ml-ontology/feature_extraction,feature extraction,0.45344510674476624,1
10.1201/9781003480860-5,http://h-da.de/ml-ontology/feature_extraction,feature extraction,0.414456307888031,1
10.1201/9781003480860-6,http://h-da.de/ml-ontology/feature_extraction,feature extraction,0.4151117205619812,1
10.1201/9781003495437-24,http://h-da.de/ml-ontology/binary_classification,binary classification,0.36747682094573975,1
10.1201/9781003496724-23,http://h-da.de/ml-ontology/regression,regression,0.36327064037323,1
10.1201/9781003498117-10,http://h-da.de/ml-ontology/feature_extraction,feature extraction,0.3679053783416748,1
10.1201/9781003500865-4,http://h-da.de/ml-ontology/feature_extraction,feature extraction,0.5007237792015076,1
10.1201/9781003503934,http://h-da.de/ml-ontology/feature_extraction,feature extraction,0.3663104474544525,1
10.1201/9781003509943-13,http://h-da.de/ml-ontology/feature_extraction,feature extraction,0.382304310798645,1
10.1201/9781003517993,http://h-da.de/ml-ontology/feature_extraction,feature extraction,0.39178037643432617,1
10.1201/9781003532699-3,http://h-da.de/ml-ontology/image_classification,image classification,0.5797854661941528,1
10.1201/9781003534761,http://h-da.de/ml-ontology/feature_extraction,feature extraction,0.4211122989654541,1
10.1201/9781003542506-8,http://h-da.de/ml-ontology/regression,regression,0.4665353298187256,1
10.1201/9781003559993-6,http://h-da.de/ml-ontology/feature_extraction,feature extraction,0.3819441497325897,1
10.1201/9781003564874-5,http://h-da.de/ml-ontology/feature_extraction,feature extraction,0.38541412353515625,1
10.1201/9781003589716-3,http://h-da.de/ml-ontology/feature_extraction,feature extraction,0.3679206967353821,1
10.1201/9781003596721-14,http://h-da.de/ml-ontology/time_series_analysis,time series analysis,0.40683814883232117,1
10.1201/9781003596721-75,http://h-da.de/ml-ontology/regression,regression,0.44937705993652344,1
10.1201/9781003606208-95,http://h-da.de/ml-ontology/binary_classification,binary classification,0.43764811754226685,1
10.1201/9781003606659-155,http://h-da.de/ml-ontology/feature_extraction,feature extraction,0.38943231105804443,1
10.1201/9781003610717-25,http://h-da.de/ml-ontology/feature_extraction,feature extraction,0.3826606869697571,1
10.1201/9781003628392-12,http://h-da.de/ml-ontology/regression,regression,0.4709000587463379,1
10.1201/9781003650010-144,http://h-da.de/ml-ontology/feature_extraction,feature extraction,0.35349175333976746,1
10.1201/9781032664828-11,http://h-da.de/ml-ontology/time_series_forecasting,time series forecasting,0.3797309398651123,1
10.1201/9781032699806,http://h-da.de/ml-ontology/association_rule_learning,association rule learning,0.379327654838562,1
10.1201/9781032711300-22,http://h-da.de/ml-ontology/binary_classification,binary classification,0.46213531494140625,1
10.1201/9781032711515-12,http://h-da.de/ml-ontology/feature_extraction,feature extraction,0.36651456356048584,1
10.1201/b23013-5,http://h-da.de/ml-ontology/time_series_forecasting,time series forecasting,0.4015495181083679,1
10.12034/j.issn.1009-606X.224392,http://h-da.de/ml-ontology/feature_extraction,feature extraction,0.35298794507980347,1
10.12073/j.cw.20220517001,http://h-da.de/ml-ontology/anomaly_detection,anomaly detection,0.4957430958747864,1
10.12073/j.hjxb.20230602001,http://h-da.de/ml-ontology/image_classification,image classification,0.385771244764328,1
10.1208/s12248-022-00706-0,http://h-da.de/ml-ontology/feature_extraction,feature extraction,0.3878139853477478,1
10.1208/s12249-022-02493-5,http://h-da.de/ml-ontology/image_regression,image regression,0.38303327560424805,1
10.1208/s12249-023-02697-3,http://h-da.de/ml-ontology/image_regression,image regression,0.45860281586647034,1
10.1208/s12249-024-02970-z,http://h-da.de/ml-ontology/classification,classification,0.3913673162460327,1
10.12082/dqxxkx.2024.240057,http://h-da.de/ml-ontology/feature_extraction,feature extraction,0.3635629415512085,1
10.12118/j.issn.1000-6060.2020.04.03,http://h-da.de/ml-ontology/regression,regression,0.40855711698532104,1
10.12133/j.smartag.SA202211004,http://h-da.de/ml-ontology/feature_extraction,feature extraction,0.4131959080696106,1
10.12141/j.issn.1000-565X.210664,http://h-da.de/ml-ontology/feature_extraction,feature extraction,0.4206097722053528,1
10.12305/j.issn.1001-506X.2023.08.38,http://h-da.de/ml-ontology/regression,regression,0.35842254757881165,1
10.1234/56789,http://h-da.de/ml-ontology/regression,regression,0.41449350118637085,1
10.12438/cst.2023-1490,http://h-da.de/ml-ontology/feature_extraction,feature extraction,0.4219128489494324,1
10.12454/j.jsuese.202400014,http://h-da.de/ml-ontology/regression,regression,0.3881855607032776,1
10.12454/j.jsuese.202400072,http://h-da.de/ml-ontology/object_detection,object detection,0.41354626417160034,1
10.1252/jcej.37.691,http://h-da.de/ml-ontology/binary_classification,binary classification,0.47739630937576294,1
10.12694/scpe.v20i4.1585,http://h-da.de/ml-ontology/binary_classification,binary classification,0.38838255405426025,1
10.12732/ijam.v38i2s.73,http://h-da.de/ml-ontology/binary_classification,binary classification,0.36607158184051514,1
10.12785/ijcds/110112,http://h-da.de/ml-ontology/feature_extraction,feature extraction,0.41068345308303833,1
10.12785/ijcds/140107,http://h-da.de/ml-ontology/sentiment_analysis,sentiment analysis,0.542243242263794,1
10.12785/ijcds/157103840,http://h-da.de/ml-ontology/video_classification,video classification,0.35710442066192627,1
10.12785/ijcds/1601103,http://h-da.de/ml-ontology/regression,regression,0.42414551973342896,1
10.1287/TRSC.2022.1149,http://h-da.de/ml-ontology/clustering,clustering,0.3657456636428833,1
10.1287/ijoc.1050.0171,http://h-da.de/ml-ontology/binary_classification,binary classification,0.4125500023365021,1
10.1287/ijoc.2021.1147,http://h-da.de/ml-ontology/time_series_forecasting,time series forecasting,0.46553847193717957,1
10.1287/mksc.2015.0946,http://h-da.de/ml-ontology/recommendation,recommendation,0.4784485101699829,1
10.1287/mksc.2018.1123,http://h-da.de/ml-ontology/text_analytics,text analytics,0.46681076288223267,1
10.12913/22998624/154963,http://h-da.de/ml-ontology/image_classification,image classification,0.4371225833892822,1
10.12913/22998624/183699,http://h-da.de/ml-ontology/feature_extraction,feature extraction,0.35036760568618774,1
10.12913/22998624/196684,http://h-da.de/ml-ontology/feature_extraction,feature extraction,0.39592984318733215,1
10.12989/anr.2023.14.3.225,http://h-da.de/ml-ontology/regression,regression,0.3743113875389099,1
10.12989/gae.2023.34.1.043,http://h-da.de/ml-ontology/feature_extraction,feature extraction,0.3568451702594757,1
10.12989/sem.2018.68.6.691,http://h-da.de/ml-ontology/regression,regression,0.36209267377853394,1
10.12989/sss.2018.22.2.175,http://h-da.de/ml-ontology/time_series_classification,time series classification,0.5080267786979675,1
10.1299/jamdsm.2022jamdsm0055,http://h-da.de/ml-ontology/action_recognition,action recognition,0.4206847846508026,1
10.13031/aim.201801140,http://h-da.de/ml-ontology/regression,regression,0.4281873404979706,1
10.13031/aim.202400774,http://h-da.de/ml-ontology/image_segmentation,image segmentation,0.45485660433769226,1
10.13031/aim.202500842,http://h-da.de/ml-ontology/regression,regression,0.3607806861400604,1
10.13052/dgaej2156-3306.38313,http://h-da.de/ml-ontology/image_classification,image classification,0.37792134284973145,1
10.13052/ijfp1439-9776.2442,http://h-da.de/ml-ontology/binary_classification,binary classification,0.3784787654876709,1
10.13052/ijfp1439-9776.2611,http://h-da.de/ml-ontology/binary_classification,binary classification,0.39543330669403076,1
10.13052/rp-9788770226639,http://h-da.de/ml-ontology/binary_classification,binary classification,0.36327579617500305,1
10.13053/CyS-28-4-4913,http://h-da.de/ml-ontology/time_series_classification,time series classification,0.46778547763824463,1
10.13182/M&C21-33945,http://h-da.de/ml-ontology/anomaly_detection,anomaly detection,0.5248700380325317,1
10.13182/NPICHMIT23-41335,http://h-da.de/ml-ontology/time_series_classification,time series classification,0.5292214751243591,1
10.13182/T140-48139,http://h-da.de/ml-ontology/feature_extraction,feature extraction,0.41932350397109985,1
10.13199/j.cnki.cst.2021-0541,http://h-da.de/ml-ontology/feature_extraction,feature extraction,0.39393800497055054,1
10.13199/j.cnki.cst.2023-0446,http://h-da.de/ml-ontology/feature_extraction,feature extraction,0.3949334919452667,1
10.13227/j.hjkx.202408033,http://h-da.de/ml-ontology/feature_extraction,feature extraction,0.3514227569103241,1
10.13229/j.cnki.jdxbgxb20200751,http://h-da.de/ml-ontology/feature_extraction,feature extraction,0.3939734101295471,1
10.13278/j.cnki.jjuese.20230193,http://h-da.de/ml-ontology/feature_extraction,feature extraction,0.4239615201950073,1
10.13335/j.1000-3673.pst.2020.0121,http://h-da.de/ml-ontology/time_series_classification,time series classification,0.35585761070251465,1
10.13336/j.1003-6520.hve.20190130001,http://h-da.de/ml-ontology/association_rule_learning,association rule learning,0.39145827293395996,1
10.13373/j.cnki.cjrm.XY20100007,http://h-da.de/ml-ontology/feature_extraction,feature extraction,0.38465219736099243,1
10.13373/j.cnki.cjrm.XY21060016,http://h-da.de/ml-ontology/feature_extraction,feature extraction,0.4162788987159729,1
10.13374/j.issn2095-9389.2019.10.10.005,http://h-da.de/ml-ontology/feature_extraction,feature extraction,0.3795521855354309,1
10.13374/j.issn2095-9389.2021.05.08.002,http://h-da.de/ml-ontology/feature_extraction,feature extraction,0.43742531538009644,1
10.13374/j.issn2095-9389.2021.12.21.006,http://h-da.de/ml-ontology/feature_extraction,feature extraction,0.37351498007774353,1
10.13374/j.issn2095-9389.2024.12.20.001,http://h-da.de/ml-ontology/community_detection,community detection,0.36472970247268677,1
10.13386/j.issn1002-0306.2023010132,http://h-da.de/ml-ontology/feature_extraction,feature extraction,0.37540972232818604,1
10.13465/j.cnki.jvs.2022.12.027,http://h-da.de/ml-ontology/audio_regression,audio regression,0.3528044521808624,1
10.13475/j.fzxb.20230601001,http://h-da.de/ml-ontology/feature_selection,feature selection,0.4608321487903595,1
10.13532/j.jmsce.cn10-1638/td.2024-1377,http://h-da.de/ml-ontology/feature_extraction,feature extraction,0.3693571090698242,1
10.1360/SST-2021-0434,http://h-da.de/ml-ontology/feature_extraction,feature extraction,0.39982396364212036,1
10.13637/j.issn.1009-6094.2022.2546,http://h-da.de/ml-ontology/regression,regression,0.3709331452846527,1
10.1364/AO.424547,http://h-da.de/ml-ontology/image_classification,image classification,0.49976444244384766,1
10.1364/AO.558661,http://h-da.de/ml-ontology/image_classification,image classification,0.42136675119400024,1
10.1364/OE.551078,http://h-da.de/ml-ontology/audio_regression,audio regression,0.39749059081077576,1
10.1364/OE.566663,http://h-da.de/ml-ontology/image_regression,image regression,0.3883829116821289,1
10.1364/OSAC.2.002683,http://h-da.de/ml-ontology/image_classification,image classification,0.4099665582180023,1
10.13652/j.issn.1003-5788.2021.04.022,http://h-da.de/ml-ontology/anomaly_detection,anomaly detection,0.4359623193740845,1
10.13700/j.bh.1001-5965.2022.0154,http://h-da.de/ml-ontology/time_series_classification,time series classification,0.35895097255706787,1
10.1371/JOURNAL.PCBI.1008566,http://h-da.de/ml-ontology/audio_regression,audio regression,0.39203500747680664,1
10.1371/journal.pcbi.1009223,http://h-da.de/ml-ontology/image_regression,image regression,0.36644208431243896,1
10.1371/journal.pone.0210441,http://h-da.de/ml-ontology/topic_modeling,topic modeling,0.357454776763916,1
10.1371/journal.pone.0220607,http://h-da.de/ml-ontology/feature_extraction,feature extraction,0.4122040867805481,1
10.1371/journal.pone.0233810,http://h-da.de/ml-ontology/feature_selection,feature selection,0.4473424553871155,1
10.1371/journal.pone.0245735,http://h-da.de/ml-ontology/image_classification,image classification,0.41628873348236084,1
10.1371/journal.pone.0246287,http://h-da.de/ml-ontology/association_rule_learning,association rule learning,0.36286163330078125,1
10.1371/journal.pone.0255507,http://h-da.de/ml-ontology/feature_extraction,feature extraction,0.4212125241756439,1
10.1371/journal.pone.0282476,http://h-da.de/ml-ontology/regression,regression,0.3806079030036926,1
10.1371/journal.pone.0285410,http://h-da.de/ml-ontology/regression,regression,0.406146764755249,1
10.1371/journal.pone.0291721,http://h-da.de/ml-ontology/link_prediction,link prediction,0.5095090866088867,1
10.1371/journal.pone.0293309,http://h-da.de/ml-ontology/text_analytics,text analytics,0.41026192903518677,1
10.1371/journal.pone.0299147,http://h-da.de/ml-ontology/feature_extraction,feature extraction,0.41242122650146484,1
10.1371/journal.pone.0301259,http://h-da.de/ml-ontology/time_series_forecasting,time series forecasting,0.35208576917648315,1
10.1371/journal.pone.0303883,http://h-da.de/ml-ontology/regression,regression,0.47719234228134155,1
10.1371/journal.pone.0304819,http://h-da.de/ml-ontology/image_classification,image classification,0.4436165690422058,1
10.1371/journal.pone.0305762,http://h-da.de/ml-ontology/regression,regression,0.41974306106567383,1
10.1371/journal.pone.0314931,http://h-da.de/ml-ontology/binary_classification,binary classification,0.44447654485702515,1
10.1371/journal.pone.0315424,http://h-da.de/ml-ontology/image_classification,image classification,0.4369969367980957,1
10.1371/journal.pone.0316136,http://h-da.de/ml-ontology/image_classification,image classification,0.36026519536972046,1
10.1371/journal.pone.0319787,http://h-da.de/ml-ontology/tabular_regression,tabular regression,0.3582956790924072,1
10.1371/journal.pone.0321660,http://h-da.de/ml-ontology/regression,regression,0.5025478005409241,1
10.1371/journal.pone.0324049,http://h-da.de/ml-ontology/regression,regression,0.37026193737983704,1
10.1371/journal.pone.0328290,http://h-da.de/ml-ontology/regression,regression,0.3522511124610901,1
10.1371/journal.pone.0329945,http://h-da.de/ml-ontology/image_classification,image classification,0.44252169132232666,1
10.1371/journal.pone.0331715,http://h-da.de/ml-ontology/tabular_regression,tabular regression,0.3932294249534607,1
10.13733/j.jcam.issn.2095-5553.2024.07.024,http://h-da.de/ml-ontology/regression,regression,0.38248199224472046,1
10.13807/j.cnki.mtt.2023.06.004,http://h-da.de/ml-ontology/regression,regression,0.38024717569351196,1
10.13925/j.cnki.gsxb.20240309,http://h-da.de/ml-ontology/object_detection,object detection,0.4309908151626587,1
10.14311/AP.2019.59.0170,http://h-da.de/ml-ontology/time_series_classification,time series classification,0.39899009466171265,1
10.14311/NNW.2019.29.008,http://h-da.de/ml-ontology/feature_extraction,feature extraction,0.3530828356742859,1
10.14313/JAMRIS/2-2022/17,http://h-da.de/ml-ontology/image_classification,image classification,0.35976913571357727,1
10.14313/JAMRIS/3-2020/37,http://h-da.de/ml-ontology/regression,regression,0.36835283041000366,1
10.14313/jamris-2-2022-17,http://h-da.de/ml-ontology/image_classification,image classification,0.35877907276153564,1
10.14419/05tz0p10,http://h-da.de/ml-ontology/binary_classification,binary classification,0.47280770540237427,1
10.14419/ijet.v7i2.28.12952,http://h-da.de/ml-ontology/binary_classification,binary classification,0.44804394245147705,1
10.14419/mhv83077,http://h-da.de/ml-ontology/sentiment_analysis,sentiment analysis,0.5390373468399048,1
10.14429/dsj.72.17533,http://h-da.de/ml-ontology/feature_extraction,feature extraction,0.374963641166687,1
10.14429/dsj.73.18650,http://h-da.de/ml-ontology/feature_extraction,feature extraction,0.3781319856643677,1
10.14445/22315381/IJETT-V70I1P217,http://h-da.de/ml-ontology/sentiment_analysis,sentiment analysis,0.6674835681915283,1
10.14445/22315381/IJETT-V71I7P212,http://h-da.de/ml-ontology/image_classification,image classification,0.3840864896774292,1
10.14445/22315381/IJETT-V71I9P234,http://h-da.de/ml-ontology/regression,regression,0.46445196866989136,1
10.14445/22315381/IJETT-V73I1P123,http://h-da.de/ml-ontology/time_series_classification,time series classification,0.4095187783241272,1
10.14445/22315381/IJETT-V73I3P134,http://h-da.de/ml-ontology/image_classification,image classification,0.4397868812084198,1
10.14445/22315381/IJETT-V73I8P108,http://h-da.de/ml-ontology/regression,regression,0.42710745334625244,1
10.14445/22315381/IJETT-V73I8P122,http://h-da.de/ml-ontology/tabular_regression,tabular regression,0.39696139097213745,1
10.14445/23488352/IJCE-V11I3P107,http://h-da.de/ml-ontology/audio_regression,audio regression,0.4079854190349579,1
10.14445/23488352/IJCE-V12I6P108,http://h-da.de/ml-ontology/feature_extraction,feature extraction,0.35026970505714417,1
10.14445/23488360/IJME-V12I7P104,http://h-da.de/ml-ontology/feature_extraction,feature extraction,0.38591164350509644,1
10.14445/23488379/IJEEE-V10I6P101,http://h-da.de/ml-ontology/binary_classification,binary classification,0.41489237546920776,1
10.14445/23488379/IJEEE-V10I8P104,http://h-da.de/ml-ontology/image_classification,image classification,0.43073299527168274,1
10.14445/23488379/IJEEE-V11I6P124,http://h-da.de/ml-ontology/binary_classification,binary classification,0.359393447637558,1
10.14445/23488379/IJEEE-V12I5P126,http://h-da.de/ml-ontology/feature_extraction,feature extraction,0.39698612689971924,1
10.14445/23488549/IJECE-V10I7P104,http://h-da.de/ml-ontology/regression,regression,0.4255480170249939,1
10.14445/23488549/IJECE-V12I5P116,http://h-da.de/ml-ontology/feature_extraction,feature extraction,0.38657721877098083,1
10.14445/23488549/IJECE-V12I6P119,http://h-da.de/ml-ontology/feature_extraction,feature extraction,0.4315512776374817,1
10.14456/easr.2023.16,http://h-da.de/ml-ontology/binary_classification,binary classification,0.44327861070632935,1
10.14483/23448393.17742,http://h-da.de/ml-ontology/binary_classification,binary classification,0.4101637899875641,1
10.14525/JJCE.v18i4.04,http://h-da.de/ml-ontology/regression,regression,0.37453651428222656,1
10.14569/IJACSA.2018.091266,http://h-da.de/ml-ontology/recommendation,recommendation,0.4446229338645935,1
10.14569/IJACSA.2020.0111225,http://h-da.de/ml-ontology/image_classification,image classification,0.45759451389312744,1
10.14569/IJACSA.2021.0120615,http://h-da.de/ml-ontology/time_series_classification,time series classification,0.45215898752212524,1
10.14569/IJACSA.2022.0130137,http://h-da.de/ml-ontology/recommendation,recommendation,0.41873782873153687,1
10.14569/IJACSA.2022.01305107,http://h-da.de/ml-ontology/anomaly_detection,anomaly detection,0.6040893793106079,1
10.14569/IJACSA.2022.0131246,http://h-da.de/ml-ontology/regression,regression,0.5306185483932495,1
10.14569/IJACSA.2023.0140270,http://h-da.de/ml-ontology/binary_classification,binary classification,0.3951686918735504,1
10.14569/IJACSA.2023.0140367,http://h-da.de/ml-ontology/tabular_classification,tabular classification,0.47506511211395264,1
10.14569/IJACSA.2024.0150315,http://h-da.de/ml-ontology/time_series_forecasting,time series forecasting,0.43708738684654236,1
10.14569/IJACSA.2024.0150474,http://h-da.de/ml-ontology/text_analytics,text analytics,0.40987059473991394,1
10.14569/IJACSA.2024.01511124,http://h-da.de/ml-ontology/binary_classification,binary classification,0.37103912234306335,1
10.14569/IJACSA.2024.0151141,http://h-da.de/ml-ontology/feature_extraction,feature extraction,0.4165723919868469,1
10.14569/IJACSA.2025.0160171,http://h-da.de/ml-ontology/time_series_forecasting,time series forecasting,0.4239214062690735,1
10.14569/IJACSA.2025.01603108,http://h-da.de/ml-ontology/feature_extraction,feature extraction,0.39619180560112,1
10.14569/IJACSA.2025.0160392,http://h-da.de/ml-ontology/feature_extraction,feature extraction,0.38880205154418945,1
10.14716/ijtech.v11i6.4424,http://h-da.de/ml-ontology/tabular_regression,tabular regression,0.3957744240760803,1
10.14716/ijtech.v15i4.5675,http://h-da.de/ml-ontology/feature_extraction,feature extraction,0.3584718704223633,1
10.14716/ijtech.v16i2.7277,http://h-da.de/ml-ontology/feature_selection,feature selection,0.3633672595024109,1
10.14719/pst.7933,http://h-da.de/ml-ontology/regression,regression,0.4267593026161194,1
10.14719/pst.8760,http://h-da.de/ml-ontology/image_classification,image classification,0.38323426246643066,1
10.14733/cadaps.2021.890-899,http://h-da.de/ml-ontology/image_classification,image classification,0.4329160451889038,1
10.14733/cadaps.2024.581-590,http://h-da.de/ml-ontology/image_classification,image classification,0.4108133912086487,1
10.14743/apem2022.3.439,http://h-da.de/ml-ontology/feature_extraction,feature extraction,0.3775518536567688,1
10.14743/apem2024.2.500,http://h-da.de/ml-ontology/image_classification,image classification,0.44386494159698486,1
10.14743/apem2024.3.511,http://h-da.de/ml-ontology/audio_regression,audio regression,0.3869912028312683,1
10.14744/sigma.2025.00107,http://h-da.de/ml-ontology/association_rule_learning,association rule learning,0.4504137933254242,1
10.14778/3421424.3421429,http://h-da.de/ml-ontology/image_classification,image classification,0.39966845512390137,1
10.14800/IOGR.1190,http://h-da.de/ml-ontology/feature_extraction,feature extraction,0.4386245012283325,1
10.14809/faim.2014.0395,http://h-da.de/ml-ontology/regression,regression,0.3718039393424988,1
10.1504/IJBIDM.2023.129881,http://h-da.de/ml-ontology/association_rule_learning,association rule learning,0.40856629610061646,1
10.1504/IJCSE.2025.143461,http://h-da.de/ml-ontology/feature_extraction,feature extraction,0.3741954267024994,1
10.1504/IJICT.2025.146169,http://h-da.de/ml-ontology/time_series_classification,time series classification,0.376766562461853,1
10.1504/IJIE.2025.147695,http://h-da.de/ml-ontology/text_analytics,text analytics,0.40635013580322266,1
10.1504/IJIMS.2018.091999,http://h-da.de/ml-ontology/anomaly_detection,anomaly detection,0.37725353240966797,1
10.1504/IJISE.2025.145064,http://h-da.de/ml-ontology/regression,regression,0.4067195951938629,1
10.1504/IJMIC.2020.110352,http://h-da.de/ml-ontology/feature_extraction,feature extraction,0.4247005581855774,1
10.1504/IJMIC.2021.120210,http://h-da.de/ml-ontology/feature_extraction,feature extraction,0.3728606104850769,1
10.1504/IJMIC.2021.122471,http://h-da.de/ml-ontology/feature_extraction,feature extraction,0.40151017904281616,1
10.1504/IJMLO.2016.076187,http://h-da.de/ml-ontology/feature_extraction,feature extraction,0.4086950421333313,1
10.1504/IJMR.2024.143417,http://h-da.de/ml-ontology/feature_extraction,feature extraction,0.3977225124835968,1
10.1504/IJOGCT.2024.136028,http://h-da.de/ml-ontology/regression,regression,0.4099261462688446,1
10.1504/IJOGCT.2025.146520,http://h-da.de/ml-ontology/regression,regression,0.3963157534599304,1
10.1504/IJPLM.2016.080983,http://h-da.de/ml-ontology/text_analytics,text analytics,0.45047134160995483,1
10.1504/IJPMB.2024.138350,http://h-da.de/ml-ontology/tabular_classification,tabular classification,0.385193407535553,1
10.1504/IJRM.2024.142325,http://h-da.de/ml-ontology/regression,regression,0.45299088954925537,1
10.1504/IJSSCA.2025.145624,http://h-da.de/ml-ontology/binary_classification,binary classification,0.43913424015045166,1
10.1504/IJSTL.2023.134736,http://h-da.de/ml-ontology/anomaly_detection,anomaly detection,0.52118980884552,1
10.1504/ijmms.2022.127211,http://h-da.de/ml-ontology/image_classification,image classification,0.4706922769546509,1
10.1515/9781547401567,http://h-da.de/ml-ontology/association_rule_learning,association rule learning,0.45593518018722534,1
10.1515/9783111215112-011,http://h-da.de/ml-ontology/clustering,clustering,0.36843037605285645,1
10.1515/aut-2023-0016,http://h-da.de/ml-ontology/recommendation,recommendation,0.3611961603164673,1
10.1515/auto-2017-0123,http://h-da.de/ml-ontology/feature_extraction,feature extraction,0.44023221731185913,1
10.1515/auto-2024-0155,http://h-da.de/ml-ontology/feature_extraction,feature extraction,0.38479775190353394,1
10.1515/cclm-2024-0124,http://h-da.de/ml-ontology/anomaly_detection,anomaly detection,0.45621633529663086,1
10.1515/cppm-2024-0013,http://h-da.de/ml-ontology/regression,regression,0.3521824777126312,1
10.1515/cppm-2025-0115,http://h-da.de/ml-ontology/regression,regression,0.39251625537872314,1
10.1515/fcds-2018-0011,http://h-da.de/ml-ontology/regression,regression,0.3949032425880432,1
10.1515/htm-2022-1029,http://h-da.de/ml-ontology/feature_extraction,feature extraction,0.4031701683998108,1
10.1515/htm-2023-0032,http://h-da.de/ml-ontology/image_classification,image classification,0.4193706512451172,1
10.1515/ipp-2023-4457,http://h-da.de/ml-ontology/regression,regression,0.44623124599456787,1
10.1515/jisys-2023-0078,http://h-da.de/ml-ontology/binary_classification,binary classification,0.36553144454956055,1
10.1515/nleng-2021-0019,http://h-da.de/ml-ontology/time_series_classification,time series classification,0.4056798219680786,1
10.1515/nleng-2025-0110,http://h-da.de/ml-ontology/sentiment_analysis,sentiment analysis,0.5847640633583069,1
10.1515/npprj-2024-0060,http://h-da.de/ml-ontology/feature_extraction,feature extraction,0.36223065853118896,1
10.1515/opag-2025-0441,http://h-da.de/ml-ontology/regression,regression,0.35818958282470703,1
10.1515/teme-2022-0029,http://h-da.de/ml-ontology/image_classification,image classification,0.3671706020832062,1
10.1515/teme-2022-0074,http://h-da.de/ml-ontology/audio_regression,audio regression,0.4256480038166046,1
10.1515/teme-2023-0062,http://h-da.de/ml-ontology/feature_extraction,feature extraction,0.3833906650543213,1
10.1515/zwf-2024-1098,http://h-da.de/ml-ontology/feature_extraction,feature extraction,0.39677882194519043,1
10.1520/SSMS20160008,http://h-da.de/ml-ontology/regression,regression,0.4307907819747925,1
10.1520/SSMS20180019,http://h-da.de/ml-ontology/audio_regression,audio regression,0.4811546504497528,1
10.1520/SSMS20190020,http://h-da.de/ml-ontology/feature_extraction,feature extraction,0.42555469274520874,1
10.1520/SSMS20190023,http://h-da.de/ml-ontology/feature_extraction,feature extraction,0.39820078015327454,1
10.1520/SSMS20190032,http://h-da.de/ml-ontology/image_classification,image classification,0.5523192882537842,1
10.1520/SSMS20220023,http://h-da.de/ml-ontology/time_series_classification,time series classification,0.42722755670547485,1
10.1520/SSMS20220035,http://h-da.de/ml-ontology/feature_extraction,feature extraction,0.38811081647872925,1
10.1520/SSMS20240025,http://h-da.de/ml-ontology/time_series_classification,time series classification,0.35539689660072327,1
10.1520/STP163720200111,http://h-da.de/ml-ontology/feature_extraction,feature extraction,0.41944217681884766,1
10.1520/STP164420210133,http://h-da.de/ml-ontology/image_regression,image regression,0.4345150589942932,1
10.15282/IJAME.22.1.2025.17.0934,http://h-da.de/ml-ontology/feature_extraction,feature extraction,0.41700583696365356,1
10.15287/afr.2021.2073,http://h-da.de/ml-ontology/image_regression,image regression,0.3893296420574188,1
10.15376/biores.18.4.7889-7904,http://h-da.de/ml-ontology/clustering,clustering,0.476635605096817,1
10.15376/biores.19.1.1633-1651,http://h-da.de/ml-ontology/feature_extraction,feature extraction,0.3755071461200714,1
10.15376/biores.19.3.5523-5534,http://h-da.de/ml-ontology/audio_classification,audio classification,0.4812612533569336,1
10.15376/biores.20.4.9768-9784,http://h-da.de/ml-ontology/recommendation,recommendation,0.5497896671295166,1
10.1541/ieejias.116.852,http://h-da.de/ml-ontology/feature_extraction,feature extraction,0.3781777620315552,1
10.1541/ieejjia.23006878,http://h-da.de/ml-ontology/image_classification,image classification,0.4733389616012573,1
10.1541/ieejsmas.141.284,http://h-da.de/ml-ontology/action_recognition,action recognition,0.45767563581466675,1
10.15439/2020F214,http://h-da.de/ml-ontology/feature_selection,feature selection,0.3589054346084595,1
10.15439/2023F5263,http://h-da.de/ml-ontology/anomaly_detection,anomaly detection,0.5230960845947266,1
10.15488/11266,http://h-da.de/ml-ontology/binary_classification,binary classification,0.3848886489868164,1
10.15488/12177,http://h-da.de/ml-ontology/feature_extraction,feature extraction,0.5081303119659424,1
10.15488/13485,http://h-da.de/ml-ontology/feature_extraction,feature extraction,0.3855171799659729,1
10.15488/17740,http://h-da.de/ml-ontology/regression,regression,0.45753732323646545,1
10.15530/urtec-2017-2659996,http://h-da.de/ml-ontology/regression,regression,0.35496214032173157,1
10.15530/urtec-2018-2902505,http://h-da.de/ml-ontology/feature_extraction,feature extraction,0.38524800539016724,1
10.15530/urtec-2019-47,http://h-da.de/ml-ontology/time_series_forecasting,time series forecasting,0.4114729166030884,1
10.15530/urtec-2019-598,http://h-da.de/ml-ontology/feature_extraction,feature extraction,0.3891676366329193,1
10.15530/urtec-2020-1353,http://h-da.de/ml-ontology/feature_extraction,feature extraction,0.35504573583602905,1
10.15530/urtec-2020-1427,http://h-da.de/ml-ontology/binary_classification,binary classification,0.38180503249168396,1
10.15530/urtec-2022-3720494,http://h-da.de/ml-ontology/feature_extraction,feature extraction,0.36622413992881775,1
10.15530/urtec-2023-3860898,http://h-da.de/ml-ontology/feature_extraction,feature extraction,0.3967759609222412,1
10.15530/urtec-2023-3863309,http://h-da.de/ml-ontology/feature_extraction,feature extraction,0.40236780047416687,1
10.15530/urtec-2023-3863926,http://h-da.de/ml-ontology/regression,regression,0.4310647249221802,1
10.15530/urtec-2023-3870070,http://h-da.de/ml-ontology/feature_extraction,feature extraction,0.3705907464027405,1
10.15530/urtec-2024-4033553,http://h-da.de/ml-ontology/feature_extraction,feature extraction,0.35926347970962524,1
10.15530/urtec-2024-4044069,http://h-da.de/ml-ontology/regression,regression,0.39007264375686646,1
10.15530/urtec-2024-4044181,http://h-da.de/ml-ontology/audio_classification,audio classification,0.39393579959869385,1
10.15530/urtec-2025-4214380,http://h-da.de/ml-ontology/feature_extraction,feature extraction,0.38794198632240295,1
10.15530/urtec-2025-4235343,http://h-da.de/ml-ontology/feature_extraction,feature extraction,0.3703588545322418,1
10.15530/urtec-2025-4261039,http://h-da.de/ml-ontology/feature_extraction,feature extraction,0.3569728136062622,1
10.15530/urtec-2025-4264880,http://h-da.de/ml-ontology/tabular_regression,tabular regression,0.4074646234512329,1
10.1557/adv.2019.7,http://h-da.de/ml-ontology/image_classification,image classification,0.4733819365501404,1
10.15586/qas.v16i2.1467,http://h-da.de/ml-ontology/regression,regression,0.35102981328964233,1
10.15587/1729-4061.2025.320425,http://h-da.de/ml-ontology/time_series_classification,time series classification,0.40223976969718933,1
10.15587/1729-4061.2025.323894,http://h-da.de/ml-ontology/time_series_classification,time series classification,0.4341975450515747,1
10.15587/1729-4061.2025.325340,http://h-da.de/ml-ontology/clustering,clustering,0.35133934020996094,1
10.15598/aeee.v20i4.4650,http://h-da.de/ml-ontology/regression,regression,0.3905731439590454,1
10.15672/hujms.1608393,http://h-da.de/ml-ontology/image_regression,image regression,0.3549044132232666,1
10.15676/ijeei.2018.10.4.4,http://h-da.de/ml-ontology/image_classification,image classification,0.360093891620636,1
10.15837/ijccc.2025.4.7123,http://h-da.de/ml-ontology/image_classification,image classification,0.4130248427391052,1
10.15849/IJASCA.230320.02,http://h-da.de/ml-ontology/anomaly_detection,anomaly detection,0.524192214012146,1
10.15849/IJASCA.240730.03,http://h-da.de/ml-ontology/image_classification,image classification,0.3709988594055176,1
10.15866/ireaco.v12i2.16790,http://h-da.de/ml-ontology/binary_classification,binary classification,0.42459842562675476,1
10.1587/elex.16.20190696,http://h-da.de/ml-ontology/binary_classification,binary classification,0.4467266798019409,1
10.1590/0104-530x5424-20,http://h-da.de/ml-ontology/image_classification,image classification,0.43306922912597656,1
10.1590/0104-9224/SI28.10,http://h-da.de/ml-ontology/binary_classification,binary classification,0.37098944187164307,1
10.1590/1517-7076-RMAT-2024-0866,http://h-da.de/ml-ontology/feature_extraction,feature extraction,0.39755499362945557,1
10.1590/1807-1929/agriambi.v29n4e285794,http://h-da.de/ml-ontology/regression,regression,0.4647058844566345,1
10.1590/1809-4430-ENG.AGRIC.V42N5E20210239/2022,http://h-da.de/ml-ontology/tabular_classification,tabular classification,0.45119187235832214,1
10.1590/2318-0331.292420240056,http://h-da.de/ml-ontology/time_series_classification,time series classification,0.4041261672973633,1
10.16078/j.tribology.2024002,http://h-da.de/ml-ontology/feature_extraction,feature extraction,0.40235358476638794,1
10.16146/j.cnki.rndlgc.2022.04.009,http://h-da.de/ml-ontology/audio_regression,audio regression,0.35722827911376953,1
10.1615/TFEC2024.ml.050649,http://h-da.de/ml-ontology/feature_extraction,feature extraction,0.48444628715515137,1
10.16451/j.cnki.issn1003-6059.202501002,http://h-da.de/ml-ontology/link_prediction,link prediction,0.42217808961868286,1
10.17010/ijf/2024/v18i3/173615,http://h-da.de/ml-ontology/tabular_regression,tabular regression,0.37332671880722046,1
10.17073/0368-0797-2024-1-76-82,http://h-da.de/ml-ontology/regression,regression,0.4060361981391907,1
10.17113/ftb.62.01.24.8301,http://h-da.de/ml-ontology/association_rule_learning,association rule learning,0.37901771068573,1
10.17233/sosyoekonomi.2020.04.09,http://h-da.de/ml-ontology/regression,regression,0.3946218192577362,1
10.17270/J.LOG.2022.637,http://h-da.de/ml-ontology/time_series_forecasting,time series forecasting,0.4200286865234375,1
10.17270/J.LOG.2023.917,http://h-da.de/ml-ontology/time_series_forecasting,time series forecasting,0.4408474564552307,1
10.17323/2587-814X.2020.1.19.31,http://h-da.de/ml-ontology/clustering,clustering,0.5084501504898071,1
10.17341/GAZIMMFD.870436,http://h-da.de/ml-ontology/image_classification,image classification,0.4222135543823242,1
10.17341/gazimmfd.1221105,http://h-da.de/ml-ontology/binary_classification,binary classification,0.46540236473083496,1
10.17509/ajse.v5i1.82231,http://h-da.de/ml-ontology/feature_extraction,feature extraction,0.36785584688186646,1
10.17531/EIN.2021.3.19,http://h-da.de/ml-ontology/feature_extraction,feature extraction,0.40912848711013794,1
10.17531/ein.2019.2.10,http://h-da.de/ml-ontology/image_regression,image regression,0.4174620509147644,1
10.17531/ein.2021.4.20,http://h-da.de/ml-ontology/time_series_classification,time series classification,0.37411201000213623,1
10.17531/ein/189323,http://h-da.de/ml-ontology/anomaly_detection,anomaly detection,0.5072166919708252,1
10.17531/ein/194116,http://h-da.de/ml-ontology/feature_extraction,feature extraction,0.37868404388427734,1
10.17531/ein/201372,http://h-da.de/ml-ontology/binary_classification,binary classification,0.4510960280895233,1
10.17559/TV-20211122150850,http://h-da.de/ml-ontology/image_classification,image classification,0.4098816514015198,1
10.17559/TV-20230505000608,http://h-da.de/ml-ontology/binary_classification,binary classification,0.3811571002006531,1
10.17580/chm.2022.11.02,http://h-da.de/ml-ontology/feature_extraction,feature extraction,0.3656098246574402,1
10.17580/or.2024.06.09,http://h-da.de/ml-ontology/feature_extraction,feature extraction,0.46903935074806213,1
10.17582/journal.sja/2019/35.4.1054.1062,http://h-da.de/ml-ontology/regression,regression,0.46479761600494385,1
10.17586/2226-1494-2020-20-4-552-559,http://h-da.de/ml-ontology/image_classification,image classification,0.4867475628852844,1
10.17683/ijomam/issue20.26,http://h-da.de/ml-ontology/time_series_classification,time series classification,0.40002939105033875,1
10.17762/ijritcc.v10i9.5715,http://h-da.de/ml-ontology/binary_classification,binary classification,0.39003559947013855,1
10.17762/ijritcc.v11i2.6131,http://h-da.de/ml-ontology/feature_extraction,feature extraction,0.4345507025718689,1
10.17765/2176-9168.2022v15n3e9337,http://h-da.de/ml-ontology/feature_extraction,feature extraction,0.37942349910736084,1
10.17794/rgn.2019.3.4,http://h-da.de/ml-ontology/regression,regression,0.38695138692855835,1
10.17973/MMSJ.2023_11_2023119,http://h-da.de/ml-ontology/feature_extraction,feature extraction,0.4086681008338928,1
10.17973/MMSJ.2025_10_2025095,http://h-da.de/ml-ontology/feature_extraction,feature extraction,0.3519197106361389,1
10.18178/IJEETC.9.6.420-428,http://h-da.de/ml-ontology/feature_selection,feature selection,0.396587997674942,1
10.18178/ijiet.2022.12.1.1583,http://h-da.de/ml-ontology/classification,classification,0.4484124481678009,1
10.18178/ijmerr.10.11.583-591,http://h-da.de/ml-ontology/feature_extraction,feature extraction,0.4270388185977936,1
10.18178/ijmlc.2018.8.5.722,http://h-da.de/ml-ontology/feature_extraction,feature extraction,0.4449918270111084,1
10.18178/ijmlc.2019.9.1.767,http://h-da.de/ml-ontology/association_rule_learning,association rule learning,0.3805212378501892,1
10.18280/MMEP.120324,http://h-da.de/ml-ontology/time_series_forecasting,time series forecasting,0.38890111446380615,1
10.18280/ijdne.190607,http://h-da.de/ml-ontology/feature_selection,feature selection,0.5303582549095154,1
10.18280/ijdne.200321,http://h-da.de/ml-ontology/regression,regression,0.45165693759918213,1
10.18280/ijht.430212,http://h-da.de/ml-ontology/time_series_forecasting,time series forecasting,0.3505968451499939,1
10.18280/isi.270220,http://h-da.de/ml-ontology/feature_extraction,feature extraction,0.39986923336982727,1
10.18280/isi.300222,http://h-da.de/ml-ontology/sentiment_analysis,sentiment analysis,0.5893595218658447,1
10.18280/jesa.560414,http://h-da.de/ml-ontology/time_series_classification,time series classification,0.3703799545764923,1
10.18280/jesa.570425,http://h-da.de/ml-ontology/feature_extraction,feature extraction,0.4184860587120056,1
10.18280/jesa.580110,http://h-da.de/ml-ontology/feature_extraction,feature extraction,0.3875865936279297,1
10.18280/jesa.580218,http://h-da.de/ml-ontology/time_series_classification,time series classification,0.39114025235176086,1
10.18280/jesa.580314,http://h-da.de/ml-ontology/feature_extraction,feature extraction,0.36001622676849365,1
10.18280/jesa.580401,http://h-da.de/ml-ontology/feature_extraction,feature extraction,0.35453593730926514,1
10.18280/mmep.100220,http://h-da.de/ml-ontology/image_classification,image classification,0.40566205978393555,1
10.18280/mmep.110414,http://h-da.de/ml-ontology/time_series_classification,time series classification,0.4444900453090668,1
10.18280/ria.360603,http://h-da.de/ml-ontology/binary_classification,binary classification,0.3945450186729431,1
10.18280/ria.360619,http://h-da.de/ml-ontology/anomaly_detection,anomaly detection,0.5094305276870728,1
10.18280/ria.370405,http://h-da.de/ml-ontology/feature_selection,feature selection,0.3781076967716217,1
10.18287/JBPE24.10.040310,http://h-da.de/ml-ontology/image_classification,image classification,0.3544119596481323,1
10.18287/JBPE25.11.030305,http://h-da.de/ml-ontology/image_regression,image regression,0.3563233017921448,1
10.18293/SEKE2020-113,http://h-da.de/ml-ontology/topic_modeling,topic modeling,0.4116392135620117,1
10.18311/jmmf/2023/33377,http://h-da.de/ml-ontology/feature_extraction,feature extraction,0.3519849479198456,1
10.18311/jmmf/2024/43879,http://h-da.de/ml-ontology/feature_extraction,feature extraction,0.3790591061115265,1
10.18311/jmmf/2025/47464,http://h-da.de/ml-ontology/feature_extraction,feature extraction,0.42112869024276733,1
10.18323/2073-5073-2021-1-32-41,http://h-da.de/ml-ontology/binary_classification,binary classification,0.40663954615592957,1
10.18420/inf2024_145,http://h-da.de/ml-ontology/anomaly_detection,anomaly detection,0.4939391613006592,1
10.18420/inf2024_147,http://h-da.de/ml-ontology/image_classification,image classification,0.4532111883163452,1
10.18462/iir.iccc.2020.294815,http://h-da.de/ml-ontology/regression,regression,0.3631829023361206,1
10.18494/SAM3803,http://h-da.de/ml-ontology/image_classification,image classification,0.43383991718292236,1
10.18494/SAM5121,http://h-da.de/ml-ontology/action_recognition,action recognition,0.40399450063705444,1
10.18494/SAM5151,http://h-da.de/ml-ontology/image_classification,image classification,0.38808783888816833,1
10.18494/SAM5224,http://h-da.de/ml-ontology/anomaly_detection,anomaly detection,0.40169739723205566,1
10.18494/SAM5326,http://h-da.de/ml-ontology/feature_extraction,feature extraction,0.41322752833366394,1
10.18517/ijaseit.13.4.19020,http://h-da.de/ml-ontology/anomaly_detection,anomaly detection,0.5378206372261047,1
10.18517/ijaseit.14.6.11982,http://h-da.de/ml-ontology/feature_extraction,feature extraction,0.3754371106624603,1
10.18517/ijaseit.15.1.12407,http://h-da.de/ml-ontology/binary_classification,binary classification,0.42942172288894653,1
10.18517/ijaseit.15.1.20946,http://h-da.de/ml-ontology/binary_classification,binary classification,0.37219351530075073,1
10.18520/cs/v128/i8/776-784,http://h-da.de/ml-ontology/regression,regression,0.4093471169471741,1
10.18576/amis/13s121,http://h-da.de/ml-ontology/binary_classification,binary classification,0.40109047293663025,1
10.18576/jsap/130414,http://h-da.de/ml-ontology/regression,regression,0.4348582327365875,1
10.18599/grs.2024.2.7,http://h-da.de/ml-ontology/regression,regression,0.35353782773017883,1
10.18653/v1/2024.findings-emnlp.340,http://h-da.de/ml-ontology/sentiment_analysis,sentiment analysis,0.5436192750930786,1
10.18653/v1/2024.semeval-1.145,http://h-da.de/ml-ontology/sentence_similarity,sentence similarity,0.4701617360115051,1
10.18668/NG.2025.04.07,http://h-da.de/ml-ontology/feature_extraction,feature extraction,0.4615892171859741,1
10.18687/LACCEI2022.1.1.616,http://h-da.de/ml-ontology/feature_extraction,feature extraction,0.38494133949279785,1
10.18687/LACCEI2025.1.1.391,http://h-da.de/ml-ontology/binary_classification,binary classification,0.3800681233406067,1
10.18687/LACCEI2025.1.1.891,http://h-da.de/ml-ontology/feature_extraction,feature extraction,0.3568503260612488,1
10.18690/978-961-286-485-9.45,http://h-da.de/ml-ontology/clustering,clustering,0.3513116240501404,1
10.18799/24131830/2021/10/3401,http://h-da.de/ml-ontology/regression,regression,0.43164169788360596,1
10.19101/IJATEE.2024.111100198,http://h-da.de/ml-ontology/regression,regression,0.4159860610961914,1
10.19596/j.cnki.1001-246x.8480,http://h-da.de/ml-ontology/feature_extraction,feature extraction,0.35291507840156555,1
10.19597/J.ISSN.1000-3754.202109045,http://h-da.de/ml-ontology/feature_extraction,feature extraction,0.35541069507598877,1
10.19680/j.cnki.1004-4388.2023.05.002,http://h-da.de/ml-ontology/feature_extraction,feature extraction,0.43986207246780396,1
10.19713/j.cnki.43-1423/u.T20241464,http://h-da.de/ml-ontology/time_series_forecasting,time series forecasting,0.3890002369880676,1
10.19884/j.1672-5220.202202546,http://h-da.de/ml-ontology/feature_extraction,feature extraction,0.3979615271091461,1
10.19912/j.0254-0096.tynxb.2022-0422,http://h-da.de/ml-ontology/time_series_forecasting,time series forecasting,0.3589581251144409,1
10.19912/j.0254-0096.tynxb.2023-0215,http://h-da.de/ml-ontology/time_series_classification,time series classification,0.3572657108306885,1
10.20508/ijsmartgrid.v6i3.250.g242,http://h-da.de/ml-ontology/regression,regression,0.4054805636405945,1
10.20537/nd241218,http://h-da.de/ml-ontology/regression,regression,0.39084070920944214,1
10.20965/ijat.2023.p0449,http://h-da.de/ml-ontology/anomaly_detection,anomaly detection,0.47909432649612427,1
10.20965/ijat.2025.p0879,http://h-da.de/ml-ontology/tabular_regression,tabular regression,0.39159953594207764,1
10.21123/bsj.2024.10099,http://h-da.de/ml-ontology/sentiment_analysis,sentiment analysis,0.5012867450714111,1
10.21123/bsj.2024.9260,http://h-da.de/ml-ontology/feature_extraction,feature extraction,0.3733479976654053,1
10.2116/bunsekikagaku.69.463,http://h-da.de/ml-ontology/feature_extraction,feature extraction,0.3687187433242798,1
10.21163/GT_2024.191.09,http://h-da.de/ml-ontology/feature_extraction,feature extraction,0.37936604022979736,1
10.21177/1998-4502-2024-16-1-56-69,http://h-da.de/ml-ontology/feature_extraction,feature extraction,0.40361011028289795,1
10.2118/1015-0087-JPT,http://h-da.de/ml-ontology/tabular_regression,tabular regression,0.4347808063030243,1
10.2118/170144-ms,http://h-da.de/ml-ontology/feature_extraction,feature extraction,0.3928064703941345,1
10.2118/173206-ms,http://h-da.de/ml-ontology/regression,regression,0.42695268988609314,1
10.2118/173334-ms,http://h-da.de/ml-ontology/tabular_regression,tabular regression,0.36925208568573,1
10.2118/175038-ms,http://h-da.de/ml-ontology/feature_extraction,feature extraction,0.4111661911010742,1
10.2118/180202-ms,http://h-da.de/ml-ontology/feature_extraction,feature extraction,0.3733694553375244,1
10.2118/187361-MS,http://h-da.de/ml-ontology/feature_extraction,feature extraction,0.3544553518295288,1
10.2118/187361-ms,http://h-da.de/ml-ontology/feature_extraction,feature extraction,0.3573123514652252,1
10.2118/190128-ms,http://h-da.de/ml-ontology/feature_extraction,feature extraction,0.43189767003059387,1
10.2118/191592-18rptc-ms,http://h-da.de/ml-ontology/feature_extraction,feature extraction,0.46444621682167053,1
10.2118/193680-MS,http://h-da.de/ml-ontology/regression,regression,0.36317169666290283,1
10.2118/195022-ms,http://h-da.de/ml-ontology/feature_extraction,feature extraction,0.46926361322402954,1
10.2118/195118-ms,http://h-da.de/ml-ontology/feature_extraction,feature extraction,0.37570226192474365,1
10.2118/195875-MS,http://h-da.de/ml-ontology/anomaly_detection,anomaly detection,0.41169077157974243,1
10.2118/195875-ms,http://h-da.de/ml-ontology/anomaly_detection,anomaly detection,0.4174618422985077,1
10.2118/196003-MS,http://h-da.de/ml-ontology/feature_extraction,feature extraction,0.3843284249305725,1
10.2118/196003-PA,http://h-da.de/ml-ontology/feature_extraction,feature extraction,0.3877601623535156,1
10.2118/196003-ms,http://h-da.de/ml-ontology/feature_extraction,feature extraction,0.36823010444641113,1
10.2118/196631-ms,http://h-da.de/ml-ontology/feature_extraction,feature extraction,0.37597084045410156,1
10.2118/196639-ms,http://h-da.de/ml-ontology/regression,regression,0.3665587902069092,1
10.2118/197355-ms,http://h-da.de/ml-ontology/feature_extraction,feature extraction,0.4122995138168335,1
10.2118/198123-ms,http://h-da.de/ml-ontology/feature_extraction,feature extraction,0.44499194622039795,1
10.2118/198759-MS,http://h-da.de/ml-ontology/feature_extraction,feature extraction,0.372210294008255,1
10.2118/200019-MS,http://h-da.de/ml-ontology/feature_extraction,feature extraction,0.38928210735321045,1
10.2118/201170-MS,http://h-da.de/ml-ontology/regression,regression,0.3858183026313782,1
10.2118/201267-MS,http://h-da.de/ml-ontology/feature_extraction,feature extraction,0.3914293944835663,1
10.2118/201459-MS,http://h-da.de/ml-ontology/feature_extraction,feature extraction,0.4140191078186035,1
10.2118/201786-MS,http://h-da.de/ml-ontology/feature_extraction,feature extraction,0.4023098945617676,1
10.2118/202966-MS,http://h-da.de/ml-ontology/feature_extraction,feature extraction,0.35067182779312134,1
10.2118/203384-PA,http://h-da.de/ml-ontology/regression,regression,0.38252735137939453,1
10.2118/205720-MS,http://h-da.de/ml-ontology/feature_extraction,feature extraction,0.3883565068244934,1
10.2118/206174-MS,http://h-da.de/ml-ontology/tabular_regression,tabular regression,0.38244885206222534,1
10.2118/206241-MS,http://h-da.de/ml-ontology/feature_extraction,feature extraction,0.41604602336883545,1
10.2118/206276-MS,http://h-da.de/ml-ontology/feature_extraction,feature extraction,0.4054545760154724,1
10.2118/206525-PA,http://h-da.de/ml-ontology/feature_extraction,feature extraction,0.48095956444740295,1
10.2118/207584-MS,http://h-da.de/ml-ontology/feature_extraction,feature extraction,0.39361321926116943,1
10.2118/207657-MS,http://h-da.de/ml-ontology/anomaly_detection,anomaly detection,0.3746156692504883,1
10.2118/208529-MS,http://h-da.de/ml-ontology/feature_extraction,feature extraction,0.42558008432388306,1
10.2118/208586-PA,http://h-da.de/ml-ontology/feature_selection,feature selection,0.39230257272720337,1
10.2118/208648-MS,http://h-da.de/ml-ontology/feature_extraction,feature extraction,0.4447534680366516,1
10.2118/208962-PA,http://h-da.de/ml-ontology/regression,regression,0.38117384910583496,1
10.2118/208972-MS,http://h-da.de/ml-ontology/feature_extraction,feature extraction,0.40380996465682983,1
10.2118/209119-MS,http://h-da.de/ml-ontology/feature_extraction,feature extraction,0.35769417881965637,1
10.2118/209245-MS,http://h-da.de/ml-ontology/regression,regression,0.3853047490119934,1
10.2118/209255-MS,http://h-da.de/ml-ontology/feature_extraction,feature extraction,0.4227919578552246,1
10.2118/209958-MS,http://h-da.de/ml-ontology/feature_extraction,feature extraction,0.4318588972091675,1
10.2118/210235-MS,http://h-da.de/ml-ontology/feature_extraction,feature extraction,0.39626947045326233,1
10.2118/210712-MS,http://h-da.de/ml-ontology/feature_extraction,feature extraction,0.3995562195777893,1
10.2118/211031-MS,http://h-da.de/ml-ontology/anomaly_detection,anomaly detection,0.39046066999435425,1
10.2118/211073-MS,http://h-da.de/ml-ontology/feature_extraction,feature extraction,0.35414353013038635,1
10.2118/211101-MS,http://h-da.de/ml-ontology/feature_extraction,feature extraction,0.3801492750644684,1
10.2118/211108-MS,http://h-da.de/ml-ontology/feature_extraction,feature extraction,0.43146514892578125,1
10.2118/211258-MS,http://h-da.de/ml-ontology/time_series_classification,time series classification,0.374994158744812,1
10.2118/211284-MS,http://h-da.de/ml-ontology/feature_extraction,feature extraction,0.35007280111312866,1
10.2118/211921-MS,http://h-da.de/ml-ontology/regression,regression,0.41304367780685425,1
10.2118/211956-MS,http://h-da.de/ml-ontology/regression,regression,0.5015174150466919,1
10.2118/212018-MS,http://h-da.de/ml-ontology/time_series_forecasting,time series forecasting,0.4391319453716278,1
10.2118/212230-MS,http://h-da.de/ml-ontology/regression,regression,0.3663467764854431,1
10.2118/212290-PA,http://h-da.de/ml-ontology/time_series_forecasting,time series forecasting,0.4101909399032593,1
10.2118/212594-MS,http://h-da.de/ml-ontology/feature_extraction,feature extraction,0.40045279264450073,1
10.2118/212666-MS,http://h-da.de/ml-ontology/regression,regression,0.3930807113647461,1
10.2118/212690-MS,http://h-da.de/ml-ontology/feature_extraction,feature extraction,0.37378695607185364,1
10.2118/212723-MS,http://h-da.de/ml-ontology/time_series_forecasting,time series forecasting,0.46347296237945557,1
10.2118/212809-MS,http://h-da.de/ml-ontology/feature_extraction,feature extraction,0.44035062193870544,1
10.2118/212967-MS,http://h-da.de/ml-ontology/time_series_forecasting,time series forecasting,0.43235933780670166,1
10.2118/213095-MS,http://h-da.de/ml-ontology/feature_extraction,feature extraction,0.36815857887268066,1
10.2118/213117-MS,http://h-da.de/ml-ontology/feature_extraction,feature extraction,0.3615724444389343,1
10.2118/214199-MS,http://h-da.de/ml-ontology/feature_extraction,feature extraction,0.3754549026489258,1
10.2118/214632-MS,http://h-da.de/ml-ontology/binary_classification,binary classification,0.3730657994747162,1
10.2118/214725-MS,http://h-da.de/ml-ontology/feature_extraction,feature extraction,0.3528716564178467,1
10.2118/215427-MS,http://h-da.de/ml-ontology/feature_extraction,feature extraction,0.3730787932872772,1
10.2118/216430-MS,http://h-da.de/ml-ontology/feature_extraction,feature extraction,0.45375069975852966,1
10.2118/216736-MS,http://h-da.de/ml-ontology/text_analytics,text analytics,0.3599064350128174,1
10.2118/216895-MS,http://h-da.de/ml-ontology/feature_extraction,feature extraction,0.35198670625686646,1
10.2118/217092-MS,http://h-da.de/ml-ontology/feature_extraction,feature extraction,0.4314464330673218,1
10.2118/217190-MS,http://h-da.de/ml-ontology/tabular_regression,tabular regression,0.3645342290401459,1
10.2118/218258-MS,http://h-da.de/ml-ontology/regression,regression,0.39981481432914734,1
10.2118/218762-MS,http://h-da.de/ml-ontology/feature_extraction,feature extraction,0.37048661708831787,1
10.2118/218825-MS,http://h-da.de/ml-ontology/feature_extraction,feature extraction,0.4366801381111145,1
10.2118/218886-MS,http://h-da.de/ml-ontology/tabular_regression,tabular regression,0.36903324723243713,1
10.2118/219232-MS,http://h-da.de/ml-ontology/feature_extraction,feature extraction,0.3713456392288208,1
10.2118/219392-MS,http://h-da.de/ml-ontology/feature_extraction,feature extraction,0.3707299828529358,1
10.2118/219749-PA,http://h-da.de/ml-ontology/time_series_forecasting,time series forecasting,0.37530505657196045,1
10.2118/219773-PA,http://h-da.de/ml-ontology/feature_extraction,feature extraction,0.39444971084594727,1
10.2118/220110-PA,http://h-da.de/ml-ontology/feature_extraction,feature extraction,0.3651905655860901,1
10.2118/220686-MS,http://h-da.de/ml-ontology/regression,regression,0.3907265067100525,1
10.2118/220777-MS,http://h-da.de/ml-ontology/feature_extraction,feature extraction,0.39631789922714233,1
10.2118/220979-MS,http://h-da.de/ml-ontology/time_series_classification,time series classification,0.3910154104232788,1
10.2118/220995-MS,http://h-da.de/ml-ontology/time_series_forecasting,time series forecasting,0.4244151711463928,1
10.2118/220995-PA,http://h-da.de/ml-ontology/time_series_forecasting,time series forecasting,0.39135560393333435,1
10.2118/221057-MS,http://h-da.de/ml-ontology/feature_extraction,feature extraction,0.4033171832561493,1
10.2118/221532-MS,http://h-da.de/ml-ontology/feature_extraction,feature extraction,0.4554706811904907,1
10.2118/221543-MS,http://h-da.de/ml-ontology/feature_extraction,feature extraction,0.3932850658893585,1
10.2118/221594-MS,http://h-da.de/ml-ontology/regression,regression,0.37283164262771606,1
10.2118/221665-MS,http://h-da.de/ml-ontology/feature_extraction,feature extraction,0.4169505834579468,1
10.2118/221928-MS,http://h-da.de/ml-ontology/feature_extraction,feature extraction,0.3941541314125061,1
10.2118/222485-MS,http://h-da.de/ml-ontology/feature_extraction,feature extraction,0.45833125710487366,1
10.2118/222642-MS,http://h-da.de/ml-ontology/image_regression,image regression,0.355937659740448,1
10.2118/222903-MS,http://h-da.de/ml-ontology/feature_extraction,feature extraction,0.3957401514053345,1
10.2118/223505-STU,http://h-da.de/ml-ontology/feature_extraction,feature extraction,0.37558305263519287,1
10.2118/223780-MS,http://h-da.de/ml-ontology/feature_extraction,feature extraction,0.3827821612358093,1
10.2118/224384-MS,http://h-da.de/ml-ontology/feature_extraction,feature extraction,0.4335874915122986,1
10.2118/224387-MS,http://h-da.de/ml-ontology/image_classification,image classification,0.36241739988327026,1
10.2118/224437-PA,http://h-da.de/ml-ontology/feature_extraction,feature extraction,0.3983239531517029,1
10.2118/224438-PA,http://h-da.de/ml-ontology/feature_extraction,feature extraction,0.4138633906841278,1
10.2118/224447-PA,http://h-da.de/ml-ontology/feature_extraction,feature extraction,0.3530508279800415,1
10.2118/225114-MS,http://h-da.de/ml-ontology/feature_extraction,feature extraction,0.43140077590942383,1
10.2118/225331-MS,http://h-da.de/ml-ontology/feature_extraction,feature extraction,0.3646523058414459,1
10.2118/225339-MS,http://h-da.de/ml-ontology/feature_extraction,feature extraction,0.42143386602401733,1
10.2118/226716-MS,http://h-da.de/ml-ontology/feature_extraction,feature extraction,0.38101083040237427,1
10.2118/226758-MS,http://h-da.de/ml-ontology/feature_extraction,feature extraction,0.4640883803367615,1
10.2118/228671-MS,http://h-da.de/ml-ontology/feature_extraction,feature extraction,0.4236038327217102,1
10.2118/228714-MS,http://h-da.de/ml-ontology/feature_extraction,feature extraction,0.3781464099884033,1
10.2118/228717-MS,http://h-da.de/ml-ontology/feature_extraction,feature extraction,0.4319794178009033,1
10.2118/228728-MS,http://h-da.de/ml-ontology/time_series_classification,time series classification,0.4041992723941803,1
10.2118/228783-MS,http://h-da.de/ml-ontology/feature_extraction,feature extraction,0.42602288722991943,1
10.2118/SPE-206525-MS,http://h-da.de/ml-ontology/feature_extraction,feature extraction,0.48609113693237305,1
10.2118/SPE-206533-MS,http://h-da.de/ml-ontology/feature_extraction,feature extraction,0.41539236903190613,1
10.21307/stattrans-2015-017,http://h-da.de/ml-ontology/recommendation,recommendation,0.5028321743011475,1
10.21437/interspeech.2010-465,http://h-da.de/ml-ontology/audio_regression,audio regression,0.5304849147796631,1
10.21512/commit.v13i1.5177,http://h-da.de/ml-ontology/binary_classification,binary classification,0.4369562268257141,1
10.21595/JVE.2021.21783,http://h-da.de/ml-ontology/time_series_classification,time series classification,0.38183021545410156,1
10.21595/vp.2019.20617,http://h-da.de/ml-ontology/time_series_classification,time series classification,0.4054113030433655,1
10.21603/2074-9414-2023-4-2481,http://h-da.de/ml-ontology/regression,regression,0.4038338363170624,1
10.21603/2308-4057-2025-1-626,http://h-da.de/ml-ontology/feature_extraction,feature extraction,0.40896326303482056,1
10.21629/JSEE.2019.05.06,http://h-da.de/ml-ontology/multiclass_classification,multiclass classification,0.44073665142059326,1
10.21638/SPBU07.2021.101,http://h-da.de/ml-ontology/feature_extraction,feature extraction,0.45256540179252625,1
10.2166/aqua.2023.062,http://h-da.de/ml-ontology/regression,regression,0.3898547887802124,1
10.2166/nh.2024.016,http://h-da.de/ml-ontology/feature_extraction,feature extraction,0.41695618629455566,1
10.2166/wst.2024.092,http://h-da.de/ml-ontology/feature_extraction,feature extraction,0.3503192067146301,1
10.2174/0115734056246146231018110415,http://h-da.de/ml-ontology/image_classification,image classification,0.4636952877044678,1
10.2174/0123520965380645250505070035,http://h-da.de/ml-ontology/recommendation,recommendation,0.4490983188152313,1
10.2174/0126662558315287240910123803,http://h-da.de/ml-ontology/recommendation,recommendation,0.44079798460006714,1
10.2174/1872212118666230417084231,http://h-da.de/ml-ontology/anomaly_detection,anomaly detection,0.39494869112968445,1
10.2174/2213275912666190219131856,http://h-da.de/ml-ontology/image_classification,image classification,0.4550737738609314,1
10.2174/9789815136173123010010,http://h-da.de/ml-ontology/regression,regression,0.39791518449783325,1
10.2174/9789815322583125010004,http://h-da.de/ml-ontology/feature_extraction,feature extraction,0.4250226616859436,1
10.21741/9781644901731-7,http://h-da.de/ml-ontology/feature_extraction,feature extraction,0.3711089491844177,1
10.21741/9781644902479-7,http://h-da.de/ml-ontology/audio_regression,audio regression,0.3552061915397644,1
10.21741/9781644903599-161,http://h-da.de/ml-ontology/feature_extraction,feature extraction,0.41187649965286255,1
10.21833/ijaas.2023.07.013,http://h-da.de/ml-ontology/time_series_forecasting,time series forecasting,0.5257505774497986,1
10.21872/2023IISE_1479,http://h-da.de/ml-ontology/time_series_classification,time series classification,0.4026513695716858,1
10.21872/2023IISE_1718,http://h-da.de/ml-ontology/classification,classification,0.4001392424106598,1
10.21872/2023IISE_2778,http://h-da.de/ml-ontology/feature_extraction,feature extraction,0.3876679539680481,1
10.21872/2023IISE_3213,http://h-da.de/ml-ontology/binary_classification,binary classification,0.4837648272514343,1
10.21872/2023IISE_3691,http://h-da.de/ml-ontology/regression,regression,0.3853582739830017,1
10.21872/2025IISE_5922,http://h-da.de/ml-ontology/regression,regression,0.39220669865608215,1
10.21872/2025IISE_6278,http://h-da.de/ml-ontology/feature_extraction,feature extraction,0.3949594497680664,1
10.21872/2025IISE_6340,http://h-da.de/ml-ontology/feature_extraction,feature extraction,0.4054946303367615,1
10.21924/cst.7.1.2022.746,http://h-da.de/ml-ontology/feature_extraction,feature extraction,0.4183962941169739,1
10.2196/28856,http://h-da.de/ml-ontology/classification,classification,0.4495961666107178,1
10.22034/IJSOM.2023.109898.2722,http://h-da.de/ml-ontology/feature_extraction,feature extraction,0.3645375370979309,1
10.22034/abec.2025.724928,http://h-da.de/ml-ontology/feature_extraction,feature extraction,0.39328646659851074,1
10.22055/jacm.2025.48052.4943,http://h-da.de/ml-ontology/time_series_classification,time series classification,0.4327314496040344,1
10.22059/jitm.2023.93632,http://h-da.de/ml-ontology/binary_classification,binary classification,0.37950700521469116,1
10.22060/mej.2025.23526.7776,http://h-da.de/ml-ontology/time_series_classification,time series classification,0.4066637456417084,1
10.22068/ijiepr.35.3.2036,http://h-da.de/ml-ontology/feature_selection,feature selection,0.36998921632766724,1
10.22075/macs.2024.33776.1638,http://h-da.de/ml-ontology/image_regression,image regression,0.35193413496017456,1
10.22098/JOAPE.2023.13710.2049,http://h-da.de/ml-ontology/time_series_forecasting,time series forecasting,0.3743686378002167,1
10.22153/kej.2024.11.003,http://h-da.de/ml-ontology/binary_classification,binary classification,0.41368651390075684,1
10.22190/FUME210728071B,http://h-da.de/ml-ontology/feature_selection,feature selection,0.362692654132843,1
10.22266/ijies2020.1031.01,http://h-da.de/ml-ontology/regression,regression,0.421366810798645,1
10.22266/ijies2022.0430.42,http://h-da.de/ml-ontology/time_series_forecasting,time series forecasting,0.4209962487220764,1
10.22266/ijies2022.0831.33,http://h-da.de/ml-ontology/anomaly_detection,anomaly detection,0.39272022247314453,1
10.22266/ijies2023.0630.46,http://h-da.de/ml-ontology/regression,regression,0.4161214828491211,1
10.22266/ijies2023.1031.03,http://h-da.de/ml-ontology/image_classification,image classification,0.37560728192329407,1
10.22266/ijies2024.0430.10,http://h-da.de/ml-ontology/image_classification,image classification,0.5141141414642334,1
10.22266/ijies2024.1031.62,http://h-da.de/ml-ontology/sentiment_analysis,sentiment analysis,0.6303215622901917,1
10.22320/s0718221x/2024.46,http://h-da.de/ml-ontology/feature_extraction,feature extraction,0.4331548810005188,1
10.22364/bjmc.2024.12.4.03,http://h-da.de/ml-ontology/regression,regression,0.4292941689491272,1
10.22399/ijcesen.233,http://h-da.de/ml-ontology/classification,classification,0.4947474002838135,1
10.22489/CinC.2018.096,http://h-da.de/ml-ontology/image_regression,image regression,0.4407063126564026,1
10.2298/CICEQ0903175L,http://h-da.de/ml-ontology/feature_extraction,feature extraction,0.41239631175994873,1
10.2298/TSCI230402150M,http://h-da.de/ml-ontology/regression,regression,0.4410991370677948,1
10.2298/TSCI230718029Z,http://h-da.de/ml-ontology/feature_extraction,feature extraction,0.43273743987083435,1
10.2298/TSCI230726039Z,http://h-da.de/ml-ontology/feature_extraction,feature extraction,0.4295353889465332,1
10.2298/TSCI2404417Z,http://h-da.de/ml-ontology/feature_extraction,feature extraction,0.41121089458465576,1
10.2298/YJOR240915008S,http://h-da.de/ml-ontology/regression,regression,0.3616904616355896,1
10.23055/ijietap.2023.30.5.9009,http://h-da.de/ml-ontology/regression,regression,0.4930019974708557,1
10.2308/HORIZONS-19-125,http://h-da.de/ml-ontology/regression,regression,0.4204970598220825,1
10.2316/J.2024.206-0952,http://h-da.de/ml-ontology/image_classification,image classification,0.359752893447876,1
10.2345/1943-5967-56.2.58,http://h-da.de/ml-ontology/anomaly_detection,anomaly detection,0.46716439723968506,1
10.2351/7.0000526,http://h-da.de/ml-ontology/feature_extraction,feature extraction,0.40871068835258484,1
10.2351/7.0001414,http://h-da.de/ml-ontology/image_regression,image regression,0.38284730911254883,1
10.2351/7.0001773,http://h-da.de/ml-ontology/image_classification,image classification,0.4159281849861145,1
10.2352/EI.2023.35.1.VDA-404,http://h-da.de/ml-ontology/feature_extraction,feature extraction,0.4660566747188568,1
10.23762/FSO_VOL12_NO4_5,http://h-da.de/ml-ontology/time_series_forecasting,time series forecasting,0.373940646648407,1
10.23919/AADECA.2018.8577377,http://h-da.de/ml-ontology/binary_classification,binary classification,0.3521483540534973,1
10.23919/ACC.2018.8431901,http://h-da.de/ml-ontology/time_series_analysis,time series analysis,0.4475310444831848,1
10.23919/ACC50511.2021.9483103,http://h-da.de/ml-ontology/feature_extraction,feature extraction,0.3896079659461975,1
10.23919/ACC60939.2024.10644659,http://h-da.de/ml-ontology/time_series_forecasting,time series forecasting,0.3761194050312042,1
10.23919/ACC63710.2025.11107967,http://h-da.de/ml-ontology/feature_extraction,feature extraction,0.3683461546897888,1
10.23919/AEIT56783.2022.9951783,http://h-da.de/ml-ontology/image_classification,image classification,0.4081488847732544,1
10.23919/APNOMS52696.2021.9562578,http://h-da.de/ml-ontology/binary_classification,binary classification,0.4215574264526367,1
10.23919/CCC52363.2021.9549698,http://h-da.de/ml-ontology/feature_extraction,feature extraction,0.3807852864265442,1
10.23919/CCC52363.2021.9550230,http://h-da.de/ml-ontology/feature_extraction,feature extraction,0.4072030186653137,1
10.23919/CCC64809.2025.11179406,http://h-da.de/ml-ontology/time_series_classification,time series classification,0.41689759492874146,1
10.23919/CISTI49556.2020.9140440,http://h-da.de/ml-ontology/binary_classification,binary classification,0.3806684911251068,1
10.23919/CMD62064.2024.10766212,http://h-da.de/ml-ontology/image_classification,image classification,0.4681277275085449,1
10.23919/ChiCC.2018.8483446,http://h-da.de/ml-ontology/regression,regression,0.3527117967605591,1
10.23919/DATE51398.2021.9474133,http://h-da.de/ml-ontology/feature_extraction,feature extraction,0.4176321029663086,1
10.23919/DATE64628.2025.10992909,http://h-da.de/ml-ontology/image_regression,image regression,0.40373390913009644,1
10.23919/EATS52162.2021.9704856,http://h-da.de/ml-ontology/time_series_forecasting,time series forecasting,0.3935709595680237,1
10.23919/ECC.2019.8796111,http://h-da.de/ml-ontology/feature_extraction,feature extraction,0.4492684602737427,1
10.23919/ECC54610.2021.9655083,http://h-da.de/ml-ontology/binary_classification,binary classification,0.5261834263801575,1
10.23919/EMPC55870.2023.10418387,http://h-da.de/ml-ontology/feature_extraction,feature extraction,0.38743340969085693,1
10.23919/FUSION45008.2020.9190216,http://h-da.de/ml-ontology/time_series_forecasting,time series forecasting,0.40461382269859314,1
10.23919/FUSION45008.2020.9190236,http://h-da.de/ml-ontology/regression,regression,0.42040055990219116,1
10.23919/FUSION52260.2023.10224151,http://h-da.de/ml-ontology/action_recognition,action recognition,0.42501962184906006,1
10.23919/ICAC50006.2021.9594114,http://h-da.de/ml-ontology/anomaly_detection,anomaly detection,0.4060422480106354,1
10.23919/ICAC50006.2021.9594141,http://h-da.de/ml-ontology/feature_extraction,feature extraction,0.38087624311447144,1
10.23919/ICACT63878.2025.10936772,http://h-da.de/ml-ontology/feature_extraction,feature extraction,0.36611324548721313,1
10.23919/ICCAS52745.2021.9649784,http://h-da.de/ml-ontology/vertex_classification,vertex classification,0.4111146926879883,1
10.23919/INDIACom66777.2025.11115572,http://h-da.de/ml-ontology/anomaly_detection,anomaly detection,0.4914590120315552,1
10.23919/IST-Africa67297.2025.11060541,http://h-da.de/ml-ontology/binary_classification,binary classification,0.4192918539047241,1
10.23919/MIPRO48935.2020.9245213,http://h-da.de/ml-ontology/regression,regression,0.47287237644195557,1
10.23919/PanPacific65826.2025.10908927,http://h-da.de/ml-ontology/image_classification,image classification,0.46694618463516235,1
10.23919/eusipco63174.2024.10715367,http://h-da.de/ml-ontology/time_series_classification,time series classification,0.43786489963531494,1
10.23939/mmc2023.04.1023,http://h-da.de/ml-ontology/feature_extraction,feature extraction,0.4317455291748047,1
10.23940/ijpe.22.01.p5.3746,http://h-da.de/ml-ontology/feature_extraction,feature extraction,0.3929881155490875,1
10.23940/ijpe.22.10.p6.730-740,http://h-da.de/ml-ontology/feature_extraction,feature extraction,0.3681776523590088,1
10.23940/ijpe.25.08.p2.422428,http://h-da.de/ml-ontology/binary_classification,binary classification,0.5252019762992859,1
10.23940/ijpe.25.08.p3.429437,http://h-da.de/ml-ontology/anomaly_detection,anomaly detection,0.519745945930481,1
10.23967/wccm-eccomas.2020.144,http://h-da.de/ml-ontology/anomaly_detection,anomaly detection,0.4631448984146118,1
10.24132/JWSCG.2024.10,http://h-da.de/ml-ontology/anomaly_detection,anomaly detection,0.6402842998504639,1
10.24200/SCI.2019.50377.1667,http://h-da.de/ml-ontology/image_classification,image classification,0.45424145460128784,1
10.24200/sci.2022.58636.5825,http://h-da.de/ml-ontology/time_series_forecasting,time series forecasting,0.37029844522476196,1
10.24251/hicss.2025.081,http://h-da.de/ml-ontology/text_analytics,text analytics,0.397869348526001,1
10.24412/1932-2321-2021-264-176-187,http://h-da.de/ml-ontology/anomaly_detection,anomaly detection,0.5755233764648438,1
10.24412/1932-2321-2023-476-657-669,http://h-da.de/ml-ontology/binary_classification,binary classification,0.37591689825057983,1
10.24425/amm.2025.152503,http://h-da.de/ml-ontology/image_regression,image regression,0.3588252663612366,1
10.24425/bpasts.2020.131848,http://h-da.de/ml-ontology/tabular_classification,tabular classification,0.40016692876815796,1
10.24507/icicelb.13.06.639,http://h-da.de/ml-ontology/feature_extraction,feature extraction,0.4776191711425781,1
10.24507/ijicic.19.06.1953,http://h-da.de/ml-ontology/feature_extraction,feature extraction,0.3725624680519104,1
10.24507/ijicic.20.01.47,http://h-da.de/ml-ontology/sentiment_analysis,sentiment analysis,0.5602641105651855,1
10.2472/jsms.71.296,http://h-da.de/ml-ontology/anomaly_detection,anomaly detection,0.4815140962600708,1
10.2478/bsrj-2020-0014,http://h-da.de/ml-ontology/feature_extraction,feature extraction,0.38066136837005615,1
10.2478/jee-2024-0029,http://h-da.de/ml-ontology/time_series_forecasting,time series forecasting,0.4616089165210724,1
10.2478/msp-2023-0013,http://h-da.de/ml-ontology/image_classification,image classification,0.4364648163318634,1
10.2478/mspe-2024-0033,http://h-da.de/ml-ontology/classification,classification,0.3992478847503662,1
10.2478/mspe-2025-0007,http://h-da.de/ml-ontology/feature_selection,feature selection,0.4907680153846741,1
10.2478/s11532-012-0038-x,http://h-da.de/ml-ontology/image_regression,image regression,0.4283689856529236,1
10.24840/2183-6493_009-005_002156,http://h-da.de/ml-ontology/feature_reduction,feature reduction,0.39026015996932983,1
10.24846/v33i4y202402,http://h-da.de/ml-ontology/feature_extraction,feature extraction,0.3967181146144867,1
10.24867/GRID-2022-p89,http://h-da.de/ml-ontology/feature_extraction,feature extraction,0.4184653162956238,1
10.24867/IJIEM-382,http://h-da.de/ml-ontology/feature_extraction,feature extraction,0.3717641234397888,1
10.24868/11149,http://h-da.de/ml-ontology/time_series_classification,time series classification,0.4024396240711212,1
10.24874/PES.SI.01.007,http://h-da.de/ml-ontology/feature_extraction,feature extraction,0.421505331993103,1
10.24874/PES05.01.006,http://h-da.de/ml-ontology/feature_extraction,feature extraction,0.3877924978733063,1
10.24874/PES07.02A.017,http://h-da.de/ml-ontology/image_classification,image classification,0.42619967460632324,1
10.24874/ti.1749.09.24.12,http://h-da.de/ml-ontology/time_series_classification,time series classification,0.45984843373298645,1
10.24887/0028-2448-2019-12-128-131,http://h-da.de/ml-ontology/regression,regression,0.3530353903770447,1
10.24887/0028-2448-2021-1-72-76,http://h-da.de/ml-ontology/feature_extraction,feature extraction,0.3810989260673523,1
10.24887/0028-2448-2021-7-23-27,http://h-da.de/ml-ontology/regression,regression,0.4757121205329895,1
10.24887/0028-2448-2022-3-48-53,http://h-da.de/ml-ontology/feature_extraction,feature extraction,0.38453739881515503,1
10.24887/0028-2448-2023-12-74-78,http://h-da.de/ml-ontology/regression,regression,0.3946378827095032,1
10.2493/JJSPE.88.188,http://h-da.de/ml-ontology/image_classification,image classification,0.39519891142845154,1
10.2493/jjspe.90.662,http://h-da.de/ml-ontology/image_classification,image classification,0.5953694581985474,1
10.2493/jjspe.91.597,http://h-da.de/ml-ontology/anomaly_detection,anomaly detection,0.5290921926498413,1
10.2495/Intelsys130181,http://h-da.de/ml-ontology/association_rule_learning,association rule learning,0.39445340633392334,1
10.25018/0236_1493_2023_51_0_157,http://h-da.de/ml-ontology/regression,regression,0.42854151129722595,1
10.25103/jestr.166.11,http://h-da.de/ml-ontology/time_series_forecasting,time series forecasting,0.4355733394622803,1
10.25103/jestr.171.01,http://h-da.de/ml-ontology/time_series_forecasting,time series forecasting,0.4165646731853485,1
10.2514/1.I010971,http://h-da.de/ml-ontology/binary_classification,binary classification,0.45584118366241455,1
10.2514/1.J060979,http://h-da.de/ml-ontology/audio_regression,audio regression,0.35885217785835266,1
10.2514/6.2012-1362,http://h-da.de/ml-ontology/binary_classification,binary classification,0.3731529712677002,1
10.2514/6.2012-2423,http://h-da.de/ml-ontology/binary_classification,binary classification,0.3785857558250427,1
10.2514/6.2013-1941,http://h-da.de/ml-ontology/binary_classification,binary classification,0.44127875566482544,1
10.2514/6.2020-1911,http://h-da.de/ml-ontology/image_regression,image regression,0.40953055024147034,1
10.2514/6.2021-3284,http://h-da.de/ml-ontology/time_series_forecasting,time series forecasting,0.36546507477760315,1
10.2514/6.2021-4028,http://h-da.de/ml-ontology/binary_classification,binary classification,0.3889193534851074,1
10.2514/6.2022-3867,http://h-da.de/ml-ontology/time_series_forecasting,time series forecasting,0.43448930978775024,1
10.2514/6.2023-2344,http://h-da.de/ml-ontology/regression,regression,0.3781341016292572,1
10.2514/6.2024-0762,http://h-da.de/ml-ontology/feature_selection,feature selection,0.398082435131073,1
10.2514/6.2024-0783,http://h-da.de/ml-ontology/time_series_classification,time series classification,0.43758541345596313,1
10.2514/6.2024-1131,http://h-da.de/ml-ontology/feature_extraction,feature extraction,0.3955061435699463,1
10.2514/6.2024-4807,http://h-da.de/ml-ontology/time_series_classification,time series classification,0.42732471227645874,1
10.2514/6.2025-0710,http://h-da.de/ml-ontology/time_series_classification,time series classification,0.4031382203102112,1
10.2514/6.2025-0824,http://h-da.de/ml-ontology/image_classification,image classification,0.38682806491851807,1
10.25165/j.ijabe.20241706.8783,http://h-da.de/ml-ontology/image_classification,image classification,0.40239059925079346,1
10.2523/IPTC-21350-MS,http://h-da.de/ml-ontology/regression,regression,0.4239935874938965,1
10.2523/IPTC-21364-MS,http://h-da.de/ml-ontology/feature_extraction,feature extraction,0.4200376868247986,1
10.2523/IPTC-21493-MS,http://h-da.de/ml-ontology/feature_extraction,feature extraction,0.45465365052223206,1
10.2523/IPTC-22055-MS,http://h-da.de/ml-ontology/feature_extraction,feature extraction,0.36430665850639343,1
10.2523/IPTC-22153-MS,http://h-da.de/ml-ontology/feature_extraction,feature extraction,0.38876014947891235,1
10.2523/IPTC-23411-MS,http://h-da.de/ml-ontology/feature_extraction,feature extraction,0.3638365864753723,1
10.2523/IPTC-23669-MS,http://h-da.de/ml-ontology/feature_extraction,feature extraction,0.3955080509185791,1
10.2523/IPTC-23759-MS,http://h-da.de/ml-ontology/feature_extraction,feature extraction,0.3948360085487366,1
10.2523/IPTC-24210-MS,http://h-da.de/ml-ontology/time_series_classification,time series classification,0.4564913511276245,1
10.2523/IPTC-24308-MS,http://h-da.de/ml-ontology/time_series_forecasting,time series forecasting,0.42001086473464966,1
10.2523/IPTC-24492-EA,http://h-da.de/ml-ontology/feature_extraction,feature extraction,0.3929165005683899,1
10.2523/IPTC-24850-MS,http://h-da.de/ml-ontology/feature_extraction,feature extraction,0.3895239233970642,1
10.2523/IPTC-25039-MS,http://h-da.de/ml-ontology/feature_extraction,feature extraction,0.3532390594482422,1
10.2523/iptc-19864-abstract,http://h-da.de/ml-ontology/time_series_classification,time series classification,0.4373287558555603,1
10.2523/iptc-19992-ms,http://h-da.de/ml-ontology/feature_extraction,feature extraction,0.39064058661460876,1
10.2523/iptc-20185-ms,http://h-da.de/ml-ontology/regression,regression,0.3614960312843323,1
10.2523/iptc-20344-ms,http://h-da.de/ml-ontology/association_rule_learning,association rule learning,0.3687899708747864,1
10.26555/ijain.v8i3.951,http://h-da.de/ml-ontology/image_classification,image classification,0.4281603693962097,1
10.26583/npe.2020.3.14,http://h-da.de/ml-ontology/anomaly_detection,anomaly detection,0.42798125743865967,1
10.26599/BDMA.2022.9020032,http://h-da.de/ml-ontology/anomaly_detection,anomaly detection,0.4142974019050598,1
10.26782/jmcms.2020.09.00010,http://h-da.de/ml-ontology/image_classification,image classification,0.40517735481262207,1
10.26848/rbgf.v17.3.p1434-1456,http://h-da.de/ml-ontology/regression,regression,0.5037452578544617,1
10.28924/2291-8639-23-2025-183,http://h-da.de/ml-ontology/regression,regression,0.4362902045249939,1
10.28991/ESJ-2023-07-04-02,http://h-da.de/ml-ontology/regression,regression,0.42493438720703125,1
10.28991/HEF-2022-03-03-01,http://h-da.de/ml-ontology/regression,regression,0.404957115650177,1
10.28999/2541-9595-2021-11-6-660-695,http://h-da.de/ml-ontology/feature_extraction,feature extraction,0.4016110897064209,1
10.29207/resti.v8i5.5990,http://h-da.de/ml-ontology/time_series_forecasting,time series forecasting,0.43520301580429077,1
10.29207/resti.v8i6.6049,http://h-da.de/ml-ontology/image_classification,image classification,0.39826393127441406,1
10.29284/ijasis.7.2.2021.40-48,http://h-da.de/ml-ontology/image_classification,image classification,0.5987429618835449,1
10.2991/ijcis.11.1.64,http://h-da.de/ml-ontology/feature_extraction,feature extraction,0.4188769459724426,1
10.30521/jes.1549293,http://h-da.de/ml-ontology/regression,regression,0.41541528701782227,1
10.30955/gnj.004560,http://h-da.de/ml-ontology/feature_extraction,feature extraction,0.3619697690010071,1
10.3103/S014641162204006X,http://h-da.de/ml-ontology/feature_extraction,feature extraction,0.39832669496536255,1
10.3103/S014641162470113X,http://h-da.de/ml-ontology/time_series_classification,time series classification,0.36861568689346313,1
10.3103/S0146411624701153,http://h-da.de/ml-ontology/feature_extraction,feature extraction,0.42155396938323975,1
10.3103/S096709121910005X,http://h-da.de/ml-ontology/regression,regression,0.39754754304885864,1
10.3103/S1052618822050041,http://h-da.de/ml-ontology/image_classification,image classification,0.45813217759132385,1
10.3103/S1068798X24703143,http://h-da.de/ml-ontology/tabular_classification,tabular classification,0.37831422686576843,1
10.3103/S8756699020060023,http://h-da.de/ml-ontology/time_series_classification,time series classification,0.45757925510406494,1
10.31087/0016-7894-2021-2-37-45,http://h-da.de/ml-ontology/feature_extraction,feature extraction,0.38273751735687256,1
10.31087/0016-7894-2021-3-123-136,http://h-da.de/ml-ontology/image_classification,image classification,0.3858940601348877,1
10.31127/tuje.1682299,http://h-da.de/ml-ontology/feature_selection,feature selection,0.4049581289291382,1
10.31181/dmame8120251463,http://h-da.de/ml-ontology/binary_classification,binary classification,0.4453533887863159,1
10.31181/dmame8220251514,http://h-da.de/ml-ontology/binary_classification,binary classification,0.3682096004486084,1
10.31181/rme444,http://h-da.de/ml-ontology/tabular_classification,tabular classification,0.37274086475372314,1
10.31202/ecjse.1580430,http://h-da.de/ml-ontology/image_classification,image classification,0.4094814360141754,1
10.3130/aijt.30.1606,http://h-da.de/ml-ontology/regression,regression,0.4277244210243225,1
10.3139/104.112177,http://h-da.de/ml-ontology/feature_extraction,feature extraction,0.41108959913253784,1
10.3139/O999.02052018,http://h-da.de/ml-ontology/anomaly_detection,anomaly detection,0.5461677312850952,1
10.31399/asm.cp.istfa2022p0043,http://h-da.de/ml-ontology/image_classification,image classification,0.3929256796836853,1
10.31449/inf.v48i12.5762,http://h-da.de/ml-ontology/image_classification,image classification,0.39493733644485474,1
10.31449/inf.v48i14.5800,http://h-da.de/ml-ontology/feature_selection,feature selection,0.37529456615448,1
10.31449/inf.v48i20.6255,http://h-da.de/ml-ontology/recommendation,recommendation,0.39283353090286255,1
10.31449/inf.v48i7.5726,http://h-da.de/ml-ontology/time_series_classification,time series classification,0.4451523423194885,1
10.31449/inf.v49i20.8371,http://h-da.de/ml-ontology/binary_classification,binary classification,0.3601907789707184,1
10.31449/inf.v49i30.8084,http://h-da.de/ml-ontology/link_prediction,link prediction,0.36545854806900024,1
10.3168/jds.2024-25889,http://h-da.de/ml-ontology/anomaly_detection,anomaly detection,0.3692324161529541,1
10.31763/ijrcs.v4i3.1260,http://h-da.de/ml-ontology/anomaly_detection,anomaly detection,0.5185171365737915,1
10.31803/tg-20240925082150,http://h-da.de/ml-ontology/image_classification,image classification,0.4749757647514343,1
10.3182/20020721-6-es-1901.00768,http://h-da.de/ml-ontology/image_classification,image classification,0.4309263825416565,1
10.3182/20020721-6-es-1901.01644,http://h-da.de/ml-ontology/binary_classification,binary classification,0.37554115056991577,1
10.3182/20050703-6-cz-1902.01510,http://h-da.de/ml-ontology/feature_extraction,feature extraction,0.4249337315559387,1
10.3182/20070821-3-ca-2919.00014,http://h-da.de/ml-ontology/binary_classification,binary classification,0.4995909333229065,1
10.3182/20090603-3-RU-2001.0466,http://h-da.de/ml-ontology/association_rule_learning,association rule learning,0.49398094415664673,1
10.31893/multirev.2026127,http://h-da.de/ml-ontology/regression,regression,0.4551974833011627,1
10.31893/multiscience.2023ss0107,http://h-da.de/ml-ontology/feature_extraction,feature extraction,0.4385714530944824,1
10.31893/multiscience.2023ss0314,http://h-da.de/ml-ontology/time_series_classification,time series classification,0.4717782735824585,1
10.31893/multiscience.2024168,http://h-da.de/ml-ontology/regression,regression,0.4643408954143524,1
10.32014/2025.2518-170X.479,http://h-da.de/ml-ontology/feature_extraction,feature extraction,0.4075523316860199,1
10.3233/978-1-61499-902-7-63,http://h-da.de/ml-ontology/image_classification,image classification,0.5913841724395752,1
10.3233/ATDE190127,http://h-da.de/ml-ontology/recommendation,recommendation,0.3605882525444031,1
10.3233/ATDE190159,http://h-da.de/ml-ontology/time_series_classification,time series classification,0.43229568004608154,1
10.3233/ATDE210065,http://h-da.de/ml-ontology/binary_classification,binary classification,0.5349586009979248,1
10.3233/ATDE220148,http://h-da.de/ml-ontology/binary_classification,binary classification,0.46491342782974243,1
10.3233/ATDE220601,http://h-da.de/ml-ontology/regression,regression,0.4616975784301758,1
10.3233/ATDE230636,http://h-da.de/ml-ontology/feature_extraction,feature extraction,0.4039508104324341,1
10.3233/ATDE230678,http://h-da.de/ml-ontology/object_detection,object detection,0.4346380829811096,1
10.3233/ATDE240865,http://h-da.de/ml-ontology/feature_extraction,feature extraction,0.388838529586792,1
10.3233/ATDE241363,http://h-da.de/ml-ontology/feature_selection,feature selection,0.3543541133403778,1
10.3233/ATDE250122,http://h-da.de/ml-ontology/regression,regression,0.4558982253074646,1
10.3233/FAIA240403,http://h-da.de/ml-ontology/feature_extraction,feature extraction,0.3965970277786255,1
10.3233/FAIA240407,http://h-da.de/ml-ontology/time_series_classification,time series classification,0.4366258680820465,1
10.3233/FAIA241096,http://h-da.de/ml-ontology/classification,classification,0.4104275703430176,1
10.3233/FAIA241306,http://h-da.de/ml-ontology/feature_selection,feature selection,0.4222676753997803,1
10.3233/FAIA241420,http://h-da.de/ml-ontology/association_rule_learning,association rule learning,0.38724374771118164,1
10.3233/IDA-230994,http://h-da.de/ml-ontology/time_series_classification,time series classification,0.39936935901641846,1
10.3233/JIFS-179217,http://h-da.de/ml-ontology/association_rule_learning,association rule learning,0.37456387281417847,1
10.3233/JIFS-189755,http://h-da.de/ml-ontology/anomaly_detection,anomaly detection,0.37189608812332153,1
10.3233/JIFS-210595,http://h-da.de/ml-ontology/image_classification,image classification,0.4479403793811798,1
10.3233/JIFS-212087,http://h-da.de/ml-ontology/regression,regression,0.3541161119937897,1
10.3233/JIFS-220012,http://h-da.de/ml-ontology/anomaly_detection,anomaly detection,0.3799930214881897,1
10.3233/JIFS-220636,http://h-da.de/ml-ontology/recommendation,recommendation,0.3940013349056244,1
10.3233/JIFS-222656,http://h-da.de/ml-ontology/sentiment_analysis,sentiment analysis,0.4049783945083618,1
10.3233/JIFS-231948,http://h-da.de/ml-ontology/image_classification,image classification,0.38663265109062195,1
10.3233/JIFS-232712,http://h-da.de/ml-ontology/binary_classification,binary classification,0.4363366961479187,1
10.3233/JIFS-233602,http://h-da.de/ml-ontology/time_series_classification,time series classification,0.40997081995010376,1
10.32479/ijeep.17766,http://h-da.de/ml-ontology/regression,regression,0.3664586544036865,1
10.32548/2022.me-04230,http://h-da.de/ml-ontology/image_classification,image classification,0.4251840114593506,1
10.32548/2024.me-04425,http://h-da.de/ml-ontology/time_series_classification,time series classification,0.37662336230278015,1
10.32548/2024.me-04439,http://h-da.de/ml-ontology/image_classification,image classification,0.3574686646461487,1
10.32604/cmc.2022.019135,http://h-da.de/ml-ontology/regression,regression,0.5308014750480652,1
10.32604/cmc.2022.022215,http://h-da.de/ml-ontology/image_classification,image classification,0.40651753544807434,1
10.32604/cmc.2022.030895,http://h-da.de/ml-ontology/anomaly_detection,anomaly detection,0.4740064740180969,1
10.32604/cmc.2023.031949,http://h-da.de/ml-ontology/image_classification,image classification,0.5404667854309082,1
10.32604/cmc.2023.033417,http://h-da.de/ml-ontology/image_classification,image classification,0.47511398792266846,1
10.32604/cmc.2024.046897,http://h-da.de/ml-ontology/sentiment_analysis,sentiment analysis,0.6377485990524292,1
10.32604/cmc.2024.056542,http://h-da.de/ml-ontology/feature_extraction,feature extraction,0.3828735053539276,1
10.32604/cmc.2025.060881,http://h-da.de/ml-ontology/feature_extraction,feature extraction,0.39241236448287964,1
10.32604/cmc.2025.060935,http://h-da.de/ml-ontology/feature_extraction,feature extraction,0.3782765865325928,1
10.32604/cmc.2025.063562,http://h-da.de/ml-ontology/feature_extraction,feature extraction,0.3970566391944885,1
10.32604/cmc.2025.064090,http://h-da.de/ml-ontology/time_series_classification,time series classification,0.424022912979126,1
10.32604/cmes.2022.020350,http://h-da.de/ml-ontology/audio_regression,audio regression,0.38519179821014404,1
10.32604/cmes.2023.026860,http://h-da.de/ml-ontology/feature_extraction,feature extraction,0.3646854758262634,1
10.32604/cmes.2025.065461,http://h-da.de/ml-ontology/feature_extraction,feature extraction,0.4468681216239929,1
10.32604/csse.2023.028083,http://h-da.de/ml-ontology/binary_classification,binary classification,0.42818117141723633,1
10.32604/csse.2023.033596,http://h-da.de/ml-ontology/classification,classification,0.4635317325592041,1
10.32604/csse.2023.034095,http://h-da.de/ml-ontology/anomaly_detection,anomaly detection,0.38051241636276245,1
10.32604/ee.2022.019556,http://h-da.de/ml-ontology/feature_extraction,feature extraction,0.3599942922592163,1
10.32604/iasc.2021.018983,http://h-da.de/ml-ontology/association_rule_learning,association rule learning,0.3691650629043579,1
10.32604/iasc.2023.037823,http://h-da.de/ml-ontology/regression,regression,0.3879985809326172,1
10.32604/iasc.2025.058976,http://h-da.de/ml-ontology/sentiment_analysis,sentiment analysis,0.4641195237636566,1
10.32604/sdhm.2021.016975,http://h-da.de/ml-ontology/time_series_classification,time series classification,0.5039787292480469,1
10.32629/jai.v7i1.1124,http://h-da.de/ml-ontology/feature_extraction,feature extraction,0.37924933433532715,1
10.32964/TJ23.8.407,http://h-da.de/ml-ontology/feature_extraction,feature extraction,0.3764193654060364,1
10.3303/CET2188075,http://h-da.de/ml-ontology/binary_classification,binary classification,0.37881773710250854,1
10.3303/CET23103108,http://h-da.de/ml-ontology/feature_extraction,feature extraction,0.4020951986312866,1
10.3303/CET24114098,http://h-da.de/ml-ontology/feature_extraction,feature extraction,0.38144779205322266,1
10.3311/PPme.21320,http://h-da.de/ml-ontology/binary_classification,binary classification,0.4120520353317261,1
10.3311/PPme.22302,http://h-da.de/ml-ontology/regression,regression,0.463715136051178,1
10.33313/380/214,http://h-da.de/ml-ontology/image_classification,image classification,0.39871254563331604,1
10.33313/386/080,http://h-da.de/ml-ontology/feature_extraction,feature extraction,0.42606306076049805,1
10.33313/389/032,http://h-da.de/ml-ontology/regression,regression,0.367220401763916,1
10.33462/jotaf.1300122,http://h-da.de/ml-ontology/regression,regression,0.5628228187561035,1
10.3354/meps13912,http://h-da.de/ml-ontology/audio_regression,audio regression,0.45685911178588867,1
10.33599/nasampe/s.25.0260,http://h-da.de/ml-ontology/anomaly_detection,anomaly detection,0.44512033462524414,1
10.3389/fams.2021.651178,http://h-da.de/ml-ontology/feature_extraction,feature extraction,0.41769862174987793,1
10.3389/fbioe.2020.00851,http://h-da.de/ml-ontology/feature_extraction,feature extraction,0.3718731701374054,1
10.3389/fbioe.2022.935481,http://h-da.de/ml-ontology/binary_classification,binary classification,0.4207361936569214,1
10.3389/fbioe.2024.1228846,http://h-da.de/ml-ontology/feature_extraction,feature extraction,0.3802514970302582,1
10.3389/fceng.2023.1227620,http://h-da.de/ml-ontology/feature_extraction,feature extraction,0.384396493434906,1
10.3389/fcimb.2025.1536156,http://h-da.de/ml-ontology/feature_extraction,feature extraction,0.3607127070426941,1
10.3389/fclim.2024.1505268,http://h-da.de/ml-ontology/feature_extraction,feature extraction,0.3813745975494385,1
10.3389/fcomm.2023.1075654,http://h-da.de/ml-ontology/community_detection,community detection,0.381721556186676,1
10.3389/fenrg.2021.763977,http://h-da.de/ml-ontology/feature_extraction,feature extraction,0.3614322543144226,1
10.3389/fenrg.2023.1122638,http://h-da.de/ml-ontology/feature_extraction,feature extraction,0.36642202734947205,1
10.3389/fenrg.2023.1221006,http://h-da.de/ml-ontology/time_series_forecasting,time series forecasting,0.3708515763282776,1
10.3389/fenrg.2025.1569716,http://h-da.de/ml-ontology/feature_extraction,feature extraction,0.3806881904602051,1
10.3389/fmats.2024.1377941,http://h-da.de/ml-ontology/binary_classification,binary classification,0.4390777349472046,1
10.3389/fmech.2021.767444,http://h-da.de/ml-ontology/image_classification,image classification,0.4254293441772461,1
10.3389/fmech.2024.1383202,http://h-da.de/ml-ontology/binary_classification,binary classification,0.43443459272384644,1
10.3389/fmech.2025.1608067,http://h-da.de/ml-ontology/audio_regression,audio regression,0.47819197177886963,1
10.3389/fnbot.2020.616775,http://h-da.de/ml-ontology/object_detection,object detection,0.4237935245037079,1
10.3389/fneur.2018.00975,http://h-da.de/ml-ontology/audio_classification,audio classification,0.4153154790401459,1
10.3389/fnins.2022.858377,http://h-da.de/ml-ontology/audio_regression,audio regression,0.3643950819969177,1
10.3389/fnins.2022.999029,http://h-da.de/ml-ontology/time_series_classification,time series classification,0.4005662798881531,1
10.3389/fphy.2023.1112218,http://h-da.de/ml-ontology/image_regression,image regression,0.3844674229621887,1
10.3389/fphy.2024.1439180,http://h-da.de/ml-ontology/time_series_forecasting,time series forecasting,0.42103812098503113,1
10.3389/fpls.2023.1114852,http://h-da.de/ml-ontology/image_regression,image regression,0.4459744095802307,1
10.3389/fpls.2024.1434163,http://h-da.de/ml-ontology/image_classification,image classification,0.38742852210998535,1
10.3389/frai.2020.00028,http://h-da.de/ml-ontology/image_regression,image regression,0.39885273575782776,1
10.3389/frai.2022.744755,http://h-da.de/ml-ontology/feature_extraction,feature extraction,0.3635486960411072,1
10.3389/frai.2022.938641,http://h-da.de/ml-ontology/feature_extraction,feature extraction,0.3837331533432007,1
10.3389/frobt.2020.573096,http://h-da.de/ml-ontology/action_recognition,action recognition,0.4355100989341736,1
10.3389/fsoil.2025.1661097,http://h-da.de/ml-ontology/tabular_regression,tabular regression,0.3835192322731018,1
10.3389/fsufs.2025.1613616,http://h-da.de/ml-ontology/time_series_forecasting,time series forecasting,0.37890660762786865,1
10.3389/fvets.2024.1493403,http://h-da.de/ml-ontology/feature_extraction,feature extraction,0.36536312103271484,1
10.3389/fvets.2025.1517173,http://h-da.de/ml-ontology/classification,classification,0.35515254735946655,1
10.3390/A13090219,http://h-da.de/ml-ontology/association_rule_learning,association rule learning,0.466949999332428,1
10.3390/AEROSPACE7090132,http://h-da.de/ml-ontology/feature_extraction,feature extraction,0.44587886333465576,1
10.3390/APP10082680,http://h-da.de/ml-ontology/audio_regression,audio regression,0.42035967111587524,1
10.3390/APP10082820,http://h-da.de/ml-ontology/image_classification,image classification,0.39585810899734497,1
10.3390/INFO11040202,http://h-da.de/ml-ontology/time_series_classification,time series classification,0.3790886104106903,1
10.3390/JMMP4030088,http://h-da.de/ml-ontology/time_series_classification,time series classification,0.5398553609848022,1
10.3390/LUBRICANTS9090086,http://h-da.de/ml-ontology/feature_extraction,feature extraction,0.37273287773132324,1
10.3390/PR8030371,http://h-da.de/ml-ontology/feature_extraction,feature extraction,0.37628692388534546,1
10.3390/SYM12040669,http://h-da.de/ml-ontology/feature_extraction,feature extraction,0.3869689404964447,1
10.3390/a13110274,http://h-da.de/ml-ontology/time_series_forecasting,time series forecasting,0.35301995277404785,1
10.3390/a14060188,http://h-da.de/ml-ontology/action_recognition,action recognition,0.40329837799072266,1
10.3390/a14100299,http://h-da.de/ml-ontology/regression,regression,0.40724822878837585,1
10.3390/a15060199,http://h-da.de/ml-ontology/feature_selection,feature selection,0.3797984719276428,1
10.3390/a15060212,http://h-da.de/ml-ontology/time_series_classification,time series classification,0.4236021041870117,1
10.3390/a17080354,http://h-da.de/ml-ontology/feature_extraction,feature extraction,0.37587684392929077,1
10.3390/a18040231,http://h-da.de/ml-ontology/binary_classification,binary classification,0.3572787642478943,1
10.3390/a18080521,http://h-da.de/ml-ontology/binary_classification,binary classification,0.46746623516082764,1
10.3390/act11030067,http://h-da.de/ml-ontology/feature_extraction,feature extraction,0.35934486985206604,1
10.3390/act12040158,http://h-da.de/ml-ontology/feature_extraction,feature extraction,0.47421032190322876,1
10.3390/act13120514,http://h-da.de/ml-ontology/binary_classification,binary classification,0.3946536183357239,1
10.3390/act14080410,http://h-da.de/ml-ontology/feature_extraction,feature extraction,0.44389617443084717,1
10.3390/aerospace10010010,http://h-da.de/ml-ontology/feature_extraction,feature extraction,0.4272189736366272,1
10.3390/aerospace10080715,http://h-da.de/ml-ontology/feature_extraction,feature extraction,0.3875585198402405,1
10.3390/aerospace10120984,http://h-da.de/ml-ontology/anomaly_detection,anomaly detection,0.4142609238624573,1
10.3390/aerospace11040300,http://h-da.de/ml-ontology/binary_classification,binary classification,0.455766499042511,1
10.3390/aerospace11090708,http://h-da.de/ml-ontology/feature_extraction,feature extraction,0.3731636703014374,1
10.3390/aerospace12070602,http://h-da.de/ml-ontology/audio_regression,audio regression,0.3858354985713959,1
10.3390/aerospace6110117,http://h-da.de/ml-ontology/anomaly_detection,anomaly detection,0.5670768022537231,1
10.3390/aerospace8040103,http://h-da.de/ml-ontology/anomaly_detection,anomaly detection,0.5259073972702026,1
10.3390/agriculture12070933,http://h-da.de/ml-ontology/regression,regression,0.3726009726524353,1
10.3390/agriculture12071006,http://h-da.de/ml-ontology/feature_selection,feature selection,0.4005446434020996,1
10.3390/agriculture13051088,http://h-da.de/ml-ontology/feature_extraction,feature extraction,0.3531891405582428,1
10.3390/agriculture14020316,http://h-da.de/ml-ontology/regression,regression,0.45879480242729187,1
10.3390/agriculture14112084,http://h-da.de/ml-ontology/feature_extraction,feature extraction,0.4048102796077728,1
10.3390/agriculture15010082,http://h-da.de/ml-ontology/time_series_classification,time series classification,0.38608211278915405,1
10.3390/agriculture15121257,http://h-da.de/ml-ontology/image_regression,image regression,0.35375040769577026,1
10.3390/agriengineering3020012,http://h-da.de/ml-ontology/regression,regression,0.467462956905365,1
10.3390/agriengineering4020030,http://h-da.de/ml-ontology/regression,regression,0.47832363843917847,1
10.3390/agriengineering5040125,http://h-da.de/ml-ontology/image_regression,image regression,0.38966238498687744,1
10.3390/agriengineering6030155,http://h-da.de/ml-ontology/feature_extraction,feature extraction,0.35219070315361023,1
10.3390/agriengineering7040097,http://h-da.de/ml-ontology/regression,regression,0.35347774624824524,1
10.3390/agriengineering7040118,http://h-da.de/ml-ontology/feature_extraction,feature extraction,0.3970458209514618,1
10.3390/agriengineering7060187,http://h-da.de/ml-ontology/regression,regression,0.39825865626335144,1
10.3390/agronomy11122502,http://h-da.de/ml-ontology/regression,regression,0.43845635652542114,1
10.3390/agronomy12030656,http://h-da.de/ml-ontology/regression,regression,0.39793074131011963,1
10.3390/agronomy12040799,http://h-da.de/ml-ontology/regression,regression,0.39279282093048096,1
10.3390/agronomy12092133,http://h-da.de/ml-ontology/regression,regression,0.4546983540058136,1
10.3390/agronomy12123194,http://h-da.de/ml-ontology/regression,regression,0.39756661653518677,1
10.3390/agronomy14061313,http://h-da.de/ml-ontology/image_regression,image regression,0.38757461309432983,1
10.3390/agronomy14092130,http://h-da.de/ml-ontology/regression,regression,0.3995269536972046,1
10.3390/agronomy15071530,http://h-da.de/ml-ontology/feature_extraction,feature extraction,0.3784869313240051,1
10.3390/agronomy9040203,http://h-da.de/ml-ontology/image_regression,image regression,0.40546706318855286,1
10.3390/ai3020032,http://h-da.de/ml-ontology/feature_extraction,feature extraction,0.4091600477695465,1
10.3390/ai5040087,http://h-da.de/ml-ontology/image_classification,image classification,0.4242621660232544,1
10.3390/analytics3040028,http://h-da.de/ml-ontology/image_classification,image classification,0.4219263195991516,1
10.3390/ani13010165,http://h-da.de/ml-ontology/regression,regression,0.40064167976379395,1
10.3390/ani14020289,http://h-da.de/ml-ontology/tabular_regression,tabular regression,0.3588925004005432,1
10.3390/ani14182724,http://h-da.de/ml-ontology/regression,regression,0.35933786630630493,1
10.3390/ani15091291,http://h-da.de/ml-ontology/regression,regression,0.402309387922287,1
10.3390/ani15121773,http://h-da.de/ml-ontology/regression,regression,0.40629976987838745,1
10.3390/app10010368,http://h-da.de/ml-ontology/binary_classification,binary classification,0.44318896532058716,1
10.3390/app10030829,http://h-da.de/ml-ontology/regression,regression,0.4333307147026062,1
10.3390/app10196856,http://h-da.de/ml-ontology/image_classification,image classification,0.4251857399940491,1
10.3390/app10207298,http://h-da.de/ml-ontology/feature_extraction,feature extraction,0.41696420311927795,1
10.3390/app11010013,http://h-da.de/ml-ontology/image_classification,image classification,0.41248881816864014,1
10.3390/app11062546,http://h-da.de/ml-ontology/time_series_classification,time series classification,0.4255879819393158,1
10.3390/app11083535,http://h-da.de/ml-ontology/feature_extraction,feature extraction,0.37281984090805054,1
10.3390/app11146546,http://h-da.de/ml-ontology/feature_extraction,feature extraction,0.35467296838760376,1
10.3390/app11156832,http://h-da.de/ml-ontology/binary_classification,binary classification,0.4140021502971649,1
10.3390/app11178184,http://h-da.de/ml-ontology/binary_classification,binary classification,0.4195966422557831,1
10.3390/app11198967,http://h-da.de/ml-ontology/feature_extraction,feature extraction,0.4074810743331909,1
10.3390/app11209769,http://h-da.de/ml-ontology/image_classification,image classification,0.4977548122406006,1
10.3390/app112110105,http://h-da.de/ml-ontology/regression,regression,0.3735073208808899,1
10.3390/app112210897,http://h-da.de/ml-ontology/feature_extraction,feature extraction,0.39946362376213074,1
10.3390/app112411820,http://h-da.de/ml-ontology/regression,regression,0.3801857531070709,1
10.3390/app12010023,http://h-da.de/ml-ontology/feature_extraction,feature extraction,0.3809395730495453,1
10.3390/app12020787,http://h-da.de/ml-ontology/time_series_classification,time series classification,0.4360700249671936,1
10.3390/app12042192,http://h-da.de/ml-ontology/feature_extraction,feature extraction,0.3701484799385071,1
10.3390/app12052287,http://h-da.de/ml-ontology/time_series_classification,time series classification,0.49588635563850403,1
10.3390/app12052380,http://h-da.de/ml-ontology/time_series_forecasting,time series forecasting,0.46653586626052856,1
10.3390/app12094136,http://h-da.de/ml-ontology/time_series_classification,time series classification,0.4694609045982361,1
10.3390/app12094252,http://h-da.de/ml-ontology/image_regression,image regression,0.41064056754112244,1
10.3390/app12104931,http://h-da.de/ml-ontology/anomaly_detection,anomaly detection,0.4692399799823761,1
10.3390/app12105238,http://h-da.de/ml-ontology/feature_extraction,feature extraction,0.46547961235046387,1
10.3390/app12136390,http://h-da.de/ml-ontology/feature_extraction,feature extraction,0.3724825978279114,1
10.3390/app12136569,http://h-da.de/ml-ontology/image_classification,image classification,0.4141450524330139,1
10.3390/app12147271,http://h-da.de/ml-ontology/image_regression,image regression,0.3768500089645386,1
10.3390/app12157757,http://h-da.de/ml-ontology/regression,regression,0.44494330883026123,1
10.3390/app12168003,http://h-da.de/ml-ontology/image_classification,image classification,0.43202096223831177,1
10.3390/app12178753,http://h-da.de/ml-ontology/feature_extraction,feature extraction,0.4469411373138428,1
10.3390/app12188974,http://h-da.de/ml-ontology/feature_extraction,feature extraction,0.3983384370803833,1
10.3390/app122412914,http://h-da.de/ml-ontology/feature_extraction,feature extraction,0.3705224096775055,1
10.3390/app13031790,http://h-da.de/ml-ontology/binary_classification,binary classification,0.3645479679107666,1
10.3390/app13042660,http://h-da.de/ml-ontology/feature_selection,feature selection,0.4512137770652771,1
10.3390/app13063479,http://h-da.de/ml-ontology/feature_extraction,feature extraction,0.4033015966415405,1
10.3390/app13063725,http://h-da.de/ml-ontology/anomaly_detection,anomaly detection,0.5095097422599792,1
10.3390/app13064056,http://h-da.de/ml-ontology/text_analytics,text analytics,0.4106983542442322,1
10.3390/app13074136,http://h-da.de/ml-ontology/feature_extraction,feature extraction,0.39827150106430054,1
10.3390/app13074558,http://h-da.de/ml-ontology/feature_extraction,feature extraction,0.39707252383232117,1
10.3390/app13074646,http://h-da.de/ml-ontology/feature_extraction,feature extraction,0.41575872898101807,1
10.3390/app13137415,http://h-da.de/ml-ontology/regression,regression,0.38920900225639343,1
10.3390/app13137660,http://h-da.de/ml-ontology/regression,regression,0.3849618434906006,1
10.3390/app13137775,http://h-da.de/ml-ontology/time_series_forecasting,time series forecasting,0.4572862982749939,1
10.3390/app13137829,http://h-da.de/ml-ontology/regression,regression,0.45579397678375244,1
10.3390/app13148087,http://h-da.de/ml-ontology/image_classification,image classification,0.37651512026786804,1
10.3390/app131810129,http://h-da.de/ml-ontology/image_classification,image classification,0.4215433597564697,1
10.3390/app131911027,http://h-da.de/ml-ontology/image_regression,image regression,0.3920714557170868,1
10.3390/app132111841,http://h-da.de/ml-ontology/tabular_regression,tabular regression,0.4158375859260559,1
10.3390/app132111893,http://h-da.de/ml-ontology/feature_extraction,feature extraction,0.4044044315814972,1
10.3390/app132312697,http://h-da.de/ml-ontology/regression,regression,0.3927117586135864,1
10.3390/app132312778,http://h-da.de/ml-ontology/association_rule_learning,association rule learning,0.43942201137542725,1
10.3390/app14010267,http://h-da.de/ml-ontology/time_series_classification,time series classification,0.42466506361961365,1
10.3390/app14020787,http://h-da.de/ml-ontology/feature_extraction,feature extraction,0.416692852973938,1
10.3390/app14052046,http://h-da.de/ml-ontology/image_regression,image regression,0.42043808102607727,1
10.3390/app14073130,http://h-da.de/ml-ontology/regression,regression,0.38860249519348145,1
10.3390/app14083269,http://h-da.de/ml-ontology/time_series_classification,time series classification,0.3788267970085144,1
10.3390/app14083337,http://h-da.de/ml-ontology/feature_extraction,feature extraction,0.4418042302131653,1
10.3390/app14114426,http://h-da.de/ml-ontology/regression,regression,0.3871179223060608,1
10.3390/app14114551,http://h-da.de/ml-ontology/time_series_classification,time series classification,0.4634215235710144,1
10.3390/app14114899,http://h-da.de/ml-ontology/binary_classification,binary classification,0.41896334290504456,1
10.3390/app14124978,http://h-da.de/ml-ontology/image_classification,image classification,0.4601227045059204,1
10.3390/app14135454,http://h-da.de/ml-ontology/binary_classification,binary classification,0.3852871060371399,1
10.3390/app14135913,http://h-da.de/ml-ontology/feature_extraction,feature extraction,0.46831536293029785,1
10.3390/app14156763,http://h-da.de/ml-ontology/regression,regression,0.4048614203929901,1
10.3390/app14167009,http://h-da.de/ml-ontology/tabular_regression,tabular regression,0.4083627462387085,1
10.3390/app14167183,http://h-da.de/ml-ontology/time_series_classification,time series classification,0.4257581830024719,1
10.3390/app14188144,http://h-da.de/ml-ontology/image_classification,image classification,0.4347149729728699,1
10.3390/app14188317,http://h-da.de/ml-ontology/feature_extraction,feature extraction,0.36600738763809204,1
10.3390/app14209185,http://h-da.de/ml-ontology/regression,regression,0.3788325786590576,1
10.3390/app14209461,http://h-da.de/ml-ontology/link_prediction,link prediction,0.43886297941207886,1
10.3390/app14209472,http://h-da.de/ml-ontology/recommendation,recommendation,0.39258909225463867,1
10.3390/app142210136,http://h-da.de/ml-ontology/regression,regression,0.3574700653553009,1
10.3390/app142210276,http://h-da.de/ml-ontology/regression,regression,0.39394450187683105,1
10.3390/app142210279,http://h-da.de/ml-ontology/feature_extraction,feature extraction,0.3951237201690674,1
10.3390/app142210450,http://h-da.de/ml-ontology/image_classification,image classification,0.4479871392250061,1
10.3390/app142210493,http://h-da.de/ml-ontology/feature_extraction,feature extraction,0.35085272789001465,1
10.3390/app142411686,http://h-da.de/ml-ontology/feature_extraction,feature extraction,0.36414337158203125,1
10.3390/app142411840,http://h-da.de/ml-ontology/feature_extraction,feature extraction,0.36266428232192993,1
10.3390/app15010129,http://h-da.de/ml-ontology/feature_extraction,feature extraction,0.4129562973976135,1
10.3390/app15010287,http://h-da.de/ml-ontology/regression,regression,0.410237193107605,1
10.3390/app15020655,http://h-da.de/ml-ontology/anomaly_detection,anomaly detection,0.56404709815979,1
10.3390/app15020770,http://h-da.de/ml-ontology/regression,regression,0.41562536358833313,1
10.3390/app15020980,http://h-da.de/ml-ontology/tabular_classification,tabular classification,0.4056398570537567,1
10.3390/app15031018,http://h-da.de/ml-ontology/feature_extraction,feature extraction,0.3684679865837097,1
10.3390/app15042156,http://h-da.de/ml-ontology/feature_extraction,feature extraction,0.395881712436676,1
10.3390/app15052336,http://h-da.de/ml-ontology/audio_regression,audio regression,0.37934231758117676,1
10.3390/app15052406,http://h-da.de/ml-ontology/image_classification,image classification,0.3710039258003235,1
10.3390/app15063020,http://h-da.de/ml-ontology/feature_extraction,feature extraction,0.41131073236465454,1
10.3390/app15063132,http://h-da.de/ml-ontology/feature_extraction,feature extraction,0.40215200185775757,1
10.3390/app15073758,http://h-da.de/ml-ontology/feature_extraction,feature extraction,0.37291547656059265,1
10.3390/app15073774,http://h-da.de/ml-ontology/time_series_classification,time series classification,0.527320146560669,1
10.3390/app15073799,http://h-da.de/ml-ontology/feature_extraction,feature extraction,0.40139272809028625,1
10.3390/app15074031,http://h-da.de/ml-ontology/feature_extraction,feature extraction,0.3559773564338684,1
10.3390/app15084395,http://h-da.de/ml-ontology/sentiment_analysis,sentiment analysis,0.4879419803619385,1
10.3390/app15094933,http://h-da.de/ml-ontology/feature_extraction,feature extraction,0.3865720331668854,1
10.3390/app15105465,http://h-da.de/ml-ontology/feature_extraction,feature extraction,0.45035624504089355,1
10.3390/app15115879,http://h-da.de/ml-ontology/regression,regression,0.44645893573760986,1
10.3390/app15116335,http://h-da.de/ml-ontology/audio_classification,audio classification,0.4907948672771454,1
10.3390/app15126547,http://h-da.de/ml-ontology/image_classification,image classification,0.45945820212364197,1
10.3390/app15126917,http://h-da.de/ml-ontology/feature_extraction,feature extraction,0.44037774205207825,1
10.3390/app15126947,http://h-da.de/ml-ontology/time_series_classification,time series classification,0.4276867210865021,1
10.3390/app15137391,http://h-da.de/ml-ontology/feature_selection,feature selection,0.3628479838371277,1
10.3390/app15137580,http://h-da.de/ml-ontology/time_series_classification,time series classification,0.492997944355011,1
10.3390/app15148035,http://h-da.de/ml-ontology/feature_extraction,feature extraction,0.3761861324310303,1
10.3390/app15148081,http://h-da.de/ml-ontology/regression,regression,0.3871789276599884,1
10.3390/app15158395,http://h-da.de/ml-ontology/binary_classification,binary classification,0.36862441897392273,1
10.3390/app15158587,http://h-da.de/ml-ontology/feature_extraction,feature extraction,0.35769855976104736,1
10.3390/app15168841,http://h-da.de/ml-ontology/binary_classification,binary classification,0.41710376739501953,1
10.3390/app15179286,http://h-da.de/ml-ontology/image_classification,image classification,0.37562406063079834,1
10.3390/app151810164,http://h-da.de/ml-ontology/binary_classification,binary classification,0.4176830053329468,1
10.3390/app15189947,http://h-da.de/ml-ontology/feature_extraction,feature extraction,0.39035844802856445,1
10.3390/app151910631,http://h-da.de/ml-ontology/time_series_classification,time series classification,0.47953423857688904,1
10.3390/app151910836,http://h-da.de/ml-ontology/association_rule_learning,association rule learning,0.4345906376838684,1
10.3390/app8122416,http://h-da.de/ml-ontology/feature_extraction,feature extraction,0.35432955622673035,1
10.3390/app9030597,http://h-da.de/ml-ontology/image_classification,image classification,0.4689229130744934,1
10.3390/app9061060,http://h-da.de/ml-ontology/image_regression,image regression,0.35145020484924316,1
10.3390/app9061085,http://h-da.de/ml-ontology/image_classification,image classification,0.38791340589523315,1
10.3390/app9122407,http://h-da.de/ml-ontology/association_rule_learning,association rule learning,0.4318537414073944,1
10.3390/app9183719,http://h-da.de/ml-ontology/regression,regression,0.38392317295074463,1
10.3390/app9194166,http://h-da.de/ml-ontology/image_classification,image classification,0.4336518943309784,1
10.3390/app9204241,http://h-da.de/ml-ontology/image_classification,image classification,0.38434290885925293,1
10.3390/app9245449,http://h-da.de/ml-ontology/image_classification,image classification,0.5238243937492371,1
10.3390/appliedmath5030113,http://h-da.de/ml-ontology/classification,classification,0.37912002205848694,1
10.3390/applmech4020034,http://h-da.de/ml-ontology/feature_selection,feature selection,0.4101152718067169,1
10.3390/asi4020034,http://h-da.de/ml-ontology/image_classification,image classification,0.4420570135116577,1
10.3390/asi5040086,http://h-da.de/ml-ontology/feature_extraction,feature extraction,0.3706751763820648,1
10.3390/asi6010022,http://h-da.de/ml-ontology/binary_classification,binary classification,0.3712945580482483,1
10.3390/asi6040065,http://h-da.de/ml-ontology/regression,regression,0.3838282823562622,1
10.3390/asi6050088,http://h-da.de/ml-ontology/image_regression,image regression,0.4534103572368622,1
10.3390/asi7020018,http://h-da.de/ml-ontology/anomaly_detection,anomaly detection,0.5357511043548584,1
10.3390/asi8050131,http://h-da.de/ml-ontology/feature_extraction,feature extraction,0.42304927110671997,1
10.3390/atmos11121305,http://h-da.de/ml-ontology/regression,regression,0.4202653169631958,1
10.3390/atmos12111459,http://h-da.de/ml-ontology/regression,regression,0.46546390652656555,1
10.3390/atmos13081208,http://h-da.de/ml-ontology/feature_extraction,feature extraction,0.4121105670928955,1
10.3390/atmos16020231,http://h-da.de/ml-ontology/feature_selection,feature selection,0.35333961248397827,1
10.3390/atmos16070760,http://h-da.de/ml-ontology/feature_extraction,feature extraction,0.3553178012371063,1
10.3390/automation5030021,http://h-da.de/ml-ontology/feature_extraction,feature extraction,0.4516177773475647,1
10.3390/automation6030037,http://h-da.de/ml-ontology/feature_extraction,feature extraction,0.4186525046825409,1
10.3390/automation6030046,http://h-da.de/ml-ontology/binary_classification,binary classification,0.3721594512462616,1
10.3390/batteries11080288,http://h-da.de/ml-ontology/anomaly_detection,anomaly detection,0.40894436836242676,1
10.3390/batteries9070346,http://h-da.de/ml-ontology/anomaly_detection,anomaly detection,0.5180786848068237,1
10.3390/bdcc2040030,http://h-da.de/ml-ontology/anomaly_detection,anomaly detection,0.4517850875854492,1
10.3390/bdcc7030138,http://h-da.de/ml-ontology/regression,regression,0.45153236389160156,1
10.3390/bdcc9050130,http://h-da.de/ml-ontology/feature_extraction,feature extraction,0.4034602642059326,1
10.3390/bioengineering10121410,http://h-da.de/ml-ontology/feature_extraction,feature extraction,0.38013756275177,1
10.3390/bioengineering11060555,http://h-da.de/ml-ontology/time_series_classification,time series classification,0.36230289936065674,1
10.3390/bioengineering12090941,http://h-da.de/ml-ontology/time_series_classification,time series classification,0.4052514433860779,1
10.3390/buildings13020497,http://h-da.de/ml-ontology/binary_classification,binary classification,0.38391679525375366,1
10.3390/buildings14041091,http://h-da.de/ml-ontology/regression,regression,0.4031253457069397,1
10.3390/buildings14113515,http://h-da.de/ml-ontology/feature_extraction,feature extraction,0.3613300919532776,1
10.3390/buildings14113675,http://h-da.de/ml-ontology/feature_extraction,feature extraction,0.3688059449195862,1
10.3390/buildings15040630,http://h-da.de/ml-ontology/binary_classification,binary classification,0.4393656253814697,1
10.3390/buildings15091511,http://h-da.de/ml-ontology/binary_classification,binary classification,0.3602609634399414,1
10.3390/buildings15142464,http://h-da.de/ml-ontology/feature_extraction,feature extraction,0.38100147247314453,1
10.3390/cancers15030843,http://h-da.de/ml-ontology/image_classification,image classification,0.4081190824508667,1
10.3390/cells12101384,http://h-da.de/ml-ontology/feature_extraction,feature extraction,0.4193882346153259,1
10.3390/chemengineering9020032,http://h-da.de/ml-ontology/feature_extraction,feature extraction,0.36182117462158203,1
10.3390/chemengineering9030045,http://h-da.de/ml-ontology/binary_classification,binary classification,0.3817770183086395,1
10.3390/civileng6010002,http://h-da.de/ml-ontology/feature_extraction,feature extraction,0.3958074450492859,1
10.3390/cleantechnol3040050,http://h-da.de/ml-ontology/regression,regression,0.3672310411930084,1
10.3390/coatings11111388,http://h-da.de/ml-ontology/image_classification,image classification,0.38798198103904724,1
10.3390/computation12020019,http://h-da.de/ml-ontology/anomaly_detection,anomaly detection,0.4612225294113159,1
10.3390/computation13060147,http://h-da.de/ml-ontology/feature_extraction,feature extraction,0.3630639612674713,1
10.3390/computers10030034,http://h-da.de/ml-ontology/image_classification,image classification,0.3925146162509918,1
10.3390/computers13080191,http://h-da.de/ml-ontology/feature_extraction,feature extraction,0.3669867515563965,1
10.3390/computers13090235,http://h-da.de/ml-ontology/regression,regression,0.3977827727794647,1
10.3390/computers14020032,http://h-da.de/ml-ontology/recommendation,recommendation,0.35471460223197937,1
10.3390/computers14030093,http://h-da.de/ml-ontology/feature_extraction,feature extraction,0.5137493014335632,1
10.3390/cryst11091048,http://h-da.de/ml-ontology/image_classification,image classification,0.44465625286102295,1
10.3390/curroncol30070452,http://h-da.de/ml-ontology/classification,classification,0.467321515083313,1
10.3390/data6110116,http://h-da.de/ml-ontology/feature_selection,feature selection,0.3741426467895508,1
10.3390/drones6070169,http://h-da.de/ml-ontology/regression,regression,0.35330837965011597,1
10.3390/e23091123,http://h-da.de/ml-ontology/association_rule_learning,association rule learning,0.4358952045440674,1
10.3390/e24060759,http://h-da.de/ml-ontology/anomaly_detection,anomaly detection,0.465481698513031,1
10.3390/ecsa-10-16024,http://h-da.de/ml-ontology/image_classification,image classification,0.5430941581726074,1
10.3390/electronics10010039,http://h-da.de/ml-ontology/audio_regression,audio regression,0.3800957202911377,1
10.3390/electronics10101166,http://h-da.de/ml-ontology/time_series_classification,time series classification,0.5104800462722778,1
10.3390/electronics10111223,http://h-da.de/ml-ontology/feature_extraction,feature extraction,0.38172250986099243,1
10.3390/electronics10222787,http://h-da.de/ml-ontology/binary_classification,binary classification,0.39795151352882385,1
10.3390/electronics11030477,http://h-da.de/ml-ontology/feature_extraction,feature extraction,0.42394739389419556,1
10.3390/electronics11040602,http://h-da.de/ml-ontology/association_rule_learning,association rule learning,0.3753228783607483,1
10.3390/electronics11152383,http://h-da.de/ml-ontology/image_classification,image classification,0.47928935289382935,1
10.3390/electronics11234014,http://h-da.de/ml-ontology/binary_classification,binary classification,0.5189441442489624,1
10.3390/electronics12030580,http://h-da.de/ml-ontology/audio_regression,audio regression,0.4463917016983032,1
10.3390/electronics12030621,http://h-da.de/ml-ontology/object_detection,object detection,0.4475892186164856,1
10.3390/electronics12030766,http://h-da.de/ml-ontology/feature_extraction,feature extraction,0.3661055862903595,1
10.3390/electronics12061356,http://h-da.de/ml-ontology/binary_classification,binary classification,0.38395726680755615,1
10.3390/electronics12153261,http://h-da.de/ml-ontology/binary_classification,binary classification,0.4070311188697815,1
10.3390/electronics12163501,http://h-da.de/ml-ontology/binary_classification,binary classification,0.4112979769706726,1
10.3390/electronics12224572,http://h-da.de/ml-ontology/image_classification,image classification,0.46232885122299194,1
10.3390/electronics13020438,http://h-da.de/ml-ontology/time_series_classification,time series classification,0.44099727272987366,1
10.3390/electronics13030493,http://h-da.de/ml-ontology/time_series_classification,time series classification,0.361816942691803,1
10.3390/electronics13091628,http://h-da.de/ml-ontology/feature_selection,feature selection,0.41649338603019714,1
10.3390/electronics13101799,http://h-da.de/ml-ontology/feature_extraction,feature extraction,0.5028063058853149,1
10.3390/electronics13101925,http://h-da.de/ml-ontology/feature_extraction,feature extraction,0.370184987783432,1
10.3390/electronics13122242,http://h-da.de/ml-ontology/feature_selection,feature selection,0.479373574256897,1
10.3390/electronics13142842,http://h-da.de/ml-ontology/feature_selection,feature selection,0.3775649070739746,1
10.3390/electronics13224471,http://h-da.de/ml-ontology/binary_classification,binary classification,0.4147810935974121,1
10.3390/electronics13245034,http://h-da.de/ml-ontology/time_series_classification,time series classification,0.4043004512786865,1
10.3390/electronics14051010,http://h-da.de/ml-ontology/time_series_classification,time series classification,0.42869263887405396,1
10.3390/electronics14091709,http://h-da.de/ml-ontology/binary_classification,binary classification,0.36329782009124756,1
10.3390/electronics14101976,http://h-da.de/ml-ontology/feature_extraction,feature extraction,0.395183265209198,1
10.3390/electronics14102061,http://h-da.de/ml-ontology/feature_extraction,feature extraction,0.38149482011795044,1
10.3390/electronics14112105,http://h-da.de/ml-ontology/binary_classification,binary classification,0.4635949730873108,1
10.3390/electronics14122497,http://h-da.de/ml-ontology/binary_classification,binary classification,0.4092402458190918,1
10.3390/electronics14142913,http://h-da.de/ml-ontology/time_series_classification,time series classification,0.48058727383613586,1
10.3390/electronics14204083,http://h-da.de/ml-ontology/regression,regression,0.4106834828853607,1
10.3390/en10121987,http://h-da.de/ml-ontology/image_classification,image classification,0.47332698106765747,1
10.3390/en11071636,http://h-da.de/ml-ontology/time_series_forecasting,time series forecasting,0.41729095578193665,1
10.3390/en12050801,http://h-da.de/ml-ontology/time_series_classification,time series classification,0.44244492053985596,1
10.3390/en12132530,http://h-da.de/ml-ontology/feature_selection,feature selection,0.4655943512916565,1
10.3390/en12142694,http://h-da.de/ml-ontology/image_classification,image classification,0.3613273501396179,1
10.3390/en12142706,http://h-da.de/ml-ontology/time_series_classification,time series classification,0.4113580882549286,1
10.3390/en13020391,http://h-da.de/ml-ontology/time_series_forecasting,time series forecasting,0.36818474531173706,1
10.3390/en13225999,http://h-da.de/ml-ontology/regression,regression,0.3537331819534302,1
10.3390/en14010184,http://h-da.de/ml-ontology/feature_extraction,feature extraction,0.3892534375190735,1
10.3390/en14051225,http://h-da.de/ml-ontology/time_series_forecasting,time series forecasting,0.4007960557937622,1
10.3390/en14071809,http://h-da.de/ml-ontology/image_classification,image classification,0.3905048072338104,1
10.3390/en14071845,http://h-da.de/ml-ontology/time_series_classification,time series classification,0.39001452922821045,1
10.3390/en14092653,http://h-da.de/ml-ontology/feature_extraction,feature extraction,0.35814815759658813,1
10.3390/en14154424,http://h-da.de/ml-ontology/regression,regression,0.4444425106048584,1
10.3390/en14196297,http://h-da.de/ml-ontology/regression,regression,0.44662922620773315,1
10.3390/en14206527,http://h-da.de/ml-ontology/feature_extraction,feature extraction,0.4172181785106659,1
10.3390/en14227778,http://h-da.de/ml-ontology/clustering,clustering,0.35453078150749207,1
10.3390/en14238116,http://h-da.de/ml-ontology/image_regression,image regression,0.47968295216560364,1
10.3390/en15020582,http://h-da.de/ml-ontology/anomaly_detection,anomaly detection,0.3633124828338623,1
10.3390/en15030826,http://h-da.de/ml-ontology/feature_extraction,feature extraction,0.4290199279785156,1
10.3390/en15093317,http://h-da.de/ml-ontology/time_series_classification,time series classification,0.47501975297927856,1
10.3390/en15093382,http://h-da.de/ml-ontology/time_series_forecasting,time series forecasting,0.3976948857307434,1
10.3390/en16020861,http://h-da.de/ml-ontology/anomaly_detection,anomaly detection,0.3532308340072632,1
10.3390/en16031370,http://h-da.de/ml-ontology/regression,regression,0.38998427987098694,1
10.3390/en16041603,http://h-da.de/ml-ontology/regression,regression,0.4253302812576294,1
10.3390/en16052290,http://h-da.de/ml-ontology/time_series_classification,time series classification,0.39008909463882446,1
10.3390/en16062820,http://h-da.de/ml-ontology/image_classification,image classification,0.4118305444717407,1
10.3390/en16093653,http://h-da.de/ml-ontology/feature_selection,feature selection,0.4145958423614502,1
10.3390/en16093707,http://h-da.de/ml-ontology/time_series_forecasting,time series forecasting,0.38030534982681274,1
10.3390/en16114294,http://h-da.de/ml-ontology/feature_selection,feature selection,0.38080036640167236,1
10.3390/en16124735,http://h-da.de/ml-ontology/feature_extraction,feature extraction,0.3728395104408264,1
10.3390/en16134849,http://h-da.de/ml-ontology/feature_extraction,feature extraction,0.4173450767993927,1
10.3390/en16145312,http://h-da.de/ml-ontology/time_series_classification,time series classification,0.48389381170272827,1
10.3390/en16176172,http://h-da.de/ml-ontology/audio_regression,audio regression,0.39585810899734497,1
10.3390/en16207094,http://h-da.de/ml-ontology/time_series_classification,time series classification,0.43754833936691284,1
10.3390/en16237890,http://h-da.de/ml-ontology/tabular_regression,tabular regression,0.3563656210899353,1
10.3390/en17061316,http://h-da.de/ml-ontology/regression,regression,0.4008110761642456,1
10.3390/en17061430,http://h-da.de/ml-ontology/regression,regression,0.3861428499221802,1
10.3390/en17061458,http://h-da.de/ml-ontology/feature_extraction,feature extraction,0.3714419901371002,1
10.3390/en17102346,http://h-da.de/ml-ontology/regression,regression,0.40361690521240234,1
10.3390/en17122818,http://h-da.de/ml-ontology/time_series_classification,time series classification,0.4413413405418396,1
10.3390/en17122840,http://h-da.de/ml-ontology/regression,regression,0.38818299770355225,1
10.3390/en17143482,http://h-da.de/ml-ontology/feature_extraction,feature extraction,0.37827396392822266,1
10.3390/en17215268,http://h-da.de/ml-ontology/feature_extraction,feature extraction,0.42342907190322876,1
10.3390/en18010002,http://h-da.de/ml-ontology/time_series_forecasting,time series forecasting,0.468869149684906,1
10.3390/en18010099,http://h-da.de/ml-ontology/feature_extraction,feature extraction,0.45953506231307983,1
10.3390/en18020313,http://h-da.de/ml-ontology/feature_extraction,feature extraction,0.39390385150909424,1
10.3390/en18040936,http://h-da.de/ml-ontology/anomaly_detection,anomaly detection,0.39658063650131226,1
10.3390/en18051125,http://h-da.de/ml-ontology/regression,regression,0.4253682494163513,1
10.3390/en18051187,http://h-da.de/ml-ontology/regression,regression,0.4836220443248749,1
10.3390/en18071616,http://h-da.de/ml-ontology/binary_classification,binary classification,0.40640050172805786,1
10.3390/en18102523,http://h-da.de/ml-ontology/feature_extraction,feature extraction,0.445506751537323,1
10.3390/en18133242,http://h-da.de/ml-ontology/regression,regression,0.4001336693763733,1
10.3390/en18133301,http://h-da.de/ml-ontology/regression,regression,0.433730810880661,1
10.3390/en18153960,http://h-da.de/ml-ontology/time_series_analysis,time series analysis,0.3715693950653076,1
10.3390/en18164285,http://h-da.de/ml-ontology/time_series_forecasting,time series forecasting,0.35601750016212463,1
10.3390/en18164403,http://h-da.de/ml-ontology/regression,regression,0.42834848165512085,1
10.3390/en18174659,http://h-da.de/ml-ontology/feature_extraction,feature extraction,0.38472819328308105,1
10.3390/en18184998,http://h-da.de/ml-ontology/time_series_forecasting,time series forecasting,0.4491378664970398,1
10.3390/eng6040073,http://h-da.de/ml-ontology/tabular_regression,tabular regression,0.375402569770813,1
10.3390/eng6060105,http://h-da.de/ml-ontology/feature_extraction,feature extraction,0.36962825059890747,1
10.3390/eng6080172,http://h-da.de/ml-ontology/time_series_forecasting,time series forecasting,0.40306413173675537,1
10.3390/eng6090210,http://h-da.de/ml-ontology/audio_regression,audio regression,0.3946040868759155,1
10.3390/engproc2021005007,http://h-da.de/ml-ontology/feature_extraction,feature extraction,0.44714391231536865,1
10.3390/engproc2023059092,http://h-da.de/ml-ontology/image_classification,image classification,0.5344043970108032,1
10.3390/engproc2023059241,http://h-da.de/ml-ontology/image_classification,image classification,0.456023633480072,1
10.3390/engproc2024065008,http://h-da.de/ml-ontology/object_detection,object detection,0.4167101979255676,1
10.3390/engproc2024067031,http://h-da.de/ml-ontology/feature_extraction,feature extraction,0.3840426206588745,1
10.3390/engproc2024069013,http://h-da.de/ml-ontology/feature_extraction,feature extraction,0.39285361766815186,1
10.3390/engproc2025089030,http://h-da.de/ml-ontology/image_classification,image classification,0.42593511939048767,1
10.3390/engproc2025104010,http://h-da.de/ml-ontology/time_series_classification,time series classification,0.41893893480300903,1
10.3390/f14020205,http://h-da.de/ml-ontology/image_classification,image classification,0.45680809020996094,1
10.3390/f14091782,http://h-da.de/ml-ontology/regression,regression,0.40201181173324585,1
10.3390/f15071096,http://h-da.de/ml-ontology/image_classification,image classification,0.3937889337539673,1
10.3390/f15112019,http://h-da.de/ml-ontology/feature_extraction,feature extraction,0.4253167510032654,1
10.3390/f16010124,http://h-da.de/ml-ontology/feature_reduction,feature reduction,0.38789594173431396,1
10.3390/fermentation8020065,http://h-da.de/ml-ontology/regression,regression,0.39783626794815063,1
10.3390/fermentation9020120,http://h-da.de/ml-ontology/regression,regression,0.35070329904556274,1
10.3390/fermentation9030243,http://h-da.de/ml-ontology/feature_extraction,feature extraction,0.3826742172241211,1
10.3390/fermentation9060503,http://h-da.de/ml-ontology/feature_extraction,feature extraction,0.3889313340187073,1
10.3390/fi15060206,http://h-da.de/ml-ontology/anomaly_detection,anomaly detection,0.5426560640335083,1
10.3390/fi16020044,http://h-da.de/ml-ontology/image_regression,image regression,0.425270676612854,1
10.3390/foods12010210,http://h-da.de/ml-ontology/image_classification,image classification,0.4080989360809326,1
10.3390/foods12244518,http://h-da.de/ml-ontology/feature_extraction,feature extraction,0.35142001509666443,1
10.3390/foods13233755,http://h-da.de/ml-ontology/time_series_classification,time series classification,0.37387266755104065,1
10.3390/foods14030429,http://h-da.de/ml-ontology/regression,regression,0.4007025361061096,1
10.3390/foods14060983,http://h-da.de/ml-ontology/feature_extraction,feature extraction,0.3732700049877167,1
10.3390/foods14193424,http://h-da.de/ml-ontology/feature_extraction,feature extraction,0.3847354054450989,1
10.3390/forecast4040043,http://h-da.de/ml-ontology/binary_classification,binary classification,0.40312695503234863,1
10.3390/forecast5010014,http://h-da.de/ml-ontology/regression,regression,0.41998472809791565,1
10.3390/forecast6040054,http://h-da.de/ml-ontology/regression,regression,0.4344508945941925,1
10.3390/forecast7020019,http://h-da.de/ml-ontology/regression,regression,0.41912776231765747,1
10.3390/geosciences14080199,http://h-da.de/ml-ontology/regression,regression,0.36788511276245117,1
10.3390/geotechnics4040055,http://h-da.de/ml-ontology/feature_extraction,feature extraction,0.3690032958984375,1
10.3390/horticulturae10020142,http://h-da.de/ml-ontology/image_regression,image regression,0.4991682171821594,1
10.3390/horticulturae9050549,http://h-da.de/ml-ontology/regression,regression,0.48061126470565796,1
10.3390/hydrology10080169,http://h-da.de/ml-ontology/regression,regression,0.3920994997024536,1
10.3390/ijerph17197054,http://h-da.de/ml-ontology/binary_classification,binary classification,0.3519273102283478,1
10.3390/ijfs13030170,http://h-da.de/ml-ontology/feature_selection,feature selection,0.36725252866744995,1
10.3390/ijms25084507,http://h-da.de/ml-ontology/translation,translation,0.35280948877334595,1
10.3390/ijtpp10030014,http://h-da.de/ml-ontology/anomaly_detection,anomaly detection,0.5096568465232849,1
10.3390/info12020050,http://h-da.de/ml-ontology/time_series_forecasting,time series forecasting,0.39455509185791016,1
10.3390/info13010009,http://h-da.de/ml-ontology/feature_extraction,feature extraction,0.3891800045967102,1
10.3390/info13060272,http://h-da.de/ml-ontology/image_classification,image classification,0.44118398427963257,1
10.3390/info14030181,http://h-da.de/ml-ontology/binary_classification,binary classification,0.4340430498123169,1
10.3390/info14070361,http://h-da.de/ml-ontology/translation,translation,0.4043540954589844,1
10.3390/info16020079,http://h-da.de/ml-ontology/clustering,clustering,0.4495149850845337,1
10.3390/info16060494,http://h-da.de/ml-ontology/audio_regression,audio regression,0.5024466514587402,1
10.3390/informatics11040087,http://h-da.de/ml-ontology/image_classification,image classification,0.39283066987991333,1
10.3390/informatics8030058,http://h-da.de/ml-ontology/image_regression,image regression,0.408346951007843,1
10.3390/informatics8040085,http://h-da.de/ml-ontology/feature_extraction,feature extraction,0.5097686648368835,1
10.3390/infrastructures10070174,http://h-da.de/ml-ontology/time_series_classification,time series classification,0.391388475894928,1
10.3390/insects15070463,http://h-da.de/ml-ontology/association_rule_learning,association rule learning,0.3538869023323059,1
10.3390/inventions8010032,http://h-da.de/ml-ontology/regression,regression,0.4753904938697815,1
10.3390/jcp2020012,http://h-da.de/ml-ontology/anomaly_detection,anomaly detection,0.4376900792121887,1
10.3390/jcs4020071,http://h-da.de/ml-ontology/feature_extraction,feature extraction,0.4395318329334259,1
10.3390/jcs8110455,http://h-da.de/ml-ontology/feature_extraction,feature extraction,0.36767035722732544,1
10.3390/jcs9090461,http://h-da.de/ml-ontology/image_regression,image regression,0.3731394112110138,1
10.3390/jmmp5040135,http://h-da.de/ml-ontology/audio_regression,audio regression,0.44223716855049133,1
10.3390/jmmp6020039,http://h-da.de/ml-ontology/image_regression,image regression,0.3747565448284149,1
10.3390/jmmp6030059,http://h-da.de/ml-ontology/regression,regression,0.3865160346031189,1
10.3390/jmmp6050108,http://h-da.de/ml-ontology/binary_classification,binary classification,0.42217546701431274,1
10.3390/jmmp7050164,http://h-da.de/ml-ontology/time_series_classification,time series classification,0.4829278588294983,1
10.3390/jmmp7050186,http://h-da.de/ml-ontology/image_regression,image regression,0.38066181540489197,1
10.3390/jmmp7060202,http://h-da.de/ml-ontology/tabular_regression,tabular regression,0.35647839307785034,1
10.3390/jmmp8010008,http://h-da.de/ml-ontology/image_classification,image classification,0.3824617862701416,1
10.3390/jmmp8020066,http://h-da.de/ml-ontology/image_classification,image classification,0.403844952583313,1
10.3390/jmmp8030098,http://h-da.de/ml-ontology/feature_extraction,feature extraction,0.391295850276947,1
10.3390/jmmp9020067,http://h-da.de/ml-ontology/image_regression,image regression,0.39120978116989136,1
10.3390/jmmp9030079,http://h-da.de/ml-ontology/binary_classification,binary classification,0.38722872734069824,1
10.3390/jmmp9080274,http://h-da.de/ml-ontology/feature_extraction,feature extraction,0.38510769605636597,1
10.3390/jmse13040791,http://h-da.de/ml-ontology/feature_extraction,feature extraction,0.3640706241130829,1
10.3390/jmse13081440,http://h-da.de/ml-ontology/feature_extraction,feature extraction,0.3959815502166748,1
10.3390/jmse13081476,http://h-da.de/ml-ontology/time_series_forecasting,time series forecasting,0.42460858821868896,1
10.3390/jmse9020137,http://h-da.de/ml-ontology/regression,regression,0.40942463278770447,1
10.3390/jrfm17040173,http://h-da.de/ml-ontology/tabular_regression,tabular regression,0.36067548394203186,1
10.3390/jsan13050060,http://h-da.de/ml-ontology/feature_extraction,feature extraction,0.3986499607563019,1
10.3390/jtaer20020096,http://h-da.de/ml-ontology/feature_selection,feature selection,0.36886292695999146,1
10.3390/land7010004,http://h-da.de/ml-ontology/regression,regression,0.41008996963500977,1
10.3390/lubricants11090382,http://h-da.de/ml-ontology/audio_regression,audio regression,0.4108841121196747,1
10.3390/ma13235570,http://h-da.de/ml-ontology/tabular_regression,tabular regression,0.4412764310836792,1
10.3390/ma14071747,http://h-da.de/ml-ontology/audio_regression,audio regression,0.4616183340549469,1
10.3390/ma15134582,http://h-da.de/ml-ontology/regression,regression,0.358381062746048,1
10.3390/ma15144734,http://h-da.de/ml-ontology/feature_extraction,feature extraction,0.36875420808792114,1
10.3390/ma15207166,http://h-da.de/ml-ontology/image_classification,image classification,0.35238441824913025,1
10.3390/ma16083220,http://h-da.de/ml-ontology/regression,regression,0.3993246555328369,1
10.3390/ma16083251,http://h-da.de/ml-ontology/image_regression,image regression,0.4148634672164917,1
10.3390/ma16186242,http://h-da.de/ml-ontology/image_classification,image classification,0.5406568050384521,1
10.3390/ma16186266,http://h-da.de/ml-ontology/feature_extraction,feature extraction,0.3549821972846985,1
10.3390/ma16196470,http://h-da.de/ml-ontology/image_classification,image classification,0.3868750333786011,1
10.3390/ma17071456,http://h-da.de/ml-ontology/audio_regression,audio regression,0.3873255252838135,1
10.3390/ma17071621,http://h-da.de/ml-ontology/feature_extraction,feature extraction,0.36095666885375977,1
10.3390/ma17246250,http://h-da.de/ml-ontology/image_regression,image regression,0.3653666079044342,1
10.3390/ma18010148,http://h-da.de/ml-ontology/feature_extraction,feature extraction,0.47256168723106384,1
10.3390/ma18040826,http://h-da.de/ml-ontology/feature_extraction,feature extraction,0.41132858395576477,1
10.3390/ma18133110,http://h-da.de/ml-ontology/regression,regression,0.3662492632865906,1
10.3390/machines10050319,http://h-da.de/ml-ontology/feature_extraction,feature extraction,0.47038039565086365,1
10.3390/machines10121233,http://h-da.de/ml-ontology/feature_extraction,feature extraction,0.3963947296142578,1
10.3390/machines11010114,http://h-da.de/ml-ontology/binary_classification,binary classification,0.35375291109085083,1
10.3390/machines11020270,http://h-da.de/ml-ontology/anomaly_detection,anomaly detection,0.45389166474342346,1
10.3390/machines11040451,http://h-da.de/ml-ontology/anomaly_detection,anomaly detection,0.47829973697662354,1
10.3390/machines11050530,http://h-da.de/ml-ontology/time_series_classification,time series classification,0.3542969226837158,1
10.3390/machines11100932,http://h-da.de/ml-ontology/image_classification,image classification,0.40457671880722046,1
10.3390/machines11100940,http://h-da.de/ml-ontology/binary_classification,binary classification,0.36990565061569214,1
10.3390/machines11121038,http://h-da.de/ml-ontology/image_classification,image classification,0.41595178842544556,1
10.3390/machines12010037,http://h-da.de/ml-ontology/image_classification,image classification,0.4084620177745819,1
10.3390/machines12020093,http://h-da.de/ml-ontology/image_classification,image classification,0.4377445578575134,1
10.3390/machines12040266,http://h-da.de/ml-ontology/time_series_classification,time series classification,0.4257456064224243,1
10.3390/machines12050309,http://h-da.de/ml-ontology/anomaly_detection,anomaly detection,0.45797157287597656,1
10.3390/machines12060357,http://h-da.de/ml-ontology/time_series_classification,time series classification,0.4658661484718323,1
10.3390/machines12060380,http://h-da.de/ml-ontology/time_series_forecasting,time series forecasting,0.4562912583351135,1
10.3390/machines12070453,http://h-da.de/ml-ontology/image_classification,image classification,0.4446479082107544,1
10.3390/machines12120923,http://h-da.de/ml-ontology/feature_extraction,feature extraction,0.3978663682937622,1
10.3390/machines13020132,http://h-da.de/ml-ontology/time_series_classification,time series classification,0.41972577571868896,1
10.3390/machines13040313,http://h-da.de/ml-ontology/anomaly_detection,anomaly detection,0.527623176574707,1
10.3390/machines13050372,http://h-da.de/ml-ontology/audio_regression,audio regression,0.44484561681747437,1
10.3390/machines13050401,http://h-da.de/ml-ontology/feature_extraction,feature extraction,0.39905762672424316,1
10.3390/machines13060467,http://h-da.de/ml-ontology/time_series_classification,time series classification,0.49015408754348755,1
10.3390/machines13070570,http://h-da.de/ml-ontology/tabular_regression,tabular regression,0.39173200726509094,1
10.3390/machines13070602,http://h-da.de/ml-ontology/regression,regression,0.37611669301986694,1
10.3390/machines13100966,http://h-da.de/ml-ontology/feature_extraction,feature extraction,0.392851859331131,1
10.3390/machines5010004,http://h-da.de/ml-ontology/feature_extraction,feature extraction,0.4339209496974945,1
10.3390/machines6030035,http://h-da.de/ml-ontology/feature_extraction,feature extraction,0.3896578550338745,1
10.3390/make1030057,http://h-da.de/ml-ontology/regression,regression,0.35259944200515747,1
10.3390/make6010001,http://h-da.de/ml-ontology/image_classification,image classification,0.5083579421043396,1
10.3390/make7030096,http://h-da.de/ml-ontology/feature_extraction,feature extraction,0.4428997039794922,1
10.3390/math10081329,http://h-da.de/ml-ontology/time_series_forecasting,time series forecasting,0.43723928928375244,1
10.3390/math10132158,http://h-da.de/ml-ontology/time_series_forecasting,time series forecasting,0.4744744300842285,1
10.3390/math10132358,http://h-da.de/ml-ontology/image_classification,image classification,0.3562542796134949,1
10.3390/math11020398,http://h-da.de/ml-ontology/binary_classification,binary classification,0.38352447748184204,1
10.3390/math11041014,http://h-da.de/ml-ontology/binary_classification,binary classification,0.44278258085250854,1
10.3390/math11163566,http://h-da.de/ml-ontology/feature_extraction,feature extraction,0.41867372393608093,1
10.3390/math11224570,http://h-da.de/ml-ontology/feature_extraction,feature extraction,0.39330634474754333,1
10.3390/math11224602,http://h-da.de/ml-ontology/binary_classification,binary classification,0.4457254409790039,1
10.3390/math11234775,http://h-da.de/ml-ontology/regression,regression,0.39691805839538574,1
10.3390/math12010074,http://h-da.de/ml-ontology/image_regression,image regression,0.3857365846633911,1
10.3390/math12060813,http://h-da.de/ml-ontology/association_rule_learning,association rule learning,0.3669801950454712,1
10.3390/math12060819,http://h-da.de/ml-ontology/binary_classification,binary classification,0.3533208966255188,1
10.3390/math12091307,http://h-da.de/ml-ontology/time_series_classification,time series classification,0.38673996925354004,1
10.3390/math12111718,http://h-da.de/ml-ontology/binary_classification,binary classification,0.3954840898513794,1
10.3390/math12152347,http://h-da.de/ml-ontology/regression,regression,0.3838087320327759,1
10.3390/math12162559,http://h-da.de/ml-ontology/tabular_regression,tabular regression,0.3719990849494934,1
10.3390/math12203179,http://h-da.de/ml-ontology/image_regression,image regression,0.46158748865127563,1
10.3390/math12213414,http://h-da.de/ml-ontology/anomaly_detection,anomaly detection,0.5140464901924133,1
10.3390/math13040555,http://h-da.de/ml-ontology/binary_classification,binary classification,0.3510924279689789,1
10.3390/math13040592,http://h-da.de/ml-ontology/feature_extraction,feature extraction,0.4244822859764099,1
10.3390/math13081264,http://h-da.de/ml-ontology/audio_regression,audio regression,0.40769410133361816,1
10.3390/math13101613,http://h-da.de/ml-ontology/time_series_forecasting,time series forecasting,0.44063112139701843,1
10.3390/math13152436,http://h-da.de/ml-ontology/feature_extraction,feature extraction,0.4028976559638977,1
10.3390/math13152445,http://h-da.de/ml-ontology/anomaly_detection,anomaly detection,0.3925372362136841,1
10.3390/math13172804,http://h-da.de/ml-ontology/feature_extraction,feature extraction,0.4789169132709503,1
10.3390/math8010102,http://h-da.de/ml-ontology/feature_extraction,feature extraction,0.4456694722175598,1
10.3390/math9192405,http://h-da.de/ml-ontology/regression,regression,0.4407636523246765,1
10.3390/math9233114,http://h-da.de/ml-ontology/clustering,clustering,0.44235146045684814,1
10.3390/met11081287,http://h-da.de/ml-ontology/image_classification,image classification,0.4506462812423706,1
10.3390/met12010001,http://h-da.de/ml-ontology/feature_extraction,feature extraction,0.4237089157104492,1
10.3390/met12020172,http://h-da.de/ml-ontology/feature_extraction,feature extraction,0.42981889843940735,1
10.3390/met13081459,http://h-da.de/ml-ontology/tabular_classification,tabular classification,0.3737100064754486,1
10.3390/met13111820,http://h-da.de/ml-ontology/feature_extraction,feature extraction,0.3766939640045166,1
10.3390/met14060695,http://h-da.de/ml-ontology/regression,regression,0.35553663969039917,1
10.3390/met14111273,http://h-da.de/ml-ontology/feature_extraction,feature extraction,0.3645820617675781,1
10.3390/met15020186,http://h-da.de/ml-ontology/feature_extraction,feature extraction,0.42400696873664856,1
10.3390/met15090932,http://h-da.de/ml-ontology/regression,regression,0.40389829874038696,1
10.3390/mi11121092,http://h-da.de/ml-ontology/feature_extraction,feature extraction,0.4258442521095276,1
10.3390/mi13010137,http://h-da.de/ml-ontology/image_regression,image regression,0.3669648766517639,1
10.3390/mi16050568,http://h-da.de/ml-ontology/object_detection,object detection,0.3696232736110687,1
10.3390/min13060830,http://h-da.de/ml-ontology/regression,regression,0.3628535866737366,1
10.3390/min13111360,http://h-da.de/ml-ontology/feature_extraction,feature extraction,0.4179420471191406,1
10.3390/min14010076,http://h-da.de/ml-ontology/feature_extraction,feature extraction,0.5003648400306702,1
10.3390/min14090925,http://h-da.de/ml-ontology/anomaly_detection,anomaly detection,0.4696316123008728,1
10.3390/min15070702,http://h-da.de/ml-ontology/feature_extraction,feature extraction,0.4353582262992859,1
10.3390/mining4040054,http://h-da.de/ml-ontology/feature_extraction,feature extraction,0.4392004609107971,1
10.3390/modelling6020035,http://h-da.de/ml-ontology/regression,regression,0.3973758816719055,1
10.3390/molecules30030493,http://h-da.de/ml-ontology/feature_extraction,feature extraction,0.3696880340576172,1
10.3390/nano14131135,http://h-da.de/ml-ontology/feature_extraction,feature extraction,0.3649970591068268,1
10.3390/nitrogen6020029,http://h-da.de/ml-ontology/regression,regression,0.3584255576133728,1
10.3390/ph18010023,http://h-da.de/ml-ontology/tabular_regression,tabular regression,0.3666739761829376,1
10.3390/pharmaceutics13122187,http://h-da.de/ml-ontology/image_classification,image classification,0.3813719153404236,1
10.3390/pharmaceutics15082153,http://h-da.de/ml-ontology/audio_regression,audio regression,0.509688675403595,1
10.3390/pharmaceutics16081082,http://h-da.de/ml-ontology/feature_extraction,feature extraction,0.41294950246810913,1
10.3390/photonics12030243,http://h-da.de/ml-ontology/image_classification,image classification,0.42937660217285156,1
10.3390/plants13091270,http://h-da.de/ml-ontology/feature_extraction,feature extraction,0.4413340091705322,1
10.3390/plants14010037,http://h-da.de/ml-ontology/feature_extraction,feature extraction,0.40672898292541504,1
10.3390/polym13030353,http://h-da.de/ml-ontology/feature_extraction,feature extraction,0.3963976204395294,1
10.3390/polym14091855,http://h-da.de/ml-ontology/image_classification,image classification,0.4785158634185791,1
10.3390/polym14173500,http://h-da.de/ml-ontology/image_regression,image regression,0.37678036093711853,1
10.3390/polym14173546,http://h-da.de/ml-ontology/image_regression,image regression,0.4011494815349579,1
10.3390/polym16182680,http://h-da.de/ml-ontology/feature_extraction,feature extraction,0.3664233386516571,1
10.3390/polym17172382,http://h-da.de/ml-ontology/feature_extraction,feature extraction,0.38418304920196533,1
10.3390/pr10040662,http://h-da.de/ml-ontology/regression,regression,0.35169750452041626,1
10.3390/pr10051012,http://h-da.de/ml-ontology/time_series_forecasting,time series forecasting,0.3804249167442322,1
10.3390/pr10061141,http://h-da.de/ml-ontology/image_regression,image regression,0.3583396077156067,1
10.3390/pr10061158,http://h-da.de/ml-ontology/image_regression,image regression,0.4427110552787781,1
10.3390/pr10112392,http://h-da.de/ml-ontology/anomaly_detection,anomaly detection,0.4803905487060547,1
10.3390/pr11041115,http://h-da.de/ml-ontology/feature_extraction,feature extraction,0.45965057611465454,1
10.3390/pr11051507,http://h-da.de/ml-ontology/binary_classification,binary classification,0.43314337730407715,1
10.3390/pr11061629,http://h-da.de/ml-ontology/regression,regression,0.37170735001564026,1
10.3390/pr11061813,http://h-da.de/ml-ontology/binary_classification,binary classification,0.3772182762622833,1
10.3390/pr11072096,http://h-da.de/ml-ontology/feature_extraction,feature extraction,0.40538936853408813,1
10.3390/pr11092520,http://h-da.de/ml-ontology/feature_extraction,feature extraction,0.3799670934677124,1
10.3390/pr11092543,http://h-da.de/ml-ontology/binary_classification,binary classification,0.36779940128326416,1
10.3390/pr11113177,http://h-da.de/ml-ontology/audio_regression,audio regression,0.384113073348999,1
10.3390/pr12010221,http://h-da.de/ml-ontology/binary_classification,binary classification,0.3642081618309021,1
10.3390/pr12020251,http://h-da.de/ml-ontology/feature_extraction,feature extraction,0.43513405323028564,1
10.3390/pr12030452,http://h-da.de/ml-ontology/image_classification,image classification,0.3694918155670166,1
10.3390/pr12061068,http://h-da.de/ml-ontology/tabular_regression,tabular regression,0.38991671800613403,1
10.3390/pr12091888,http://h-da.de/ml-ontology/regression,regression,0.35400739312171936,1
10.3390/pr13010121,http://h-da.de/ml-ontology/image_classification,image classification,0.4358122646808624,1
10.3390/pr13010145,http://h-da.de/ml-ontology/image_classification,image classification,0.4300253391265869,1
10.3390/pr13020373,http://h-da.de/ml-ontology/feature_extraction,feature extraction,0.4086607098579407,1
10.3390/pr13030754,http://h-da.de/ml-ontology/feature_extraction,feature extraction,0.4176499843597412,1
10.3390/pr13041162,http://h-da.de/ml-ontology/feature_selection,feature selection,0.38202643394470215,1
10.3390/pr13041195,http://h-da.de/ml-ontology/feature_extraction,feature extraction,0.4292856454849243,1
10.3390/pr13041212,http://h-da.de/ml-ontology/image_classification,image classification,0.40265417098999023,1
10.3390/pr13041229,http://h-da.de/ml-ontology/tabular_classification,tabular classification,0.4408811926841736,1
10.3390/pr13061624,http://h-da.de/ml-ontology/binary_classification,binary classification,0.4932108521461487,1
10.3390/pr13061763,http://h-da.de/ml-ontology/regression,regression,0.3963858485221863,1
10.3390/pr13072145,http://h-da.de/ml-ontology/regression,regression,0.37880921363830566,1
10.3390/pr13072237,http://h-da.de/ml-ontology/time_series_forecasting,time series forecasting,0.42235067486763,1
10.3390/pr13092920,http://h-da.de/ml-ontology/binary_classification,binary classification,0.3927440643310547,1
10.3390/pr13092956,http://h-da.de/ml-ontology/feature_extraction,feature extraction,0.3824698328971863,1
10.3390/pr13093013,http://h-da.de/ml-ontology/feature_extraction,feature extraction,0.4129910469055176,1
10.3390/pr5030038,http://h-da.de/ml-ontology/feature_extraction,feature extraction,0.3698192834854126,1
10.3390/pr9060922,http://h-da.de/ml-ontology/feature_extraction,feature extraction,0.3571614623069763,1
10.3390/pr9071157,http://h-da.de/ml-ontology/time_series_forecasting,time series forecasting,0.455955445766449,1
10.3390/pr9081450,http://h-da.de/ml-ontology/time_series_classification,time series classification,0.5106842517852783,1
10.3390/pr9091484,http://h-da.de/ml-ontology/feature_extraction,feature extraction,0.45236730575561523,1
10.3390/pr9122121,http://h-da.de/ml-ontology/feature_extraction,feature extraction,0.43380576372146606,1
10.3390/resources14050080,http://h-da.de/ml-ontology/feature_extraction,feature extraction,0.38703662157058716,1
10.3390/risks9040058,http://h-da.de/ml-ontology/feature_extraction,feature extraction,0.38902488350868225,1
10.3390/rs12203420,http://h-da.de/ml-ontology/regression,regression,0.4220010042190552,1
10.3390/rs13091666,http://h-da.de/ml-ontology/feature_extraction,feature extraction,0.37487345933914185,1
10.3390/rs13214314,http://h-da.de/ml-ontology/image_regression,image regression,0.38902899622917175,1
10.3390/rs14030805,http://h-da.de/ml-ontology/feature_selection,feature selection,0.39817380905151367,1
10.3390/rs14051136,http://h-da.de/ml-ontology/regression,regression,0.38435912132263184,1
10.3390/rs14122927,http://h-da.de/ml-ontology/image_regression,image regression,0.39080682396888733,1
10.3390/rs15010100,http://h-da.de/ml-ontology/regression,regression,0.46255525946617126,1
10.3390/rs15071899,http://h-da.de/ml-ontology/feature_extraction,feature extraction,0.3693224787712097,1
10.3390/rs15092374,http://h-da.de/ml-ontology/regression,regression,0.4439019560813904,1
10.3390/rs15164100,http://h-da.de/ml-ontology/feature_extraction,feature extraction,0.39378055930137634,1
10.3390/rs16040683,http://h-da.de/ml-ontology/image_regression,image regression,0.4267442226409912,1
10.3390/rs16122060,http://h-da.de/ml-ontology/regression,regression,0.377585768699646,1
10.3390/rs17142500,http://h-da.de/ml-ontology/regression,regression,0.43913787603378296,1
10.3390/rs17203427,http://h-da.de/ml-ontology/feature_extraction,feature extraction,0.3817272186279297,1
10.3390/s17081729,http://h-da.de/ml-ontology/feature_extraction,feature extraction,0.3991067409515381,1
10.3390/s18092946,http://h-da.de/ml-ontology/anomaly_detection,anomaly detection,0.4606854021549225,1
10.3390/s18103554,http://h-da.de/ml-ontology/action_recognition,action recognition,0.3965684771537781,1
10.3390/s19010045,http://h-da.de/ml-ontology/feature_extraction,feature extraction,0.38030171394348145,1
10.3390/s19143092,http://h-da.de/ml-ontology/time_series_classification,time series classification,0.40882599353790283,1
10.3390/s19194342,http://h-da.de/ml-ontology/time_series_classification,time series classification,0.45731985569000244,1
10.3390/s20041071,http://h-da.de/ml-ontology/feature_extraction,feature extraction,0.376315176486969,1
10.3390/s20071813,http://h-da.de/ml-ontology/audio_regression,audio regression,0.4780850410461426,1
10.3390/s20071957,http://h-da.de/ml-ontology/feature_extraction,feature extraction,0.41594719886779785,1
10.3390/s20102878,http://h-da.de/ml-ontology/feature_extraction,feature extraction,0.4107303023338318,1
10.3390/s20133642,http://h-da.de/ml-ontology/feature_extraction,feature extraction,0.38542529940605164,1
10.3390/s20143919,http://h-da.de/ml-ontology/feature_extraction,feature extraction,0.48437750339508057,1
10.3390/s20143982,http://h-da.de/ml-ontology/image_regression,image regression,0.4097389578819275,1
10.3390/s20164629,http://h-da.de/ml-ontology/audio_classification,audio classification,0.3652230501174927,1
10.3390/s20174965,http://h-da.de/ml-ontology/time_series_classification,time series classification,0.43009835481643677,1
10.3390/s20195505,http://h-da.de/ml-ontology/action_recognition,action recognition,0.3818676471710205,1
10.3390/s20247087,http://h-da.de/ml-ontology/time_series_classification,time series classification,0.37481987476348877,1
10.3390/s21020418,http://h-da.de/ml-ontology/feature_extraction,feature extraction,0.4077205955982208,1
10.3390/s21030932,http://h-da.de/ml-ontology/feature_extraction,feature extraction,0.4013879895210266,1
10.3390/s21030972,http://h-da.de/ml-ontology/feature_extraction,feature extraction,0.4014100432395935,1
10.3390/s21051636,http://h-da.de/ml-ontology/action_recognition,action recognition,0.45367977023124695,1
10.3390/s21082801,http://h-da.de/ml-ontology/feature_extraction,feature extraction,0.39854830503463745,1
10.3390/s21082849,http://h-da.de/ml-ontology/feature_selection,feature selection,0.3856387734413147,1
10.3390/s21093298,http://h-da.de/ml-ontology/anomaly_detection,anomaly detection,0.46545320749282837,1
10.3390/s21113699,http://h-da.de/ml-ontology/feature_extraction,feature extraction,0.37556445598602295,1
10.3390/s21124205,http://h-da.de/ml-ontology/image_classification,image classification,0.410647451877594,1
10.3390/s21134327,http://h-da.de/ml-ontology/feature_extraction,feature extraction,0.4734516739845276,1
10.3390/s21154978,http://h-da.de/ml-ontology/audio_regression,audio regression,0.4007381200790405,1
10.3390/s21175984,http://h-da.de/ml-ontology/audio_regression,audio regression,0.4389599561691284,1
10.3390/s21186315,http://h-da.de/ml-ontology/feature_extraction,feature extraction,0.3607536554336548,1
10.3390/s21206772,http://h-da.de/ml-ontology/feature_extraction,feature extraction,0.43268734216690063,1
10.3390/s21206844,http://h-da.de/ml-ontology/image_regression,image regression,0.43471360206604004,1
10.3390/s21217309,http://h-da.de/ml-ontology/object_detection,object detection,0.3900010883808136,1
10.3390/s22010018,http://h-da.de/ml-ontology/regression,regression,0.35097736120224,1
10.3390/s22010213,http://h-da.de/ml-ontology/time_series_classification,time series classification,0.4600061774253845,1
10.3390/s22010291,http://h-da.de/ml-ontology/feature_extraction,feature extraction,0.4498089551925659,1
10.3390/s22031062,http://h-da.de/ml-ontology/image_classification,image classification,0.38036075234413147,1
10.3390/s22031073,http://h-da.de/ml-ontology/time_series_classification,time series classification,0.3976496458053589,1
10.3390/s22103734,http://h-da.de/ml-ontology/feature_extraction,feature extraction,0.3999912738800049,1
10.3390/s22103881,http://h-da.de/ml-ontology/binary_classification,binary classification,0.38463249802589417,1
10.3390/s22155744,http://h-da.de/ml-ontology/feature_extraction,feature extraction,0.4111161231994629,1
10.3390/s22166165,http://h-da.de/ml-ontology/time_series_classification,time series classification,0.5380247235298157,1
10.3390/s22166252,http://h-da.de/ml-ontology/feature_extraction,feature extraction,0.37442639470100403,1
10.3390/s22176321,http://h-da.de/ml-ontology/anomaly_detection,anomaly detection,0.4207775592803955,1
10.3390/s22176628,http://h-da.de/ml-ontology/feature_extraction,feature extraction,0.4070885181427002,1
10.3390/s22186905,http://h-da.de/ml-ontology/feature_extraction,feature extraction,0.3536221981048584,1
10.3390/s22187072,http://h-da.de/ml-ontology/audio_classification,audio classification,0.37303847074508667,1
10.3390/s22197239,http://h-da.de/ml-ontology/feature_extraction,feature extraction,0.383419930934906,1
10.3390/s22239195,http://h-da.de/ml-ontology/binary_classification,binary classification,0.4094052016735077,1
10.3390/s22249783,http://h-da.de/ml-ontology/image_classification,image classification,0.49503928422927856,1
10.3390/s23010227,http://h-da.de/ml-ontology/feature_extraction,feature extraction,0.3567942976951599,1
10.3390/s23010391,http://h-da.de/ml-ontology/feature_extraction,feature extraction,0.3955867290496826,1
10.3390/s23020785,http://h-da.de/ml-ontology/image_classification,image classification,0.5185878276824951,1
10.3390/s23020839,http://h-da.de/ml-ontology/time_series_classification,time series classification,0.3840016722679138,1
10.3390/s23021009,http://h-da.de/ml-ontology/time_series_classification,time series classification,0.4496419429779053,1
10.3390/s23031141,http://h-da.de/ml-ontology/feature_extraction,feature extraction,0.3565826117992401,1
10.3390/s23031283,http://h-da.de/ml-ontology/action_recognition,action recognition,0.4998428523540497,1
10.3390/s23041889,http://h-da.de/ml-ontology/image_classification,image classification,0.43100297451019287,1
10.3390/s23041927,http://h-da.de/ml-ontology/image_classification,image classification,0.4368937015533447,1
10.3390/s23042230,http://h-da.de/ml-ontology/anomaly_detection,anomaly detection,0.3965989053249359,1
10.3390/s23063213,http://h-da.de/ml-ontology/time_series_classification,time series classification,0.4150594472885132,1
10.3390/s23083833,http://h-da.de/ml-ontology/feature_extraction,feature extraction,0.40942004323005676,1
10.3390/s23083977,http://h-da.de/ml-ontology/image_classification,image classification,0.47967639565467834,1
10.3390/s23104621,http://h-da.de/ml-ontology/regression,regression,0.3896837830543518,1
10.3390/s23114997,http://h-da.de/ml-ontology/time_series_forecasting,time series forecasting,0.41378235816955566,1
10.3390/s23115010,http://h-da.de/ml-ontology/feature_extraction,feature extraction,0.408871591091156,1
10.3390/s23115013,http://h-da.de/ml-ontology/anomaly_detection,anomaly detection,0.5234495401382446,1
10.3390/s23115057,http://h-da.de/ml-ontology/action_recognition,action recognition,0.427724689245224,1
10.3390/s23125502,http://h-da.de/ml-ontology/feature_extraction,feature extraction,0.3744758069515228,1
10.3390/s23125599,http://h-da.de/ml-ontology/feature_extraction,feature extraction,0.43716293573379517,1
10.3390/s23136107,http://h-da.de/ml-ontology/object_detection,object detection,0.3952852487564087,1
10.3390/s23156719,http://h-da.de/ml-ontology/feature_extraction,feature extraction,0.4698261320590973,1
10.3390/s23156899,http://h-da.de/ml-ontology/image_classification,image classification,0.43402642011642456,1
10.3390/s23167087,http://h-da.de/ml-ontology/binary_classification,binary classification,0.4064839482307434,1
10.3390/s23167152,http://h-da.de/ml-ontology/time_series_classification,time series classification,0.43597766757011414,1
10.3390/s23177524,http://h-da.de/ml-ontology/time_series_classification,time series classification,0.4696684181690216,1
10.3390/s23177568,http://h-da.de/ml-ontology/feature_extraction,feature extraction,0.3627249598503113,1
10.3390/s23187706,http://h-da.de/ml-ontology/binary_classification,binary classification,0.3873952031135559,1
10.3390/s23187874,http://h-da.de/ml-ontology/feature_extraction,feature extraction,0.4489610195159912,1
10.3390/s23198226,http://h-da.de/ml-ontology/audio_regression,audio regression,0.35418665409088135,1
10.3390/s23208455,http://h-da.de/ml-ontology/time_series_classification,time series classification,0.42456209659576416,1
10.3390/s23208480,http://h-da.de/ml-ontology/feature_extraction,feature extraction,0.3944200873374939,1
10.3390/s23218671,http://h-da.de/ml-ontology/tabular_classification,tabular classification,0.4497607946395874,1
10.3390/s23218926,http://h-da.de/ml-ontology/audio_regression,audio regression,0.3692079782485962,1
10.3390/s23229231,http://h-da.de/ml-ontology/anomaly_detection,anomaly detection,0.39452120661735535,1
10.3390/s23239346,http://h-da.de/ml-ontology/regression,regression,0.4173622727394104,1
10.3390/s24010232,http://h-da.de/ml-ontology/image_classification,image classification,0.485659658908844,1
10.3390/s24020330,http://h-da.de/ml-ontology/time_series_classification,time series classification,0.3869844675064087,1
10.3390/s24061813,http://h-da.de/ml-ontology/feature_extraction,feature extraction,0.3646712303161621,1
10.3390/s24082456,http://h-da.de/ml-ontology/feature_extraction,feature extraction,0.38268423080444336,1
10.3390/s24092821,http://h-da.de/ml-ontology/feature_extraction,feature extraction,0.38220542669296265,1
10.3390/s24092933,http://h-da.de/ml-ontology/image_classification,image classification,0.47249171137809753,1
10.3390/s24113682,http://h-da.de/ml-ontology/tabular_classification,tabular classification,0.37400656938552856,1
10.3390/s24154864,http://h-da.de/ml-ontology/audio_regression,audio regression,0.4666021168231964,1
10.3390/s24165263,http://h-da.de/ml-ontology/time_series_classification,time series classification,0.4757255017757416,1
10.3390/s24175461,http://h-da.de/ml-ontology/feature_extraction,feature extraction,0.4197586178779602,1
10.3390/s24196401,http://h-da.de/ml-ontology/regression,regression,0.4453199505805969,1
10.3390/s24227114,http://h-da.de/ml-ontology/audio_regression,audio regression,0.35509538650512695,1
10.3390/s24237436,http://h-da.de/ml-ontology/action_recognition,action recognition,0.3916913568973541,1
10.3390/s24237466,http://h-da.de/ml-ontology/image_classification,image classification,0.479282021522522,1
10.3390/s24248111,http://h-da.de/ml-ontology/feature_extraction,feature extraction,0.39107373356819153,1
10.3390/s25010060,http://h-da.de/ml-ontology/binary_classification,binary classification,0.4201066493988037,1
10.3390/s25010169,http://h-da.de/ml-ontology/feature_extraction,feature extraction,0.3803277015686035,1
10.3390/s25020537,http://h-da.de/ml-ontology/feature_extraction,feature extraction,0.3880767822265625,1
10.3390/s25030773,http://h-da.de/ml-ontology/time_series_classification,time series classification,0.44583332538604736,1
10.3390/s25041006,http://h-da.de/ml-ontology/feature_extraction,feature extraction,0.4014285206794739,1
10.3390/s25051288,http://h-da.de/ml-ontology/image_classification,image classification,0.4741046726703644,1
10.3390/s25051392,http://h-da.de/ml-ontology/regression,regression,0.35538429021835327,1
10.3390/s25072239,http://h-da.de/ml-ontology/feature_extraction,feature extraction,0.37939536571502686,1
10.3390/s25092893,http://h-da.de/ml-ontology/feature_extraction,feature extraction,0.3562577962875366,1
10.3390/s25103181,http://h-da.de/ml-ontology/feature_extraction,feature extraction,0.4172312617301941,1
10.3390/s25113532,http://h-da.de/ml-ontology/anomaly_detection,anomaly detection,0.49749287962913513,1
10.3390/s25133923,http://h-da.de/ml-ontology/binary_classification,binary classification,0.3900267481803894,1
10.3390/s25154865,http://h-da.de/ml-ontology/image_regression,image regression,0.35013824701309204,1
10.3390/s25164936,http://h-da.de/ml-ontology/feature_extraction,feature extraction,0.43523067235946655,1
10.3390/s25165120,http://h-da.de/ml-ontology/feature_extraction,feature extraction,0.42490530014038086,1
10.3390/s25165128,http://h-da.de/ml-ontology/binary_classification,binary classification,0.3994375467300415,1
10.3390/s25175419,http://h-da.de/ml-ontology/binary_classification,binary classification,0.3531954288482666,1
10.3390/s25175469,http://h-da.de/ml-ontology/time_series_classification,time series classification,0.3717133104801178,1
10.3390/s25185681,http://h-da.de/ml-ontology/feature_extraction,feature extraction,0.3772572875022888,1
10.3390/s25196063,http://h-da.de/ml-ontology/image_classification,image classification,0.5289218425750732,1
10.3390/s25196183,http://h-da.de/ml-ontology/image_classification,image classification,0.5090910196304321,1
10.3390/separations12080203,http://h-da.de/ml-ontology/feature_extraction,feature extraction,0.387800931930542,1
10.3390/signals6010009,http://h-da.de/ml-ontology/audio_classification,audio classification,0.4907210171222687,1
10.3390/stats7030050,http://h-da.de/ml-ontology/text_analytics,text analytics,0.469929963350296,1
10.3390/su11030913,http://h-da.de/ml-ontology/sentiment_analysis,sentiment analysis,0.5167887210845947,1
10.3390/su12114663,http://h-da.de/ml-ontology/binary_classification,binary classification,0.3888987898826599,1
10.3390/su12114776,http://h-da.de/ml-ontology/binary_classification,binary classification,0.42256683111190796,1
10.3390/su12156266,http://h-da.de/ml-ontology/binary_classification,binary classification,0.3825683891773224,1
10.3390/su13074013,http://h-da.de/ml-ontology/feature_extraction,feature extraction,0.45076653361320496,1
10.3390/su13084120,http://h-da.de/ml-ontology/feature_extraction,feature extraction,0.43225952982902527,1
10.3390/su13147547,http://h-da.de/ml-ontology/feature_extraction,feature extraction,0.36274027824401855,1
10.3390/su14021035,http://h-da.de/ml-ontology/anomaly_detection,anomaly detection,0.387712299823761,1
10.3390/su14073984,http://h-da.de/ml-ontology/regression,regression,0.43980932235717773,1
10.3390/su14074033,http://h-da.de/ml-ontology/time_series_forecasting,time series forecasting,0.40396708250045776,1
10.3390/su14137779,http://h-da.de/ml-ontology/regression,regression,0.4141385555267334,1
10.3390/su14159139,http://h-da.de/ml-ontology/image_classification,image classification,0.3699185252189636,1
10.3390/su14159147,http://h-da.de/ml-ontology/feature_extraction,feature extraction,0.39532798528671265,1
10.3390/su142315522,http://h-da.de/ml-ontology/feature_extraction,feature extraction,0.3945521414279938,1
10.3390/su142316064,http://h-da.de/ml-ontology/regression,regression,0.3842518925666809,1
10.3390/su15021060,http://h-da.de/ml-ontology/binary_classification,binary classification,0.4245566725730896,1
10.3390/su15032786,http://h-da.de/ml-ontology/regression,regression,0.40413331985473633,1
10.3390/su15042951,http://h-da.de/ml-ontology/feature_extraction,feature extraction,0.39022189378738403,1
10.3390/su15086843,http://h-da.de/ml-ontology/regression,regression,0.35520458221435547,1
10.3390/su15086965,http://h-da.de/ml-ontology/binary_classification,binary classification,0.3929780125617981,1
10.3390/su15097676,http://h-da.de/ml-ontology/binary_classification,binary classification,0.3507283926010132,1
10.3390/su15119093,http://h-da.de/ml-ontology/sentiment_analysis,sentiment analysis,0.4861880838871002,1
10.3390/su15129210,http://h-da.de/ml-ontology/feature_extraction,feature extraction,0.37884998321533203,1
10.3390/su15129785,http://h-da.de/ml-ontology/feature_extraction,feature extraction,0.36299461126327515,1
10.3390/su151512015,http://h-da.de/ml-ontology/text_analytics,text analytics,0.41331762075424194,1
10.3390/su151813782,http://h-da.de/ml-ontology/regression,regression,0.43914997577667236,1
10.3390/su151914448,http://h-da.de/ml-ontology/regression,regression,0.37834882736206055,1
10.3390/su152115197,http://h-da.de/ml-ontology/image_classification,image classification,0.3725281059741974,1
10.3390/su16020513,http://h-da.de/ml-ontology/binary_classification,binary classification,0.4071599245071411,1
10.3390/su16104161,http://h-da.de/ml-ontology/regression,regression,0.44786372780799866,1
10.3390/su16146121,http://h-da.de/ml-ontology/sentiment_analysis,sentiment analysis,0.39885127544403076,1
10.3390/su16166907,http://h-da.de/ml-ontology/regression,regression,0.39640629291534424,1
10.3390/su16167203,http://h-da.de/ml-ontology/regression,regression,0.3737398087978363,1
10.3390/su16198426,http://h-da.de/ml-ontology/time_series_forecasting,time series forecasting,0.4243727922439575,1
10.3390/su16219437,http://h-da.de/ml-ontology/feature_extraction,feature extraction,0.41731929779052734,1
10.3390/su162210084,http://h-da.de/ml-ontology/image_classification,image classification,0.49504607915878296,1
10.3390/su16229610,http://h-da.de/ml-ontology/sentiment_analysis,sentiment analysis,0.499390572309494,1
10.3390/su16229681,http://h-da.de/ml-ontology/sentiment_analysis,sentiment analysis,0.5192816257476807,1
10.3390/su16229909,http://h-da.de/ml-ontology/regression,regression,0.40408313274383545,1
10.3390/su162310400,http://h-da.de/ml-ontology/feature_extraction,feature extraction,0.38021165132522583,1
10.3390/su17020379,http://h-da.de/ml-ontology/regression,regression,0.41245970129966736,1
10.3390/su17020578,http://h-da.de/ml-ontology/feature_extraction,feature extraction,0.3595767021179199,1
10.3390/su17031049,http://h-da.de/ml-ontology/regression,regression,0.3740842938423157,1
10.3390/su17062629,http://h-da.de/ml-ontology/image_classification,image classification,0.3951491117477417,1
10.3390/su17073103,http://h-da.de/ml-ontology/feature_extraction,feature extraction,0.3817422091960907,1
10.3390/su17073190,http://h-da.de/ml-ontology/feature_extraction,feature extraction,0.39790868759155273,1
10.3390/su17093926,http://h-da.de/ml-ontology/binary_classification,binary classification,0.439744234085083,1
10.3390/su17104429,http://h-da.de/ml-ontology/regression,regression,0.3915211856365204,1
10.3390/su17104624,http://h-da.de/ml-ontology/regression,regression,0.3979133665561676,1
10.3390/su17115084,http://h-da.de/ml-ontology/feature_extraction,feature extraction,0.3958871364593506,1
10.3390/su17125454,http://h-da.de/ml-ontology/regression,regression,0.3982328176498413,1
10.3390/su17125480,http://h-da.de/ml-ontology/regression,regression,0.395504891872406,1
10.3390/su17167192,http://h-da.de/ml-ontology/time_series_forecasting,time series forecasting,0.39179277420043945,1
10.3390/su17198654,http://h-da.de/ml-ontology/regression,regression,0.44926363229751587,1
10.3390/su17198848,http://h-da.de/ml-ontology/feature_extraction,feature extraction,0.3616756796836853,1
10.3390/sym11101233,http://h-da.de/ml-ontology/feature_extraction,feature extraction,0.4158741235733032,1
10.3390/sym12030454,http://h-da.de/ml-ontology/feature_selection,feature selection,0.408930242061615,1
10.3390/sym13010110,http://h-da.de/ml-ontology/time_series_classification,time series classification,0.43799924850463867,1
10.3390/sym13060938,http://h-da.de/ml-ontology/time_series_classification,time series classification,0.3661665916442871,1
10.3390/sym13071293,http://h-da.de/ml-ontology/feature_extraction,feature extraction,0.4025447964668274,1
10.3390/sym13081545,http://h-da.de/ml-ontology/recommendation,recommendation,0.3652999997138977,1
10.3390/sym13091579,http://h-da.de/ml-ontology/time_series_forecasting,time series forecasting,0.3781679570674896,1
10.3390/sym14081599,http://h-da.de/ml-ontology/regression,regression,0.46941956877708435,1
10.3390/sym15010086,http://h-da.de/ml-ontology/time_series_classification,time series classification,0.5235450863838196,1
10.3390/systems11060268,http://h-da.de/ml-ontology/time_series_classification,time series classification,0.3574630618095398,1
10.3390/systems13070534,http://h-da.de/ml-ontology/anomaly_detection,anomaly detection,0.4081910252571106,1
10.3390/systems13070578,http://h-da.de/ml-ontology/feature_selection,feature selection,0.38666170835494995,1
10.3390/technologies11020055,http://h-da.de/ml-ontology/action_recognition,action recognition,0.5182032585144043,1
10.3390/technologies12090148,http://h-da.de/ml-ontology/time_series_forecasting,time series forecasting,0.37016257643699646,1
10.3390/technologies13020067,http://h-da.de/ml-ontology/feature_extraction,feature extraction,0.45334121584892273,1
10.3390/technologies13020075,http://h-da.de/ml-ontology/feature_extraction,feature extraction,0.43165087699890137,1
10.3390/technologies13030120,http://h-da.de/ml-ontology/regression,regression,0.35433346033096313,1
10.3390/textiles4020012,http://h-da.de/ml-ontology/image_regression,image regression,0.35357528924942017,1
10.3390/textiles5020012,http://h-da.de/ml-ontology/image_classification,image classification,0.48127877712249756,1
10.3390/urbansci9080297,http://h-da.de/ml-ontology/regression,regression,0.41644203662872314,1
10.3390/vibration7040054,http://h-da.de/ml-ontology/time_series_classification,time series classification,0.49894657731056213,1
10.3390/w14020222,http://h-da.de/ml-ontology/object_detection,object detection,0.41900119185447693,1
10.3390/w14243993,http://h-da.de/ml-ontology/regression,regression,0.44008868932724,1
10.3390/w15234176,http://h-da.de/ml-ontology/regression,regression,0.3662130832672119,1
10.3390/w16071042,http://h-da.de/ml-ontology/feature_extraction,feature extraction,0.4088315963745117,1
10.3390/w17030297,http://h-da.de/ml-ontology/feature_extraction,feature extraction,0.39265185594558716,1
10.3390/w17081169,http://h-da.de/ml-ontology/feature_extraction,feature extraction,0.35472571849823,1
10.3390/w17091347,http://h-da.de/ml-ontology/feature_extraction,feature extraction,0.47988754510879517,1
10.3390/w17142164,http://h-da.de/ml-ontology/feature_extraction,feature extraction,0.4160084128379822,1
10.3390/w17162432,http://h-da.de/ml-ontology/feature_extraction,feature extraction,0.4371694326400757,1
10.3390/w17172636,http://h-da.de/ml-ontology/binary_classification,binary classification,0.39422428607940674,1
10.3390/w17192804,http://h-da.de/ml-ontology/tabular_regression,tabular regression,0.3654901385307312,1
10.3390/w17192896,http://h-da.de/ml-ontology/feature_extraction,feature extraction,0.3617566227912903,1
10.3390/wevj15020038,http://h-da.de/ml-ontology/feature_extraction,feature extraction,0.37507033348083496,1
10.3390/wevj15020072,http://h-da.de/ml-ontology/feature_extraction,feature extraction,0.3685991168022156,1
10.3390/wevj16080426,http://h-da.de/ml-ontology/audio_regression,audio regression,0.41623687744140625,1
10.34028/iajit/20/6/13,http://h-da.de/ml-ontology/binary_classification,binary classification,0.3659488260746002,1
10.34133/jbioxresearch.0008,http://h-da.de/ml-ontology/image_regression,image regression,0.39101600646972656,1
10.34302/CRPJFST/2022.14.3.9,http://h-da.de/ml-ontology/image_regression,image regression,0.3649826645851135,1
10.35377/saucis...1579599,http://h-da.de/ml-ontology/regression,regression,0.4044301509857178,1
10.35377/saucis...1641393,http://h-da.de/ml-ontology/anomaly_detection,anomaly detection,0.43120077252388,1
10.35470/2226-4116-2022-11-1-18-24,http://h-da.de/ml-ontology/feature_extraction,feature extraction,0.3671720027923584,1
10.35530/IT.075.02.20234,http://h-da.de/ml-ontology/regression,regression,0.5102994441986084,1
10.35530/IT.076.03.2024108,http://h-da.de/ml-ontology/image_classification,image classification,0.4110203981399536,1
10.35633/inmateh-74-12,http://h-da.de/ml-ontology/regression,regression,0.45872926712036133,1
10.35633/inmateh-75-79,http://h-da.de/ml-ontology/feature_extraction,feature extraction,0.43600648641586304,1
10.35784/acs-2023-18,http://h-da.de/ml-ontology/feature_selection,feature selection,0.45569199323654175,1
10.35784/acs_7202,http://h-da.de/ml-ontology/feature_extraction,feature extraction,0.3536902666091919,1
10.35784/acs_7299,http://h-da.de/ml-ontology/time_series_classification,time series classification,0.4285670518875122,1
10.35784/iapgos.6057,http://h-da.de/ml-ontology/time_series_classification,time series classification,0.3641602396965027,1
10.35882/jeeemi.v7i2.652,http://h-da.de/ml-ontology/feature_selection,feature selection,0.36783862113952637,1
10.35940/ijeat.A1486.109119,http://h-da.de/ml-ontology/feature_extraction,feature extraction,0.38627463579177856,1
10.35940/ijeat.F8255.088619,http://h-da.de/ml-ontology/feature_selection,feature selection,0.48581936955451965,1
10.35940/ijitee.L2887.1081219,http://h-da.de/ml-ontology/image_classification,image classification,0.3816741108894348,1
10.35940/ijrte.B2290.078219,http://h-da.de/ml-ontology/classification,classification,0.4610190987586975,1
10.36001/IJPHM.2023.v14i2.3417,http://h-da.de/ml-ontology/regression,regression,0.4367685317993164,1
10.36001/ijphm.2022.v13i2.3138,http://h-da.de/ml-ontology/anomaly_detection,anomaly detection,0.46184661984443665,1
10.36001/ijphm.2022.v13i2.3267,http://h-da.de/ml-ontology/feature_extraction,feature extraction,0.4504314064979553,1
10.36001/ijphm.2023.v14i2.3528,http://h-da.de/ml-ontology/time_series_forecasting,time series forecasting,0.35297030210494995,1
10.36001/ijphm.2023.v14i3.3125,http://h-da.de/ml-ontology/time_series_classification,time series classification,0.43926316499710083,1
10.36001/ijphm.2024.v15i2.3821,http://h-da.de/ml-ontology/feature_extraction,feature extraction,0.398285448551178,1
10.36001/ijphm.2025.v16i1.4222,http://h-da.de/ml-ontology/time_series_analysis,time series analysis,0.4480573534965515,1
10.36001/phmconf.2019.v11i1.815,http://h-da.de/ml-ontology/anomaly_detection,anomaly detection,0.5591648817062378,1
10.36001/phmconf.2022.v14i1.3198,http://h-da.de/ml-ontology/feature_extraction,feature extraction,0.4325368404388428,1
10.36001/phmconf.2022.v14i1.3261,http://h-da.de/ml-ontology/anomaly_detection,anomaly detection,0.4135371446609497,1
10.36001/phmconf.2024.v16i1.3913,http://h-da.de/ml-ontology/regression,regression,0.3630751967430115,1
10.36001/phmconf.2024.v16i1.4124,http://h-da.de/ml-ontology/feature_extraction,feature extraction,0.41394737362861633,1
10.36244/ICJ.2021.3.8,http://h-da.de/ml-ontology/binary_classification,binary classification,0.4093027710914612,1
10.36897/jme/171432,http://h-da.de/ml-ontology/feature_extraction,feature extraction,0.41995686292648315,1
10.36897/jme/174018,http://h-da.de/ml-ontology/image_classification,image classification,0.40694040060043335,1
10.36897/jme/186044,http://h-da.de/ml-ontology/image_regression,image regression,0.37476396560668945,1
10.36897/jme/190313,http://h-da.de/ml-ontology/tabular_classification,tabular classification,0.35933300852775574,1
10.36897/jme/192681,http://h-da.de/ml-ontology/audio_regression,audio regression,0.37623196840286255,1
10.36897/jme/196725,http://h-da.de/ml-ontology/image_classification,image classification,0.4466988444328308,1
10.36899/JAPS.2025.2.0043,http://h-da.de/ml-ontology/regression,regression,0.43923431634902954,1
10.36899/JAPS.2025.2.0050,http://h-da.de/ml-ontology/image_classification,image classification,0.45669227838516235,1
10.36922/MSAM025150022,http://h-da.de/ml-ontology/image_classification,image classification,0.42153429985046387,1
10.37190/e-Inf230104,http://h-da.de/ml-ontology/text_analytics,text analytics,0.3820546269416809,1
10.37197/ARFR.2025.38.3.1,http://h-da.de/ml-ontology/feature_selection,feature selection,0.37990468740463257,1
10.37256/cm.5420244481,http://h-da.de/ml-ontology/tabular_regression,tabular regression,0.4072253108024597,1
10.37385/jaets.v6i2.6417,http://h-da.de/ml-ontology/time_series_classification,time series classification,0.4484814405441284,1
10.37391/ijeer.100472,http://h-da.de/ml-ontology/binary_classification,binary classification,0.3939080834388733,1
10.37394/23201.2025.24.11,http://h-da.de/ml-ontology/feature_extraction,feature extraction,0.4150680899620056,1
10.37394/23207.2024.21.185,http://h-da.de/ml-ontology/regression,regression,0.3691907227039337,1
10.37394/23208.2024.21.1,http://h-da.de/ml-ontology/time_series_classification,time series classification,0.4125710725784302,1
10.3778/j.issn.1002-8331.2404-0133,http://h-da.de/ml-ontology/feature_selection,feature selection,0.4348461627960205,1
10.3778/j.issn.1002-8331.2405-0396,http://h-da.de/ml-ontology/feature_extraction,feature extraction,0.45845508575439453,1
10.3785/j.issn.1006-754X.2022.00.043,http://h-da.de/ml-ontology/image_classification,image classification,0.48064905405044556,1
10.3787/j.issn.1000-0976.2024.09.008,http://h-da.de/ml-ontology/feature_extraction,feature extraction,0.45073890686035156,1
10.3788/AOS221468,http://h-da.de/ml-ontology/feature_extraction,feature extraction,0.37405455112457275,1
10.3788/CJL231289,http://h-da.de/ml-ontology/audio_regression,audio regression,0.45147258043289185,1
10.3788/CJL241344,http://h-da.de/ml-ontology/image_classification,image classification,0.45655497908592224,1
10.3788/CJL250583,http://h-da.de/ml-ontology/feature_extraction,feature extraction,0.39156219363212585,1
10.37934/ard.124.1.6376,http://h-da.de/ml-ontology/feature_extraction,feature extraction,0.4129234552383423,1
10.37934/ard.127.1.6783,http://h-da.de/ml-ontology/image_classification,image classification,0.38468408584594727,1
10.37936/ecti-cit.2024181.253854,http://h-da.de/ml-ontology/image_classification,image classification,0.5773663520812988,1
10.37936/ecti-eec.2525232.255644,http://h-da.de/ml-ontology/image_classification,image classification,0.4756133258342743,1
10.37965/jdmd.2025.806,http://h-da.de/ml-ontology/time_series_classification,time series classification,0.37780261039733887,1
10.3808/jeil.202400142,http://h-da.de/ml-ontology/feature_extraction,feature extraction,0.41908013820648193,1
10.3837/tiis.2024.05.009,http://h-da.de/ml-ontology/anomaly_detection,anomaly detection,0.539489209651947,1
10.3844/ajbbsp.2015.149.159,http://h-da.de/ml-ontology/regression,regression,0.38861143589019775,1
10.3844/ajbbsp.2024.356.364,http://h-da.de/ml-ontology/image_classification,image classification,0.46568232774734497,1
10.3844/jcssp.2012.506.514,http://h-da.de/ml-ontology/image_classification,image classification,0.4933381974697113,1
10.3844/jcssp.2024.495.510,http://h-da.de/ml-ontology/time_series_classification,time series classification,0.4209967851638794,1
10.3844/jcssp.2024.955.963,http://h-da.de/ml-ontology/association_rule_learning,association rule learning,0.36817169189453125,1
10.3844/jcssp.2025.800.809,http://h-da.de/ml-ontology/image_classification,image classification,0.4057658314704895,1
10.3850/978-981-11-2724-3_0323-cd,http://h-da.de/ml-ontology/feature_extraction,feature extraction,0.3764817714691162,1
10.3850/978-981-11-2724-3_0629-cd,http://h-da.de/ml-ontology/time_series_classification,time series classification,0.446999192237854,1
10.3850/978-981-14-8593-0_3831-cd,http://h-da.de/ml-ontology/feature_extraction,feature extraction,0.39087241888046265,1
10.3850/978-981-14-8593-0_4266-cd,http://h-da.de/ml-ontology/regression,regression,0.40004050731658936,1
10.3850/978-981-18-2016-8_105-cd,http://h-da.de/ml-ontology/time_series_classification,time series classification,0.46894359588623047,1
10.3850/978-981-18-2016-8_181-cd,http://h-da.de/ml-ontology/image_classification,image classification,0.3609350621700287,1
10.3850/978-981-18-2016-8_368-cd,http://h-da.de/ml-ontology/anomaly_detection,anomaly detection,0.4315618574619293,1
10.3850/978-981-18-2016-8_387-cd,http://h-da.de/ml-ontology/feature_extraction,feature extraction,0.3844142556190491,1
10.3850/978-981-18-2016-8_521-cd,http://h-da.de/ml-ontology/image_classification,image classification,0.3655886650085449,1
10.3850/978-981-18-5183-4_R16-02-524-cd,http://h-da.de/ml-ontology/clustering,clustering,0.4615490436553955,1
10.3850/978-981-18-5183-4_R22-07-121-cd,http://h-da.de/ml-ontology/time_series_forecasting,time series forecasting,0.4043669104576111,1
10.3850/978-981-18-5183-4_S29-03-225-cd,http://h-da.de/ml-ontology/binary_classification,binary classification,0.43184107542037964,1
10.3850/IAHR-39WC2521716X20221774,http://h-da.de/ml-ontology/regression,regression,0.45845431089401245,1
10.3901/JME.2019.15.048,http://h-da.de/ml-ontology/image_regression,image regression,0.4046725630760193,1
10.3901/JME.2020.08.250,http://h-da.de/ml-ontology/time_series_classification,time series classification,0.38663145899772644,1
10.3901/JME.2021.03.185,http://h-da.de/ml-ontology/anomaly_detection,anomaly detection,0.3865683078765869,1
10.3901/JME.2024.06.163,http://h-da.de/ml-ontology/audio_regression,audio regression,0.3957798480987549,1
10.3901/JME.2024.21.263,http://h-da.de/ml-ontology/image_regression,image regression,0.3659021854400635,1
10.3923/jeasci.2018.552.556,http://h-da.de/ml-ontology/association_rule_learning,association rule learning,0.43734633922576904,1
10.3926/jiem.3928,http://h-da.de/ml-ontology/regression,regression,0.4934508800506592,1
10.3934/AGRFOOD.2023057,http://h-da.de/ml-ontology/regression,regression,0.5007520914077759,1
10.3934/energy.2021019,http://h-da.de/ml-ontology/feature_extraction,feature extraction,0.3780118227005005,1
10.3934/environsci.2024027,http://h-da.de/ml-ontology/feature_extraction,feature extraction,0.3832167387008667,1
10.3934/environsci.2024048,http://h-da.de/ml-ontology/feature_extraction,feature extraction,0.4011876583099365,1
10.3934/jimo.2021099,http://h-da.de/ml-ontology/feature_extraction,feature extraction,0.3881300687789917,1
10.3934/math.20231237,http://h-da.de/ml-ontology/time_series_forecasting,time series forecasting,0.47501957416534424,1
10.3934/math.2024574,http://h-da.de/ml-ontology/feature_extraction,feature extraction,0.36249709129333496,1
10.3934/mbe.2019040,http://h-da.de/ml-ontology/feature_extraction,feature extraction,0.3757745623588562,1
10.3934/mbe.2019165,http://h-da.de/ml-ontology/feature_extraction,feature extraction,0.36699867248535156,1
10.3934/mbe.2020379,http://h-da.de/ml-ontology/audio_regression,audio regression,0.42789462208747864,1
10.3964/j.issn.1000-0593(2021)02-0624-05,http://h-da.de/ml-ontology/feature_extraction,feature extraction,0.3506670594215393,1
10.3969/j.issn.0258-2724.20190528,http://h-da.de/ml-ontology/feature_extraction,feature extraction,0.4645105004310608,1
10.3969/j.issn.1000-1441.2023.01.005,http://h-da.de/ml-ontology/feature_extraction,feature extraction,0.381979763507843,1
10.3969/j.issn.1001-7003.2024.05.010,http://h-da.de/ml-ontology/image_regression,image regression,0.35023993253707886,1
10.3969/j.issn.1001-7003.2024.07.012,http://h-da.de/ml-ontology/regression,regression,0.4791797995567322,1
10.3969/j.issn.1004-132X.2018.21.012,http://h-da.de/ml-ontology/association_rule_learning,association rule learning,0.35337603092193604,1
10.3969/j.issn.1004-1699.2023.07.024,http://h-da.de/ml-ontology/image_classification,image classification,0.37890002131462097,1
10.3969/j.issn.1007-2012.2025.02.003,http://h-da.de/ml-ontology/feature_extraction,feature extraction,0.40026506781578064,1
10.3969/j.issn.1008-0821.2019.01.014,http://h-da.de/ml-ontology/text_analytics,text analytics,0.39291536808013916,1
10.3969/j.issn.1673-064X.2022.02.010,http://h-da.de/ml-ontology/feature_extraction,feature extraction,0.37320202589035034,1
10.3969/j.issn.1673-5005.2021.04.007,http://h-da.de/ml-ontology/clustering,clustering,0.3841720223426819,1
10.3969/j.issn.1673-5005.2023.06.019,http://h-da.de/ml-ontology/feature_extraction,feature extraction,0.4392549395561218,1
10.3991/ijim.v16i24.35493,http://h-da.de/ml-ontology/sentiment_analysis,sentiment analysis,0.5851521492004395,1
10.3991/ijoe.v16i04.11873,http://h-da.de/ml-ontology/regression,regression,0.40801405906677246,1
10.3997/2214-4609.201803016,http://h-da.de/ml-ontology/time_series_forecasting,time series forecasting,0.44655686616897583,1
10.3997/2214-4609.201803024,http://h-da.de/ml-ontology/regression,regression,0.3717280626296997,1
10.3997/2214-4609.201900548,http://h-da.de/ml-ontology/time_series_classification,time series classification,0.4202244281768799,1
10.3997/2214-4609.202239012,http://h-da.de/ml-ontology/regression,regression,0.4356546998023987,1
10.3997/2214-4609.202270140,http://h-da.de/ml-ontology/feature_extraction,feature extraction,0.3932191729545593,1
10.3997/2214-4609.202332067,http://h-da.de/ml-ontology/feature_extraction,feature extraction,0.4350356459617615,1
10.3997/2214-4609.202477004,http://h-da.de/ml-ontology/binary_classification,binary classification,0.43644171953201294,1
10.3997/2214-4609.202539016,http://h-da.de/ml-ontology/feature_extraction,feature extraction,0.42901158332824707,1
10.3997/2214-4609.202539041,http://h-da.de/ml-ontology/feature_extraction,feature extraction,0.46579891443252563,1
10.3997/2214-4609.202571013,http://h-da.de/ml-ontology/audio_regression,audio regression,0.43598759174346924,1
10.4018/978-1-5225-0290-6.ch010,http://h-da.de/ml-ontology/feature_extraction,feature extraction,0.38273781538009644,1
10.4018/978-1-5225-0788-8.ch007,http://h-da.de/ml-ontology/feature_extraction,feature extraction,0.38273781538009644,1
10.4018/978-1-5225-9687-5.ch009,http://h-da.de/ml-ontology/association_rule_learning,association rule learning,0.3587048649787903,1
10.4018/978-1-60566-144-5.ch018,http://h-da.de/ml-ontology/regression,regression,0.41485947370529175,1
10.4018/978-1-60566-908-3.ch017,http://h-da.de/ml-ontology/tabular_classification,tabular classification,0.46843406558036804,1
10.4018/978-1-60960-818-7.ch6.9,http://h-da.de/ml-ontology/regression,regression,0.4145420789718628,1
10.4018/978-1-6684-6361-1.ch001,http://h-da.de/ml-ontology/feature_selection,feature selection,0.3592057228088379,1
10.4018/978-1-7998-7206-1,http://h-da.de/ml-ontology/feature_extraction,feature extraction,0.3693866729736328,1
10.4018/978-1-7998-9220-5.ch158,http://h-da.de/ml-ontology/regression,regression,0.39189624786376953,1
10.4018/979-8-3373-0290-4.ch004,http://h-da.de/ml-ontology/anomaly_detection,anomaly detection,0.5187918543815613,1
10.4018/979-8-3373-0442-7.ch021,http://h-da.de/ml-ontology/feature_extraction,feature extraction,0.369165301322937,1
10.4018/979-8-3373-0442-7.ch022,http://h-da.de/ml-ontology/binary_classification,binary classification,0.41561955213546753,1
10.4018/979-8-3373-0442-7.ch023,http://h-da.de/ml-ontology/feature_extraction,feature extraction,0.3738424777984619,1
10.4018/979-8-3373-0746-6.ch004,http://h-da.de/ml-ontology/time_series_classification,time series classification,0.4485110938549042,1
10.4018/979-8-3373-0923-1.ch005,http://h-da.de/ml-ontology/time_series_forecasting,time series forecasting,0.37349313497543335,1
10.4018/979-8-3373-1797-7.ch005,http://h-da.de/ml-ontology/image_classification,image classification,0.40928706526756287,1
10.4018/979-8-3373-4571-0.ch007,http://h-da.de/ml-ontology/feature_extraction,feature extraction,0.36179113388061523,1
10.4018/979-8-3693-2999-3.ch010,http://h-da.de/ml-ontology/feature_extraction,feature extraction,0.4738743007183075,1
10.4018/979-8-3693-4276-3.ch010,http://h-da.de/ml-ontology/image_classification,image classification,0.5017995834350586,1
10.4018/979-8-3693-5271-7.ch008,http://h-da.de/ml-ontology/image_classification,image classification,0.43631771206855774,1
10.4018/979-8-3693-5832-0.ch006,http://h-da.de/ml-ontology/binary_classification,binary classification,0.4825848937034607,1
10.4018/979-8-3693-6016-3.ch021,http://h-da.de/ml-ontology/feature_extraction,feature extraction,0.3596622347831726,1
10.4018/979-8-3693-6864-0,http://h-da.de/ml-ontology/binary_classification,binary classification,0.4905380308628082,1
10.4018/979-8-3693-7112-1.ch020,http://h-da.de/ml-ontology/feature_extraction,feature extraction,0.38359659910202026,1
10.4018/979-8-3693-7250-0,http://h-da.de/ml-ontology/feature_extraction,feature extraction,0.39577391743659973,1
10.4018/979-8-3693-7525-9.ch002,http://h-da.de/ml-ontology/feature_extraction,feature extraction,0.4106884002685547,1
10.4018/979-8-3693-7812-0.ch009,http://h-da.de/ml-ontology/binary_classification,binary classification,0.3763725757598877,1
10.4018/979-8-3693-7974-5.ch009,http://h-da.de/ml-ontology/feature_extraction,feature extraction,0.37077420949935913,1
10.4018/979-8-3693-8161-8.ch017,http://h-da.de/ml-ontology/feature_extraction,feature extraction,0.372153639793396,1
10.4018/979-8-3693-8980-5.ch032,http://h-da.de/ml-ontology/feature_extraction,feature extraction,0.3665902614593506,1
10.4018/9798369326152.ch007,http://h-da.de/ml-ontology/feature_extraction,feature extraction,0.4317135214805603,1
10.4018/IJAEIS.20210101.oa1,http://h-da.de/ml-ontology/regression,regression,0.4512873589992523,1
10.4018/IJERTCS.302112,http://h-da.de/ml-ontology/anomaly_detection,anomaly detection,0.586164653301239,1
10.4018/IJFSA.2020010104,http://h-da.de/ml-ontology/binary_classification,binary classification,0.40861597657203674,1
10.4018/IJGHPC.2020100103,http://h-da.de/ml-ontology/regression,regression,0.48033639788627625,1
10.4018/IJeC.304041,http://h-da.de/ml-ontology/feature_extraction,feature extraction,0.40931278467178345,1
10.4018/JOEUC.369157,http://h-da.de/ml-ontology/time_series_classification,time series classification,0.38683760166168213,1
10.4018/ijmmme.2014070103,http://h-da.de/ml-ontology/time_series_classification,time series classification,0.4650796055793762,1
10.4018/jiit.2007100103,http://h-da.de/ml-ontology/regression,regression,0.39932891726493835,1
10.4028/p-1yH6uE,http://h-da.de/ml-ontology/image_regression,image regression,0.3945964574813843,1
10.4028/p-3vQCF6,http://h-da.de/ml-ontology/binary_classification,binary classification,0.45224183797836304,1
10.4028/p-54j053,http://h-da.de/ml-ontology/time_series_classification,time series classification,0.4105536937713623,1
10.4028/p-H9Xqxe,http://h-da.de/ml-ontology/binary_classification,binary classification,0.3585876524448395,1
10.4028/p-rl51NI,http://h-da.de/ml-ontology/image_classification,image classification,0.3586322069168091,1
10.4028/www.scientific.net/AMM.120.190,http://h-da.de/ml-ontology/time_series_classification,time series classification,0.4099460244178772,1
10.4028/www.scientific.net/AMM.541-542.1447,http://h-da.de/ml-ontology/image_classification,image classification,0.48538175225257874,1
10.4028/www.scientific.net/AMM.548-549.703,http://h-da.de/ml-ontology/association_rule_learning,association rule learning,0.480792760848999,1
10.4028/www.scientific.net/AST.106.137,http://h-da.de/ml-ontology/regression,regression,0.37098565697669983,1
10.4028/www.scientific.net/KEM.656-657.328,http://h-da.de/ml-ontology/feature_extraction,feature extraction,0.46935340762138367,1
10.4043/27144-ms,http://h-da.de/ml-ontology/time_series_classification,time series classification,0.36369889974594116,1
10.4043/27577-ms,http://h-da.de/ml-ontology/binary_classification,binary classification,0.4254712164402008,1
10.4043/28990-ms,http://h-da.de/ml-ontology/anomaly_detection,anomaly detection,0.45130157470703125,1
10.4043/29288-ms,http://h-da.de/ml-ontology/feature_extraction,feature extraction,0.35794880986213684,1
10.4043/29454-ms,http://h-da.de/ml-ontology/feature_extraction,feature extraction,0.35796859860420227,1
10.4043/29503-ms,http://h-da.de/ml-ontology/feature_extraction,feature extraction,0.3758241832256317,1
10.4043/30934-MS,http://h-da.de/ml-ontology/regression,regression,0.36503392457962036,1
10.4043/31234-MS,http://h-da.de/ml-ontology/feature_extraction,feature extraction,0.4149729013442993,1
10.4043/31297-MS,http://h-da.de/ml-ontology/anomaly_detection,anomaly detection,0.4691205620765686,1
10.4043/31631-MS,http://h-da.de/ml-ontology/feature_extraction,feature extraction,0.4610635042190552,1
10.4043/31758-MS,http://h-da.de/ml-ontology/audio_regression,audio regression,0.36163878440856934,1
10.4043/31781-MS,http://h-da.de/ml-ontology/audio_regression,audio regression,0.4452025294303894,1
10.4043/31892-MS,http://h-da.de/ml-ontology/time_series_classification,time series classification,0.40239429473876953,1
10.4043/31955-MS,http://h-da.de/ml-ontology/feature_extraction,feature extraction,0.41195765137672424,1
10.4043/32304-MS,http://h-da.de/ml-ontology/feature_extraction,feature extraction,0.42718374729156494,1
10.4043/32447-MS,http://h-da.de/ml-ontology/feature_extraction,feature extraction,0.3902900218963623,1
10.4043/32715-MS,http://h-da.de/ml-ontology/feature_extraction,feature extraction,0.38258659839630127,1
10.4043/34642-MS,http://h-da.de/ml-ontology/binary_classification,binary classification,0.37934088706970215,1
10.4043/34778-MS,http://h-da.de/ml-ontology/feature_extraction,feature extraction,0.4473634958267212,1
10.4043/35532-MS,http://h-da.de/ml-ontology/feature_extraction,feature extraction,0.38347190618515015,1
10.4043/35533-MS,http://h-da.de/ml-ontology/feature_extraction,feature extraction,0.4712017774581909,1
10.4043/35605-MS,http://h-da.de/ml-ontology/feature_extraction,feature extraction,0.40924638509750366,1
10.4043/35680-MS,http://h-da.de/ml-ontology/regression,regression,0.4350598454475403,1
10.4043/35892-MS,http://h-da.de/ml-ontology/feature_extraction,feature extraction,0.38203883171081543,1
10.4071/001c.94815,http://h-da.de/ml-ontology/feature_extraction,feature extraction,0.36721038818359375,1
10.4108/EW.6074,http://h-da.de/ml-ontology/image_classification,image classification,0.38231104612350464,1
10.4108/eai.3-6-2021.170014,http://h-da.de/ml-ontology/time_series_classification,time series classification,0.36906594038009644,1
10.4108/eetiot.6936,http://h-da.de/ml-ontology/image_classification,image classification,0.4832726716995239,1
10.4108/ew.9527,http://h-da.de/ml-ontology/feature_extraction,feature extraction,0.3660534918308258,1
10.4156/jcit.vol7.issue23.13,http://h-da.de/ml-ontology/time_series_classification,time series classification,0.40031296014785767,1
10.4186/ej.2022.26.5.91,http://h-da.de/ml-ontology/time_series_classification,time series classification,0.4021638035774231,1
10.4186/ej.2025.29.2.27,http://h-da.de/ml-ontology/time_series_forecasting,time series forecasting,0.4306221008300781,1
10.4230/OASIcs.DX.2024.21,http://h-da.de/ml-ontology/time_series_forecasting,time series forecasting,0.3616558313369751,1
10.4271/03-17-07-0051,http://h-da.de/ml-ontology/tabular_regression,tabular regression,0.38849517703056335,1
10.4271/05-11-01-0001,http://h-da.de/ml-ontology/binary_classification,binary classification,0.383070170879364,1
10.4271/05-15-04-0023,http://h-da.de/ml-ontology/feature_extraction,feature extraction,0.41140109300613403,1
10.4271/2017-01-1625,http://h-da.de/ml-ontology/time_series_classification,time series classification,0.4876649081707001,1
10.4271/2019-01-1048,http://h-da.de/ml-ontology/binary_classification,binary classification,0.410322904586792,1
10.4271/2019-28-2456,http://h-da.de/ml-ontology/binary_classification,binary classification,0.4330248236656189,1
10.4271/2020-01-0221,http://h-da.de/ml-ontology/image_classification,image classification,0.5048181414604187,1
10.4271/2020-01-0260,http://h-da.de/ml-ontology/time_series_classification,time series classification,0.4949358105659485,1
10.4271/2022-28-0007,http://h-da.de/ml-ontology/feature_extraction,feature extraction,0.39419716596603394,1
10.4271/2022-28-0361,http://h-da.de/ml-ontology/feature_extraction,feature extraction,0.3515416979789734,1
10.4271/2022-36-0067,http://h-da.de/ml-ontology/feature_extraction,feature extraction,0.4763806462287903,1
10.4271/2023-01-0155,http://h-da.de/ml-ontology/feature_extraction,feature extraction,0.37902897596359253,1
10.4271/2023-01-0598,http://h-da.de/ml-ontology/feature_extraction,feature extraction,0.373137891292572,1
10.4271/2023-01-1000,http://h-da.de/ml-ontology/image_regression,image regression,0.3657233715057373,1
10.4271/2023-28-0145,http://h-da.de/ml-ontology/image_regression,image regression,0.3758186101913452,1
10.4271/2024-01-5253,http://h-da.de/ml-ontology/feature_extraction,feature extraction,0.3797492980957031,1
10.4271/2024-26-0032,http://h-da.de/ml-ontology/audio_regression,audio regression,0.39374110102653503,1
10.4271/2025-01-8719,http://h-da.de/ml-ontology/feature_extraction,feature extraction,0.35243403911590576,1
10.4271/2025-28-0151,http://h-da.de/ml-ontology/image_classification,image classification,0.4036090075969696,1
10.4271/2025-28-0152,http://h-da.de/ml-ontology/feature_extraction,feature extraction,0.40307503938674927,1
10.4273/ijvss.17.1.28,http://h-da.de/ml-ontology/regression,regression,0.4007972478866577,1
10.4315/JFP-20-431,http://h-da.de/ml-ontology/feature_selection,feature selection,0.35024821758270264,1
10.46338/IJETAE0621_02,http://h-da.de/ml-ontology/regression,regression,0.4397363066673279,1
10.46338/ijetae1022_14,http://h-da.de/ml-ontology/binary_classification,binary classification,0.43558967113494873,1
10.46354/i3m.2021.emss.001,http://h-da.de/ml-ontology/regression,regression,0.3927459120750427,1
10.46544/AMS.v26i2.11,http://h-da.de/ml-ontology/regression,regression,0.35238367319107056,1
10.46690/ager.2022.02.04,http://h-da.de/ml-ontology/feature_extraction,feature extraction,0.3847774267196655,1
10.46793/adeletters.2024.3.2.2,http://h-da.de/ml-ontology/clustering,clustering,0.43337947130203247,1
10.46793/tribomat.2025.009,http://h-da.de/ml-ontology/binary_classification,binary classification,0.4238699674606323,1
10.46855/energy-proceedings-10998,http://h-da.de/ml-ontology/feature_extraction,feature extraction,0.3793075680732727,1
10.46855/energy-proceedings-11035,http://h-da.de/ml-ontology/feature_extraction,feature extraction,0.416469931602478,1
10.46855/energy-proceedings-11441,http://h-da.de/ml-ontology/feature_extraction,feature extraction,0.37222063541412354,1
10.46855/energy-proceedings-11469,http://h-da.de/ml-ontology/feature_extraction,feature extraction,0.44511517882347107,1
10.46855/energy-proceedings-7372,http://h-da.de/ml-ontology/feature_extraction,feature extraction,0.39203569293022156,1
10.47163/agrociencia.v57i3.2462,http://h-da.de/ml-ontology/image_classification,image classification,0.3968648910522461,1
10.47367/0021-3497_2025_2_243,http://h-da.de/ml-ontology/feature_extraction,feature extraction,0.43585383892059326,1
10.47367/0021-3497_2025_3_239,http://h-da.de/ml-ontology/feature_extraction,feature extraction,0.4007744789123535,1
10.47738/jads.v5i2.187,http://h-da.de/ml-ontology/sentiment_analysis,sentiment analysis,0.6171494722366333,1
10.47738/jads.v5i2.196,http://h-da.de/ml-ontology/feature_extraction,feature extraction,0.35411369800567627,1
10.47852/bonviewAIA3202798,http://h-da.de/ml-ontology/object_detection,object detection,0.44764018058776855,1
10.47857/irjms.2024.v05i03.0797,http://h-da.de/ml-ontology/anomaly_detection,anomaly detection,0.42619040608406067,1
10.48084/etasr.11845,http://h-da.de/ml-ontology/time_series_forecasting,time series forecasting,0.4658068120479584,1
10.48084/etasr.5950,http://h-da.de/ml-ontology/classification,classification,0.3817980885505676,1
10.48084/etasr.6773,http://h-da.de/ml-ontology/image_classification,image classification,0.47378772497177124,1
10.48084/etasr.6813,http://h-da.de/ml-ontology/time_series_classification,time series classification,0.48717230558395386,1
10.48084/etasr.7934,http://h-da.de/ml-ontology/binary_classification,binary classification,0.37070173025131226,1
10.48084/etasr.9216,http://h-da.de/ml-ontology/feature_extraction,feature extraction,0.35440802574157715,1
10.48084/etasr.9250,http://h-da.de/ml-ontology/binary_classification,binary classification,0.41573232412338257,1
10.48084/etasr.9733,http://h-da.de/ml-ontology/regression,regression,0.4093739986419678,1
10.48165/abr.2024.26.01.23,http://h-da.de/ml-ontology/regression,regression,0.4606085419654846,1
10.48308/esrj.2025.232122.1181,http://h-da.de/ml-ontology/feature_extraction,feature extraction,0.357675701379776,1
10.5004/dwt.2018.22095,http://h-da.de/ml-ontology/regression,regression,0.43288958072662354,1
10.5004/dwt.2023.29328,http://h-da.de/ml-ontology/feature_extraction,feature extraction,0.43253830075263977,1
10.5109/6793658,http://h-da.de/ml-ontology/feature_extraction,feature extraction,0.38034117221832275,1
10.5109/7342459,http://h-da.de/ml-ontology/feature_extraction,feature extraction,0.37561070919036865,1
10.51400/2709-6998.2465,http://h-da.de/ml-ontology/time_series_classification,time series classification,0.4174189865589142,1
10.51646/jsesd.v14i1.419,http://h-da.de/ml-ontology/image_classification,image classification,0.3661632537841797,1
10.5194/hess-27-4151-2023,http://h-da.de/ml-ontology/regression,regression,0.36586833000183105,1
10.5194/isprs-archives-XLIII-B1-2022-293-2022,http://h-da.de/ml-ontology/image_classification,image classification,0.42261847853660583,1
10.5194/isprs-archives-XLVIII-1-W2-2023-1411-2023,http://h-da.de/ml-ontology/time_series_classification,time series classification,0.35597318410873413,1
10.5194/jsss-10-233-2021,http://h-da.de/ml-ontology/feature_extraction,feature extraction,0.4068654179573059,1
10.5194/jsss-14-169-2025,http://h-da.de/ml-ontology/feature_extraction,feature extraction,0.4684061110019684,1
10.51983/ijiss-2025.IJISS.15.2.42,http://h-da.de/ml-ontology/regression,regression,0.4177858233451843,1
10.52142/OMUJECM.38.SI.DENT.18,http://h-da.de/ml-ontology/image_classification,image classification,0.38167592883110046,1
10.5220/0005866701660173,http://h-da.de/ml-ontology/recommendation,recommendation,0.3982994556427002,1
10.5220/0006590204300437,http://h-da.de/ml-ontology/feature_extraction,feature extraction,0.4386836290359497,1
10.5220/0006761104730480,http://h-da.de/ml-ontology/recommendation,recommendation,0.4393261671066284,1
10.5220/0006894600240032,http://h-da.de/ml-ontology/feature_extraction,feature extraction,0.41572511196136475,1
10.5220/0006911506280635,http://h-da.de/ml-ontology/feature_extraction,feature extraction,0.38601386547088623,1
10.5220/0007725304150422,http://h-da.de/ml-ontology/feature_extraction,feature extraction,0.45059990882873535,1
10.5220/0007768904770482,http://h-da.de/ml-ontology/anomaly_detection,anomaly detection,0.38359472155570984,1
10.5220/0007830700400050,http://h-da.de/ml-ontology/binary_classification,binary classification,0.45268717408180237,1
10.5220/0007932802670274,http://h-da.de/ml-ontology/regression,regression,0.4277634024620056,1
10.5220/0009350002310238,http://h-da.de/ml-ontology/object_detection,object detection,0.3828824758529663,1
10.5220/0010130300870092,http://h-da.de/ml-ontology/anomaly_detection,anomaly detection,0.6002510786056519,1
10.5220/0010519101090116,http://h-da.de/ml-ontology/image_regression,image regression,0.3931798040866852,1
10.5220/0010540807310738,http://h-da.de/ml-ontology/image_classification,image classification,0.4820927381515503,1
10.5220/0010576102450252,http://h-da.de/ml-ontology/binary_classification,binary classification,0.3694171905517578,1
10.5220/0010578402850291,http://h-da.de/ml-ontology/time_series_classification,time series classification,0.4307107627391815,1
10.5220/0010608106050611,http://h-da.de/ml-ontology/anomaly_detection,anomaly detection,0.3870166838169098,1
10.5220/0010655000003062,http://h-da.de/ml-ontology/feature_extraction,feature extraction,0.38925766944885254,1
10.5220/0010903800003116,http://h-da.de/ml-ontology/feature_extraction,feature extraction,0.42019203305244446,1
10.5220/0010987100003122,http://h-da.de/ml-ontology/tabular_regression,tabular regression,0.35607922077178955,1
10.5220/0010998100003179,http://h-da.de/ml-ontology/binary_classification,binary classification,0.4271712899208069,1
10.5220/0011033700003194,http://h-da.de/ml-ontology/binary_classification,binary classification,0.3513360321521759,1
10.5220/0011037200003179,http://h-da.de/ml-ontology/feature_extraction,feature extraction,0.4934585690498352,1
10.5220/0011379800003329,http://h-da.de/ml-ontology/regression,regression,0.38468050956726074,1
10.5220/0011380300003329,http://h-da.de/ml-ontology/feature_extraction,feature extraction,0.40103429555892944,1
10.5220/0011543300003323,http://h-da.de/ml-ontology/recommendation,recommendation,0.4713362753391266,1
10.5220/0011548000003329,http://h-da.de/ml-ontology/feature_extraction,feature extraction,0.5550742745399475,1
10.5220/0011553500003329,http://h-da.de/ml-ontology/time_series_analysis,time series analysis,0.4089697003364563,1
10.5220/0011800100003393,http://h-da.de/ml-ontology/feature_extraction,feature extraction,0.404903382062912,1
10.5220/0011976000003467,http://h-da.de/ml-ontology/feature_selection,feature selection,0.37767767906188965,1
10.5220/0012180100003543,http://h-da.de/ml-ontology/regression,regression,0.3732724189758301,1
10.5220/0012186100003595,http://h-da.de/ml-ontology/time_series_forecasting,time series forecasting,0.4828087091445923,1
10.5220/0012302600003660,http://h-da.de/ml-ontology/image_classification,image classification,0.4781145453453064,1
10.5220/0012369600003654,http://h-da.de/ml-ontology/feature_selection,feature selection,0.5229823589324951,1
10.5220/0012618000003690,http://h-da.de/ml-ontology/image_classification,image classification,0.5678645372390747,1
10.5220/0012621300003705,http://h-da.de/ml-ontology/anomaly_detection,anomaly detection,0.5257280468940735,1
10.5220/0012626100003690,http://h-da.de/ml-ontology/regression,regression,0.38845691084861755,1
10.5220/0012710100003756,http://h-da.de/ml-ontology/feature_extraction,feature extraction,0.41166651248931885,1
10.5220/0012734000003705,http://h-da.de/ml-ontology/feature_reduction,feature reduction,0.4777151048183441,1
10.5220/0012924300003822,http://h-da.de/ml-ontology/binary_classification,binary classification,0.45856308937072754,1
10.5220/0012924400003822,http://h-da.de/ml-ontology/binary_classification,binary classification,0.403423011302948,1
10.5220/0013254000003905,http://h-da.de/ml-ontology/feature_extraction,feature extraction,0.37231141328811646,1
10.5220/0013276400003929,http://h-da.de/ml-ontology/text_analytics,text analytics,0.3735595941543579,1
10.5220/0013343700003893,http://h-da.de/ml-ontology/regression,regression,0.38926106691360474,1
10.5220/0013437800003944,http://h-da.de/ml-ontology/anomaly_detection,anomaly detection,0.5972634553909302,1
10.52305/EQAW2533,http://h-da.de/ml-ontology/feature_extraction,feature extraction,0.4283231496810913,1
10.52305/SJDR3905,http://h-da.de/ml-ontology/feature_extraction,feature extraction,0.3717392683029175,1
10.52549/ijeei.v10i2.3730,http://h-da.de/ml-ontology/link_prediction,link prediction,0.4482246935367584,1
10.52549/ijeei.v11i4.5151,http://h-da.de/ml-ontology/feature_selection,feature selection,0.3847278952598572,1
10.52783/jes.655,http://h-da.de/ml-ontology/image_classification,image classification,0.572971761226654,1
10.5281/zenodo.15180494,http://h-da.de/ml-ontology/time_series_classification,time series classification,0.4599854052066803,1
10.52866/2788-7421.1226,http://h-da.de/ml-ontology/feature_extraction,feature extraction,0.38607263565063477,1
10.5302/J.ICROS.2013.13.9041,http://h-da.de/ml-ontology/image_classification,image classification,0.503498911857605,1
10.5302/J.ICROS.2019.18.0194,http://h-da.de/ml-ontology/image_classification,image classification,0.5197085738182068,1
10.53560/PPASA(62-1)875,http://h-da.de/ml-ontology/image_classification,image classification,0.3870781660079956,1
10.5370/KIEE.2025.74.3.500,http://h-da.de/ml-ontology/audio_regression,audio regression,0.37302929162979126,1
10.5373/JARDCS/V12SP7/20202307,http://h-da.de/ml-ontology/image_classification,image classification,0.4013359844684601,1
10.53759/7669/jmc202404027,http://h-da.de/ml-ontology/anomaly_detection,anomaly detection,0.46962374448776245,1
10.54216/FPA.030105,http://h-da.de/ml-ontology/feature_extraction,feature extraction,0.4410467743873596,1
10.54216/FPA.060203,http://h-da.de/ml-ontology/recommendation,recommendation,0.42573440074920654,1
10.54216/FPA.170215,http://h-da.de/ml-ontology/regression,regression,0.3836525082588196,1
10.54216/IJNS.210213,http://h-da.de/ml-ontology/binary_classification,binary classification,0.37750571966171265,1
10.54216/JISIoT.090217,http://h-da.de/ml-ontology/anomaly_detection,anomaly detection,0.42147621512413025,1
10.54216/JISIoT.160107,http://h-da.de/ml-ontology/feature_extraction,feature extraction,0.4215955138206482,1
10.5424/sjar/2017152-9090,http://h-da.de/ml-ontology/regression,regression,0.4591265916824341,1
10.54392/irjmt2544,http://h-da.de/ml-ontology/image_classification,image classification,0.4406452178955078,1
10.54392/irjmt2552,http://h-da.de/ml-ontology/feature_extraction,feature extraction,0.4044671058654785,1
10.54614/ELECTR.2022.21160,http://h-da.de/ml-ontology/tabular_clustering,tabular clustering,0.3815922141075134,1
10.54808/CICIC2025.01.299,http://h-da.de/ml-ontology/image_regression,image regression,0.38070547580718994,1
10.55092/am20240006,http://h-da.de/ml-ontology/clustering,clustering,0.3944268822669983,1
10.55092/am20240008,http://h-da.de/ml-ontology/feature_extraction,feature extraction,0.3874332904815674,1
10.55092/am20240015,http://h-da.de/ml-ontology/image_classification,image classification,0.4041309058666229,1
10.5510/OGP2022SI200775,http://h-da.de/ml-ontology/feature_extraction,feature extraction,0.3635401725769043,1
10.5552/drvind.2024.0114,http://h-da.de/ml-ontology/image_classification,image classification,0.4266817569732666,1
10.5552/drvind.2025.0217,http://h-da.de/ml-ontology/image_classification,image classification,0.5214408040046692,1
10.55549/epstem.1520660,http://h-da.de/ml-ontology/tabular_classification,tabular classification,0.4113703966140747,1
10.55549/epstem.1598444,http://h-da.de/ml-ontology/association_rule_learning,association rule learning,0.362810343503952,1
10.55670/fpll.futech.3.3.5,http://h-da.de/ml-ontology/feature_extraction,feature extraction,0.40321511030197144,1
10.5573/IEIESPC.2021.10.3.227,http://h-da.de/ml-ontology/association_rule_learning,association rule learning,0.3683323562145233,1
10.5573/IEIESPC.2022.11.3.149,http://h-da.de/ml-ontology/image_classification,image classification,0.45954298973083496,1
10.5573/JSTS.2025.25.3.245,http://h-da.de/ml-ontology/image_classification,image classification,0.4367690086364746,1
10.5593/sgem2024/1.1/s06.84,http://h-da.de/ml-ontology/feature_extraction,feature extraction,0.4471682012081146,1
10.5604/01.3001.0012.0923,http://h-da.de/ml-ontology/binary_classification,binary classification,0.3589189052581787,1
10.5604/01.3001.0014.5036,http://h-da.de/ml-ontology/regression,regression,0.362998902797699,1
10.56042/jsir.v81i12.69310,http://h-da.de/ml-ontology/time_series_forecasting,time series forecasting,0.4102975130081177,1
10.56294/saludcyt20251505,http://h-da.de/ml-ontology/time_series_classification,time series classification,0.45769327878952026,1
10.56952/ARMA-2024-0921,http://h-da.de/ml-ontology/feature_extraction,feature extraction,0.3816381096839905,1
10.56952/ARMA-2025-0473,http://h-da.de/ml-ontology/feature_extraction,feature extraction,0.3905979096889496,1
10.5750/ijme.v165iA3.1212,http://h-da.de/ml-ontology/regression,regression,0.4255925118923187,1
10.5755/j02.eie.30740,http://h-da.de/ml-ontology/time_series_forecasting,time series forecasting,0.3648996353149414,1
10.5771/2192-4007-2024-1-72,http://h-da.de/ml-ontology/sentiment_analysis,sentiment analysis,0.4107624888420105,1
10.5815/ijigsp.2025.01.04,http://h-da.de/ml-ontology/image_classification,image classification,0.4378403425216675,1
10.5829/ije.2026.39.05b.14,http://h-da.de/ml-ontology/feature_extraction,feature extraction,0.45875248312950134,1
10.58346/JISIS.2022.I4.013,http://h-da.de/ml-ontology/feature_reduction,feature reduction,0.3678741455078125,1
10.58346/JISIS.2025.I2.051,http://h-da.de/ml-ontology/image_classification,image classification,0.4685671031475067,1
10.58346/JOWUA.2023.I3.013,http://h-da.de/ml-ontology/recommendation,recommendation,0.496954083442688,1
10.58346/JOWUA.2025.I1.033,http://h-da.de/ml-ontology/time_series_forecasting,time series forecasting,0.39520829916000366,1
10.58496/MJCSC/2025/001,http://h-da.de/ml-ontology/feature_extraction,feature extraction,0.35677260160446167,1
10.58895/ksp/1000174496-4,http://h-da.de/ml-ontology/image_classification,image classification,0.4526677131652832,1
10.59018/112470,http://h-da.de/ml-ontology/regression,regression,0.4443744421005249,1
10.5935/jetia.v10i49.1255,http://h-da.de/ml-ontology/audio_regression,audio regression,0.3839119076728821,1
10.5935/jetia.v10i50.1262,http://h-da.de/ml-ontology/tabular_classification,tabular classification,0.3734767436981201,1
10.5935/jetia.v11i51.1267,http://h-da.de/ml-ontology/regression,regression,0.41678792238235474,1
10.5935/jetia.v11i51.1525,http://h-da.de/ml-ontology/image_classification,image classification,0.5595135688781738,1
10.5935/jetia.v11i55.2513,http://h-da.de/ml-ontology/regression,regression,0.3815807104110718,1
10.5937/FME2002468P,http://h-da.de/ml-ontology/image_classification,image classification,0.4469608962535858,1
10.5937/fme2303405K,http://h-da.de/ml-ontology/regression,regression,0.37888917326927185,1
10.5937/zasmat2303308D,http://h-da.de/ml-ontology/image_classification,image classification,0.4655122458934784,1
10.59400/sv2022,http://h-da.de/ml-ontology/audio_regression,audio regression,0.5083982944488525,1
10.5957/SOME-2023-025,http://h-da.de/ml-ontology/time_series_classification,time series classification,0.4717195928096771,1
10.59796/jcst.V15N1.2025.78,http://h-da.de/ml-ontology/image_classification,image classification,0.4164162874221802,1
10.59893/abud.24(2).007,http://h-da.de/ml-ontology/regression,regression,0.40422338247299194,1
10.59953/paperasia.v41i4b.601,http://h-da.de/ml-ontology/time_series_classification,time series classification,0.5006140470504761,1
10.6036/10950,http://h-da.de/ml-ontology/feature_extraction,feature extraction,0.384100079536438,1
10.6041/j.issn.1000-1298.2024.04.029,http://h-da.de/ml-ontology/feature_extraction,feature extraction,0.3548939526081085,1
10.6047/j.issn.1000-8241.2023.04.006,http://h-da.de/ml-ontology/anomaly_detection,anomaly detection,0.5103315114974976,1
10.6047/j.issn.1000-8241.2024.11.006,http://h-da.de/ml-ontology/feature_extraction,feature extraction,0.35641998052597046,1
10.6047/j.issn.1000-8241.2025.03.011,http://h-da.de/ml-ontology/time_series_classification,time series classification,0.41856226325035095,1
10.61186/shefa.12.2.10,http://h-da.de/ml-ontology/recommendation,recommendation,0.38876232504844666,1
10.61435/ijred.2025.61086,http://h-da.de/ml-ontology/regression,regression,0.4541689157485962,1
10.6180/jase.202503_28(3).0010,http://h-da.de/ml-ontology/regression,regression,0.44065314531326294,1
10.62110/sciencein.jist.2025.v13.1166,http://h-da.de/ml-ontology/topic_modeling,topic modeling,0.5226296186447144,1
10.6220/joq.201802_25(1).0001,http://h-da.de/ml-ontology/time_series_classification,time series classification,0.45275360345840454,1
10.62441/nano-ntp.v20iS1.77,http://h-da.de/ml-ontology/sentiment_analysis,sentiment analysis,0.5840445160865784,1
10.62441/nano-ntp.v20iS7.5,http://h-da.de/ml-ontology/recommendation,recommendation,0.45588982105255127,1
10.62527/joiv.9.3.4245,http://h-da.de/ml-ontology/regression,regression,0.42568767070770264,1
10.63040/25827510.2024.03.020,http://h-da.de/ml-ontology/regression,regression,0.41019999980926514,1
10.63665/jta.v86i2.10,http://h-da.de/ml-ontology/image_classification,image classification,0.5292011499404907,1
10.6937/TWC.202309_71(3).0003,http://h-da.de/ml-ontology/regression,regression,0.4454256296157837,1
10.69598/sehs.18.24020002,http://h-da.de/ml-ontology/classification,classification,0.4339635968208313,1
10.6977/IJoSI.202203_7(1).0004,http://h-da.de/ml-ontology/association_rule_learning,association rule learning,0.46619564294815063,1
10.7148/2019-0223,http://h-da.de/ml-ontology/feature_extraction,feature extraction,0.4274623692035675,1
10.7148/2023-0373,http://h-da.de/ml-ontology/action_recognition,action recognition,0.4298038184642792,1
10.71720/joie.2025.1127133,http://h-da.de/ml-ontology/regression,regression,0.4280167818069458,1
10.7449/2019/MST_2019_60_67,http://h-da.de/ml-ontology/image_classification,image classification,0.3666728138923645,1
10.7467/KSAE.2025.33.5.343,http://h-da.de/ml-ontology/anomaly_detection,anomaly detection,0.43337103724479675,1
10.7494/csci.2021.22.4.3773,http://h-da.de/ml-ontology/association_rule_learning,association rule learning,0.42786264419555664,1
10.7522/j.issn.1000-0534.2024.00035,http://h-da.de/ml-ontology/regression,regression,0.40132173895835876,1
10.7527/S1000-6893.2021.25855,http://h-da.de/ml-ontology/image_classification,image classification,0.3812289535999298,1
10.7527/S1000-6893.2023.29038,http://h-da.de/ml-ontology/feature_extraction,feature extraction,0.4018779397010803,1
10.7584/JKTAPPI.2023.10.55.5.61,http://h-da.de/ml-ontology/tabular_classification,tabular classification,0.41652894020080566,1
10.7584/JKTAPPI.2023.8.55.4.57,http://h-da.de/ml-ontology/tabular_classification,tabular classification,0.4123574495315552,1
10.7623/syxb202307006,http://h-da.de/ml-ontology/feature_extraction,feature extraction,0.3782559037208557,1
10.7641/CTA.2023.20871,http://h-da.de/ml-ontology/feature_extraction,feature extraction,0.3847903609275818,1
10.7717/PEERJ-CS.1304,http://h-da.de/ml-ontology/time_series_forecasting,time series forecasting,0.41598403453826904,1
10.7717/PEERJ-CS.2658,http://h-da.de/ml-ontology/binary_classification,binary classification,0.40462327003479004,1
10.7717/peerj-cs.1955,http://h-da.de/ml-ontology/image_classification,image classification,0.3928679823875427,1
10.7717/peerj-cs.2389,http://h-da.de/ml-ontology/binary_classification,binary classification,0.4046095609664917,1
10.7717/peerj-cs.690,http://h-da.de/ml-ontology/feature_extraction,feature extraction,0.37236809730529785,1
10.7717/peerj-cs.732,http://h-da.de/ml-ontology/regression,regression,0.36442238092422485,1
10.7736/JKSPE.022.119,http://h-da.de/ml-ontology/feature_extraction,feature extraction,0.389728844165802,1
10.7736/JKSPE.024.008,http://h-da.de/ml-ontology/feature_extraction,feature extraction,0.3806794285774231,1
10.7736/KSPE.2019.36.10.953,http://h-da.de/ml-ontology/image_classification,image classification,0.443803071975708,1
10.7840/kics.2022.47.6.855,http://h-da.de/ml-ontology/image_classification,image classification,0.4121817350387573,1
10.9713/kcer.2023.61.4.542,http://h-da.de/ml-ontology/feature_extraction,feature extraction,0.3908914625644684,1
